[2026-05-28 13:49:44,746][root][INFO] - {'wandb': {'project': 'mt-map-elites', 'job_type': 'train', 'name': '${now:%Y_%m_%d_%H_%M_%S}', 'mode': 'offline', 'group': '${env.name}', 'tags': ['${name}', '${env.name}']}, 'env': {'name': 'kheperax', 'reward_type': 'final', 'speed_bonus_factor': 1.0, 'episode_length': 200, 'resolution': [64, 64], 'policy_hidden_layer_size': [5], 'map_name': 'standard', 'lasers_return_minus_one_if_out_of_range': False, 'std_noise_wheel_velocities': 0.0, 'std_noise_sensor_measures': 0.0, 'action_scale': 0.025, 'grid_shape': [40, 40], 'min_bd': 0, 'max_bd': 1, 'num_init_cvt_samples': 50000, 'num_centroids': 1024, 'task': {'bd_extractor': 'xy_pos', 'grid_shape': [40, 40], 'min_bd': 0, 'max_bd': 1, 'num_init_cvt_samples': 50000, 'num_centroids': 1024, 'num_descriptors': 2}, 'vmax': 0, 'vmin': -124, 'observation_extraction': {'subsample': True, 'sampling_freq': 4, 'observation_option': 'sensory_data', 'normalize_obs': True, 'max_obs_size': 25}}, 'name': 'aurora_baseline', 'seed': 13, 'backend': 'jax', 'batch_size': 512, 'num_iterations': 2000, 'num_total_steps': 2000000, 'metrics_log_period': 5, 'log_answer_set_geometry': True, 'save_archive_checkpoints': False, 'archive_checkpoint_interval': 100, 'me_repertoire': False, 'iso_sigma': 0.2, 'line_sigma': 0, 'reinit_params': False, 'reinit_opt': True, 'no_csc': False, 'no_training': False, 'csc_orig': False, 'repertoire': 'adaptive', 'max_size': 1024, 'target_size': 922, 'l_value_init': 0.2, 'prop_gain': 0.0001, 'default_update_base': 10, 'model_batch_size': 128, 'hidden_size': 10, 'features': 8, 'model_epoch_period': 200, 'learning_rate': 0.01, 'min_delta_early_stopping': 0.0005, 'loss_type': 'triplet', 'triplet_margin': 0.2, 'triplet_loss_weight': 1, 'margin_auto_adjust': True, 'extinction': False, 'extinction_freq': 10, 'remaining_prop': 0.05, 'post_extinction_snapshot_offset': 5, 'top_k_percent': 20, 'extinction_mode': 'encoder_pre', 'target_extinction_count': 13, 'safe_keep': {'enabled': True, 'remaining_prop': 0.05, 'x_min': 0.0, 'x_max': 0.3, 'y_min_soft': 0.6, 'w_x_range': 1.5, 'w_y_high': 3.0, 'jitter_eps': 1e-06}, 'adaptive_extinction': {'warmup': 50, 'patience': 10, 'alpha': 0.2, 'cooldown': 10, 'd_min_patience': 5, 'd_min_alpha': 0.2, 'd_min_warmup': 25, 'd_min_cooldown': 5, 'd_min_window': 10, 'fitness_window': 10, 'd_min_stagnation_threshold': 0.03, 'fitness_improvement_threshold': 0.05, 'high_d_min_threshold': 0.75, 'high_d_min_patience': 12, 'fitness_patience': 5, 'ramped_prop_min': 0.05, 'ramped_prop_max': 0.4}, 'env_params': {'kheperax': {'iso_sigma': 0.2, 'line_sigma': 0}, 'ant_maze': {'iso_sigma': 0.005, 'line_sigma': 0.05}, 'walker': {'iso_sigma': 0.005, 'line_sigma': 0.05}, 'half_cheetah': {'iso_sigma': 0.005, 'line_sigma': 0.05}}}
[2026-05-28 13:49:44,747][root][INFO] - Training
[2026-05-28 13:49:45,173][jax._src.xla_bridge][INFO] - Unable to initialize backend 'rocm': module 'jaxlib.xla_extension' has no attribute 'GpuAllocatorConfig'
[2026-05-28 13:49:45,174][jax._src.xla_bridge][INFO] - Unable to initialize backend 'tpu': INTERNAL: Failed to open libtpu.so: libtpu.so: cannot open shared object file: No such file or directory
[2026-05-28 13:49:45,778][root][INFO] - Policy params count (search space): 42
[2026-05-28 13:49:46,216][root][INFO] - AE params count: 1335
[2026-05-28 13:49:46,216][root][INFO] - Algorithm initialization
[2026-05-28 13:49:49,337][root][INFO] - Repertoire initialized in 3.12 seconds
[2026-05-28 13:49:50,839][root][INFO] - Epoch: 1, loss: 0.0000
[2026-05-28 13:49:50,918][root][INFO] - Epoch: 2, loss: 0.0000
[2026-05-28 13:49:51,004][root][INFO] - Epoch: 3, loss: 0.0000
[2026-05-28 13:49:51,073][root][INFO] - Epoch: 4, loss: 0.0000
[2026-05-28 13:49:51,146][root][INFO] - Epoch: 5, loss: 0.0000
[2026-05-28 13:49:51,219][root][INFO] - Epoch: 6, loss: 0.0000
[2026-05-28 13:49:51,291][root][INFO] - Epoch: 7, loss: 0.0000
[2026-05-28 13:49:51,364][root][INFO] - Epoch: 8, loss: 0.0000
[2026-05-28 13:49:51,436][root][INFO] - Epoch: 9, loss: 0.0000
[2026-05-28 13:49:51,508][root][INFO] - Epoch: 10, loss: 0.0000
[2026-05-28 13:49:51,581][root][INFO] - Epoch: 11, loss: 0.0000
[2026-05-28 13:49:51,652][root][INFO] - Epoch: 12, loss: 0.0000
[2026-05-28 13:49:51,653][root][INFO] - Early stopping at epoch: 11
[2026-05-28 13:49:51,843][root][INFO] - Saving initialization snapshot
[2026-05-28 13:49:53,802][root][INFO] - Trigger signal logger writing to /workspace/src/output/final_encoder_pre_seed13/runs/20260528_134951_kheperax_seed13
[2026-05-28 13:49:56,723][root][INFO] - Generation 1/400 - Time: 1.77 seconds
[2026-05-28 13:49:56,729][root][INFO] - {'coverage': '100.00', 'max_fitness': '-14.36', 'passive_coverage': '12.21', 'passive_max_fitness': '-14.36', 'passive_mean_fitness': '-66.62', 'passive_qd_score': '9350.37', 'qd_score': '69969.65', 'mean_fitness_top_k': '-57.97'}
[2026-05-28 13:49:57,685][root][INFO] - Updating AE...
[2026-05-28 13:49:58,466][root][INFO] - Epoch: 1, loss: 11500.3809
[2026-05-28 13:49:58,534][root][INFO] - Epoch: 2, loss: 1780.9214
[2026-05-28 13:49:58,602][root][INFO] - Epoch: 3, loss: 1023.3992
[2026-05-28 13:49:58,670][root][INFO] - Epoch: 4, loss: 777.9922
[2026-05-28 13:49:58,735][root][INFO] - Epoch: 5, loss: 664.7476
[2026-05-28 13:49:58,800][root][INFO] - Epoch: 6, loss: 606.8422
[2026-05-28 13:49:58,865][root][INFO] - Epoch: 7, loss: 568.2500
[2026-05-28 13:49:58,932][root][INFO] - Epoch: 8, loss: 540.4308
[2026-05-28 13:49:58,998][root][INFO] - Epoch: 9, loss: 522.5815
[2026-05-28 13:49:59,063][root][INFO] - Epoch: 10, loss: 507.9539
[2026-05-28 13:49:59,129][root][INFO] - Epoch: 11, loss: 495.9471
[2026-05-28 13:49:59,195][root][INFO] - Epoch: 12, loss: 486.4351
[2026-05-28 13:49:59,261][root][INFO] - Epoch: 13, loss: 478.7115
[2026-05-28 13:49:59,328][root][INFO] - Epoch: 14, loss: 472.2895
[2026-05-28 13:49:59,399][root][INFO] - Epoch: 15, loss: 466.5089
[2026-05-28 13:49:59,471][root][INFO] - Epoch: 16, loss: 461.4605
[2026-05-28 13:49:59,544][root][INFO] - Epoch: 17, loss: 456.1609
[2026-05-28 13:49:59,617][root][INFO] - Epoch: 18, loss: 451.6064
[2026-05-28 13:49:59,689][root][INFO] - Epoch: 19, loss: 447.2727
[2026-05-28 13:49:59,763][root][INFO] - Epoch: 20, loss: 443.3987
[2026-05-28 13:49:59,835][root][INFO] - Epoch: 21, loss: 440.0055
[2026-05-28 13:49:59,908][root][INFO] - Epoch: 22, loss: 436.2849
[2026-05-28 13:49:59,981][root][INFO] - Epoch: 23, loss: 433.2826
[2026-05-28 13:50:00,052][root][INFO] - Epoch: 24, loss: 429.9665
[2026-05-28 13:50:00,127][root][INFO] - Epoch: 25, loss: 427.3348
[2026-05-28 13:50:00,202][root][INFO] - Epoch: 26, loss: 424.6487
[2026-05-28 13:50:00,275][root][INFO] - Epoch: 27, loss: 422.2978
[2026-05-28 13:50:00,347][root][INFO] - Epoch: 28, loss: 420.1815
[2026-05-28 13:50:00,420][root][INFO] - Epoch: 29, loss: 418.3622
[2026-05-28 13:50:00,492][root][INFO] - Epoch: 30, loss: 416.4865
[2026-05-28 13:50:00,565][root][INFO] - Epoch: 31, loss: 414.8184
[2026-05-28 13:50:00,639][root][INFO] - Epoch: 32, loss: 412.8657
[2026-05-28 13:50:00,712][root][INFO] - Epoch: 33, loss: 411.5068
[2026-05-28 13:50:00,786][root][INFO] - Epoch: 34, loss: 409.5488
[2026-05-28 13:50:00,861][root][INFO] - Epoch: 35, loss: 408.1040
[2026-05-28 13:50:00,932][root][INFO] - Epoch: 36, loss: 406.7824
[2026-05-28 13:50:01,001][root][INFO] - Epoch: 37, loss: 405.0954
[2026-05-28 13:50:01,069][root][INFO] - Epoch: 38, loss: 404.0163
[2026-05-28 13:50:01,137][root][INFO] - Epoch: 39, loss: 402.6060
[2026-05-28 13:50:01,203][root][INFO] - Epoch: 40, loss: 401.3509
[2026-05-28 13:50:01,269][root][INFO] - Epoch: 41, loss: 400.2849
[2026-05-28 13:50:01,335][root][INFO] - Epoch: 42, loss: 399.0235
[2026-05-28 13:50:01,401][root][INFO] - Epoch: 43, loss: 398.3813
[2026-05-28 13:50:01,468][root][INFO] - Epoch: 44, loss: 396.9735
[2026-05-28 13:50:01,534][root][INFO] - Epoch: 45, loss: 395.9105
[2026-05-28 13:50:01,600][root][INFO] - Epoch: 46, loss: 395.2069
[2026-05-28 13:50:01,666][root][INFO] - Epoch: 47, loss: 393.9656
[2026-05-28 13:50:01,732][root][INFO] - Epoch: 48, loss: 392.7826
[2026-05-28 13:50:01,797][root][INFO] - Epoch: 49, loss: 392.0432
[2026-05-28 13:50:01,863][root][INFO] - Epoch: 50, loss: 391.3538
[2026-05-28 13:50:01,928][root][INFO] - Epoch: 51, loss: 390.6141
[2026-05-28 13:50:01,996][root][INFO] - Epoch: 52, loss: 389.4319
[2026-05-28 13:50:02,063][root][INFO] - Epoch: 53, loss: 388.7543
[2026-05-28 13:50:02,129][root][INFO] - Epoch: 54, loss: 388.1674
[2026-05-28 13:50:02,195][root][INFO] - Epoch: 55, loss: 387.2897
[2026-05-28 13:50:02,261][root][INFO] - Epoch: 56, loss: 386.3208
[2026-05-28 13:50:02,327][root][INFO] - Epoch: 57, loss: 385.9405
[2026-05-28 13:50:02,392][root][INFO] - Epoch: 58, loss: 385.1287
[2026-05-28 13:50:02,458][root][INFO] - Epoch: 59, loss: 384.2838
[2026-05-28 13:50:02,524][root][INFO] - Epoch: 60, loss: 383.6659
[2026-05-28 13:50:02,590][root][INFO] - Epoch: 61, loss: 382.9699
[2026-05-28 13:50:02,656][root][INFO] - Epoch: 62, loss: 382.2104
[2026-05-28 13:50:02,721][root][INFO] - Epoch: 63, loss: 381.6521
[2026-05-28 13:50:02,786][root][INFO] - Epoch: 64, loss: 382.0008
[2026-05-28 13:50:02,854][root][INFO] - Epoch: 65, loss: 380.5098
[2026-05-28 13:50:02,919][root][INFO] - Epoch: 66, loss: 379.7452
[2026-05-28 13:50:02,985][root][INFO] - Epoch: 67, loss: 378.8374
[2026-05-28 13:50:03,051][root][INFO] - Epoch: 68, loss: 378.6256
[2026-05-28 13:50:03,117][root][INFO] - Epoch: 69, loss: 377.8786
[2026-05-28 13:50:03,182][root][INFO] - Epoch: 70, loss: 377.0931
[2026-05-28 13:50:03,248][root][INFO] - Epoch: 71, loss: 376.4962
[2026-05-28 13:50:03,314][root][INFO] - Epoch: 72, loss: 375.4119
[2026-05-28 13:50:03,379][root][INFO] - Epoch: 73, loss: 375.4851
[2026-05-28 13:50:03,445][root][INFO] - Epoch: 74, loss: 374.3460
[2026-05-28 13:50:03,510][root][INFO] - Epoch: 75, loss: 373.3403
[2026-05-28 13:50:03,575][root][INFO] - Epoch: 76, loss: 373.1248
[2026-05-28 13:50:03,642][root][INFO] - Epoch: 77, loss: 372.2595
[2026-05-28 13:50:03,708][root][INFO] - Epoch: 78, loss: 372.7277
[2026-05-28 13:50:03,774][root][INFO] - Epoch: 79, loss: 370.9586
[2026-05-28 13:50:03,840][root][INFO] - Epoch: 80, loss: 370.6382
[2026-05-28 13:50:03,907][root][INFO] - Epoch: 81, loss: 369.5111
[2026-05-28 13:50:03,973][root][INFO] - Epoch: 82, loss: 369.1220
[2026-05-28 13:50:04,039][root][INFO] - Epoch: 83, loss: 369.9274
[2026-05-28 13:50:04,105][root][INFO] - Epoch: 84, loss: 367.8298
[2026-05-28 13:50:04,171][root][INFO] - Epoch: 85, loss: 368.5226
[2026-05-28 13:50:04,236][root][INFO] - Epoch: 86, loss: 367.0441
[2026-05-28 13:50:04,303][root][INFO] - Epoch: 87, loss: 366.6865
[2026-05-28 13:50:04,369][root][INFO] - Epoch: 88, loss: 366.0362
[2026-05-28 13:50:04,435][root][INFO] - Epoch: 89, loss: 365.5189
[2026-05-28 13:50:04,500][root][INFO] - Epoch: 90, loss: 365.2158
[2026-05-28 13:50:04,566][root][INFO] - Epoch: 91, loss: 363.5564
[2026-05-28 13:50:04,632][root][INFO] - Epoch: 92, loss: 363.7829
[2026-05-28 13:50:04,698][root][INFO] - Epoch: 93, loss: 363.0025
[2026-05-28 13:50:04,763][root][INFO] - Epoch: 94, loss: 362.3880
[2026-05-28 13:50:04,829][root][INFO] - Epoch: 95, loss: 362.1042
[2026-05-28 13:50:04,895][root][INFO] - Epoch: 96, loss: 360.8913
[2026-05-28 13:50:04,962][root][INFO] - Epoch: 97, loss: 360.5017
[2026-05-28 13:50:05,033][root][INFO] - Epoch: 98, loss: 360.9500
[2026-05-28 13:50:05,109][root][INFO] - Epoch: 99, loss: 358.8279
[2026-05-28 13:50:05,178][root][INFO] - Epoch: 100, loss: 359.2596
[2026-05-28 13:50:05,251][root][INFO] - Epoch: 101, loss: 357.1404
[2026-05-28 13:50:05,321][root][INFO] - Epoch: 102, loss: 356.7661
[2026-05-28 13:50:05,390][root][INFO] - Epoch: 103, loss: 358.1810
[2026-05-28 13:50:05,461][root][INFO] - Epoch: 104, loss: 355.0678
[2026-05-28 13:50:05,534][root][INFO] - Epoch: 105, loss: 354.9258
[2026-05-28 13:50:05,602][root][INFO] - Epoch: 106, loss: 355.0969
[2026-05-28 13:50:05,669][root][INFO] - Epoch: 107, loss: 353.3375
[2026-05-28 13:50:05,736][root][INFO] - Epoch: 108, loss: 352.9248
[2026-05-28 13:50:05,802][root][INFO] - Epoch: 109, loss: 351.7849
[2026-05-28 13:50:05,869][root][INFO] - Epoch: 110, loss: 352.1932
[2026-05-28 13:50:05,936][root][INFO] - Epoch: 111, loss: 350.9260
[2026-05-28 13:50:06,002][root][INFO] - Epoch: 112, loss: 350.5379
[2026-05-28 13:50:06,068][root][INFO] - Epoch: 113, loss: 350.4514
[2026-05-28 13:50:06,134][root][INFO] - Epoch: 114, loss: 349.5379
[2026-05-28 13:50:06,199][root][INFO] - Epoch: 115, loss: 348.0132
[2026-05-28 13:50:06,265][root][INFO] - Epoch: 116, loss: 352.1815
[2026-05-28 13:50:06,332][root][INFO] - Epoch: 117, loss: 347.2217
[2026-05-28 13:50:06,398][root][INFO] - Epoch: 118, loss: 345.3235
[2026-05-28 13:50:06,465][root][INFO] - Epoch: 119, loss: 344.4394
[2026-05-28 13:50:06,531][root][INFO] - Epoch: 120, loss: 345.3835
[2026-05-28 13:50:06,597][root][INFO] - Epoch: 121, loss: 342.4787
[2026-05-28 13:50:06,663][root][INFO] - Epoch: 122, loss: 343.8921
[2026-05-28 13:50:06,729][root][INFO] - Epoch: 123, loss: 343.2167
[2026-05-28 13:50:06,794][root][INFO] - Epoch: 124, loss: 341.4011
[2026-05-28 13:50:06,860][root][INFO] - Epoch: 125, loss: 342.4415
[2026-05-28 13:50:06,927][root][INFO] - Epoch: 126, loss: 339.6811
[2026-05-28 13:50:06,992][root][INFO] - Epoch: 127, loss: 341.6166
[2026-05-28 13:50:07,058][root][INFO] - Epoch: 128, loss: 336.4390
[2026-05-28 13:50:07,125][root][INFO] - Epoch: 129, loss: 336.7945
[2026-05-28 13:50:07,191][root][INFO] - Epoch: 130, loss: 332.9265
[2026-05-28 13:50:07,258][root][INFO] - Epoch: 131, loss: 333.1307
[2026-05-28 13:50:07,324][root][INFO] - Epoch: 132, loss: 331.5363
[2026-05-28 13:50:07,390][root][INFO] - Epoch: 133, loss: 331.4730
[2026-05-28 13:50:07,455][root][INFO] - Epoch: 134, loss: 331.2701
[2026-05-28 13:50:07,521][root][INFO] - Epoch: 135, loss: 329.1450
[2026-05-28 13:50:07,587][root][INFO] - Epoch: 136, loss: 328.9565
[2026-05-28 13:50:07,652][root][INFO] - Epoch: 137, loss: 328.8929
[2026-05-28 13:50:07,718][root][INFO] - Epoch: 138, loss: 324.3281
[2026-05-28 13:50:07,784][root][INFO] - Epoch: 139, loss: 327.2262
[2026-05-28 13:50:07,850][root][INFO] - Epoch: 140, loss: 325.9293
[2026-05-28 13:50:07,920][root][INFO] - Epoch: 141, loss: 321.7170
[2026-05-28 13:50:07,989][root][INFO] - Epoch: 142, loss: 318.9329
[2026-05-28 13:50:08,057][root][INFO] - Epoch: 143, loss: 320.6100
[2026-05-28 13:50:08,128][root][INFO] - Epoch: 144, loss: 322.8825
[2026-05-28 13:50:08,195][root][INFO] - Epoch: 145, loss: 320.5105
[2026-05-28 13:50:08,261][root][INFO] - Epoch: 146, loss: 323.3955
[2026-05-28 13:50:08,328][root][INFO] - Epoch: 147, loss: 319.8567
[2026-05-28 13:50:08,394][root][INFO] - Epoch: 148, loss: 318.1375
[2026-05-28 13:50:08,462][root][INFO] - Epoch: 149, loss: 318.9685
[2026-05-28 13:50:08,530][root][INFO] - Epoch: 150, loss: 314.9835
[2026-05-28 13:50:08,599][root][INFO] - Epoch: 151, loss: 314.3986
[2026-05-28 13:50:08,668][root][INFO] - Epoch: 152, loss: 313.9193
[2026-05-28 13:50:08,737][root][INFO] - Epoch: 153, loss: 316.2510
[2026-05-28 13:50:08,806][root][INFO] - Epoch: 154, loss: 311.2750
[2026-05-28 13:50:08,873][root][INFO] - Epoch: 155, loss: 311.2908
[2026-05-28 13:50:08,941][root][INFO] - Epoch: 156, loss: 310.5909
[2026-05-28 13:50:09,008][root][INFO] - Epoch: 157, loss: 319.7706
[2026-05-28 13:50:09,075][root][INFO] - Epoch: 158, loss: 308.0463
[2026-05-28 13:50:09,144][root][INFO] - Epoch: 159, loss: 305.9537
[2026-05-28 13:50:09,214][root][INFO] - Epoch: 160, loss: 306.3022
[2026-05-28 13:50:09,283][root][INFO] - Epoch: 161, loss: 307.3701
[2026-05-28 13:50:09,354][root][INFO] - Epoch: 162, loss: 303.5167
[2026-05-28 13:50:09,424][root][INFO] - Epoch: 163, loss: 305.1244
[2026-05-28 13:50:09,493][root][INFO] - Epoch: 164, loss: 305.9266
[2026-05-28 13:50:09,563][root][INFO] - Epoch: 165, loss: 299.8998
[2026-05-28 13:50:09,632][root][INFO] - Epoch: 166, loss: 301.0046
[2026-05-28 13:50:09,699][root][INFO] - Epoch: 167, loss: 303.5010
[2026-05-28 13:50:09,765][root][INFO] - Epoch: 168, loss: 300.8397
[2026-05-28 13:50:09,832][root][INFO] - Epoch: 169, loss: 301.4575
[2026-05-28 13:50:09,900][root][INFO] - Epoch: 170, loss: 300.3582
[2026-05-28 13:50:09,967][root][INFO] - Epoch: 171, loss: 299.7971
[2026-05-28 13:50:10,033][root][INFO] - Epoch: 172, loss: 295.5104
[2026-05-28 13:50:10,099][root][INFO] - Epoch: 173, loss: 294.9985
[2026-05-28 13:50:10,165][root][INFO] - Epoch: 174, loss: 292.8970
[2026-05-28 13:50:10,231][root][INFO] - Epoch: 175, loss: 291.9311
[2026-05-28 13:50:10,297][root][INFO] - Epoch: 176, loss: 291.2086
[2026-05-28 13:50:10,364][root][INFO] - Epoch: 177, loss: 292.2162
[2026-05-28 13:50:10,431][root][INFO] - Epoch: 178, loss: 289.4449
[2026-05-28 13:50:10,497][root][INFO] - Epoch: 179, loss: 288.8443
[2026-05-28 13:50:10,563][root][INFO] - Epoch: 180, loss: 287.3942
[2026-05-28 13:50:10,629][root][INFO] - Epoch: 181, loss: 300.2876
[2026-05-28 13:50:10,695][root][INFO] - Epoch: 182, loss: 299.3845
[2026-05-28 13:50:10,762][root][INFO] - Epoch: 183, loss: 299.8223
[2026-05-28 13:50:10,828][root][INFO] - Epoch: 184, loss: 291.9773
[2026-05-28 13:50:10,894][root][INFO] - Epoch: 185, loss: 290.9985
[2026-05-28 13:50:10,960][root][INFO] - Epoch: 186, loss: 285.5010
[2026-05-28 13:50:11,028][root][INFO] - Epoch: 187, loss: 280.2618
[2026-05-28 13:50:11,094][root][INFO] - Epoch: 188, loss: 285.5561
[2026-05-28 13:50:11,164][root][INFO] - Epoch: 189, loss: 288.2643
[2026-05-28 13:50:11,232][root][INFO] - Epoch: 190, loss: 282.4470
[2026-05-28 13:50:11,298][root][INFO] - Epoch: 191, loss: 279.0074
[2026-05-28 13:50:11,365][root][INFO] - Epoch: 192, loss: 277.6249
[2026-05-28 13:50:11,432][root][INFO] - Epoch: 193, loss: 276.6251
[2026-05-28 13:50:11,498][root][INFO] - Epoch: 194, loss: 277.9577
[2026-05-28 13:50:11,565][root][INFO] - Epoch: 195, loss: 273.5504
[2026-05-28 13:50:11,631][root][INFO] - Epoch: 196, loss: 277.8446
[2026-05-28 13:50:11,697][root][INFO] - Epoch: 197, loss: 275.5453
[2026-05-28 13:50:11,764][root][INFO] - Epoch: 198, loss: 274.1264
[2026-05-28 13:50:11,831][root][INFO] - Epoch: 199, loss: 272.7259
[2026-05-28 13:50:11,899][root][INFO] - Epoch: 200, loss: 272.6180
[2026-05-28 13:50:11,956][root][INFO] - {'model_loss': '272.6180', 'recon_loss': '0.0000', 'triplet_loss': '272.6180'}
[2026-05-28 13:50:11,960][root][INFO] - Extinction event (pre-encoder)...
[2026-05-28 13:50:11,960][root][INFO] - Saving snapshot to runs/20260528_134951_kheperax_seed13/plots/latent_generation_10_before_ext.png
[2026-05-28 14:40:07,975][root][INFO] - {'wandb': {'project': 'mt-map-elites', 'job_type': 'train', 'name': '${now:%Y_%m_%d_%H_%M_%S}', 'mode': 'offline', 'group': '${env.name}', 'tags': ['${name}', '${env.name}']}, 'env': {'name': 'kheperax', 'reward_type': 'final', 'speed_bonus_factor': 1.0, 'episode_length': 200, 'resolution': [64, 64], 'policy_hidden_layer_size': [5], 'map_name': 'standard', 'lasers_return_minus_one_if_out_of_range': False, 'std_noise_wheel_velocities': 0.0, 'std_noise_sensor_measures': 0.0, 'action_scale': 0.025, 'grid_shape': [40, 40], 'min_bd': 0, 'max_bd': 1, 'num_init_cvt_samples': 50000, 'num_centroids': 1024, 'task': {'bd_extractor': 'xy_pos', 'grid_shape': [40, 40], 'min_bd': 0, 'max_bd': 1, 'num_init_cvt_samples': 50000, 'num_centroids': 1024, 'num_descriptors': 2}, 'vmax': 0, 'vmin': -124, 'observation_extraction': {'subsample': True, 'sampling_freq': 4, 'observation_option': 'sensory_data', 'normalize_obs': True, 'max_obs_size': 25}}, 'name': 'aurora_baseline', 'seed': 13, 'backend': 'jax', 'batch_size': 512, 'num_iterations': 2000, 'num_total_steps': 2000000, 'metrics_log_period': 5, 'log_answer_set_geometry': True, 'save_archive_checkpoints': False, 'archive_checkpoint_interval': 100, 'me_repertoire': False, 'iso_sigma': 0.2, 'line_sigma': 0, 'reinit_params': False, 'reinit_opt': True, 'no_csc': False, 'no_training': False, 'csc_orig': False, 'repertoire': 'adaptive', 'max_size': 1024, 'target_size': 922, 'l_value_init': 0.2, 'prop_gain': 0.0001, 'default_update_base': 10, 'model_batch_size': 128, 'hidden_size': 10, 'features': 8, 'model_epoch_period': 200, 'learning_rate': 0.01, 'min_delta_early_stopping': 0.0005, 'loss_type': 'triplet', 'triplet_margin': 0.2, 'triplet_loss_weight': 1, 'margin_auto_adjust': True, 'extinction': False, 'extinction_freq': 10, 'remaining_prop': 0.05, 'post_extinction_snapshot_offset': 5, 'top_k_percent': 20, 'extinction_mode': 'encoder_pre', 'target_extinction_count': 13, 'safe_keep': {'enabled': True, 'remaining_prop': 0.05, 'x_min': 0.0, 'x_max': 0.3, 'y_min_soft': 0.6, 'w_x_range': 1.5, 'w_y_high': 3.0, 'jitter_eps': 1e-06}, 'adaptive_extinction': {'warmup': 50, 'patience': 10, 'alpha': 0.2, 'cooldown': 10, 'd_min_patience': 5, 'd_min_alpha': 0.2, 'd_min_warmup': 25, 'd_min_cooldown': 5, 'd_min_window': 10, 'fitness_window': 10, 'd_min_stagnation_threshold': 0.03, 'fitness_improvement_threshold': 0.05, 'high_d_min_threshold': 0.75, 'high_d_min_patience': 12, 'fitness_patience': 5, 'ramped_prop_min': 0.05, 'ramped_prop_max': 0.4}, 'env_params': {'kheperax': {'iso_sigma': 0.2, 'line_sigma': 0}, 'ant_maze': {'iso_sigma': 0.005, 'line_sigma': 0.05}, 'walker': {'iso_sigma': 0.005, 'line_sigma': 0.05}, 'half_cheetah': {'iso_sigma': 0.005, 'line_sigma': 0.05}}}
[2026-05-28 14:40:07,976][root][INFO] - Training
[2026-05-28 14:40:08,393][jax._src.xla_bridge][INFO] - Unable to initialize backend 'rocm': module 'jaxlib.xla_extension' has no attribute 'GpuAllocatorConfig'
[2026-05-28 14:40:08,394][jax._src.xla_bridge][INFO] - Unable to initialize backend 'tpu': INTERNAL: Failed to open libtpu.so: libtpu.so: cannot open shared object file: No such file or directory
[2026-05-28 14:40:09,014][root][INFO] - Policy params count (search space): 42
[2026-05-28 14:40:09,510][root][INFO] - AE params count: 1335
[2026-05-28 14:40:09,510][root][INFO] - Algorithm initialization
[2026-05-28 14:40:12,692][root][INFO] - Repertoire initialized in 3.18 seconds
[2026-05-28 14:40:14,118][root][INFO] - Epoch: 1, loss: 0.0000
[2026-05-28 14:40:14,198][root][INFO] - Epoch: 2, loss: 0.0000
[2026-05-28 14:40:14,283][root][INFO] - Epoch: 3, loss: 0.0000
[2026-05-28 14:40:14,354][root][INFO] - Epoch: 4, loss: 0.0000
[2026-05-28 14:40:14,425][root][INFO] - Epoch: 5, loss: 0.0000
[2026-05-28 14:40:14,495][root][INFO] - Epoch: 6, loss: 0.0000
[2026-05-28 14:40:14,565][root][INFO] - Epoch: 7, loss: 0.0000
[2026-05-28 14:40:14,635][root][INFO] - Epoch: 8, loss: 0.0000
[2026-05-28 14:40:14,705][root][INFO] - Epoch: 9, loss: 0.0000
[2026-05-28 14:40:14,775][root][INFO] - Epoch: 10, loss: 0.0000
[2026-05-28 14:40:14,845][root][INFO] - Epoch: 11, loss: 0.0000
[2026-05-28 14:40:14,916][root][INFO] - Epoch: 12, loss: 0.0000
[2026-05-28 14:40:14,916][root][INFO] - Early stopping at epoch: 11
[2026-05-28 14:40:15,102][root][INFO] - Saving initialization snapshot
[2026-05-28 14:40:17,054][root][INFO] - Trigger signal logger writing to /workspace/src/output/final_encoder_pre_seed13/runs/20260528_144015_kheperax_seed13
[2026-05-28 14:40:20,071][root][INFO] - Generation 1/400 - Time: 1.90 seconds
[2026-05-28 14:40:20,078][root][INFO] - {'coverage': '100.00', 'max_fitness': '-14.36', 'passive_coverage': '12.21', 'passive_max_fitness': '-14.36', 'passive_mean_fitness': '-66.62', 'passive_qd_score': '9350.37', 'qd_score': '69969.65', 'mean_fitness_top_k': '-57.97'}
[2026-05-28 14:40:21,027][root][INFO] - Updating AE...
[2026-05-28 14:40:21,846][root][INFO] - Epoch: 1, loss: 11500.3809
[2026-05-28 14:40:21,919][root][INFO] - Epoch: 2, loss: 1780.9214
[2026-05-28 14:40:21,992][root][INFO] - Epoch: 3, loss: 1023.3992
[2026-05-28 14:40:22,064][root][INFO] - Epoch: 4, loss: 777.9922
[2026-05-28 14:40:22,136][root][INFO] - Epoch: 5, loss: 664.7476
[2026-05-28 14:40:22,210][root][INFO] - Epoch: 6, loss: 606.8422
[2026-05-28 14:40:22,280][root][INFO] - Epoch: 7, loss: 568.2500
[2026-05-28 14:40:22,351][root][INFO] - Epoch: 8, loss: 540.4308
[2026-05-28 14:40:22,422][root][INFO] - Epoch: 9, loss: 522.5815
[2026-05-28 14:40:22,492][root][INFO] - Epoch: 10, loss: 507.9539
[2026-05-28 14:40:22,566][root][INFO] - Epoch: 11, loss: 495.9471
[2026-05-28 14:40:22,637][root][INFO] - Epoch: 12, loss: 486.4351
[2026-05-28 14:40:22,710][root][INFO] - Epoch: 13, loss: 478.7115
[2026-05-28 14:40:22,781][root][INFO] - Epoch: 14, loss: 472.2895
[2026-05-28 14:40:22,853][root][INFO] - Epoch: 15, loss: 466.5089
[2026-05-28 14:40:22,924][root][INFO] - Epoch: 16, loss: 461.4605
[2026-05-28 14:40:22,996][root][INFO] - Epoch: 17, loss: 456.1609
[2026-05-28 14:40:23,068][root][INFO] - Epoch: 18, loss: 451.6064
[2026-05-28 14:40:23,141][root][INFO] - Epoch: 19, loss: 447.2727
[2026-05-28 14:40:23,213][root][INFO] - Epoch: 20, loss: 443.3987
[2026-05-28 14:40:23,285][root][INFO] - Epoch: 21, loss: 440.0055
[2026-05-28 14:40:23,357][root][INFO] - Epoch: 22, loss: 436.2849
[2026-05-28 14:40:23,430][root][INFO] - Epoch: 23, loss: 433.2826
[2026-05-28 14:40:23,501][root][INFO] - Epoch: 24, loss: 429.9665
[2026-05-28 14:40:23,573][root][INFO] - Epoch: 25, loss: 427.3348
[2026-05-28 14:40:23,645][root][INFO] - Epoch: 26, loss: 424.6487
[2026-05-28 14:40:23,715][root][INFO] - Epoch: 27, loss: 422.2978
[2026-05-28 14:40:23,787][root][INFO] - Epoch: 28, loss: 420.1815
[2026-05-28 14:40:23,858][root][INFO] - Epoch: 29, loss: 418.3622
[2026-05-28 14:40:23,929][root][INFO] - Epoch: 30, loss: 416.4865
[2026-05-28 14:40:24,000][root][INFO] - Epoch: 31, loss: 414.8184
[2026-05-28 14:40:24,071][root][INFO] - Epoch: 32, loss: 412.8657
[2026-05-28 14:40:24,143][root][INFO] - Epoch: 33, loss: 411.5068
[2026-05-28 14:40:24,215][root][INFO] - Epoch: 34, loss: 409.5488
[2026-05-28 14:40:24,288][root][INFO] - Epoch: 35, loss: 408.1040
[2026-05-28 14:40:24,360][root][INFO] - Epoch: 36, loss: 406.7824
[2026-05-28 14:40:24,432][root][INFO] - Epoch: 37, loss: 405.0954
[2026-05-28 14:40:24,503][root][INFO] - Epoch: 38, loss: 404.0163
[2026-05-28 14:40:24,573][root][INFO] - Epoch: 39, loss: 402.6060
[2026-05-28 14:40:24,644][root][INFO] - Epoch: 40, loss: 401.3509
[2026-05-28 14:40:24,713][root][INFO] - Epoch: 41, loss: 400.2849
[2026-05-28 14:40:24,784][root][INFO] - Epoch: 42, loss: 399.0235
[2026-05-28 14:40:24,854][root][INFO] - Epoch: 43, loss: 398.3813
[2026-05-28 14:40:24,924][root][INFO] - Epoch: 44, loss: 396.9735
[2026-05-28 14:40:24,994][root][INFO] - Epoch: 45, loss: 395.9105
[2026-05-28 14:40:25,064][root][INFO] - Epoch: 46, loss: 395.2069
[2026-05-28 14:40:25,134][root][INFO] - Epoch: 47, loss: 393.9656
[2026-05-28 14:40:25,204][root][INFO] - Epoch: 48, loss: 392.7826
[2026-05-28 14:40:25,275][root][INFO] - Epoch: 49, loss: 392.0432
[2026-05-28 14:40:25,345][root][INFO] - Epoch: 50, loss: 391.3538
[2026-05-28 14:40:25,415][root][INFO] - Epoch: 51, loss: 390.6141
[2026-05-28 14:40:25,486][root][INFO] - Epoch: 52, loss: 389.4319
[2026-05-28 14:40:25,556][root][INFO] - Epoch: 53, loss: 388.7543
[2026-05-28 14:40:25,626][root][INFO] - Epoch: 54, loss: 388.1674
[2026-05-28 14:40:25,696][root][INFO] - Epoch: 55, loss: 387.2897
[2026-05-28 14:40:25,766][root][INFO] - Epoch: 56, loss: 386.3208
[2026-05-28 14:40:25,836][root][INFO] - Epoch: 57, loss: 385.9405
[2026-05-28 14:40:25,906][root][INFO] - Epoch: 58, loss: 385.1287
[2026-05-28 14:40:25,977][root][INFO] - Epoch: 59, loss: 384.2838
[2026-05-28 14:40:26,047][root][INFO] - Epoch: 60, loss: 383.6659
[2026-05-28 14:40:26,117][root][INFO] - Epoch: 61, loss: 382.9699
[2026-05-28 14:40:26,188][root][INFO] - Epoch: 62, loss: 382.2104
[2026-05-28 14:40:26,258][root][INFO] - Epoch: 63, loss: 381.6521
[2026-05-28 14:40:26,328][root][INFO] - Epoch: 64, loss: 382.0008
[2026-05-28 14:40:26,398][root][INFO] - Epoch: 65, loss: 380.5098
[2026-05-28 14:40:26,469][root][INFO] - Epoch: 66, loss: 379.7452
[2026-05-28 14:40:26,539][root][INFO] - Epoch: 67, loss: 378.8374
[2026-05-28 14:40:26,609][root][INFO] - Epoch: 68, loss: 378.6256
[2026-05-28 14:40:26,679][root][INFO] - Epoch: 69, loss: 377.8786
[2026-05-28 14:40:26,749][root][INFO] - Epoch: 70, loss: 377.0931
[2026-05-28 14:40:26,820][root][INFO] - Epoch: 71, loss: 376.4962
[2026-05-28 14:40:26,890][root][INFO] - Epoch: 72, loss: 375.4119
[2026-05-28 14:40:26,961][root][INFO] - Epoch: 73, loss: 375.4851
[2026-05-28 14:40:27,031][root][INFO] - Epoch: 74, loss: 374.3460
[2026-05-28 14:40:27,101][root][INFO] - Epoch: 75, loss: 373.3403
[2026-05-28 14:40:27,172][root][INFO] - Epoch: 76, loss: 373.1248
[2026-05-28 14:40:27,242][root][INFO] - Epoch: 77, loss: 372.2595
[2026-05-28 14:40:27,312][root][INFO] - Epoch: 78, loss: 372.7277
[2026-05-28 14:40:27,382][root][INFO] - Epoch: 79, loss: 370.9586
[2026-05-28 14:40:27,452][root][INFO] - Epoch: 80, loss: 370.6382
[2026-05-28 14:40:27,523][root][INFO] - Epoch: 81, loss: 369.5111
[2026-05-28 14:40:27,593][root][INFO] - Epoch: 82, loss: 369.1220
[2026-05-28 14:40:27,663][root][INFO] - Epoch: 83, loss: 369.9274
[2026-05-28 14:40:27,733][root][INFO] - Epoch: 84, loss: 367.8298
[2026-05-28 14:40:27,803][root][INFO] - Epoch: 85, loss: 368.5226
[2026-05-28 14:40:27,873][root][INFO] - Epoch: 86, loss: 367.0441
[2026-05-28 14:40:27,944][root][INFO] - Epoch: 87, loss: 366.6865
[2026-05-28 14:40:28,014][root][INFO] - Epoch: 88, loss: 366.0362
[2026-05-28 14:40:28,084][root][INFO] - Epoch: 89, loss: 365.5189
[2026-05-28 14:40:28,154][root][INFO] - Epoch: 90, loss: 365.2158
[2026-05-28 14:40:28,224][root][INFO] - Epoch: 91, loss: 363.5564
[2026-05-28 14:40:28,294][root][INFO] - Epoch: 92, loss: 363.7829
[2026-05-28 14:40:28,364][root][INFO] - Epoch: 93, loss: 363.0025
[2026-05-28 14:40:28,435][root][INFO] - Epoch: 94, loss: 362.3880
[2026-05-28 14:40:28,505][root][INFO] - Epoch: 95, loss: 362.1042
[2026-05-28 14:40:28,575][root][INFO] - Epoch: 96, loss: 360.8913
[2026-05-28 14:40:28,645][root][INFO] - Epoch: 97, loss: 360.5017
[2026-05-28 14:40:28,716][root][INFO] - Epoch: 98, loss: 360.9500
[2026-05-28 14:40:28,786][root][INFO] - Epoch: 99, loss: 358.8279
[2026-05-28 14:40:28,856][root][INFO] - Epoch: 100, loss: 359.2596
[2026-05-28 14:40:28,926][root][INFO] - Epoch: 101, loss: 357.1404
[2026-05-28 14:40:28,997][root][INFO] - Epoch: 102, loss: 356.7661
[2026-05-28 14:40:29,067][root][INFO] - Epoch: 103, loss: 358.1810
[2026-05-28 14:40:29,137][root][INFO] - Epoch: 104, loss: 355.0678
[2026-05-28 14:40:29,207][root][INFO] - Epoch: 105, loss: 354.9258
[2026-05-28 14:40:29,280][root][INFO] - Epoch: 106, loss: 355.0969
[2026-05-28 14:40:29,351][root][INFO] - Epoch: 107, loss: 353.3375
[2026-05-28 14:40:29,422][root][INFO] - Epoch: 108, loss: 352.9248
[2026-05-28 14:40:29,493][root][INFO] - Epoch: 109, loss: 351.7849
[2026-05-28 14:40:29,564][root][INFO] - Epoch: 110, loss: 352.1932
[2026-05-28 14:40:29,636][root][INFO] - Epoch: 111, loss: 350.9260
[2026-05-28 14:40:29,709][root][INFO] - Epoch: 112, loss: 350.5379
[2026-05-28 14:40:29,782][root][INFO] - Epoch: 113, loss: 350.4514
[2026-05-28 14:40:29,854][root][INFO] - Epoch: 114, loss: 349.5379
[2026-05-28 14:40:29,926][root][INFO] - Epoch: 115, loss: 348.0132
[2026-05-28 14:40:29,998][root][INFO] - Epoch: 116, loss: 352.1815
[2026-05-28 14:40:30,070][root][INFO] - Epoch: 117, loss: 347.2217
[2026-05-28 14:40:30,143][root][INFO] - Epoch: 118, loss: 345.3235
[2026-05-28 14:40:30,216][root][INFO] - Epoch: 119, loss: 344.4394
[2026-05-28 14:40:30,289][root][INFO] - Epoch: 120, loss: 345.3835
[2026-05-28 14:40:30,361][root][INFO] - Epoch: 121, loss: 342.4787
[2026-05-28 14:40:30,434][root][INFO] - Epoch: 122, loss: 343.8921
[2026-05-28 14:40:30,507][root][INFO] - Epoch: 123, loss: 343.2167
[2026-05-28 14:40:30,580][root][INFO] - Epoch: 124, loss: 341.4011
[2026-05-28 14:40:30,652][root][INFO] - Epoch: 125, loss: 342.4415
[2026-05-28 14:40:30,723][root][INFO] - Epoch: 126, loss: 339.6811
[2026-05-28 14:40:30,794][root][INFO] - Epoch: 127, loss: 341.6166
[2026-05-28 14:40:30,868][root][INFO] - Epoch: 128, loss: 336.4390
[2026-05-28 14:40:30,939][root][INFO] - Epoch: 129, loss: 336.7945
[2026-05-28 14:40:31,010][root][INFO] - Epoch: 130, loss: 332.9265
[2026-05-28 14:40:31,081][root][INFO] - Epoch: 131, loss: 333.1307
[2026-05-28 14:40:31,152][root][INFO] - Epoch: 132, loss: 331.5363
[2026-05-28 14:40:31,225][root][INFO] - Epoch: 133, loss: 331.4730
[2026-05-28 14:40:31,296][root][INFO] - Epoch: 134, loss: 331.2701
[2026-05-28 14:40:31,368][root][INFO] - Epoch: 135, loss: 329.1450
[2026-05-28 14:40:31,440][root][INFO] - Epoch: 136, loss: 328.9565
[2026-05-28 14:40:31,513][root][INFO] - Epoch: 137, loss: 328.8929
[2026-05-28 14:40:31,586][root][INFO] - Epoch: 138, loss: 324.3281
[2026-05-28 14:40:31,658][root][INFO] - Epoch: 139, loss: 327.2262
[2026-05-28 14:40:31,730][root][INFO] - Epoch: 140, loss: 325.9293
[2026-05-28 14:40:31,803][root][INFO] - Epoch: 141, loss: 321.7170
[2026-05-28 14:40:31,876][root][INFO] - Epoch: 142, loss: 318.9329
[2026-05-28 14:40:31,947][root][INFO] - Epoch: 143, loss: 320.6100
[2026-05-28 14:40:32,019][root][INFO] - Epoch: 144, loss: 322.8825
[2026-05-28 14:40:32,092][root][INFO] - Epoch: 145, loss: 320.5105
[2026-05-28 14:40:32,165][root][INFO] - Epoch: 146, loss: 323.3955
[2026-05-28 14:40:32,237][root][INFO] - Epoch: 147, loss: 319.8567
[2026-05-28 14:40:32,309][root][INFO] - Epoch: 148, loss: 318.1375
[2026-05-28 14:40:32,382][root][INFO] - Epoch: 149, loss: 318.9685
[2026-05-28 14:40:32,454][root][INFO] - Epoch: 150, loss: 314.9835
[2026-05-28 14:40:32,526][root][INFO] - Epoch: 151, loss: 314.3986
[2026-05-28 14:40:32,598][root][INFO] - Epoch: 152, loss: 313.9193
[2026-05-28 14:40:32,669][root][INFO] - Epoch: 153, loss: 316.2510
[2026-05-28 14:40:32,740][root][INFO] - Epoch: 154, loss: 311.2750
[2026-05-28 14:40:32,812][root][INFO] - Epoch: 155, loss: 311.2908
[2026-05-28 14:40:32,884][root][INFO] - Epoch: 156, loss: 310.5909
[2026-05-28 14:40:32,957][root][INFO] - Epoch: 157, loss: 319.7706
[2026-05-28 14:40:33,030][root][INFO] - Epoch: 158, loss: 308.0463
[2026-05-28 14:40:33,103][root][INFO] - Epoch: 159, loss: 305.9537
[2026-05-28 14:40:33,176][root][INFO] - Epoch: 160, loss: 306.3022
[2026-05-28 14:40:33,248][root][INFO] - Epoch: 161, loss: 307.3701
[2026-05-28 14:40:33,323][root][INFO] - Epoch: 162, loss: 303.5167
[2026-05-28 14:40:33,397][root][INFO] - Epoch: 163, loss: 305.1244
[2026-05-28 14:40:33,472][root][INFO] - Epoch: 164, loss: 305.9266
[2026-05-28 14:40:33,549][root][INFO] - Epoch: 165, loss: 299.8998
[2026-05-28 14:40:33,623][root][INFO] - Epoch: 166, loss: 301.0046
[2026-05-28 14:40:33,697][root][INFO] - Epoch: 167, loss: 303.5010
[2026-05-28 14:40:33,770][root][INFO] - Epoch: 168, loss: 300.8397
[2026-05-28 14:40:33,843][root][INFO] - Epoch: 169, loss: 301.4575
[2026-05-28 14:40:33,915][root][INFO] - Epoch: 170, loss: 300.3582
[2026-05-28 14:40:33,988][root][INFO] - Epoch: 171, loss: 299.7971
[2026-05-28 14:40:34,060][root][INFO] - Epoch: 172, loss: 295.5104
[2026-05-28 14:40:34,132][root][INFO] - Epoch: 173, loss: 294.9985
[2026-05-28 14:40:34,205][root][INFO] - Epoch: 174, loss: 292.8970
[2026-05-28 14:40:34,277][root][INFO] - Epoch: 175, loss: 291.9311
[2026-05-28 14:40:34,350][root][INFO] - Epoch: 176, loss: 291.2086
[2026-05-28 14:40:34,422][root][INFO] - Epoch: 177, loss: 292.2162
[2026-05-28 14:40:34,493][root][INFO] - Epoch: 178, loss: 289.4449
[2026-05-28 14:40:34,567][root][INFO] - Epoch: 179, loss: 288.8443
[2026-05-28 14:40:34,640][root][INFO] - Epoch: 180, loss: 287.3942
[2026-05-28 14:40:34,712][root][INFO] - Epoch: 181, loss: 300.2876
[2026-05-28 14:40:34,783][root][INFO] - Epoch: 182, loss: 299.3845
[2026-05-28 14:40:34,854][root][INFO] - Epoch: 183, loss: 299.8223
[2026-05-28 14:40:34,924][root][INFO] - Epoch: 184, loss: 291.9773
[2026-05-28 14:40:34,994][root][INFO] - Epoch: 185, loss: 290.9985
[2026-05-28 14:40:35,064][root][INFO] - Epoch: 186, loss: 285.5010
[2026-05-28 14:40:35,135][root][INFO] - Epoch: 187, loss: 280.2618
[2026-05-28 14:40:35,205][root][INFO] - Epoch: 188, loss: 285.5561
[2026-05-28 14:40:35,275][root][INFO] - Epoch: 189, loss: 288.2643
[2026-05-28 14:40:35,346][root][INFO] - Epoch: 190, loss: 282.4470
[2026-05-28 14:40:35,416][root][INFO] - Epoch: 191, loss: 279.0074
[2026-05-28 14:40:35,486][root][INFO] - Epoch: 192, loss: 277.6249
[2026-05-28 14:40:35,557][root][INFO] - Epoch: 193, loss: 276.6251
[2026-05-28 14:40:35,628][root][INFO] - Epoch: 194, loss: 277.9577
[2026-05-28 14:40:35,698][root][INFO] - Epoch: 195, loss: 273.5504
[2026-05-28 14:40:35,768][root][INFO] - Epoch: 196, loss: 277.8446
[2026-05-28 14:40:35,839][root][INFO] - Epoch: 197, loss: 275.5453
[2026-05-28 14:40:35,909][root][INFO] - Epoch: 198, loss: 274.1264
[2026-05-28 14:40:35,979][root][INFO] - Epoch: 199, loss: 272.7259
[2026-05-28 14:40:36,050][root][INFO] - Epoch: 200, loss: 272.6180
[2026-05-28 14:40:36,111][root][INFO] - {'model_loss': '272.6180', 'recon_loss': '0.0000', 'triplet_loss': '272.6180'}
[2026-05-28 14:40:36,115][root][INFO] - Extinction event (pre-encoder)...
[2026-05-28 14:40:36,116][root][INFO] - Saving snapshot to runs/20260528_144015_kheperax_seed13/plots/latent_generation_10_before_ext.png
[2026-05-28 14:40:37,644][root][INFO] - Saving snapshot to runs/20260528_144015_kheperax_seed13/plots/latent_generation_10_after_ext.png
[2026-05-28 14:40:38,993][root][INFO] - Updating AE...
[2026-05-28 14:40:39,732][root][INFO] - Epoch: 1, loss: 1111.3868
[2026-05-28 14:40:39,805][root][INFO] - Epoch: 2, loss: 179.0307
[2026-05-28 14:40:39,877][root][INFO] - Epoch: 3, loss: 98.5356
[2026-05-28 14:40:39,949][root][INFO] - Epoch: 4, loss: 66.1822
[2026-05-28 14:40:40,019][root][INFO] - Epoch: 5, loss: 49.8422
[2026-05-28 14:40:40,089][root][INFO] - Epoch: 6, loss: 41.1232
[2026-05-28 14:40:40,159][root][INFO] - Epoch: 7, loss: 34.6464
[2026-05-28 14:40:40,230][root][INFO] - Epoch: 8, loss: 29.7793
[2026-05-28 14:40:40,300][root][INFO] - Epoch: 9, loss: 26.3831
[2026-05-28 14:40:40,370][root][INFO] - Epoch: 10, loss: 23.5444
[2026-05-28 14:40:40,440][root][INFO] - Epoch: 11, loss: 21.2512
[2026-05-28 14:40:40,510][root][INFO] - Epoch: 12, loss: 19.3277
[2026-05-28 14:40:40,581][root][INFO] - Epoch: 13, loss: 17.6741
[2026-05-28 14:40:40,651][root][INFO] - Epoch: 14, loss: 16.2509
[2026-05-28 14:40:40,721][root][INFO] - Epoch: 15, loss: 14.9269
[2026-05-28 14:40:40,790][root][INFO] - Epoch: 16, loss: 13.8138
[2026-05-28 14:40:40,860][root][INFO] - Epoch: 17, loss: 12.8060
[2026-05-28 14:40:40,931][root][INFO] - Epoch: 18, loss: 11.9370
[2026-05-28 14:40:41,000][root][INFO] - Epoch: 19, loss: 11.1109
[2026-05-28 14:40:41,071][root][INFO] - Epoch: 20, loss: 10.3872
[2026-05-28 14:40:41,141][root][INFO] - Epoch: 21, loss: 9.7462
[2026-05-28 14:40:41,211][root][INFO] - Epoch: 22, loss: 9.1826
[2026-05-28 14:40:41,280][root][INFO] - Epoch: 23, loss: 8.6466
[2026-05-28 14:40:41,350][root][INFO] - Epoch: 24, loss: 8.1586
[2026-05-28 14:40:41,420][root][INFO] - Epoch: 25, loss: 7.7141
[2026-05-28 14:40:41,490][root][INFO] - Epoch: 26, loss: 7.3104
[2026-05-28 14:40:41,561][root][INFO] - Epoch: 27, loss: 6.9470
[2026-05-28 14:40:41,631][root][INFO] - Epoch: 28, loss: 6.6079
[2026-05-28 14:40:41,701][root][INFO] - Epoch: 29, loss: 6.2771
[2026-05-28 14:40:41,771][root][INFO] - Epoch: 30, loss: 5.9910
[2026-05-28 14:40:41,841][root][INFO] - Epoch: 31, loss: 5.7089
[2026-05-28 14:40:41,911][root][INFO] - Epoch: 32, loss: 5.4619
[2026-05-28 14:40:41,982][root][INFO] - Epoch: 33, loss: 5.2134
[2026-05-28 14:40:42,052][root][INFO] - Epoch: 34, loss: 4.9925
[2026-05-28 14:40:42,122][root][INFO] - Epoch: 35, loss: 4.7767
[2026-05-28 14:40:42,193][root][INFO] - Epoch: 36, loss: 4.5732
[2026-05-28 14:40:42,263][root][INFO] - Epoch: 37, loss: 4.3901
[2026-05-28 14:40:42,334][root][INFO] - Epoch: 38, loss: 4.2085
[2026-05-28 14:40:42,405][root][INFO] - Epoch: 39, loss: 4.0436
[2026-05-28 14:40:42,475][root][INFO] - Epoch: 40, loss: 3.8852
[2026-05-28 14:40:42,546][root][INFO] - Epoch: 41, loss: 3.7339
[2026-05-28 14:40:42,617][root][INFO] - Epoch: 42, loss: 3.5925
[2026-05-28 14:40:42,687][root][INFO] - Epoch: 43, loss: 3.4507
[2026-05-28 14:40:42,758][root][INFO] - Epoch: 44, loss: 3.3234
[2026-05-28 14:40:42,828][root][INFO] - Epoch: 45, loss: 3.2018
[2026-05-28 14:40:42,898][root][INFO] - Epoch: 46, loss: 3.0858
[2026-05-28 14:40:42,969][root][INFO] - Epoch: 47, loss: 2.9811
[2026-05-28 14:40:43,040][root][INFO] - Epoch: 48, loss: 2.8726
[2026-05-28 14:40:43,110][root][INFO] - Epoch: 49, loss: 2.7721
[2026-05-28 14:40:43,180][root][INFO] - Epoch: 50, loss: 2.6708
[2026-05-28 14:40:43,252][root][INFO] - Epoch: 51, loss: 2.5815
[2026-05-28 14:40:43,323][root][INFO] - Epoch: 52, loss: 2.4931
[2026-05-28 14:40:43,393][root][INFO] - Epoch: 53, loss: 2.4097
[2026-05-28 14:40:43,465][root][INFO] - Epoch: 54, loss: 2.3313
[2026-05-28 14:40:43,537][root][INFO] - Epoch: 55, loss: 2.2526
[2026-05-28 14:40:43,609][root][INFO] - Epoch: 56, loss: 2.1760
[2026-05-28 14:40:43,682][root][INFO] - Epoch: 57, loss: 2.1040
[2026-05-28 14:40:43,754][root][INFO] - Epoch: 58, loss: 2.0372
[2026-05-28 14:40:43,825][root][INFO] - Epoch: 59, loss: 1.9699
[2026-05-28 14:40:43,897][root][INFO] - Epoch: 60, loss: 1.9050
[2026-05-28 14:40:43,969][root][INFO] - Epoch: 61, loss: 1.8443
[2026-05-28 14:40:44,040][root][INFO] - Epoch: 62, loss: 1.7840
[2026-05-28 14:40:44,111][root][INFO] - Epoch: 63, loss: 1.7304
[2026-05-28 14:40:44,183][root][INFO] - Epoch: 64, loss: 1.6693
[2026-05-28 14:40:44,256][root][INFO] - Epoch: 65, loss: 1.6140
[2026-05-28 14:40:44,328][root][INFO] - Epoch: 66, loss: 1.5613
[2026-05-28 14:40:44,398][root][INFO] - Epoch: 67, loss: 1.5128
[2026-05-28 14:40:44,469][root][INFO] - Epoch: 68, loss: 1.4621
[2026-05-28 14:40:44,543][root][INFO] - Epoch: 69, loss: 1.4108
[2026-05-28 14:40:44,616][root][INFO] - Epoch: 70, loss: 1.3662
[2026-05-28 14:40:44,688][root][INFO] - Epoch: 71, loss: 1.3187
[2026-05-28 14:40:44,760][root][INFO] - Epoch: 72, loss: 1.2752
[2026-05-28 14:40:44,834][root][INFO] - Epoch: 73, loss: 1.2350
[2026-05-28 14:40:44,904][root][INFO] - Epoch: 74, loss: 1.1900
[2026-05-28 14:40:44,977][root][INFO] - Epoch: 75, loss: 1.1526
[2026-05-28 14:40:45,049][root][INFO] - Epoch: 76, loss: 1.1158
[2026-05-28 14:40:45,122][root][INFO] - Epoch: 77, loss: 1.0744
[2026-05-28 14:40:45,195][root][INFO] - Epoch: 78, loss: 1.0415
[2026-05-28 14:40:45,266][root][INFO] - Epoch: 79, loss: 1.0031
[2026-05-28 14:40:45,337][root][INFO] - Epoch: 80, loss: 0.9718
[2026-05-28 14:40:45,409][root][INFO] - Epoch: 81, loss: 0.9403
[2026-05-28 14:40:45,481][root][INFO] - Epoch: 82, loss: 0.9095
[2026-05-28 14:40:45,553][root][INFO] - Epoch: 83, loss: 0.8800
[2026-05-28 14:40:45,624][root][INFO] - Epoch: 84, loss: 0.8559
[2026-05-28 14:40:45,696][root][INFO] - Epoch: 85, loss: 0.8295
[2026-05-28 14:40:45,768][root][INFO] - Epoch: 86, loss: 0.8057
[2026-05-28 14:40:45,839][root][INFO] - Epoch: 87, loss: 0.7807
[2026-05-28 14:40:45,912][root][INFO] - Epoch: 88, loss: 0.7590
[2026-05-28 14:40:45,983][root][INFO] - Epoch: 89, loss: 0.7363
[2026-05-28 14:40:46,055][root][INFO] - Epoch: 90, loss: 0.7148
[2026-05-28 14:40:46,126][root][INFO] - Epoch: 91, loss: 0.6974
[2026-05-28 14:40:46,199][root][INFO] - Epoch: 92, loss: 0.6779
[2026-05-28 14:40:46,271][root][INFO] - Epoch: 93, loss: 0.6593
[2026-05-28 14:40:46,344][root][INFO] - Epoch: 94, loss: 0.6423
[2026-05-28 14:40:46,416][root][INFO] - Epoch: 95, loss: 0.6263
[2026-05-28 14:40:46,488][root][INFO] - Epoch: 96, loss: 0.6099
[2026-05-28 14:40:46,561][root][INFO] - Epoch: 97, loss: 0.5947
[2026-05-28 14:40:46,633][root][INFO] - Epoch: 98, loss: 0.5810
[2026-05-28 14:40:46,704][root][INFO] - Epoch: 99, loss: 0.5666
[2026-05-28 14:40:46,777][root][INFO] - Epoch: 100, loss: 0.5528
[2026-05-28 14:40:46,849][root][INFO] - Epoch: 101, loss: 0.5388
[2026-05-28 14:40:46,921][root][INFO] - Epoch: 102, loss: 0.5261
[2026-05-28 14:40:46,993][root][INFO] - Epoch: 103, loss: 0.5143
[2026-05-28 14:40:47,065][root][INFO] - Epoch: 104, loss: 0.5020
[2026-05-28 14:40:47,137][root][INFO] - Epoch: 105, loss: 0.4914
[2026-05-28 14:40:47,209][root][INFO] - Epoch: 106, loss: 0.4800
[2026-05-28 14:40:47,281][root][INFO] - Epoch: 107, loss: 0.4695
[2026-05-28 14:40:47,353][root][INFO] - Epoch: 108, loss: 0.4593
[2026-05-28 14:40:47,423][root][INFO] - Epoch: 109, loss: 0.4491
[2026-05-28 14:40:47,494][root][INFO] - Epoch: 110, loss: 0.4397
[2026-05-28 14:40:47,566][root][INFO] - Epoch: 111, loss: 0.4301
[2026-05-28 14:40:47,639][root][INFO] - Epoch: 112, loss: 0.4214
[2026-05-28 14:40:47,711][root][INFO] - Epoch: 113, loss: 0.4147
[2026-05-28 14:40:47,783][root][INFO] - Epoch: 114, loss: 0.4041
[2026-05-28 14:40:47,855][root][INFO] - Epoch: 115, loss: 0.3957
[2026-05-28 14:40:47,926][root][INFO] - Epoch: 116, loss: 0.3885
[2026-05-28 14:40:47,998][root][INFO] - Epoch: 117, loss: 0.3807
[2026-05-28 14:40:48,070][root][INFO] - Epoch: 118, loss: 0.3725
[2026-05-28 14:40:48,142][root][INFO] - Epoch: 119, loss: 0.3661
[2026-05-28 14:40:48,214][root][INFO] - Epoch: 120, loss: 0.3586
[2026-05-28 14:40:48,287][root][INFO] - Epoch: 121, loss: 0.3523
[2026-05-28 14:40:48,359][root][INFO] - Epoch: 122, loss: 0.3462
[2026-05-28 14:40:48,431][root][INFO] - Epoch: 123, loss: 0.3402
[2026-05-28 14:40:48,502][root][INFO] - Epoch: 124, loss: 0.3345
[2026-05-28 14:40:48,574][root][INFO] - Epoch: 125, loss: 0.3288
[2026-05-28 14:40:48,646][root][INFO] - Epoch: 126, loss: 0.3235
[2026-05-28 14:40:48,718][root][INFO] - Epoch: 127, loss: 0.3172
[2026-05-28 14:40:48,789][root][INFO] - Epoch: 128, loss: 0.3126
[2026-05-28 14:40:48,859][root][INFO] - Epoch: 129, loss: 0.3072
[2026-05-28 14:40:48,931][root][INFO] - Epoch: 130, loss: 0.3021
[2026-05-28 14:40:49,003][root][INFO] - Epoch: 131, loss: 0.2975
[2026-05-28 14:40:49,074][root][INFO] - Epoch: 132, loss: 0.2927
[2026-05-28 14:40:49,144][root][INFO] - Epoch: 133, loss: 0.2885
[2026-05-28 14:40:49,215][root][INFO] - Epoch: 134, loss: 0.2849
[2026-05-28 14:40:49,288][root][INFO] - Epoch: 135, loss: 0.2797
[2026-05-28 14:40:49,358][root][INFO] - Epoch: 136, loss: 0.2762
[2026-05-28 14:40:49,428][root][INFO] - Epoch: 137, loss: 0.2719
[2026-05-28 14:40:49,498][root][INFO] - Epoch: 138, loss: 0.2687
[2026-05-28 14:40:49,568][root][INFO] - Epoch: 139, loss: 0.2643
[2026-05-28 14:40:49,639][root][INFO] - Epoch: 140, loss: 0.2603
[2026-05-28 14:40:49,709][root][INFO] - Epoch: 141, loss: 0.2565
[2026-05-28 14:40:49,779][root][INFO] - Epoch: 142, loss: 0.2531
[2026-05-28 14:40:49,849][root][INFO] - Epoch: 143, loss: 0.2501
[2026-05-28 14:40:49,919][root][INFO] - Epoch: 144, loss: 0.2470
[2026-05-28 14:40:49,990][root][INFO] - Epoch: 145, loss: 0.2430
[2026-05-28 14:40:50,060][root][INFO] - Epoch: 146, loss: 0.2401
[2026-05-28 14:40:50,130][root][INFO] - Epoch: 147, loss: 0.2364
[2026-05-28 14:40:50,200][root][INFO] - Epoch: 148, loss: 0.2334
[2026-05-28 14:40:50,271][root][INFO] - Epoch: 149, loss: 0.2308
[2026-05-28 14:40:50,341][root][INFO] - Epoch: 150, loss: 0.2286
[2026-05-28 14:40:50,412][root][INFO] - Epoch: 151, loss: 0.2251
[2026-05-28 14:40:50,482][root][INFO] - Epoch: 152, loss: 0.2222
[2026-05-28 14:40:50,552][root][INFO] - Epoch: 153, loss: 0.2203
[2026-05-28 14:40:50,623][root][INFO] - Epoch: 154, loss: 0.2173
[2026-05-28 14:40:50,693][root][INFO] - Epoch: 155, loss: 0.2146
[2026-05-28 14:40:50,763][root][INFO] - Epoch: 156, loss: 0.2110
[2026-05-28 14:40:50,833][root][INFO] - Epoch: 157, loss: 0.2090
[2026-05-28 14:40:50,902][root][INFO] - Epoch: 158, loss: 0.2061
[2026-05-28 14:40:50,972][root][INFO] - Epoch: 159, loss: 0.2040
[2026-05-28 14:40:51,043][root][INFO] - Epoch: 160, loss: 0.2021
[2026-05-28 14:40:51,113][root][INFO] - Epoch: 161, loss: 0.1999
[2026-05-28 14:40:51,183][root][INFO] - Epoch: 162, loss: 0.1973
[2026-05-28 14:40:51,253][root][INFO] - Epoch: 163, loss: 0.1953
[2026-05-28 14:40:51,324][root][INFO] - Epoch: 164, loss: 0.1932
[2026-05-28 14:40:51,394][root][INFO] - Epoch: 165, loss: 0.1903
[2026-05-28 14:40:51,464][root][INFO] - Epoch: 166, loss: 0.1882
[2026-05-28 14:40:51,534][root][INFO] - Epoch: 167, loss: 0.1859
[2026-05-28 14:40:51,604][root][INFO] - Epoch: 168, loss: 0.1838
[2026-05-28 14:40:51,674][root][INFO] - Epoch: 169, loss: 0.1828
[2026-05-28 14:40:51,744][root][INFO] - Epoch: 170, loss: 0.1816
[2026-05-28 14:40:51,814][root][INFO] - Epoch: 171, loss: 0.1793
[2026-05-28 14:40:51,884][root][INFO] - Epoch: 172, loss: 0.1758
[2026-05-28 14:40:51,954][root][INFO] - Epoch: 173, loss: 0.1743
[2026-05-28 14:40:52,024][root][INFO] - Epoch: 174, loss: 0.1735
[2026-05-28 14:40:52,094][root][INFO] - Epoch: 175, loss: 0.1712
[2026-05-28 14:40:52,164][root][INFO] - Epoch: 176, loss: 0.1691
[2026-05-28 14:40:52,233][root][INFO] - Epoch: 177, loss: 0.1666
[2026-05-28 14:40:52,303][root][INFO] - Epoch: 178, loss: 0.1657
[2026-05-28 14:40:52,373][root][INFO] - Epoch: 179, loss: 0.1641
[2026-05-28 14:40:52,443][root][INFO] - Epoch: 180, loss: 0.1614
[2026-05-28 14:40:52,513][root][INFO] - Epoch: 181, loss: 0.1607
[2026-05-28 14:40:52,583][root][INFO] - Epoch: 182, loss: 0.1583
[2026-05-28 14:40:52,654][root][INFO] - Epoch: 183, loss: 0.1565
[2026-05-28 14:40:52,724][root][INFO] - Epoch: 184, loss: 0.1551
[2026-05-28 14:40:52,794][root][INFO] - Epoch: 185, loss: 0.1533
[2026-05-28 14:40:52,864][root][INFO] - Epoch: 186, loss: 0.1521
[2026-05-28 14:40:52,935][root][INFO] - Epoch: 187, loss: 0.1503
[2026-05-28 14:40:53,007][root][INFO] - Epoch: 188, loss: 0.1488
[2026-05-28 14:40:53,077][root][INFO] - Epoch: 189, loss: 0.1480
[2026-05-28 14:40:53,148][root][INFO] - Epoch: 190, loss: 0.1459
[2026-05-28 14:40:53,220][root][INFO] - Epoch: 191, loss: 0.1450
[2026-05-28 14:40:53,290][root][INFO] - Epoch: 192, loss: 0.1440
[2026-05-28 14:40:53,360][root][INFO] - Epoch: 193, loss: 0.1425
[2026-05-28 14:40:53,430][root][INFO] - Epoch: 194, loss: 0.1415
[2026-05-28 14:40:53,500][root][INFO] - Epoch: 195, loss: 0.1404
[2026-05-28 14:40:53,571][root][INFO] - Epoch: 196, loss: 0.1384
[2026-05-28 14:40:53,641][root][INFO] - Epoch: 197, loss: 0.1377
[2026-05-28 14:40:53,711][root][INFO] - Epoch: 198, loss: 0.1361
[2026-05-28 14:40:53,781][root][INFO] - Epoch: 199, loss: 0.1339
[2026-05-28 14:40:53,852][root][INFO] - Epoch: 200, loss: 0.1326
[2026-05-28 14:40:53,886][root][INFO] - {'model_loss': '0.1326', 'recon_loss': '0.0000', 'triplet_loss': '0.1326'}
[2026-05-28 14:40:53,902][root][INFO] - Generation 2/400 - Time: 0.00 seconds
[2026-05-28 14:40:53,903][root][INFO] - {'coverage': '100.00', 'max_fitness': '-14.36', 'passive_coverage': '15.14', 'passive_max_fitness': '-14.36', 'passive_mean_fitness': '-62.71', 'passive_qd_score': '12200.47', 'qd_score': '72323.27', 'mean_fitness_top_k': '-47.93'}
[2026-05-28 14:40:54,887][root][INFO] - Generation 3/400 - Time: 0.00 seconds
[2026-05-28 14:40:54,888][root][INFO] - {'coverage': '100.00', 'max_fitness': '-13.01', 'passive_coverage': '16.60', 'passive_max_fitness': '-13.01', 'passive_mean_fitness': '-61.75', 'passive_qd_score': '13543.80', 'qd_score': '72205.58', 'mean_fitness_top_k': '-49.32'}
[2026-05-28 14:40:55,845][root][INFO] - Generation 4/400 - Time: 0.00 seconds
[2026-05-28 14:40:55,845][root][INFO] - {'coverage': '100.00', 'max_fitness': '-13.01', 'passive_coverage': '17.29', 'passive_max_fitness': '-13.01', 'passive_mean_fitness': '-61.79', 'passive_qd_score': '14094.55', 'qd_score': '72339.50', 'mean_fitness_top_k': '-49.55'}
[2026-05-28 14:40:56,820][root][INFO] - Generation 5/400 - Time: 0.00 seconds
[2026-05-28 14:40:56,821][root][INFO] - {'coverage': '100.00', 'max_fitness': '-13.01', 'passive_coverage': '18.26', 'passive_max_fitness': '-13.01', 'passive_mean_fitness': '-61.59', 'passive_qd_score': '14928.07', 'qd_score': '72722.79', 'mean_fitness_top_k': '-47.83'}
[2026-05-28 14:40:57,779][root][INFO] - Updating AE...
[2026-05-28 14:40:58,618][root][INFO] - Epoch: 1, loss: 77.5453
[2026-05-28 14:40:58,692][root][INFO] - Epoch: 2, loss: 72.4605
[2026-05-28 14:40:58,764][root][INFO] - Epoch: 3, loss: 70.6038
[2026-05-28 14:40:58,837][root][INFO] - Epoch: 4, loss: 69.4698
[2026-05-28 14:40:58,909][root][INFO] - Epoch: 5, loss: 67.9202
[2026-05-28 14:40:58,981][root][INFO] - Epoch: 6, loss: 66.6312
[2026-05-28 14:40:59,053][root][INFO] - Epoch: 7, loss: 65.8368
[2026-05-28 14:40:59,125][root][INFO] - Epoch: 8, loss: 64.1014
[2026-05-28 14:40:59,198][root][INFO] - Epoch: 9, loss: 63.2371
[2026-05-28 14:40:59,271][root][INFO] - Epoch: 10, loss: 62.5961
[2026-05-28 14:40:59,344][root][INFO] - Epoch: 11, loss: 61.6800
[2026-05-28 14:40:59,416][root][INFO] - Epoch: 12, loss: 60.3562
[2026-05-28 14:40:59,488][root][INFO] - Epoch: 13, loss: 60.5581
[2026-05-28 14:40:59,561][root][INFO] - Epoch: 14, loss: 59.7390
[2026-05-28 14:40:59,633][root][INFO] - Epoch: 15, loss: 60.6875
[2026-05-28 14:40:59,703][root][INFO] - Epoch: 16, loss: 59.8331
[2026-05-28 14:40:59,775][root][INFO] - Epoch: 17, loss: 59.5131
[2026-05-28 14:40:59,847][root][INFO] - Epoch: 18, loss: 58.8512
[2026-05-28 14:40:59,920][root][INFO] - Epoch: 19, loss: 58.8974
[2026-05-28 14:40:59,992][root][INFO] - Epoch: 20, loss: 58.1387
[2026-05-28 14:41:00,064][root][INFO] - Epoch: 21, loss: 57.4544
[2026-05-28 14:41:00,136][root][INFO] - Epoch: 22, loss: 57.6921
[2026-05-28 14:41:00,208][root][INFO] - Epoch: 23, loss: 57.9002
[2026-05-28 14:41:00,282][root][INFO] - Epoch: 24, loss: 57.2696
[2026-05-28 14:41:00,354][root][INFO] - Epoch: 25, loss: 57.0152
[2026-05-28 14:41:00,426][root][INFO] - Epoch: 26, loss: 56.7216
[2026-05-28 14:41:00,498][root][INFO] - Epoch: 27, loss: 55.5218
[2026-05-28 14:41:00,570][root][INFO] - Epoch: 28, loss: 55.2643
[2026-05-28 14:41:00,642][root][INFO] - Epoch: 29, loss: 55.0534
[2026-05-28 14:41:00,714][root][INFO] - Epoch: 30, loss: 54.4431
[2026-05-28 14:41:00,787][root][INFO] - Epoch: 31, loss: 53.9545
[2026-05-28 14:41:00,860][root][INFO] - Epoch: 32, loss: 53.8018
[2026-05-28 14:41:00,931][root][INFO] - Epoch: 33, loss: 53.7572
[2026-05-28 14:41:01,003][root][INFO] - Epoch: 34, loss: 53.2146
[2026-05-28 14:41:01,076][root][INFO] - Epoch: 35, loss: 53.2137
[2026-05-28 14:41:01,152][root][INFO] - Epoch: 36, loss: 53.5238
[2026-05-28 14:41:01,226][root][INFO] - Epoch: 37, loss: 53.4428
[2026-05-28 14:41:01,297][root][INFO] - Epoch: 38, loss: 53.4866
[2026-05-28 14:41:01,369][root][INFO] - Epoch: 39, loss: 52.8193
[2026-05-28 14:41:01,441][root][INFO] - Epoch: 40, loss: 53.6167
[2026-05-28 14:41:01,513][root][INFO] - Epoch: 41, loss: 52.5032
[2026-05-28 14:41:01,587][root][INFO] - Epoch: 42, loss: 51.9335
[2026-05-28 14:41:01,659][root][INFO] - Epoch: 43, loss: 51.0800
[2026-05-28 14:41:01,731][root][INFO] - Epoch: 44, loss: 51.1140
[2026-05-28 14:41:01,803][root][INFO] - Epoch: 45, loss: 51.2341
[2026-05-28 14:41:01,874][root][INFO] - Epoch: 46, loss: 50.4467
[2026-05-28 14:41:01,947][root][INFO] - Epoch: 47, loss: 50.7622
[2026-05-28 14:41:02,020][root][INFO] - Epoch: 48, loss: 50.5670
[2026-05-28 14:41:02,092][root][INFO] - Epoch: 49, loss: 50.6045
[2026-05-28 14:41:02,165][root][INFO] - Epoch: 50, loss: 50.3349
[2026-05-28 14:41:02,238][root][INFO] - Epoch: 51, loss: 48.6981
[2026-05-28 14:41:02,311][root][INFO] - Epoch: 52, loss: 49.6005
[2026-05-28 14:41:02,384][root][INFO] - Epoch: 53, loss: 49.7732
[2026-05-28 14:41:02,455][root][INFO] - Epoch: 54, loss: 50.2778
[2026-05-28 14:41:02,528][root][INFO] - Epoch: 55, loss: 50.0676
[2026-05-28 14:41:02,599][root][INFO] - Epoch: 56, loss: 50.5208
[2026-05-28 14:41:02,671][root][INFO] - Epoch: 57, loss: 47.5076
[2026-05-28 14:41:02,743][root][INFO] - Epoch: 58, loss: 48.6039
[2026-05-28 14:41:02,814][root][INFO] - Epoch: 59, loss: 47.8040
[2026-05-28 14:41:02,886][root][INFO] - Epoch: 60, loss: 46.8927
[2026-05-28 14:41:02,959][root][INFO] - Epoch: 61, loss: 46.5792
[2026-05-28 14:41:03,030][root][INFO] - Epoch: 62, loss: 46.0556
[2026-05-28 14:41:03,101][root][INFO] - Epoch: 63, loss: 44.8539
[2026-05-28 14:41:03,173][root][INFO] - Epoch: 64, loss: 47.1576
[2026-05-28 14:41:03,245][root][INFO] - Epoch: 65, loss: 47.0298
[2026-05-28 14:41:03,318][root][INFO] - Epoch: 66, loss: 50.0500
[2026-05-28 14:41:03,391][root][INFO] - Epoch: 67, loss: 47.8666
[2026-05-28 14:41:03,463][root][INFO] - Epoch: 68, loss: 46.0448
[2026-05-28 14:41:03,535][root][INFO] - Epoch: 69, loss: 44.8984
[2026-05-28 14:41:03,607][root][INFO] - Epoch: 70, loss: 44.8071
[2026-05-28 14:41:03,679][root][INFO] - Epoch: 71, loss: 43.9638
[2026-05-28 14:41:03,753][root][INFO] - Epoch: 72, loss: 43.0305
[2026-05-28 14:41:03,826][root][INFO] - Epoch: 73, loss: 43.2602
[2026-05-28 14:41:03,897][root][INFO] - Epoch: 74, loss: 44.2840
[2026-05-28 14:41:03,968][root][INFO] - Epoch: 75, loss: 49.2695
[2026-05-28 14:41:04,039][root][INFO] - Epoch: 76, loss: 46.9432
[2026-05-28 14:41:04,108][root][INFO] - Epoch: 77, loss: 46.3765
[2026-05-28 14:41:04,178][root][INFO] - Epoch: 78, loss: 45.9639
[2026-05-28 14:41:04,249][root][INFO] - Epoch: 79, loss: 43.4353
[2026-05-28 14:41:04,319][root][INFO] - Epoch: 80, loss: 42.2293
[2026-05-28 14:41:04,389][root][INFO] - Epoch: 81, loss: 41.9872
[2026-05-28 14:41:04,459][root][INFO] - Epoch: 82, loss: 41.3454
[2026-05-28 14:41:04,529][root][INFO] - Epoch: 83, loss: 40.7601
[2026-05-28 14:41:04,599][root][INFO] - Epoch: 84, loss: 42.3664
[2026-05-28 14:41:04,669][root][INFO] - Epoch: 85, loss: 52.1893
[2026-05-28 14:41:04,739][root][INFO] - Epoch: 86, loss: 49.2722
[2026-05-28 14:41:04,809][root][INFO] - Epoch: 87, loss: 48.8618
[2026-05-28 14:41:04,879][root][INFO] - Epoch: 88, loss: 45.5990
[2026-05-28 14:41:04,950][root][INFO] - Epoch: 89, loss: 43.9529
[2026-05-28 14:41:05,020][root][INFO] - Epoch: 90, loss: 42.4826
[2026-05-28 14:41:05,090][root][INFO] - Epoch: 91, loss: 41.0677
[2026-05-28 14:41:05,160][root][INFO] - Epoch: 92, loss: 40.1504
[2026-05-28 14:41:05,231][root][INFO] - Epoch: 93, loss: 40.8589
[2026-05-28 14:41:05,301][root][INFO] - Epoch: 94, loss: 48.9224
[2026-05-28 14:41:05,371][root][INFO] - Epoch: 95, loss: 43.6665
[2026-05-28 14:41:05,441][root][INFO] - Epoch: 96, loss: 43.4094
[2026-05-28 14:41:05,511][root][INFO] - Epoch: 97, loss: 41.7780
[2026-05-28 14:41:05,582][root][INFO] - Epoch: 98, loss: 41.4225
[2026-05-28 14:41:05,652][root][INFO] - Epoch: 99, loss: 39.4963
[2026-05-28 14:41:05,723][root][INFO] - Epoch: 100, loss: 38.8172
[2026-05-28 14:41:05,792][root][INFO] - Epoch: 101, loss: 38.8268
[2026-05-28 14:41:05,863][root][INFO] - Epoch: 102, loss: 37.9663
[2026-05-28 14:41:05,932][root][INFO] - Epoch: 103, loss: 37.3358
[2026-05-28 14:41:06,002][root][INFO] - Epoch: 104, loss: 37.5424
[2026-05-28 14:41:06,072][root][INFO] - Epoch: 105, loss: 42.8122
[2026-05-28 14:41:06,142][root][INFO] - Epoch: 106, loss: 41.5432
[2026-05-28 14:41:06,212][root][INFO] - Epoch: 107, loss: 39.8275
[2026-05-28 14:41:06,282][root][INFO] - Epoch: 108, loss: 39.2111
[2026-05-28 14:41:06,353][root][INFO] - Epoch: 109, loss: 38.9430
[2026-05-28 14:41:06,423][root][INFO] - Epoch: 110, loss: 37.6190
[2026-05-28 14:41:06,493][root][INFO] - Epoch: 111, loss: 37.9483
[2026-05-28 14:41:06,564][root][INFO] - Epoch: 112, loss: 47.0949
[2026-05-28 14:41:06,633][root][INFO] - Epoch: 113, loss: 44.5775
[2026-05-28 14:41:06,703][root][INFO] - Epoch: 114, loss: 42.6770
[2026-05-28 14:41:06,704][root][INFO] - Early stopping at epoch: 113
[2026-05-28 14:41:06,746][root][INFO] - {'model_loss': '42.6770', 'recon_loss': '0.0000', 'triplet_loss': '42.6770'}
[2026-05-28 14:41:06,750][root][INFO] - Extinction event (pre-encoder)...
[2026-05-28 14:41:06,750][root][INFO] - Saving snapshot to runs/20260528_144015_kheperax_seed13/plots/latent_generation_30_before_ext.png
[2026-05-28 14:41:08,174][root][INFO] - Saving snapshot to runs/20260528_144015_kheperax_seed13/plots/latent_generation_30_after_ext.png
[2026-05-28 14:41:09,442][root][INFO] - Updating AE...
[2026-05-28 14:41:10,173][root][INFO] - Epoch: 1, loss: 60.2732
[2026-05-28 14:41:10,246][root][INFO] - Epoch: 2, loss: 43.3142
[2026-05-28 14:41:10,318][root][INFO] - Epoch: 3, loss: 41.0118
[2026-05-28 14:41:10,390][root][INFO] - Epoch: 4, loss: 39.1001
[2026-05-28 14:41:10,462][root][INFO] - Epoch: 5, loss: 37.7615
[2026-05-28 14:41:10,534][root][INFO] - Epoch: 6, loss: 36.7058
[2026-05-28 14:41:10,606][root][INFO] - Epoch: 7, loss: 36.1267
[2026-05-28 14:41:10,678][root][INFO] - Epoch: 8, loss: 34.7900
[2026-05-28 14:41:10,751][root][INFO] - Epoch: 9, loss: 34.3208
[2026-05-28 14:41:10,822][root][INFO] - Epoch: 10, loss: 33.2949
[2026-05-28 14:41:10,895][root][INFO] - Epoch: 11, loss: 33.9373
[2026-05-28 14:41:10,965][root][INFO] - Epoch: 12, loss: 32.6578
[2026-05-28 14:41:11,036][root][INFO] - Epoch: 13, loss: 30.6190
[2026-05-28 14:41:11,106][root][INFO] - Epoch: 14, loss: 32.2582
[2026-05-28 14:41:11,177][root][INFO] - Epoch: 15, loss: 32.5060
[2026-05-28 14:41:11,247][root][INFO] - Epoch: 16, loss: 33.3934
[2026-05-28 14:41:11,317][root][INFO] - Epoch: 17, loss: 32.1912
[2026-05-28 14:41:11,387][root][INFO] - Epoch: 18, loss: 30.1800
[2026-05-28 14:41:11,457][root][INFO] - Epoch: 19, loss: 28.9593
[2026-05-28 14:41:11,528][root][INFO] - Epoch: 20, loss: 29.8844
[2026-05-28 14:41:11,597][root][INFO] - Epoch: 21, loss: 29.0966
[2026-05-28 14:41:11,667][root][INFO] - Epoch: 22, loss: 27.9749
[2026-05-28 14:41:11,737][root][INFO] - Epoch: 23, loss: 29.2177
[2026-05-28 14:41:11,808][root][INFO] - Epoch: 24, loss: 28.5753
[2026-05-28 14:41:11,878][root][INFO] - Epoch: 25, loss: 27.0273
[2026-05-28 14:41:11,948][root][INFO] - Epoch: 26, loss: 27.0355
[2026-05-28 14:41:12,019][root][INFO] - Epoch: 27, loss: 26.7666
[2026-05-28 14:41:12,089][root][INFO] - Epoch: 28, loss: 26.8468
[2026-05-28 14:41:12,159][root][INFO] - Epoch: 29, loss: 26.9896
[2026-05-28 14:41:12,230][root][INFO] - Epoch: 30, loss: 26.4921
[2026-05-28 14:41:12,301][root][INFO] - Epoch: 31, loss: 25.2712
[2026-05-28 14:41:12,372][root][INFO] - Epoch: 32, loss: 24.8847
[2026-05-28 14:41:12,443][root][INFO] - Epoch: 33, loss: 24.6055
[2026-05-28 14:41:12,513][root][INFO] - Epoch: 34, loss: 25.1742
[2026-05-28 14:41:12,584][root][INFO] - Epoch: 35, loss: 23.7281
[2026-05-28 14:41:12,654][root][INFO] - Epoch: 36, loss: 23.5585
[2026-05-28 14:41:12,724][root][INFO] - Epoch: 37, loss: 23.1882
[2026-05-28 14:41:12,795][root][INFO] - Epoch: 38, loss: 23.5769
[2026-05-28 14:41:12,865][root][INFO] - Epoch: 39, loss: 22.6699
[2026-05-28 14:41:12,938][root][INFO] - Epoch: 40, loss: 23.1155
[2026-05-28 14:41:13,008][root][INFO] - Epoch: 41, loss: 23.2882
[2026-05-28 14:41:13,079][root][INFO] - Epoch: 42, loss: 22.1779
[2026-05-28 14:41:13,149][root][INFO] - Epoch: 43, loss: 21.3516
[2026-05-28 14:41:13,220][root][INFO] - Epoch: 44, loss: 20.3332
[2026-05-28 14:41:13,290][root][INFO] - Epoch: 45, loss: 20.1784
[2026-05-28 14:41:13,361][root][INFO] - Epoch: 46, loss: 19.8767
[2026-05-28 14:41:13,430][root][INFO] - Epoch: 47, loss: 20.0402
[2026-05-28 14:41:13,500][root][INFO] - Epoch: 48, loss: 21.7022
[2026-05-28 14:41:13,571][root][INFO] - Epoch: 49, loss: 31.4985
[2026-05-28 14:41:13,641][root][INFO] - Epoch: 50, loss: 36.1380
[2026-05-28 14:41:13,712][root][INFO] - Epoch: 51, loss: 37.6653
[2026-05-28 14:41:13,782][root][INFO] - Epoch: 52, loss: 32.2107
[2026-05-28 14:41:13,852][root][INFO] - Epoch: 53, loss: 30.2627
[2026-05-28 14:41:13,923][root][INFO] - Epoch: 54, loss: 27.8742
[2026-05-28 14:41:13,993][root][INFO] - Epoch: 55, loss: 26.4197
[2026-05-28 14:41:14,063][root][INFO] - Epoch: 56, loss: 25.9977
[2026-05-28 14:41:14,134][root][INFO] - Epoch: 57, loss: 25.9667
[2026-05-28 14:41:14,134][root][INFO] - Early stopping at epoch: 56
[2026-05-28 14:41:14,171][root][INFO] - {'model_loss': '25.9667', 'recon_loss': '0.0000', 'triplet_loss': '25.9667'}
[2026-05-28 14:41:14,175][root][INFO] - Generation 6/400 - Time: 0.00 seconds
[2026-05-28 14:41:14,175][root][INFO] - {'coverage': '100.00', 'max_fitness': '-12.96', 'passive_coverage': '19.24', 'passive_max_fitness': '-12.96', 'passive_mean_fitness': '-60.63', 'passive_qd_score': '15916.05', 'qd_score': '73577.46', 'mean_fitness_top_k': '-46.33'}
[2026-05-28 14:41:15,159][root][INFO] - Generation 7/400 - Time: 0.00 seconds
[2026-05-28 14:41:15,160][root][INFO] - {'coverage': '100.00', 'max_fitness': '-12.96', 'passive_coverage': '20.80', 'passive_max_fitness': '-12.96', 'passive_mean_fitness': '-60.56', 'passive_qd_score': '17222.75', 'qd_score': '72831.78', 'mean_fitness_top_k': '-51.11'}
[2026-05-28 14:41:15,162][root][INFO] - Saving snapshot to runs/20260528_144015_kheperax_seed13/plots/latent_generation_35_5_gens_after_ext_gen10.png
[2026-05-28 14:41:17,601][root][INFO] - Generation 8/400 - Time: 0.00 seconds
[2026-05-28 14:41:17,602][root][INFO] - {'coverage': '100.00', 'max_fitness': '-12.96', 'passive_coverage': '21.48', 'passive_max_fitness': '-12.96', 'passive_mean_fitness': '-60.58', 'passive_qd_score': '17784.74', 'qd_score': '73302.41', 'mean_fitness_top_k': '-50.36'}
[2026-05-28 14:41:18,565][root][INFO] - Generation 9/400 - Time: 0.00 seconds
[2026-05-28 14:41:18,566][root][INFO] - {'coverage': '100.00', 'max_fitness': '-12.88', 'passive_coverage': '21.97', 'passive_max_fitness': '-12.88', 'passive_mean_fitness': '-59.93', 'passive_qd_score': '18336.50', 'qd_score': '74329.74', 'mean_fitness_top_k': '-48.16'}
[2026-05-28 14:41:19,539][root][INFO] - Generation 10/400 - Time: 0.00 seconds
[2026-05-28 14:41:19,540][root][INFO] - {'coverage': '100.00', 'max_fitness': '-12.88', 'passive_coverage': '22.07', 'passive_max_fitness': '-12.88', 'passive_mean_fitness': '-59.81', 'passive_qd_score': '18443.04', 'qd_score': '75321.95', 'mean_fitness_top_k': '-46.20'}
[2026-05-28 14:41:20,500][root][INFO] - Generation 11/400 - Time: 0.00 seconds
[2026-05-28 14:41:20,501][root][INFO] - {'coverage': '100.00', 'max_fitness': '-12.53', 'passive_coverage': '22.36', 'passive_max_fitness': '-12.53', 'passive_mean_fitness': '-59.53', 'passive_qd_score': '18754.17', 'qd_score': '78425.20', 'mean_fitness_top_k': '-41.17'}
[2026-05-28 14:41:20,502][root][INFO] - Saving snapshot to runs/20260528_144015_kheperax_seed13/plots/latent_generation_55_5_gens_after_ext_gen30.png
[2026-05-28 14:41:22,962][root][INFO] - Updating AE...
[2026-05-28 14:41:23,689][root][INFO] - Epoch: 1, loss: 56282.0312
[2026-05-28 14:41:23,761][root][INFO] - Epoch: 2, loss: 10160.8535
[2026-05-28 14:41:23,835][root][INFO] - Epoch: 3, loss: 2899.3938
[2026-05-28 14:41:23,907][root][INFO] - Epoch: 4, loss: 898.7214
[2026-05-28 14:41:23,979][root][INFO] - Epoch: 5, loss: 648.5071
[2026-05-28 14:41:24,052][root][INFO] - Epoch: 6, loss: 610.8287
[2026-05-28 14:41:24,124][root][INFO] - Epoch: 7, loss: 596.0885
[2026-05-28 14:41:24,197][root][INFO] - Epoch: 8, loss: 588.7433
[2026-05-28 14:41:24,269][root][INFO] - Epoch: 9, loss: 580.9838
[2026-05-28 14:41:24,341][root][INFO] - Epoch: 10, loss: 574.6908
[2026-05-28 14:41:24,415][root][INFO] - Epoch: 11, loss: 568.5762
[2026-05-28 14:41:24,487][root][INFO] - Epoch: 12, loss: 563.4509
[2026-05-28 14:41:24,560][root][INFO] - Epoch: 13, loss: 559.0524
[2026-05-28 14:41:24,632][root][INFO] - Epoch: 14, loss: 554.9999
[2026-05-28 14:41:24,703][root][INFO] - Epoch: 15, loss: 551.4096
[2026-05-28 14:41:24,776][root][INFO] - Epoch: 16, loss: 548.2374
[2026-05-28 14:41:24,849][root][INFO] - Epoch: 17, loss: 545.2695
[2026-05-28 14:41:24,922][root][INFO] - Epoch: 18, loss: 542.6992
[2026-05-28 14:41:24,993][root][INFO] - Epoch: 19, loss: 540.3775
[2026-05-28 14:41:25,065][root][INFO] - Epoch: 20, loss: 538.0453
[2026-05-28 14:41:25,136][root][INFO] - Epoch: 21, loss: 536.0881
[2026-05-28 14:41:25,208][root][INFO] - Epoch: 22, loss: 534.0684
[2026-05-28 14:41:25,280][root][INFO] - Epoch: 23, loss: 532.2543
[2026-05-28 14:41:25,353][root][INFO] - Epoch: 24, loss: 530.4675
[2026-05-28 14:41:25,426][root][INFO] - Epoch: 25, loss: 528.6198
[2026-05-28 14:41:25,498][root][INFO] - Epoch: 26, loss: 527.1270
[2026-05-28 14:41:25,569][root][INFO] - Epoch: 27, loss: 525.5441
[2026-05-28 14:41:25,640][root][INFO] - Epoch: 28, loss: 524.1135
[2026-05-28 14:41:25,712][root][INFO] - Epoch: 29, loss: 522.6783
[2026-05-28 14:41:25,784][root][INFO] - Epoch: 30, loss: 521.1459
[2026-05-28 14:41:25,856][root][INFO] - Epoch: 31, loss: 519.9943
[2026-05-28 14:41:25,928][root][INFO] - Epoch: 32, loss: 518.5201
[2026-05-28 14:41:26,002][root][INFO] - Epoch: 33, loss: 517.2611
[2026-05-28 14:41:26,073][root][INFO] - Epoch: 34, loss: 515.8298
[2026-05-28 14:41:26,146][root][INFO] - Epoch: 35, loss: 514.6725
[2026-05-28 14:41:26,219][root][INFO] - Epoch: 36, loss: 513.5176
[2026-05-28 14:41:26,291][root][INFO] - Epoch: 37, loss: 512.2429
[2026-05-28 14:41:26,363][root][INFO] - Epoch: 38, loss: 511.0623
[2026-05-28 14:41:26,436][root][INFO] - Epoch: 39, loss: 509.8370
[2026-05-28 14:41:26,509][root][INFO] - Epoch: 40, loss: 508.6051
[2026-05-28 14:41:26,581][root][INFO] - Epoch: 41, loss: 507.6270
[2026-05-28 14:41:26,654][root][INFO] - Epoch: 42, loss: 506.3109
[2026-05-28 14:41:26,727][root][INFO] - Epoch: 43, loss: 505.1462
[2026-05-28 14:41:26,798][root][INFO] - Epoch: 44, loss: 503.9555
[2026-05-28 14:41:26,869][root][INFO] - Epoch: 45, loss: 502.6878
[2026-05-28 14:41:26,941][root][INFO] - Epoch: 46, loss: 501.3278
[2026-05-28 14:41:27,013][root][INFO] - Epoch: 47, loss: 500.0986
[2026-05-28 14:41:27,084][root][INFO] - Epoch: 48, loss: 498.6336
[2026-05-28 14:41:27,156][root][INFO] - Epoch: 49, loss: 497.0953
[2026-05-28 14:41:27,230][root][INFO] - Epoch: 50, loss: 495.2598
[2026-05-28 14:41:27,302][root][INFO] - Epoch: 51, loss: 493.0555
[2026-05-28 14:41:27,374][root][INFO] - Epoch: 52, loss: 491.3628
[2026-05-28 14:41:27,446][root][INFO] - Epoch: 53, loss: 489.7751
[2026-05-28 14:41:27,519][root][INFO] - Epoch: 54, loss: 488.4287
[2026-05-28 14:41:27,592][root][INFO] - Epoch: 55, loss: 487.0429
[2026-05-28 14:41:27,664][root][INFO] - Epoch: 56, loss: 485.6161
[2026-05-28 14:41:27,735][root][INFO] - Epoch: 57, loss: 484.0202
[2026-05-28 14:41:27,805][root][INFO] - Epoch: 58, loss: 482.3597
[2026-05-28 14:41:27,876][root][INFO] - Epoch: 59, loss: 480.5405
[2026-05-28 14:41:27,947][root][INFO] - Epoch: 60, loss: 478.5460
[2026-05-28 14:41:28,018][root][INFO] - Epoch: 61, loss: 476.3257
[2026-05-28 14:41:28,088][root][INFO] - Epoch: 62, loss: 473.8587
[2026-05-28 14:41:28,159][root][INFO] - Epoch: 63, loss: 471.0312
[2026-05-28 14:41:28,230][root][INFO] - Epoch: 64, loss: 467.7177
[2026-05-28 14:41:28,300][root][INFO] - Epoch: 65, loss: 463.7596
[2026-05-28 14:41:28,371][root][INFO] - Epoch: 66, loss: 458.9728
[2026-05-28 14:41:28,441][root][INFO] - Epoch: 67, loss: 452.5959
[2026-05-28 14:41:28,512][root][INFO] - Epoch: 68, loss: 444.1099
[2026-05-28 14:41:28,583][root][INFO] - Epoch: 69, loss: 431.3781
[2026-05-28 14:41:28,653][root][INFO] - Epoch: 70, loss: 419.4725
[2026-05-28 14:41:28,724][root][INFO] - Epoch: 71, loss: 410.4462
[2026-05-28 14:41:28,794][root][INFO] - Epoch: 72, loss: 409.0926
[2026-05-28 14:41:28,865][root][INFO] - Epoch: 73, loss: 404.2885
[2026-05-28 14:41:28,935][root][INFO] - Epoch: 74, loss: 401.5979
[2026-05-28 14:41:29,006][root][INFO] - Epoch: 75, loss: 398.9186
[2026-05-28 14:41:29,076][root][INFO] - Epoch: 76, loss: 396.0905
[2026-05-28 14:41:29,148][root][INFO] - Epoch: 77, loss: 392.8990
[2026-05-28 14:41:29,219][root][INFO] - Epoch: 78, loss: 390.3233
[2026-05-28 14:41:29,291][root][INFO] - Epoch: 79, loss: 387.4568
[2026-05-28 14:41:29,363][root][INFO] - Epoch: 80, loss: 384.3754
[2026-05-28 14:41:29,434][root][INFO] - Epoch: 81, loss: 381.9477
[2026-05-28 14:41:29,505][root][INFO] - Epoch: 82, loss: 378.7130
[2026-05-28 14:41:29,576][root][INFO] - Epoch: 83, loss: 376.4467
[2026-05-28 14:41:29,647][root][INFO] - Epoch: 84, loss: 374.0457
[2026-05-28 14:41:29,718][root][INFO] - Epoch: 85, loss: 372.1781
[2026-05-28 14:41:29,788][root][INFO] - Epoch: 86, loss: 369.7689
[2026-05-28 14:41:29,859][root][INFO] - Epoch: 87, loss: 367.5397
[2026-05-28 14:41:29,930][root][INFO] - Epoch: 88, loss: 365.6124
[2026-05-28 14:41:30,000][root][INFO] - Epoch: 89, loss: 363.8074
[2026-05-28 14:41:30,071][root][INFO] - Epoch: 90, loss: 361.6828
[2026-05-28 14:41:30,142][root][INFO] - Epoch: 91, loss: 359.6168
[2026-05-28 14:41:30,213][root][INFO] - Epoch: 92, loss: 357.3889
[2026-05-28 14:41:30,284][root][INFO] - Epoch: 93, loss: 355.8612
[2026-05-28 14:41:30,355][root][INFO] - Epoch: 94, loss: 353.9249
[2026-05-28 14:41:30,426][root][INFO] - Epoch: 95, loss: 352.6072
[2026-05-28 14:41:30,496][root][INFO] - Epoch: 96, loss: 350.7905
[2026-05-28 14:41:30,567][root][INFO] - Epoch: 97, loss: 349.8471
[2026-05-28 14:41:30,637][root][INFO] - Epoch: 98, loss: 348.3248
[2026-05-28 14:41:30,708][root][INFO] - Epoch: 99, loss: 347.0641
[2026-05-28 14:41:30,779][root][INFO] - Epoch: 100, loss: 345.7877
[2026-05-28 14:41:30,850][root][INFO] - Epoch: 101, loss: 344.5413
[2026-05-28 14:41:30,921][root][INFO] - Epoch: 102, loss: 342.8728
[2026-05-28 14:41:30,992][root][INFO] - Epoch: 103, loss: 342.4036
[2026-05-28 14:41:31,063][root][INFO] - Epoch: 104, loss: 341.0116
[2026-05-28 14:41:31,134][root][INFO] - Epoch: 105, loss: 339.0651
[2026-05-28 14:41:31,205][root][INFO] - Epoch: 106, loss: 338.1339
[2026-05-28 14:41:31,275][root][INFO] - Epoch: 107, loss: 336.8542
[2026-05-28 14:41:31,346][root][INFO] - Epoch: 108, loss: 335.5459
[2026-05-28 14:41:31,417][root][INFO] - Epoch: 109, loss: 334.3206
[2026-05-28 14:41:31,488][root][INFO] - Epoch: 110, loss: 332.4304
[2026-05-28 14:41:31,559][root][INFO] - Epoch: 111, loss: 330.6377
[2026-05-28 14:41:31,630][root][INFO] - Epoch: 112, loss: 329.9615
[2026-05-28 14:41:31,700][root][INFO] - Epoch: 113, loss: 330.9834
[2026-05-28 14:41:31,771][root][INFO] - Epoch: 114, loss: 328.3248
[2026-05-28 14:41:31,842][root][INFO] - Epoch: 115, loss: 326.1562
[2026-05-28 14:41:31,913][root][INFO] - Epoch: 116, loss: 326.0367
[2026-05-28 14:41:31,983][root][INFO] - Epoch: 117, loss: 324.9973
[2026-05-28 14:41:32,054][root][INFO] - Epoch: 118, loss: 323.5128
[2026-05-28 14:41:32,125][root][INFO] - Epoch: 119, loss: 322.6162
[2026-05-28 14:41:32,196][root][INFO] - Epoch: 120, loss: 321.6389
[2026-05-28 14:41:32,267][root][INFO] - Epoch: 121, loss: 321.8658
[2026-05-28 14:41:32,338][root][INFO] - Epoch: 122, loss: 319.4599
[2026-05-28 14:41:32,408][root][INFO] - Epoch: 123, loss: 319.3588
[2026-05-28 14:41:32,479][root][INFO] - Epoch: 124, loss: 318.0045
[2026-05-28 14:41:32,551][root][INFO] - Epoch: 125, loss: 317.0121
[2026-05-28 14:41:32,622][root][INFO] - Epoch: 126, loss: 317.1711
[2026-05-28 14:41:32,694][root][INFO] - Epoch: 127, loss: 315.9474
[2026-05-28 14:41:32,765][root][INFO] - Epoch: 128, loss: 314.6548
[2026-05-28 14:41:32,838][root][INFO] - Epoch: 129, loss: 314.2488
[2026-05-28 14:41:32,909][root][INFO] - Epoch: 130, loss: 313.6948
[2026-05-28 14:41:32,983][root][INFO] - Epoch: 131, loss: 312.8129
[2026-05-28 14:41:33,056][root][INFO] - Epoch: 132, loss: 312.3175
[2026-05-28 14:41:33,127][root][INFO] - Epoch: 133, loss: 311.7027
[2026-05-28 14:41:33,200][root][INFO] - Epoch: 134, loss: 311.6072
[2026-05-28 14:41:33,271][root][INFO] - Epoch: 135, loss: 311.0504
[2026-05-28 14:41:33,343][root][INFO] - Epoch: 136, loss: 309.9947
[2026-05-28 14:41:33,414][root][INFO] - Epoch: 137, loss: 309.9008
[2026-05-28 14:41:33,486][root][INFO] - Epoch: 138, loss: 309.4390
[2026-05-28 14:41:33,565][root][INFO] - Epoch: 139, loss: 309.8260
[2026-05-28 14:41:33,638][root][INFO] - Epoch: 140, loss: 308.1811
[2026-05-28 14:41:33,711][root][INFO] - Epoch: 141, loss: 308.3621
[2026-05-28 14:41:33,783][root][INFO] - Epoch: 142, loss: 307.7466
[2026-05-28 14:41:33,857][root][INFO] - Epoch: 143, loss: 307.1777
[2026-05-28 14:41:33,929][root][INFO] - Epoch: 144, loss: 306.1843
[2026-05-28 14:41:34,001][root][INFO] - Epoch: 145, loss: 306.0865
[2026-05-28 14:41:34,072][root][INFO] - Epoch: 146, loss: 305.4431
[2026-05-28 14:41:34,144][root][INFO] - Epoch: 147, loss: 305.2263
[2026-05-28 14:41:34,217][root][INFO] - Epoch: 148, loss: 305.1520
[2026-05-28 14:41:34,288][root][INFO] - Epoch: 149, loss: 304.6545
[2026-05-28 14:41:34,360][root][INFO] - Epoch: 150, loss: 303.4799
[2026-05-28 14:41:34,432][root][INFO] - Epoch: 151, loss: 303.3850
[2026-05-28 14:41:34,504][root][INFO] - Epoch: 152, loss: 303.1477
[2026-05-28 14:41:34,575][root][INFO] - Epoch: 153, loss: 302.1622
[2026-05-28 14:41:34,646][root][INFO] - Epoch: 154, loss: 302.0628
[2026-05-28 14:41:34,718][root][INFO] - Epoch: 155, loss: 301.7841
[2026-05-28 14:41:34,789][root][INFO] - Epoch: 156, loss: 301.2954
[2026-05-28 14:41:34,862][root][INFO] - Epoch: 157, loss: 300.6467
[2026-05-28 14:41:34,933][root][INFO] - Epoch: 158, loss: 300.2556
[2026-05-28 14:41:35,004][root][INFO] - Epoch: 159, loss: 299.8557
[2026-05-28 14:41:35,075][root][INFO] - Epoch: 160, loss: 300.2791
[2026-05-28 14:41:35,147][root][INFO] - Epoch: 161, loss: 299.8550
[2026-05-28 14:41:35,220][root][INFO] - Epoch: 162, loss: 298.2795
[2026-05-28 14:41:35,292][root][INFO] - Epoch: 163, loss: 298.0844
[2026-05-28 14:41:35,365][root][INFO] - Epoch: 164, loss: 297.8598
[2026-05-28 14:41:35,437][root][INFO] - Epoch: 165, loss: 297.3946
[2026-05-28 14:41:35,509][root][INFO] - Epoch: 166, loss: 297.3541
[2026-05-28 14:41:35,582][root][INFO] - Epoch: 167, loss: 297.4813
[2026-05-28 14:41:35,654][root][INFO] - Epoch: 168, loss: 296.9744
[2026-05-28 14:41:35,726][root][INFO] - Epoch: 169, loss: 296.9851
[2026-05-28 14:41:35,798][root][INFO] - Epoch: 170, loss: 296.0702
[2026-05-28 14:41:35,870][root][INFO] - Epoch: 171, loss: 295.8654
[2026-05-28 14:41:35,942][root][INFO] - Epoch: 172, loss: 295.5443
[2026-05-28 14:41:36,013][root][INFO] - Epoch: 173, loss: 294.5786
[2026-05-28 14:41:36,084][root][INFO] - Epoch: 174, loss: 293.7505
[2026-05-28 14:41:36,156][root][INFO] - Epoch: 175, loss: 293.1070
[2026-05-28 14:41:36,228][root][INFO] - Epoch: 176, loss: 292.5111
[2026-05-28 14:41:36,301][root][INFO] - Epoch: 177, loss: 293.5314
[2026-05-28 14:41:36,374][root][INFO] - Epoch: 178, loss: 293.0616
[2026-05-28 14:41:36,445][root][INFO] - Epoch: 179, loss: 290.8911
[2026-05-28 14:41:36,517][root][INFO] - Epoch: 180, loss: 291.8476
[2026-05-28 14:41:36,588][root][INFO] - Epoch: 181, loss: 290.5398
[2026-05-28 14:41:36,660][root][INFO] - Epoch: 182, loss: 291.1988
[2026-05-28 14:41:36,731][root][INFO] - Epoch: 183, loss: 290.9131
[2026-05-28 14:41:36,803][root][INFO] - Epoch: 184, loss: 292.3158
[2026-05-28 14:41:36,876][root][INFO] - Epoch: 185, loss: 290.6284
[2026-05-28 14:41:36,948][root][INFO] - Epoch: 186, loss: 288.5562
[2026-05-28 14:41:37,019][root][INFO] - Epoch: 187, loss: 288.5552
[2026-05-28 14:41:37,091][root][INFO] - Epoch: 188, loss: 288.7692
[2026-05-28 14:41:37,161][root][INFO] - Epoch: 189, loss: 287.7220
[2026-05-28 14:41:37,231][root][INFO] - Epoch: 190, loss: 288.7419
[2026-05-28 14:41:37,302][root][INFO] - Epoch: 191, loss: 289.4399
[2026-05-28 14:41:37,373][root][INFO] - Epoch: 192, loss: 287.6890
[2026-05-28 14:41:37,443][root][INFO] - Epoch: 193, loss: 285.4204
[2026-05-28 14:41:37,514][root][INFO] - Epoch: 194, loss: 286.9138
[2026-05-28 14:41:37,585][root][INFO] - Epoch: 195, loss: 286.3263
[2026-05-28 14:41:37,655][root][INFO] - Epoch: 196, loss: 285.2838
[2026-05-28 14:41:37,726][root][INFO] - Epoch: 197, loss: 284.6409
[2026-05-28 14:41:37,796][root][INFO] - Epoch: 198, loss: 283.3544
[2026-05-28 14:41:37,867][root][INFO] - Epoch: 199, loss: 283.9916
[2026-05-28 14:41:37,937][root][INFO] - Epoch: 200, loss: 284.2164
[2026-05-28 14:41:37,972][root][INFO] - {'model_loss': '284.2164', 'recon_loss': '0.0000', 'triplet_loss': '284.2164'}
[2026-05-28 14:41:37,976][root][INFO] - Extinction event (pre-encoder)...
[2026-05-28 14:41:37,976][root][INFO] - Saving snapshot to runs/20260528_144015_kheperax_seed13/plots/latent_generation_60_before_ext.png
[2026-05-28 14:41:39,359][root][INFO] - Saving snapshot to runs/20260528_144015_kheperax_seed13/plots/latent_generation_60_after_ext.png
[2026-05-28 14:41:40,692][root][INFO] - Updating AE...
[2026-05-28 14:41:41,437][root][INFO] - Epoch: 1, loss: 84.6670
[2026-05-28 14:41:41,510][root][INFO] - Epoch: 2, loss: 21.8829
[2026-05-28 14:41:41,582][root][INFO] - Epoch: 3, loss: 16.8213
[2026-05-28 14:41:41,654][root][INFO] - Epoch: 4, loss: 14.9800
[2026-05-28 14:41:41,725][root][INFO] - Epoch: 5, loss: 13.7063
[2026-05-28 14:41:41,797][root][INFO] - Epoch: 6, loss: 12.9866
[2026-05-28 14:41:41,867][root][INFO] - Epoch: 7, loss: 12.4321
[2026-05-28 14:41:41,937][root][INFO] - Epoch: 8, loss: 11.9998
[2026-05-28 14:41:42,007][root][INFO] - Epoch: 9, loss: 11.3040
[2026-05-28 14:41:42,079][root][INFO] - Epoch: 10, loss: 10.6251
[2026-05-28 14:41:42,149][root][INFO] - Epoch: 11, loss: 9.7477
[2026-05-28 14:41:42,219][root][INFO] - Epoch: 12, loss: 8.9435
[2026-05-28 14:41:42,291][root][INFO] - Epoch: 13, loss: 8.5115
[2026-05-28 14:41:42,361][root][INFO] - Epoch: 14, loss: 8.1842
[2026-05-28 14:41:42,431][root][INFO] - Epoch: 15, loss: 8.1428
[2026-05-28 14:41:42,502][root][INFO] - Epoch: 16, loss: 7.8804
[2026-05-28 14:41:42,571][root][INFO] - Epoch: 17, loss: 7.9223
[2026-05-28 14:41:42,641][root][INFO] - Epoch: 18, loss: 7.5923
[2026-05-28 14:41:42,712][root][INFO] - Epoch: 19, loss: 7.7905
[2026-05-28 14:41:42,783][root][INFO] - Epoch: 20, loss: 7.4063
[2026-05-28 14:41:42,853][root][INFO] - Epoch: 21, loss: 7.4850
[2026-05-28 14:41:42,923][root][INFO] - Epoch: 22, loss: 7.1498
[2026-05-28 14:41:42,993][root][INFO] - Epoch: 23, loss: 7.2143
[2026-05-28 14:41:43,063][root][INFO] - Epoch: 24, loss: 7.0167
[2026-05-28 14:41:43,134][root][INFO] - Epoch: 25, loss: 7.0534
[2026-05-28 14:41:43,204][root][INFO] - Epoch: 26, loss: 6.9511
[2026-05-28 14:41:43,275][root][INFO] - Epoch: 27, loss: 6.6883
[2026-05-28 14:41:43,346][root][INFO] - Epoch: 28, loss: 6.6709
[2026-05-28 14:41:43,418][root][INFO] - Epoch: 29, loss: 6.7438
[2026-05-28 14:41:43,491][root][INFO] - Epoch: 30, loss: 6.7398
[2026-05-28 14:41:43,562][root][INFO] - Epoch: 31, loss: 6.9324
[2026-05-28 14:41:43,633][root][INFO] - Epoch: 32, loss: 6.8779
[2026-05-28 14:41:43,704][root][INFO] - Epoch: 33, loss: 6.7326
[2026-05-28 14:41:43,775][root][INFO] - Epoch: 34, loss: 6.2954
[2026-05-28 14:41:43,845][root][INFO] - Epoch: 35, loss: 6.5062
[2026-05-28 14:41:43,915][root][INFO] - Epoch: 36, loss: 6.9795
[2026-05-28 14:41:43,987][root][INFO] - Epoch: 37, loss: 6.5693
[2026-05-28 14:41:44,057][root][INFO] - Epoch: 38, loss: 6.7444
[2026-05-28 14:41:44,128][root][INFO] - Epoch: 39, loss: 6.4347
[2026-05-28 14:41:44,198][root][INFO] - Epoch: 40, loss: 6.2790
[2026-05-28 14:41:44,269][root][INFO] - Epoch: 41, loss: 5.9953
[2026-05-28 14:41:44,340][root][INFO] - Epoch: 42, loss: 5.9577
[2026-05-28 14:41:44,411][root][INFO] - Epoch: 43, loss: 5.7424
[2026-05-28 14:41:44,482][root][INFO] - Epoch: 44, loss: 6.5411
[2026-05-28 14:41:44,553][root][INFO] - Epoch: 45, loss: 6.4619
[2026-05-28 14:41:44,624][root][INFO] - Epoch: 46, loss: 6.1769
[2026-05-28 14:41:44,694][root][INFO] - Epoch: 47, loss: 5.8349
[2026-05-28 14:41:44,765][root][INFO] - Epoch: 48, loss: 6.3595
[2026-05-28 14:41:44,835][root][INFO] - Epoch: 49, loss: 6.0516
[2026-05-28 14:41:44,906][root][INFO] - Epoch: 50, loss: 6.2112
[2026-05-28 14:41:44,976][root][INFO] - Epoch: 51, loss: 5.7806
[2026-05-28 14:41:45,046][root][INFO] - Epoch: 52, loss: 5.5854
[2026-05-28 14:41:45,116][root][INFO] - Epoch: 53, loss: 5.4649
[2026-05-28 14:41:45,186][root][INFO] - Epoch: 54, loss: 5.6783
[2026-05-28 14:41:45,257][root][INFO] - Epoch: 55, loss: 5.5829
[2026-05-28 14:41:45,328][root][INFO] - Epoch: 56, loss: 5.4619
[2026-05-28 14:41:45,400][root][INFO] - Epoch: 57, loss: 5.2208
[2026-05-28 14:41:45,472][root][INFO] - Epoch: 58, loss: 5.3012
[2026-05-28 14:41:45,542][root][INFO] - Epoch: 59, loss: 5.3866
[2026-05-28 14:41:45,613][root][INFO] - Epoch: 60, loss: 5.2854
[2026-05-28 14:41:45,683][root][INFO] - Epoch: 61, loss: 5.3441
[2026-05-28 14:41:45,754][root][INFO] - Epoch: 62, loss: 5.6969
[2026-05-28 14:41:45,824][root][INFO] - Epoch: 63, loss: 5.5876
[2026-05-28 14:41:45,896][root][INFO] - Epoch: 64, loss: 5.2655
[2026-05-28 14:41:45,966][root][INFO] - Epoch: 65, loss: 5.3851
[2026-05-28 14:41:46,036][root][INFO] - Epoch: 66, loss: 5.0712
[2026-05-28 14:41:46,107][root][INFO] - Epoch: 67, loss: 5.2065
[2026-05-28 14:41:46,178][root][INFO] - Epoch: 68, loss: 5.6396
[2026-05-28 14:41:46,249][root][INFO] - Epoch: 69, loss: 5.7011
[2026-05-28 14:41:46,321][root][INFO] - Epoch: 70, loss: 5.8637
[2026-05-28 14:41:46,392][root][INFO] - Epoch: 71, loss: 5.4581
[2026-05-28 14:41:46,465][root][INFO] - Epoch: 72, loss: 5.1824
[2026-05-28 14:41:46,537][root][INFO] - Epoch: 73, loss: 5.2632
[2026-05-28 14:41:46,610][root][INFO] - Epoch: 74, loss: 5.3287
[2026-05-28 14:41:46,681][root][INFO] - Epoch: 75, loss: 5.2751
[2026-05-28 14:41:46,754][root][INFO] - Epoch: 76, loss: 5.5334
[2026-05-28 14:41:46,826][root][INFO] - Epoch: 77, loss: 5.4293
[2026-05-28 14:41:46,826][root][INFO] - Early stopping at epoch: 76
[2026-05-28 14:41:46,867][root][INFO] - {'model_loss': '5.4293', 'recon_loss': '0.0000', 'triplet_loss': '5.4293'}
[2026-05-28 14:41:46,870][root][INFO] - Generation 12/400 - Time: 0.00 seconds
[2026-05-28 14:41:46,871][root][INFO] - {'coverage': '100.00', 'max_fitness': '-12.53', 'passive_coverage': '22.46', 'passive_max_fitness': '-12.53', 'passive_mean_fitness': '-59.58', 'passive_qd_score': '18823.44', 'qd_score': '88626.55', 'mean_fitness_top_k': '-41.46'}
[2026-05-28 14:41:47,832][root][INFO] - Generation 13/400 - Time: 0.00 seconds
[2026-05-28 14:41:47,833][root][INFO] - {'coverage': '100.00', 'max_fitness': '-12.40', 'passive_coverage': '22.95', 'passive_max_fitness': '-12.40', 'passive_mean_fitness': '-59.74', 'passive_qd_score': '19195.32', 'qd_score': '92778.34', 'mean_fitness_top_k': '-41.38'}
[2026-05-28 14:41:48,775][root][INFO] - Generation 14/400 - Time: 0.00 seconds
[2026-05-28 14:41:48,776][root][INFO] - {'coverage': '100.00', 'max_fitness': '-12.40', 'passive_coverage': '23.24', 'passive_max_fitness': '-12.40', 'passive_mean_fitness': '-59.57', 'passive_qd_score': '19480.39', 'qd_score': '87776.31', 'mean_fitness_top_k': '-40.94'}
[2026-05-28 14:41:49,738][root][INFO] - Generation 15/400 - Time: 0.00 seconds
[2026-05-28 14:41:49,739][root][INFO] - {'coverage': '100.00', 'max_fitness': '-12.40', 'passive_coverage': '23.54', 'passive_max_fitness': '-12.40', 'passive_mean_fitness': '-59.97', 'passive_qd_score': '19629.85', 'qd_score': '82112.34', 'mean_fitness_top_k': '-40.44'}
[2026-05-28 14:41:50,707][root][INFO] - Generation 16/400 - Time: 0.00 seconds
[2026-05-28 14:41:50,708][root][INFO] - {'coverage': '100.00', 'max_fitness': '-12.40', 'passive_coverage': '23.83', 'passive_max_fitness': '-12.40', 'passive_mean_fitness': '-60.00', 'passive_qd_score': '19867.55', 'qd_score': '78199.77', 'mean_fitness_top_k': '-40.75'}
[2026-05-28 14:41:51,680][root][INFO] - Generation 17/400 - Time: 0.00 seconds
[2026-05-28 14:41:51,680][root][INFO] - {'coverage': '100.00', 'max_fitness': '-12.40', 'passive_coverage': '24.41', 'passive_max_fitness': '-12.40', 'passive_mean_fitness': '-59.82', 'passive_qd_score': '20401.00', 'qd_score': '79112.88', 'mean_fitness_top_k': '-40.59'}
[2026-05-28 14:41:51,682][root][INFO] - Saving snapshot to runs/20260528_144015_kheperax_seed13/plots/latent_generation_85_5_gens_after_ext_gen60.png
[2026-05-28 14:41:54,084][root][INFO] - Generation 18/400 - Time: 0.00 seconds
[2026-05-28 14:41:54,085][root][INFO] - {'coverage': '100.00', 'max_fitness': '-12.40', 'passive_coverage': '24.51', 'passive_max_fitness': '-12.40', 'passive_mean_fitness': '-59.65', 'passive_qd_score': '20524.75', 'qd_score': '80589.30', 'mean_fitness_top_k': '-39.99'}
[2026-05-28 14:41:55,055][root][INFO] - Generation 19/400 - Time: 0.00 seconds
[2026-05-28 14:41:55,056][root][INFO] - {'coverage': '100.00', 'max_fitness': '-12.40', 'passive_coverage': '25.29', 'passive_max_fitness': '-12.40', 'passive_mean_fitness': '-59.39', 'passive_qd_score': '21246.15', 'qd_score': '81817.46', 'mean_fitness_top_k': '-39.64'}
[2026-05-28 14:41:56,025][root][INFO] - Updating AE...
[2026-05-28 14:41:56,765][root][INFO] - Epoch: 1, loss: 281.4189
[2026-05-28 14:41:56,838][root][INFO] - Epoch: 2, loss: 265.7884
[2026-05-28 14:41:56,908][root][INFO] - Epoch: 3, loss: 259.1462
[2026-05-28 14:41:56,982][root][INFO] - Epoch: 4, loss: 253.8888
[2026-05-28 14:41:57,054][root][INFO] - Epoch: 5, loss: 249.7112
[2026-05-28 14:41:57,125][root][INFO] - Epoch: 6, loss: 246.2934
[2026-05-28 14:41:57,196][root][INFO] - Epoch: 7, loss: 242.8486
[2026-05-28 14:41:57,267][root][INFO] - Epoch: 8, loss: 239.9555
[2026-05-28 14:41:57,339][root][INFO] - Epoch: 9, loss: 237.0518
[2026-05-28 14:41:57,409][root][INFO] - Epoch: 10, loss: 234.8038
[2026-05-28 14:41:57,480][root][INFO] - Epoch: 11, loss: 232.4154
[2026-05-28 14:41:57,550][root][INFO] - Epoch: 12, loss: 230.1769
[2026-05-28 14:41:57,621][root][INFO] - Epoch: 13, loss: 225.7839
[2026-05-28 14:41:57,693][root][INFO] - Epoch: 14, loss: 224.2044
[2026-05-28 14:41:57,764][root][INFO] - Epoch: 15, loss: 221.4318
[2026-05-28 14:41:57,834][root][INFO] - Epoch: 16, loss: 219.1744
[2026-05-28 14:41:57,905][root][INFO] - Epoch: 17, loss: 216.5930
[2026-05-28 14:41:57,976][root][INFO] - Epoch: 18, loss: 214.0458
[2026-05-28 14:41:58,047][root][INFO] - Epoch: 19, loss: 213.2104
[2026-05-28 14:41:58,118][root][INFO] - Epoch: 20, loss: 210.8544
[2026-05-28 14:41:58,188][root][INFO] - Epoch: 21, loss: 208.8726
[2026-05-28 14:41:58,258][root][INFO] - Epoch: 22, loss: 207.0119
[2026-05-28 14:41:58,330][root][INFO] - Epoch: 23, loss: 204.8935
[2026-05-28 14:41:58,400][root][INFO] - Epoch: 24, loss: 203.5394
[2026-05-28 14:41:58,472][root][INFO] - Epoch: 25, loss: 201.4150
[2026-05-28 14:41:58,543][root][INFO] - Epoch: 26, loss: 201.9039
[2026-05-28 14:41:58,613][root][INFO] - Epoch: 27, loss: 201.0986
[2026-05-28 14:41:58,684][root][INFO] - Epoch: 28, loss: 197.8632
[2026-05-28 14:41:58,754][root][INFO] - Epoch: 29, loss: 199.4681
[2026-05-28 14:41:58,825][root][INFO] - Epoch: 30, loss: 196.8661
[2026-05-28 14:41:58,895][root][INFO] - Epoch: 31, loss: 195.4539
[2026-05-28 14:41:58,966][root][INFO] - Epoch: 32, loss: 193.0511
[2026-05-28 14:41:59,037][root][INFO] - Epoch: 33, loss: 192.3520
[2026-05-28 14:41:59,108][root][INFO] - Epoch: 34, loss: 189.2558
[2026-05-28 14:41:59,178][root][INFO] - Epoch: 35, loss: 190.5548
[2026-05-28 14:41:59,250][root][INFO] - Epoch: 36, loss: 187.5334
[2026-05-28 14:41:59,322][root][INFO] - Epoch: 37, loss: 187.5188
[2026-05-28 14:41:59,395][root][INFO] - Epoch: 38, loss: 187.6740
[2026-05-28 14:41:59,466][root][INFO] - Epoch: 39, loss: 187.2950
[2026-05-28 14:41:59,537][root][INFO] - Epoch: 40, loss: 188.1068
[2026-05-28 14:41:59,608][root][INFO] - Epoch: 41, loss: 184.0806
[2026-05-28 14:41:59,679][root][INFO] - Epoch: 42, loss: 184.3647
[2026-05-28 14:41:59,750][root][INFO] - Epoch: 43, loss: 180.3404
[2026-05-28 14:41:59,820][root][INFO] - Epoch: 44, loss: 178.8740
[2026-05-28 14:41:59,891][root][INFO] - Epoch: 45, loss: 177.8762
[2026-05-28 14:41:59,962][root][INFO] - Epoch: 46, loss: 176.1368
[2026-05-28 14:42:00,033][root][INFO] - Epoch: 47, loss: 173.8186
[2026-05-28 14:42:00,104][root][INFO] - Epoch: 48, loss: 171.8289
[2026-05-28 14:42:00,174][root][INFO] - Epoch: 49, loss: 171.8580
[2026-05-28 14:42:00,244][root][INFO] - Epoch: 50, loss: 170.5041
[2026-05-28 14:42:00,316][root][INFO] - Epoch: 51, loss: 166.6862
[2026-05-28 14:42:00,390][root][INFO] - Epoch: 52, loss: 166.3851
[2026-05-28 14:42:00,463][root][INFO] - Epoch: 53, loss: 173.6469
[2026-05-28 14:42:00,534][root][INFO] - Epoch: 54, loss: 183.4868
[2026-05-28 14:42:00,605][root][INFO] - Epoch: 55, loss: 167.6945
[2026-05-28 14:42:00,675][root][INFO] - Epoch: 56, loss: 170.7175
[2026-05-28 14:42:00,747][root][INFO] - Epoch: 57, loss: 166.9314
[2026-05-28 14:42:00,817][root][INFO] - Epoch: 58, loss: 161.6081
[2026-05-28 14:42:00,887][root][INFO] - Epoch: 59, loss: 158.1968
[2026-05-28 14:42:00,958][root][INFO] - Epoch: 60, loss: 158.4886
[2026-05-28 14:42:01,028][root][INFO] - Epoch: 61, loss: 154.6904
[2026-05-28 14:42:01,098][root][INFO] - Epoch: 62, loss: 152.2088
[2026-05-28 14:42:01,170][root][INFO] - Epoch: 63, loss: 156.1052
[2026-05-28 14:42:01,241][root][INFO] - Epoch: 64, loss: 158.5735
[2026-05-28 14:42:01,312][root][INFO] - Epoch: 65, loss: 154.0638
[2026-05-28 14:42:01,383][root][INFO] - Epoch: 66, loss: 154.9682
[2026-05-28 14:42:01,453][root][INFO] - Epoch: 67, loss: 152.9060
[2026-05-28 14:42:01,524][root][INFO] - Epoch: 68, loss: 150.3757
[2026-05-28 14:42:01,594][root][INFO] - Epoch: 69, loss: 147.5087
[2026-05-28 14:42:01,664][root][INFO] - Epoch: 70, loss: 147.2263
[2026-05-28 14:42:01,735][root][INFO] - Epoch: 71, loss: 145.3098
[2026-05-28 14:42:01,806][root][INFO] - Epoch: 72, loss: 147.2921
[2026-05-28 14:42:01,877][root][INFO] - Epoch: 73, loss: 146.2563
[2026-05-28 14:42:01,949][root][INFO] - Epoch: 74, loss: 151.7342
[2026-05-28 14:42:02,021][root][INFO] - Epoch: 75, loss: 158.1213
[2026-05-28 14:42:02,092][root][INFO] - Epoch: 76, loss: 158.9443
[2026-05-28 14:42:02,163][root][INFO] - Epoch: 77, loss: 156.7792
[2026-05-28 14:42:02,235][root][INFO] - Epoch: 78, loss: 150.2327
[2026-05-28 14:42:02,308][root][INFO] - Epoch: 79, loss: 150.6392
[2026-05-28 14:42:02,379][root][INFO] - Epoch: 80, loss: 147.4590
[2026-05-28 14:42:02,451][root][INFO] - Epoch: 81, loss: 160.1991
[2026-05-28 14:42:02,523][root][INFO] - Epoch: 82, loss: 158.2397
[2026-05-28 14:42:02,523][root][INFO] - Early stopping at epoch: 81
[2026-05-28 14:42:02,556][root][INFO] - {'model_loss': '158.2397', 'recon_loss': '0.0000', 'triplet_loss': '158.2397'}
[2026-05-28 14:42:02,560][root][INFO] - Extinction event (pre-encoder)...
[2026-05-28 14:42:02,561][root][INFO] - Saving snapshot to runs/20260528_144015_kheperax_seed13/plots/latent_generation_100_before_ext.png
[2026-05-28 14:42:04,016][root][INFO] - Saving snapshot to runs/20260528_144015_kheperax_seed13/plots/latent_generation_100_after_ext.png
[2026-05-28 14:42:05,273][root][INFO] - Updating AE...
[2026-05-28 14:42:06,143][root][INFO] - Epoch: 1, loss: 854.6205
[2026-05-28 14:42:06,217][root][INFO] - Epoch: 2, loss: 178.6883
[2026-05-28 14:42:06,290][root][INFO] - Epoch: 3, loss: 129.9693
[2026-05-28 14:42:06,362][root][INFO] - Epoch: 4, loss: 101.3141
[2026-05-28 14:42:06,434][root][INFO] - Epoch: 5, loss: 97.0757
[2026-05-28 14:42:06,507][root][INFO] - Epoch: 6, loss: 86.2574
[2026-05-28 14:42:06,578][root][INFO] - Epoch: 7, loss: 79.6962
[2026-05-28 14:42:06,651][root][INFO] - Epoch: 8, loss: 74.5731
[2026-05-28 14:42:06,722][root][INFO] - Epoch: 9, loss: 71.5032
[2026-05-28 14:42:06,793][root][INFO] - Epoch: 10, loss: 68.6730
[2026-05-28 14:42:06,864][root][INFO] - Epoch: 11, loss: 66.0561
[2026-05-28 14:42:06,935][root][INFO] - Epoch: 12, loss: 63.8851
[2026-05-28 14:42:07,005][root][INFO] - Epoch: 13, loss: 62.1308
[2026-05-28 14:42:07,078][root][INFO] - Epoch: 14, loss: 60.4924
[2026-05-28 14:42:07,149][root][INFO] - Epoch: 15, loss: 59.0862
[2026-05-28 14:42:07,221][root][INFO] - Epoch: 16, loss: 57.9509
[2026-05-28 14:42:07,293][root][INFO] - Epoch: 17, loss: 56.7480
[2026-05-28 14:42:07,365][root][INFO] - Epoch: 18, loss: 55.7956
[2026-05-28 14:42:07,438][root][INFO] - Epoch: 19, loss: 54.9667
[2026-05-28 14:42:07,509][root][INFO] - Epoch: 20, loss: 54.3361
[2026-05-28 14:42:07,580][root][INFO] - Epoch: 21, loss: 53.6306
[2026-05-28 14:42:07,651][root][INFO] - Epoch: 22, loss: 52.9645
[2026-05-28 14:42:07,722][root][INFO] - Epoch: 23, loss: 52.4490
[2026-05-28 14:42:07,794][root][INFO] - Epoch: 24, loss: 51.7157
[2026-05-28 14:42:07,865][root][INFO] - Epoch: 25, loss: 51.2078
[2026-05-28 14:42:07,936][root][INFO] - Epoch: 26, loss: 50.8174
[2026-05-28 14:42:08,007][root][INFO] - Epoch: 27, loss: 50.3675
[2026-05-28 14:42:08,079][root][INFO] - Epoch: 28, loss: 50.0000
[2026-05-28 14:42:08,152][root][INFO] - Epoch: 29, loss: 49.6135
[2026-05-28 14:42:08,224][root][INFO] - Epoch: 30, loss: 48.9337
[2026-05-28 14:42:08,297][root][INFO] - Epoch: 31, loss: 48.7950
[2026-05-28 14:42:08,369][root][INFO] - Epoch: 32, loss: 48.3008
[2026-05-28 14:42:08,442][root][INFO] - Epoch: 33, loss: 48.0781
[2026-05-28 14:42:08,513][root][INFO] - Epoch: 34, loss: 47.5640
[2026-05-28 14:42:08,585][root][INFO] - Epoch: 35, loss: 47.1802
[2026-05-28 14:42:08,659][root][INFO] - Epoch: 36, loss: 46.7320
[2026-05-28 14:42:08,731][root][INFO] - Epoch: 37, loss: 46.2664
[2026-05-28 14:42:08,802][root][INFO] - Epoch: 38, loss: 45.9471
[2026-05-28 14:42:08,874][root][INFO] - Epoch: 39, loss: 45.5822
[2026-05-28 14:42:08,945][root][INFO] - Epoch: 40, loss: 45.0707
[2026-05-28 14:42:09,016][root][INFO] - Epoch: 41, loss: 44.6717
[2026-05-28 14:42:09,088][root][INFO] - Epoch: 42, loss: 44.2864
[2026-05-28 14:42:09,159][root][INFO] - Epoch: 43, loss: 44.0456
[2026-05-28 14:42:09,231][root][INFO] - Epoch: 44, loss: 43.7580
[2026-05-28 14:42:09,302][root][INFO] - Epoch: 45, loss: 43.1905
[2026-05-28 14:42:09,375][root][INFO] - Epoch: 46, loss: 42.2999
[2026-05-28 14:42:09,447][root][INFO] - Epoch: 47, loss: 41.7929
[2026-05-28 14:42:09,518][root][INFO] - Epoch: 48, loss: 41.8102
[2026-05-28 14:42:09,590][root][INFO] - Epoch: 49, loss: 49.2573
[2026-05-28 14:42:09,662][root][INFO] - Epoch: 50, loss: 45.5338
[2026-05-28 14:42:09,732][root][INFO] - Epoch: 51, loss: 47.8748
[2026-05-28 14:42:09,805][root][INFO] - Epoch: 52, loss: 46.8834
[2026-05-28 14:42:09,877][root][INFO] - Epoch: 53, loss: 45.8925
[2026-05-28 14:42:09,949][root][INFO] - Epoch: 54, loss: 45.2224
[2026-05-28 14:42:10,020][root][INFO] - Epoch: 55, loss: 44.4159
[2026-05-28 14:42:10,092][root][INFO] - Epoch: 56, loss: 44.0677
[2026-05-28 14:42:10,162][root][INFO] - Epoch: 57, loss: 43.2294
[2026-05-28 14:42:10,234][root][INFO] - Epoch: 58, loss: 42.9840
[2026-05-28 14:42:10,234][root][INFO] - Early stopping at epoch: 57
[2026-05-28 14:42:10,272][root][INFO] - {'model_loss': '42.9840', 'recon_loss': '0.0000', 'triplet_loss': '42.9840'}
[2026-05-28 14:42:10,276][root][INFO] - Generation 20/400 - Time: 0.00 seconds
[2026-05-28 14:42:10,276][root][INFO] - {'coverage': '100.00', 'max_fitness': '-12.40', 'passive_coverage': '25.49', 'passive_max_fitness': '-12.40', 'passive_mean_fitness': '-59.05', 'passive_qd_score': '21500.13', 'qd_score': '83335.97', 'mean_fitness_top_k': '-39.23'}
[2026-05-28 14:42:11,284][root][INFO] - Generation 21/400 - Time: 0.00 seconds
[2026-05-28 14:42:11,285][root][INFO] - {'coverage': '100.00', 'max_fitness': '-12.40', 'passive_coverage': '26.17', 'passive_max_fitness': '-12.40', 'passive_mean_fitness': '-59.21', 'passive_qd_score': '22032.62', 'qd_score': '74405.33', 'mean_fitness_top_k': '-45.90'}
[2026-05-28 14:42:12,254][root][INFO] - Generation 22/400 - Time: 0.00 seconds
[2026-05-28 14:42:12,255][root][INFO] - {'coverage': '100.00', 'max_fitness': '-12.40', 'passive_coverage': '26.95', 'passive_max_fitness': '-12.40', 'passive_mean_fitness': '-59.13', 'passive_qd_score': '22711.45', 'qd_score': '76269.25', 'mean_fitness_top_k': '-43.82'}
[2026-05-28 14:42:13,225][root][INFO] - Generation 23/400 - Time: 0.00 seconds
[2026-05-28 14:42:13,225][root][INFO] - {'coverage': '100.00', 'max_fitness': '-12.40', 'passive_coverage': '27.34', 'passive_max_fitness': '-12.40', 'passive_mean_fitness': '-59.40', 'passive_qd_score': '22966.95', 'qd_score': '77482.95', 'mean_fitness_top_k': '-42.72'}
[2026-05-28 14:42:14,197][root][INFO] - Generation 24/400 - Time: 0.00 seconds
[2026-05-28 14:42:14,197][root][INFO] - {'coverage': '100.00', 'max_fitness': '-12.40', 'passive_coverage': '28.03', 'passive_max_fitness': '-12.40', 'passive_mean_fitness': '-59.66', 'passive_qd_score': '23465.05', 'qd_score': '79031.27', 'mean_fitness_top_k': '-41.81'}
[2026-05-28 14:42:15,197][root][INFO] - Generation 25/400 - Time: 0.00 seconds
[2026-05-28 14:42:15,198][root][INFO] - {'coverage': '100.00', 'max_fitness': '-12.40', 'passive_coverage': '28.32', 'passive_max_fitness': '-12.40', 'passive_mean_fitness': '-59.61', 'passive_qd_score': '23724.90', 'qd_score': '80338.28', 'mean_fitness_top_k': '-40.51'}
[2026-05-28 14:42:15,200][root][INFO] - Saving snapshot to runs/20260528_144015_kheperax_seed13/plots/latent_generation_125_5_gens_after_ext_gen100.png
[2026-05-28 14:42:17,574][root][INFO] - Generation 26/400 - Time: 0.00 seconds
[2026-05-28 14:42:17,575][root][INFO] - {'coverage': '100.00', 'max_fitness': '-12.40', 'passive_coverage': '28.52', 'passive_max_fitness': '-12.40', 'passive_mean_fitness': '-59.68', 'passive_qd_score': '23868.88', 'qd_score': '81311.72', 'mean_fitness_top_k': '-40.28'}
[2026-05-28 14:42:18,544][root][INFO] - Generation 27/400 - Time: 0.00 seconds
[2026-05-28 14:42:18,544][root][INFO] - {'coverage': '100.00', 'max_fitness': '-12.40', 'passive_coverage': '28.61', 'passive_max_fitness': '-12.40', 'passive_mean_fitness': '-59.52', 'passive_qd_score': '23996.72', 'qd_score': '82328.40', 'mean_fitness_top_k': '-39.90'}
[2026-05-28 14:42:19,519][root][INFO] - Generation 28/400 - Time: 0.00 seconds
[2026-05-28 14:42:19,519][root][INFO] - {'coverage': '100.00', 'max_fitness': '-12.40', 'passive_coverage': '29.00', 'passive_max_fitness': '-12.40', 'passive_mean_fitness': '-59.67', 'passive_qd_score': '24281.03', 'qd_score': '82874.59', 'mean_fitness_top_k': '-39.71'}
[2026-05-28 14:42:20,492][root][INFO] - Generation 29/400 - Time: 0.00 seconds
[2026-05-28 14:42:20,492][root][INFO] - {'coverage': '100.00', 'max_fitness': '-12.14', 'passive_coverage': '29.10', 'passive_max_fitness': '-12.14', 'passive_mean_fitness': '-59.78', 'passive_qd_score': '24329.42', 'qd_score': '83552.88', 'mean_fitness_top_k': '-39.30'}
[2026-05-28 14:42:21,459][root][INFO] - Updating AE...
[2026-05-28 14:42:22,207][root][INFO] - Epoch: 1, loss: 694.3214
[2026-05-28 14:42:22,280][root][INFO] - Epoch: 2, loss: 441.2960
[2026-05-28 14:42:22,353][root][INFO] - Epoch: 3, loss: 431.7048
[2026-05-28 14:42:22,426][root][INFO] - Epoch: 4, loss: 429.0009
[2026-05-28 14:42:22,498][root][INFO] - Epoch: 5, loss: 424.1320
[2026-05-28 14:42:22,570][root][INFO] - Epoch: 6, loss: 418.7826
[2026-05-28 14:42:22,643][root][INFO] - Epoch: 7, loss: 411.6272
[2026-05-28 14:42:22,715][root][INFO] - Epoch: 8, loss: 407.6607
[2026-05-28 14:42:22,786][root][INFO] - Epoch: 9, loss: 403.1474
[2026-05-28 14:42:22,858][root][INFO] - Epoch: 10, loss: 397.0770
[2026-05-28 14:42:22,930][root][INFO] - Epoch: 11, loss: 392.8999
[2026-05-28 14:42:23,001][root][INFO] - Epoch: 12, loss: 392.2000
[2026-05-28 14:42:23,072][root][INFO] - Epoch: 13, loss: 389.1400
[2026-05-28 14:42:23,143][root][INFO] - Epoch: 14, loss: 388.2152
[2026-05-28 14:42:23,215][root][INFO] - Epoch: 15, loss: 377.7391
[2026-05-28 14:42:23,286][root][INFO] - Epoch: 16, loss: 380.4963
[2026-05-28 14:42:23,358][root][INFO] - Epoch: 17, loss: 374.5441
[2026-05-28 14:42:23,431][root][INFO] - Epoch: 18, loss: 370.2319
[2026-05-28 14:42:23,502][root][INFO] - Epoch: 19, loss: 373.5033
[2026-05-28 14:42:23,574][root][INFO] - Epoch: 20, loss: 367.2961
[2026-05-28 14:42:23,646][root][INFO] - Epoch: 21, loss: 361.6579
[2026-05-28 14:42:23,717][root][INFO] - Epoch: 22, loss: 366.4202
[2026-05-28 14:42:23,788][root][INFO] - Epoch: 23, loss: 357.5935
[2026-05-28 14:42:23,859][root][INFO] - Epoch: 24, loss: 361.5042
[2026-05-28 14:42:23,930][root][INFO] - Epoch: 25, loss: 360.7557
[2026-05-28 14:42:24,002][root][INFO] - Epoch: 26, loss: 356.7916
[2026-05-28 14:42:24,073][root][INFO] - Epoch: 27, loss: 352.1627
[2026-05-28 14:42:24,146][root][INFO] - Epoch: 28, loss: 349.4809
[2026-05-28 14:42:24,218][root][INFO] - Epoch: 29, loss: 344.5285
[2026-05-28 14:42:24,290][root][INFO] - Epoch: 30, loss: 340.6744
[2026-05-28 14:42:24,362][root][INFO] - Epoch: 31, loss: 341.3073
[2026-05-28 14:42:24,435][root][INFO] - Epoch: 32, loss: 335.1323
[2026-05-28 14:42:24,507][root][INFO] - Epoch: 33, loss: 332.0448
[2026-05-28 14:42:24,577][root][INFO] - Epoch: 34, loss: 328.3102
[2026-05-28 14:42:24,650][root][INFO] - Epoch: 35, loss: 327.1391
[2026-05-28 14:42:24,721][root][INFO] - Epoch: 36, loss: 324.4185
[2026-05-28 14:42:24,793][root][INFO] - Epoch: 37, loss: 320.5486
[2026-05-28 14:42:24,866][root][INFO] - Epoch: 38, loss: 327.3765
[2026-05-28 14:42:24,937][root][INFO] - Epoch: 39, loss: 319.5021
[2026-05-28 14:42:25,008][root][INFO] - Epoch: 40, loss: 319.3009
[2026-05-28 14:42:25,078][root][INFO] - Epoch: 41, loss: 315.4114
[2026-05-28 14:42:25,149][root][INFO] - Epoch: 42, loss: 308.9250
[2026-05-28 14:42:25,219][root][INFO] - Epoch: 43, loss: 308.5172
[2026-05-28 14:42:25,290][root][INFO] - Epoch: 44, loss: 308.8904
[2026-05-28 14:42:25,361][root][INFO] - Epoch: 45, loss: 309.3270
[2026-05-28 14:42:25,431][root][INFO] - Epoch: 46, loss: 303.3192
[2026-05-28 14:42:25,501][root][INFO] - Epoch: 47, loss: 297.4539
[2026-05-28 14:42:25,572][root][INFO] - Epoch: 48, loss: 296.2256
[2026-05-28 14:42:25,643][root][INFO] - Epoch: 49, loss: 293.2229
[2026-05-28 14:42:25,714][root][INFO] - Epoch: 50, loss: 292.1982
[2026-05-28 14:42:25,784][root][INFO] - Epoch: 51, loss: 285.2335
[2026-05-28 14:42:25,855][root][INFO] - Epoch: 52, loss: 282.2754
[2026-05-28 14:42:25,926][root][INFO] - Epoch: 53, loss: 280.0760
[2026-05-28 14:42:25,997][root][INFO] - Epoch: 54, loss: 278.1189
[2026-05-28 14:42:26,067][root][INFO] - Epoch: 55, loss: 276.7426
[2026-05-28 14:42:26,138][root][INFO] - Epoch: 56, loss: 272.7001
[2026-05-28 14:42:26,209][root][INFO] - Epoch: 57, loss: 269.3628
[2026-05-28 14:42:26,279][root][INFO] - Epoch: 58, loss: 264.1025
[2026-05-28 14:42:26,350][root][INFO] - Epoch: 59, loss: 259.8152
[2026-05-28 14:42:26,420][root][INFO] - Epoch: 60, loss: 263.0634
[2026-05-28 14:42:26,492][root][INFO] - Epoch: 61, loss: 257.5213
[2026-05-28 14:42:26,563][root][INFO] - Epoch: 62, loss: 256.2553
[2026-05-28 14:42:26,633][root][INFO] - Epoch: 63, loss: 255.8649
[2026-05-28 14:42:26,704][root][INFO] - Epoch: 64, loss: 250.4065
[2026-05-28 14:42:26,775][root][INFO] - Epoch: 65, loss: 249.7225
[2026-05-28 14:42:26,846][root][INFO] - Epoch: 66, loss: 253.2119
[2026-05-28 14:42:26,917][root][INFO] - Epoch: 67, loss: 254.9862
[2026-05-28 14:42:26,988][root][INFO] - Epoch: 68, loss: 249.2321
[2026-05-28 14:42:27,059][root][INFO] - Epoch: 69, loss: 243.7343
[2026-05-28 14:42:27,129][root][INFO] - Epoch: 70, loss: 247.8884
[2026-05-28 14:42:27,199][root][INFO] - Epoch: 71, loss: 243.4062
[2026-05-28 14:42:27,270][root][INFO] - Epoch: 72, loss: 235.2225
[2026-05-28 14:42:27,340][root][INFO] - Epoch: 73, loss: 236.2231
[2026-05-28 14:42:27,411][root][INFO] - Epoch: 74, loss: 231.5579
[2026-05-28 14:42:27,482][root][INFO] - Epoch: 75, loss: 228.1519
[2026-05-28 14:42:27,553][root][INFO] - Epoch: 76, loss: 228.5266
[2026-05-28 14:42:27,624][root][INFO] - Epoch: 77, loss: 231.6491
[2026-05-28 14:42:27,694][root][INFO] - Epoch: 78, loss: 236.5551
[2026-05-28 14:42:27,765][root][INFO] - Epoch: 79, loss: 264.5426
[2026-05-28 14:42:27,836][root][INFO] - Epoch: 80, loss: 258.8604
[2026-05-28 14:42:27,906][root][INFO] - Epoch: 81, loss: 245.5918
[2026-05-28 14:42:27,977][root][INFO] - Epoch: 82, loss: 235.4898
[2026-05-28 14:42:28,047][root][INFO] - Epoch: 83, loss: 223.3253
[2026-05-28 14:42:28,118][root][INFO] - Epoch: 84, loss: 220.0564
[2026-05-28 14:42:28,189][root][INFO] - Epoch: 85, loss: 216.5300
[2026-05-28 14:42:28,259][root][INFO] - Epoch: 86, loss: 213.9034
[2026-05-28 14:42:28,330][root][INFO] - Epoch: 87, loss: 216.0774
[2026-05-28 14:42:28,400][root][INFO] - Epoch: 88, loss: 212.9514
[2026-05-28 14:42:28,471][root][INFO] - Epoch: 89, loss: 212.8330
[2026-05-28 14:42:28,541][root][INFO] - Epoch: 90, loss: 205.9316
[2026-05-28 14:42:28,611][root][INFO] - Epoch: 91, loss: 209.3440
[2026-05-28 14:42:28,682][root][INFO] - Epoch: 92, loss: 208.8330
[2026-05-28 14:42:28,752][root][INFO] - Epoch: 93, loss: 202.4269
[2026-05-28 14:42:28,823][root][INFO] - Epoch: 94, loss: 201.1970
[2026-05-28 14:42:28,894][root][INFO] - Epoch: 95, loss: 197.3706
[2026-05-28 14:42:28,965][root][INFO] - Epoch: 96, loss: 194.0855
[2026-05-28 14:42:29,036][root][INFO] - Epoch: 97, loss: 197.3035
[2026-05-28 14:42:29,107][root][INFO] - Epoch: 98, loss: 197.6375
[2026-05-28 14:42:29,178][root][INFO] - Epoch: 99, loss: 190.7440
[2026-05-28 14:42:29,249][root][INFO] - Epoch: 100, loss: 201.4565
[2026-05-28 14:42:29,321][root][INFO] - Epoch: 101, loss: 215.0497
[2026-05-28 14:42:29,395][root][INFO] - Epoch: 102, loss: 208.9354
[2026-05-28 14:42:29,468][root][INFO] - Epoch: 103, loss: 200.9792
[2026-05-28 14:42:29,539][root][INFO] - Epoch: 104, loss: 195.3793
[2026-05-28 14:42:29,610][root][INFO] - Epoch: 105, loss: 194.7075
[2026-05-28 14:42:29,682][root][INFO] - Epoch: 106, loss: 191.9161
[2026-05-28 14:42:29,753][root][INFO] - Epoch: 107, loss: 188.6238
[2026-05-28 14:42:29,824][root][INFO] - Epoch: 108, loss: 183.0001
[2026-05-28 14:42:29,895][root][INFO] - Epoch: 109, loss: 183.1296
[2026-05-28 14:42:29,966][root][INFO] - Epoch: 110, loss: 179.9276
[2026-05-28 14:42:30,037][root][INFO] - Epoch: 111, loss: 242.7618
[2026-05-28 14:42:30,108][root][INFO] - Epoch: 112, loss: 304.3251
[2026-05-28 14:42:30,180][root][INFO] - Epoch: 113, loss: 292.9651
[2026-05-28 14:42:30,253][root][INFO] - Epoch: 114, loss: 290.1494
[2026-05-28 14:42:30,326][root][INFO] - Epoch: 115, loss: 274.5057
[2026-05-28 14:42:30,399][root][INFO] - Epoch: 116, loss: 254.5950
[2026-05-28 14:42:30,470][root][INFO] - Epoch: 117, loss: 240.5762
[2026-05-28 14:42:30,542][root][INFO] - Epoch: 118, loss: 227.1900
[2026-05-28 14:42:30,613][root][INFO] - Epoch: 119, loss: 219.3108
[2026-05-28 14:42:30,684][root][INFO] - Epoch: 120, loss: 215.3137
[2026-05-28 14:42:30,757][root][INFO] - Epoch: 121, loss: 212.8153
[2026-05-28 14:42:30,758][root][INFO] - Early stopping at epoch: 120
[2026-05-28 14:42:30,794][root][INFO] - {'model_loss': '212.8153', 'recon_loss': '0.0000', 'triplet_loss': '212.8153'}
[2026-05-28 14:42:30,799][root][INFO] - Extinction event (pre-encoder)...
[2026-05-28 14:42:30,799][root][INFO] - Saving snapshot to runs/20260528_144015_kheperax_seed13/plots/latent_generation_150_before_ext.png
[2026-05-28 14:42:32,319][root][INFO] - Saving snapshot to runs/20260528_144015_kheperax_seed13/plots/latent_generation_150_after_ext.png
[2026-05-28 14:42:33,577][root][INFO] - Updating AE...
[2026-05-28 14:42:34,337][root][INFO] - Epoch: 1, loss: 582.4682
[2026-05-28 14:42:34,409][root][INFO] - Epoch: 2, loss: 175.5314
[2026-05-28 14:42:34,483][root][INFO] - Epoch: 3, loss: 100.5403
[2026-05-28 14:42:34,556][root][INFO] - Epoch: 4, loss: 64.8041
[2026-05-28 14:42:34,629][root][INFO] - Epoch: 5, loss: 49.1666
[2026-05-28 14:42:34,700][root][INFO] - Epoch: 6, loss: 41.0466
[2026-05-28 14:42:34,771][root][INFO] - Epoch: 7, loss: 34.9100
[2026-05-28 14:42:34,845][root][INFO] - Epoch: 8, loss: 30.8307
[2026-05-28 14:42:34,917][root][INFO] - Epoch: 9, loss: 27.8250
[2026-05-28 14:42:34,989][root][INFO] - Epoch: 10, loss: 25.5965
[2026-05-28 14:42:35,061][root][INFO] - Epoch: 11, loss: 23.6921
[2026-05-28 14:42:35,133][root][INFO] - Epoch: 12, loss: 22.1054
[2026-05-28 14:42:35,206][root][INFO] - Epoch: 13, loss: 20.8394
[2026-05-28 14:42:35,280][root][INFO] - Epoch: 14, loss: 19.7891
[2026-05-28 14:42:35,353][root][INFO] - Epoch: 15, loss: 18.9757
[2026-05-28 14:42:35,426][root][INFO] - Epoch: 16, loss: 18.2123
[2026-05-28 14:42:35,498][root][INFO] - Epoch: 17, loss: 17.6339
[2026-05-28 14:42:35,571][root][INFO] - Epoch: 18, loss: 17.1585
[2026-05-28 14:42:35,643][root][INFO] - Epoch: 19, loss: 16.7456
[2026-05-28 14:42:35,717][root][INFO] - Epoch: 20, loss: 16.3941
[2026-05-28 14:42:35,788][root][INFO] - Epoch: 21, loss: 16.0790
[2026-05-28 14:42:35,861][root][INFO] - Epoch: 22, loss: 15.8556
[2026-05-28 14:42:35,933][root][INFO] - Epoch: 23, loss: 15.5838
[2026-05-28 14:42:36,005][root][INFO] - Epoch: 24, loss: 15.3823
[2026-05-28 14:42:36,078][root][INFO] - Epoch: 25, loss: 15.1889
[2026-05-28 14:42:36,150][root][INFO] - Epoch: 26, loss: 14.9897
[2026-05-28 14:42:36,222][root][INFO] - Epoch: 27, loss: 14.8265
[2026-05-28 14:42:36,293][root][INFO] - Epoch: 28, loss: 14.6785
[2026-05-28 14:42:36,364][root][INFO] - Epoch: 29, loss: 14.5449
[2026-05-28 14:42:36,437][root][INFO] - Epoch: 30, loss: 14.3806
[2026-05-28 14:42:36,508][root][INFO] - Epoch: 31, loss: 14.2462
[2026-05-28 14:42:36,580][root][INFO] - Epoch: 32, loss: 14.1113
[2026-05-28 14:42:36,652][root][INFO] - Epoch: 33, loss: 13.9894
[2026-05-28 14:42:36,725][root][INFO] - Epoch: 34, loss: 13.9160
[2026-05-28 14:42:36,797][root][INFO] - Epoch: 35, loss: 13.8246
[2026-05-28 14:42:36,868][root][INFO] - Epoch: 36, loss: 13.6785
[2026-05-28 14:42:36,939][root][INFO] - Epoch: 37, loss: 13.5687
[2026-05-28 14:42:37,010][root][INFO] - Epoch: 38, loss: 13.4650
[2026-05-28 14:42:37,081][root][INFO] - Epoch: 39, loss: 13.3553
[2026-05-28 14:42:37,153][root][INFO] - Epoch: 40, loss: 13.2687
[2026-05-28 14:42:37,225][root][INFO] - Epoch: 41, loss: 13.1831
[2026-05-28 14:42:37,297][root][INFO] - Epoch: 42, loss: 13.0794
[2026-05-28 14:42:37,368][root][INFO] - Epoch: 43, loss: 12.9710
[2026-05-28 14:42:37,438][root][INFO] - Epoch: 44, loss: 12.8955
[2026-05-28 14:42:37,510][root][INFO] - Epoch: 45, loss: 12.7806
[2026-05-28 14:42:37,583][root][INFO] - Epoch: 46, loss: 12.6682
[2026-05-28 14:42:37,655][root][INFO] - Epoch: 47, loss: 12.6127
[2026-05-28 14:42:37,729][root][INFO] - Epoch: 48, loss: 12.5087
[2026-05-28 14:42:37,800][root][INFO] - Epoch: 49, loss: 12.3997
[2026-05-28 14:42:37,872][root][INFO] - Epoch: 50, loss: 12.3360
[2026-05-28 14:42:37,942][root][INFO] - Epoch: 51, loss: 12.2535
[2026-05-28 14:42:38,014][root][INFO] - Epoch: 52, loss: 12.1985
[2026-05-28 14:42:38,085][root][INFO] - Epoch: 53, loss: 12.0843
[2026-05-28 14:42:38,156][root][INFO] - Epoch: 54, loss: 12.0555
[2026-05-28 14:42:38,229][root][INFO] - Epoch: 55, loss: 11.9649
[2026-05-28 14:42:38,301][root][INFO] - Epoch: 56, loss: 12.0085
[2026-05-28 14:42:38,372][root][INFO] - Epoch: 57, loss: 11.8503
[2026-05-28 14:42:38,444][root][INFO] - Epoch: 58, loss: 11.7724
[2026-05-28 14:42:38,515][root][INFO] - Epoch: 59, loss: 11.6303
[2026-05-28 14:42:38,586][root][INFO] - Epoch: 60, loss: 11.6212
[2026-05-28 14:42:38,656][root][INFO] - Epoch: 61, loss: 11.5079
[2026-05-28 14:42:38,727][root][INFO] - Epoch: 62, loss: 11.4308
[2026-05-28 14:42:38,798][root][INFO] - Epoch: 63, loss: 11.4738
[2026-05-28 14:42:38,868][root][INFO] - Epoch: 64, loss: 11.3606
[2026-05-28 14:42:38,939][root][INFO] - Epoch: 65, loss: 11.2371
[2026-05-28 14:42:39,012][root][INFO] - Epoch: 66, loss: 11.1570
[2026-05-28 14:42:39,083][root][INFO] - Epoch: 67, loss: 11.1223
[2026-05-28 14:42:39,154][root][INFO] - Epoch: 68, loss: 11.0426
[2026-05-28 14:42:39,225][root][INFO] - Epoch: 69, loss: 10.9743
[2026-05-28 14:42:39,296][root][INFO] - Epoch: 70, loss: 10.9068
[2026-05-28 14:42:39,370][root][INFO] - Epoch: 71, loss: 10.8318
[2026-05-28 14:42:39,442][root][INFO] - Epoch: 72, loss: 10.8240
[2026-05-28 14:42:39,515][root][INFO] - Epoch: 73, loss: 10.7697
[2026-05-28 14:42:39,586][root][INFO] - Epoch: 74, loss: 10.7665
[2026-05-28 14:42:39,658][root][INFO] - Epoch: 75, loss: 10.7585
[2026-05-28 14:42:39,729][root][INFO] - Epoch: 76, loss: 10.6192
[2026-05-28 14:42:39,800][root][INFO] - Epoch: 77, loss: 10.5447
[2026-05-28 14:42:39,870][root][INFO] - Epoch: 78, loss: 10.4975
[2026-05-28 14:42:39,941][root][INFO] - Epoch: 79, loss: 10.3676
[2026-05-28 14:42:40,012][root][INFO] - Epoch: 80, loss: 10.3914
[2026-05-28 14:42:40,083][root][INFO] - Epoch: 81, loss: 10.2859
[2026-05-28 14:42:40,154][root][INFO] - Epoch: 82, loss: 10.2050
[2026-05-28 14:42:40,225][root][INFO] - Epoch: 83, loss: 10.2872
[2026-05-28 14:42:40,296][root][INFO] - Epoch: 84, loss: 10.1794
[2026-05-28 14:42:40,369][root][INFO] - Epoch: 85, loss: 10.1326
[2026-05-28 14:42:40,441][root][INFO] - Epoch: 86, loss: 10.0598
[2026-05-28 14:42:40,512][root][INFO] - Epoch: 87, loss: 9.9750
[2026-05-28 14:42:40,582][root][INFO] - Epoch: 88, loss: 9.9142
[2026-05-28 14:42:40,653][root][INFO] - Epoch: 89, loss: 9.8913
[2026-05-28 14:42:40,723][root][INFO] - Epoch: 90, loss: 9.7904
[2026-05-28 14:42:40,794][root][INFO] - Epoch: 91, loss: 9.8084
[2026-05-28 14:42:40,864][root][INFO] - Epoch: 92, loss: 9.6929
[2026-05-28 14:42:40,936][root][INFO] - Epoch: 93, loss: 9.6738
[2026-05-28 14:42:41,006][root][INFO] - Epoch: 94, loss: 9.5904
[2026-05-28 14:42:41,077][root][INFO] - Epoch: 95, loss: 9.5232
[2026-05-28 14:42:41,148][root][INFO] - Epoch: 96, loss: 9.5049
[2026-05-28 14:42:41,218][root][INFO] - Epoch: 97, loss: 9.4188
[2026-05-28 14:42:41,288][root][INFO] - Epoch: 98, loss: 9.3865
[2026-05-28 14:42:41,359][root][INFO] - Epoch: 99, loss: 9.3913
[2026-05-28 14:42:41,430][root][INFO] - Epoch: 100, loss: 9.2768
[2026-05-28 14:42:41,501][root][INFO] - Epoch: 101, loss: 9.2201
[2026-05-28 14:42:41,572][root][INFO] - Epoch: 102, loss: 9.1802
[2026-05-28 14:42:41,642][root][INFO] - Epoch: 103, loss: 9.1450
[2026-05-28 14:42:41,713][root][INFO] - Epoch: 104, loss: 9.1513
[2026-05-28 14:42:41,784][root][INFO] - Epoch: 105, loss: 9.0470
[2026-05-28 14:42:41,855][root][INFO] - Epoch: 106, loss: 8.9694
[2026-05-28 14:42:41,925][root][INFO] - Epoch: 107, loss: 8.9226
[2026-05-28 14:42:41,995][root][INFO] - Epoch: 108, loss: 8.8536
[2026-05-28 14:42:42,067][root][INFO] - Epoch: 109, loss: 8.9045
[2026-05-28 14:42:42,137][root][INFO] - Epoch: 110, loss: 8.8205
[2026-05-28 14:42:42,208][root][INFO] - Epoch: 111, loss: 8.9271
[2026-05-28 14:42:42,278][root][INFO] - Epoch: 112, loss: 8.8715
[2026-05-28 14:42:42,349][root][INFO] - Epoch: 113, loss: 8.7274
[2026-05-28 14:42:42,420][root][INFO] - Epoch: 114, loss: 8.6842
[2026-05-28 14:42:42,491][root][INFO] - Epoch: 115, loss: 8.5490
[2026-05-28 14:42:42,561][root][INFO] - Epoch: 116, loss: 8.5932
[2026-05-28 14:42:42,632][root][INFO] - Epoch: 117, loss: 8.5105
[2026-05-28 14:42:42,703][root][INFO] - Epoch: 118, loss: 8.6420
[2026-05-28 14:42:42,773][root][INFO] - Epoch: 119, loss: 8.5274
[2026-05-28 14:42:42,844][root][INFO] - Epoch: 120, loss: 8.4004
[2026-05-28 14:42:42,914][root][INFO] - Epoch: 121, loss: 8.3526
[2026-05-28 14:42:42,985][root][INFO] - Epoch: 122, loss: 8.3231
[2026-05-28 14:42:43,056][root][INFO] - Epoch: 123, loss: 8.2315
[2026-05-28 14:42:43,126][root][INFO] - Epoch: 124, loss: 8.3091
[2026-05-28 14:42:43,198][root][INFO] - Epoch: 125, loss: 8.2412
[2026-05-28 14:42:43,268][root][INFO] - Epoch: 126, loss: 8.1423
[2026-05-28 14:42:43,339][root][INFO] - Epoch: 127, loss: 8.0936
[2026-05-28 14:42:43,409][root][INFO] - Epoch: 128, loss: 8.1600
[2026-05-28 14:42:43,481][root][INFO] - Epoch: 129, loss: 8.1201
[2026-05-28 14:42:43,554][root][INFO] - Epoch: 130, loss: 8.0126
[2026-05-28 14:42:43,626][root][INFO] - Epoch: 131, loss: 8.1675
[2026-05-28 14:42:43,699][root][INFO] - Epoch: 132, loss: 8.0084
[2026-05-28 14:42:43,771][root][INFO] - Epoch: 133, loss: 7.8844
[2026-05-28 14:42:43,842][root][INFO] - Epoch: 134, loss: 7.8796
[2026-05-28 14:42:43,914][root][INFO] - Epoch: 135, loss: 7.8274
[2026-05-28 14:42:43,985][root][INFO] - Epoch: 136, loss: 7.8408
[2026-05-28 14:42:44,056][root][INFO] - Epoch: 137, loss: 7.7582
[2026-05-28 14:42:44,128][root][INFO] - Epoch: 138, loss: 7.9734
[2026-05-28 14:42:44,200][root][INFO] - Epoch: 139, loss: 7.7807
[2026-05-28 14:42:44,272][root][INFO] - Epoch: 140, loss: 7.8215
[2026-05-28 14:42:44,344][root][INFO] - Epoch: 141, loss: 8.0988
[2026-05-28 14:42:44,416][root][INFO] - Epoch: 142, loss: 8.0252
[2026-05-28 14:42:44,489][root][INFO] - Epoch: 143, loss: 7.7385
[2026-05-28 14:42:44,560][root][INFO] - Epoch: 144, loss: 7.4835
[2026-05-28 14:42:44,630][root][INFO] - Epoch: 145, loss: 7.4438
[2026-05-28 14:42:44,702][root][INFO] - Epoch: 146, loss: 7.4054
[2026-05-28 14:42:44,773][root][INFO] - Epoch: 147, loss: 7.3262
[2026-05-28 14:42:44,844][root][INFO] - Epoch: 148, loss: 7.3135
[2026-05-28 14:42:44,915][root][INFO] - Epoch: 149, loss: 7.3740
[2026-05-28 14:42:44,986][root][INFO] - Epoch: 150, loss: 7.1272
[2026-05-28 14:42:45,058][root][INFO] - Epoch: 151, loss: 7.5503
[2026-05-28 14:42:45,129][root][INFO] - Epoch: 152, loss: 7.3591
[2026-05-28 14:42:45,200][root][INFO] - Epoch: 153, loss: 7.1769
[2026-05-28 14:42:45,272][root][INFO] - Epoch: 154, loss: 7.0293
[2026-05-28 14:42:45,345][root][INFO] - Epoch: 155, loss: 7.0117
[2026-05-28 14:42:45,417][root][INFO] - Epoch: 156, loss: 7.1914
[2026-05-28 14:42:45,488][root][INFO] - Epoch: 157, loss: 7.1544
[2026-05-28 14:42:45,560][root][INFO] - Epoch: 158, loss: 6.9574
[2026-05-28 14:42:45,631][root][INFO] - Epoch: 159, loss: 7.1354
[2026-05-28 14:42:45,703][root][INFO] - Epoch: 160, loss: 7.0503
[2026-05-28 14:42:45,774][root][INFO] - Epoch: 161, loss: 7.2866
[2026-05-28 14:42:45,845][root][INFO] - Epoch: 162, loss: 6.9303
[2026-05-28 14:42:45,917][root][INFO] - Epoch: 163, loss: 6.8002
[2026-05-28 14:42:45,990][root][INFO] - Epoch: 164, loss: 6.8780
[2026-05-28 14:42:46,063][root][INFO] - Epoch: 165, loss: 6.8820
[2026-05-28 14:42:46,135][root][INFO] - Epoch: 166, loss: 6.9756
[2026-05-28 14:42:46,208][root][INFO] - Epoch: 167, loss: 6.9599
[2026-05-28 14:42:46,280][root][INFO] - Epoch: 168, loss: 6.6979
[2026-05-28 14:42:46,352][root][INFO] - Epoch: 169, loss: 6.7189
[2026-05-28 14:42:46,423][root][INFO] - Epoch: 170, loss: 6.4971
[2026-05-28 14:42:46,495][root][INFO] - Epoch: 171, loss: 6.4508
[2026-05-28 14:42:46,566][root][INFO] - Epoch: 172, loss: 6.5034
[2026-05-28 14:42:46,638][root][INFO] - Epoch: 173, loss: 6.5814
[2026-05-28 14:42:46,711][root][INFO] - Epoch: 174, loss: 6.7383
[2026-05-28 14:42:46,782][root][INFO] - Epoch: 175, loss: 6.6594
[2026-05-28 14:42:46,853][root][INFO] - Epoch: 176, loss: 6.6800
[2026-05-28 14:42:46,925][root][INFO] - Epoch: 177, loss: 6.4693
[2026-05-28 14:42:46,997][root][INFO] - Epoch: 178, loss: 6.2216
[2026-05-28 14:42:47,070][root][INFO] - Epoch: 179, loss: 6.3347
[2026-05-28 14:42:47,142][root][INFO] - Epoch: 180, loss: 6.2327
[2026-05-28 14:42:47,212][root][INFO] - Epoch: 181, loss: 6.2345
[2026-05-28 14:42:47,284][root][INFO] - Epoch: 182, loss: 6.2188
[2026-05-28 14:42:47,356][root][INFO] - Epoch: 183, loss: 7.1293
[2026-05-28 14:42:47,429][root][INFO] - Epoch: 184, loss: 6.4903
[2026-05-28 14:42:47,500][root][INFO] - Epoch: 185, loss: 6.2692
[2026-05-28 14:42:47,571][root][INFO] - Epoch: 186, loss: 6.1438
[2026-05-28 14:42:47,644][root][INFO] - Epoch: 187, loss: 6.0118
[2026-05-28 14:42:47,717][root][INFO] - Epoch: 188, loss: 6.1454
[2026-05-28 14:42:47,790][root][INFO] - Epoch: 189, loss: 6.4004
[2026-05-28 14:42:47,862][root][INFO] - Epoch: 190, loss: 6.3997
[2026-05-28 14:42:47,933][root][INFO] - Epoch: 191, loss: 6.2981
[2026-05-28 14:42:48,006][root][INFO] - Epoch: 192, loss: 5.9700
[2026-05-28 14:42:48,079][root][INFO] - Epoch: 193, loss: 6.1512
[2026-05-28 14:42:48,151][root][INFO] - Epoch: 194, loss: 5.9401
[2026-05-28 14:42:48,224][root][INFO] - Epoch: 195, loss: 5.9403
[2026-05-28 14:42:48,297][root][INFO] - Epoch: 196, loss: 5.9071
[2026-05-28 14:42:48,368][root][INFO] - Epoch: 197, loss: 5.8356
[2026-05-28 14:42:48,441][root][INFO] - Epoch: 198, loss: 5.8599
[2026-05-28 14:42:48,513][root][INFO] - Epoch: 199, loss: 5.9197
[2026-05-28 14:42:48,586][root][INFO] - Epoch: 200, loss: 5.7394
[2026-05-28 14:42:48,620][root][INFO] - {'model_loss': '5.7394', 'recon_loss': '0.0000', 'triplet_loss': '5.7394'}
[2026-05-28 14:42:48,624][root][INFO] - Generation 30/400 - Time: 0.00 seconds
[2026-05-28 14:42:48,625][root][INFO] - {'coverage': '100.00', 'max_fitness': '-12.14', 'passive_coverage': '29.10', 'passive_max_fitness': '-12.14', 'passive_mean_fitness': '-59.77', 'passive_qd_score': '24332.88', 'qd_score': '84038.45', 'mean_fitness_top_k': '-39.25'}
[2026-05-28 14:42:49,602][root][INFO] - Generation 31/400 - Time: 0.00 seconds
[2026-05-28 14:42:49,603][root][INFO] - {'coverage': '100.00', 'max_fitness': '-12.14', 'passive_coverage': '30.37', 'passive_max_fitness': '-12.14', 'passive_mean_fitness': '-60.67', 'passive_qd_score': '25112.93', 'qd_score': '79640.23', 'mean_fitness_top_k': '-33.48'}
[2026-05-28 14:42:50,594][root][INFO] - Generation 32/400 - Time: 0.00 seconds
[2026-05-28 14:42:50,595][root][INFO] - {'coverage': '100.00', 'max_fitness': '-12.14', 'passive_coverage': '31.45', 'passive_max_fitness': '-12.14', 'passive_mean_fitness': '-60.82', 'passive_qd_score': '25954.22', 'qd_score': '81243.12', 'mean_fitness_top_k': '-32.73'}
[2026-05-28 14:42:51,569][root][INFO] - Generation 33/400 - Time: 0.00 seconds
[2026-05-28 14:42:51,570][root][INFO] - {'coverage': '100.00', 'max_fitness': '-12.14', 'passive_coverage': '32.62', 'passive_max_fitness': '-12.14', 'passive_mean_fitness': '-60.97', 'passive_qd_score': '26869.81', 'qd_score': '81441.95', 'mean_fitness_top_k': '-32.33'}
[2026-05-28 14:42:52,540][root][INFO] - Generation 34/400 - Time: 0.00 seconds
[2026-05-28 14:42:52,541][root][INFO] - {'coverage': '100.00', 'max_fitness': '-12.14', 'passive_coverage': '33.50', 'passive_max_fitness': '-12.14', 'passive_mean_fitness': '-60.84', 'passive_qd_score': '27638.47', 'qd_score': '82206.16', 'mean_fitness_top_k': '-32.57'}
[2026-05-28 14:42:53,529][root][INFO] - Generation 35/400 - Time: 0.00 seconds
[2026-05-28 14:42:53,530][root][INFO] - {'coverage': '100.00', 'max_fitness': '-12.14', 'passive_coverage': '33.89', 'passive_max_fitness': '-12.14', 'passive_mean_fitness': '-60.82', 'passive_qd_score': '27969.60', 'qd_score': '82125.59', 'mean_fitness_top_k': '-32.54'}
[2026-05-28 14:42:53,532][root][INFO] - Saving snapshot to runs/20260528_144015_kheperax_seed13/plots/latent_generation_175_5_gens_after_ext_gen150.png
[2026-05-28 14:42:55,971][root][INFO] - Generation 36/400 - Time: 0.00 seconds
[2026-05-28 14:42:55,972][root][INFO] - {'coverage': '100.00', 'max_fitness': '-12.14', 'passive_coverage': '34.28', 'passive_max_fitness': '-12.14', 'passive_mean_fitness': '-60.63', 'passive_qd_score': '28357.39', 'qd_score': '82508.43', 'mean_fitness_top_k': '-32.76'}
[2026-05-28 14:42:56,939][root][INFO] - Generation 37/400 - Time: 0.00 seconds
[2026-05-28 14:42:56,940][root][INFO] - {'coverage': '100.00', 'max_fitness': '-12.14', 'passive_coverage': '35.06', 'passive_max_fitness': '-12.14', 'passive_mean_fitness': '-60.47', 'passive_qd_score': '29060.26', 'qd_score': '83041.89', 'mean_fitness_top_k': '-32.97'}
[2026-05-28 14:42:57,912][root][INFO] - Generation 38/400 - Time: 0.00 seconds
[2026-05-28 14:42:57,913][root][INFO] - {'coverage': '100.00', 'max_fitness': '-12.14', 'passive_coverage': '35.16', 'passive_max_fitness': '-12.14', 'passive_mean_fitness': '-60.47', 'passive_qd_score': '29142.08', 'qd_score': '82934.87', 'mean_fitness_top_k': '-33.49'}
[2026-05-28 14:42:58,893][root][INFO] - Generation 39/400 - Time: 0.00 seconds
[2026-05-28 14:42:58,894][root][INFO] - {'coverage': '100.00', 'max_fitness': '-12.14', 'passive_coverage': '36.23', 'passive_max_fitness': '-12.14', 'passive_mean_fitness': '-60.43', 'passive_qd_score': '30048.89', 'qd_score': '83288.84', 'mean_fitness_top_k': '-33.17'}
[2026-05-28 14:42:59,877][root][INFO] - Generation 40/400 - Time: 0.00 seconds
[2026-05-28 14:42:59,878][root][INFO] - {'coverage': '100.00', 'max_fitness': '-12.14', 'passive_coverage': '36.72', 'passive_max_fitness': '-12.14', 'passive_mean_fitness': '-60.62', 'passive_qd_score': '30382.77', 'qd_score': '83608.56', 'mean_fitness_top_k': '-33.44'}
[2026-05-28 14:43:00,849][root][INFO] - Generation 41/400 - Time: 0.00 seconds
[2026-05-28 14:43:00,850][root][INFO] - {'coverage': '100.00', 'max_fitness': '-12.14', 'passive_coverage': '37.30', 'passive_max_fitness': '-12.14', 'passive_mean_fitness': '-60.37', 'passive_qd_score': '30960.91', 'qd_score': '83685.55', 'mean_fitness_top_k': '-34.36'}
[2026-05-28 14:43:01,818][root][INFO] - Updating AE...
[2026-05-28 14:43:02,703][root][INFO] - Epoch: 1, loss: 849.4330
[2026-05-28 14:43:02,775][root][INFO] - Epoch: 2, loss: 484.3845
[2026-05-28 14:43:02,848][root][INFO] - Epoch: 3, loss: 466.8547
[2026-05-28 14:43:02,920][root][INFO] - Epoch: 4, loss: 460.1735
[2026-05-28 14:43:02,991][root][INFO] - Epoch: 5, loss: 450.8120
[2026-05-28 14:43:03,062][root][INFO] - Epoch: 6, loss: 447.1498
[2026-05-28 14:43:03,133][root][INFO] - Epoch: 7, loss: 445.2487
[2026-05-28 14:43:03,203][root][INFO] - Epoch: 8, loss: 443.9786
[2026-05-28 14:43:03,274][root][INFO] - Epoch: 9, loss: 441.6591
[2026-05-28 14:43:03,345][root][INFO] - Epoch: 10, loss: 440.7197
[2026-05-28 14:43:03,415][root][INFO] - Epoch: 11, loss: 439.5968
[2026-05-28 14:43:03,487][root][INFO] - Epoch: 12, loss: 437.6683
[2026-05-28 14:43:03,557][root][INFO] - Epoch: 13, loss: 434.4678
[2026-05-28 14:43:03,628][root][INFO] - Epoch: 14, loss: 431.5748
[2026-05-28 14:43:03,699][root][INFO] - Epoch: 15, loss: 429.3575
[2026-05-28 14:43:03,770][root][INFO] - Epoch: 16, loss: 426.5506
[2026-05-28 14:43:03,840][root][INFO] - Epoch: 17, loss: 422.4593
[2026-05-28 14:43:03,911][root][INFO] - Epoch: 18, loss: 419.5796
[2026-05-28 14:43:03,981][root][INFO] - Epoch: 19, loss: 416.0500
[2026-05-28 14:43:04,052][root][INFO] - Epoch: 20, loss: 411.3463
[2026-05-28 14:43:04,123][root][INFO] - Epoch: 21, loss: 404.8765
[2026-05-28 14:43:04,194][root][INFO] - Epoch: 22, loss: 401.3726
[2026-05-28 14:43:04,265][root][INFO] - Epoch: 23, loss: 396.9741
[2026-05-28 14:43:04,335][root][INFO] - Epoch: 24, loss: 391.9308
[2026-05-28 14:43:04,405][root][INFO] - Epoch: 25, loss: 387.3284
[2026-05-28 14:43:04,477][root][INFO] - Epoch: 26, loss: 384.4934
[2026-05-28 14:43:04,547][root][INFO] - Epoch: 27, loss: 379.7484
[2026-05-28 14:43:04,618][root][INFO] - Epoch: 28, loss: 377.9360
[2026-05-28 14:43:04,688][root][INFO] - Epoch: 29, loss: 376.0495
[2026-05-28 14:43:04,759][root][INFO] - Epoch: 30, loss: 372.7361
[2026-05-28 14:43:04,830][root][INFO] - Epoch: 31, loss: 371.4606
[2026-05-28 14:43:04,901][root][INFO] - Epoch: 32, loss: 369.0869
[2026-05-28 14:43:04,972][root][INFO] - Epoch: 33, loss: 366.8541
[2026-05-28 14:43:05,043][root][INFO] - Epoch: 34, loss: 362.9309
[2026-05-28 14:43:05,113][root][INFO] - Epoch: 35, loss: 360.8617
[2026-05-28 14:43:05,183][root][INFO] - Epoch: 36, loss: 358.3044
[2026-05-28 14:43:05,255][root][INFO] - Epoch: 37, loss: 356.7957
[2026-05-28 14:43:05,325][root][INFO] - Epoch: 38, loss: 355.0351
[2026-05-28 14:43:05,396][root][INFO] - Epoch: 39, loss: 353.8029
[2026-05-28 14:43:05,467][root][INFO] - Epoch: 40, loss: 352.3622
[2026-05-28 14:43:05,537][root][INFO] - Epoch: 41, loss: 350.3861
[2026-05-28 14:43:05,608][root][INFO] - Epoch: 42, loss: 344.5983
[2026-05-28 14:43:05,679][root][INFO] - Epoch: 43, loss: 341.6060
[2026-05-28 14:43:05,749][root][INFO] - Epoch: 44, loss: 340.8469
[2026-05-28 14:43:05,820][root][INFO] - Epoch: 45, loss: 338.2975
[2026-05-28 14:43:05,891][root][INFO] - Epoch: 46, loss: 336.8165
[2026-05-28 14:43:05,961][root][INFO] - Epoch: 47, loss: 333.6772
[2026-05-28 14:43:06,033][root][INFO] - Epoch: 48, loss: 331.6873
[2026-05-28 14:43:06,103][root][INFO] - Epoch: 49, loss: 330.3085
[2026-05-28 14:43:06,174][root][INFO] - Epoch: 50, loss: 328.2291
[2026-05-28 14:43:06,244][root][INFO] - Epoch: 51, loss: 353.9861
[2026-05-28 14:43:06,314][root][INFO] - Epoch: 52, loss: 370.0779
[2026-05-28 14:43:06,385][root][INFO] - Epoch: 53, loss: 359.6579
[2026-05-28 14:43:06,456][root][INFO] - Epoch: 54, loss: 351.8021
[2026-05-28 14:43:06,527][root][INFO] - Epoch: 55, loss: 346.1632
[2026-05-28 14:43:06,598][root][INFO] - Epoch: 56, loss: 335.9138
[2026-05-28 14:43:06,668][root][INFO] - Epoch: 57, loss: 329.7728
[2026-05-28 14:43:06,739][root][INFO] - Epoch: 58, loss: 326.6411
[2026-05-28 14:43:06,809][root][INFO] - Epoch: 59, loss: 320.8663
[2026-05-28 14:43:06,880][root][INFO] - Epoch: 60, loss: 316.3584
[2026-05-28 14:43:06,951][root][INFO] - Epoch: 61, loss: 312.0634
[2026-05-28 14:43:07,021][root][INFO] - Epoch: 62, loss: 308.1412
[2026-05-28 14:43:07,093][root][INFO] - Epoch: 63, loss: 302.6898
[2026-05-28 14:43:07,165][root][INFO] - Epoch: 64, loss: 300.8452
[2026-05-28 14:43:07,236][root][INFO] - Epoch: 65, loss: 297.8017
[2026-05-28 14:43:07,309][root][INFO] - Epoch: 66, loss: 292.3656
[2026-05-28 14:43:07,380][root][INFO] - Epoch: 67, loss: 292.5292
[2026-05-28 14:43:07,451][root][INFO] - Epoch: 68, loss: 287.5381
[2026-05-28 14:43:07,522][root][INFO] - Epoch: 69, loss: 290.3287
[2026-05-28 14:43:07,594][root][INFO] - Epoch: 70, loss: 289.1415
[2026-05-28 14:43:07,666][root][INFO] - Epoch: 71, loss: 287.5899
[2026-05-28 14:43:07,738][root][INFO] - Epoch: 72, loss: 284.0399
[2026-05-28 14:43:07,809][root][INFO] - Epoch: 73, loss: 287.0186
[2026-05-28 14:43:07,881][root][INFO] - Epoch: 74, loss: 280.4120
[2026-05-28 14:43:07,953][root][INFO] - Epoch: 75, loss: 277.9030
[2026-05-28 14:43:08,024][root][INFO] - Epoch: 76, loss: 273.5511
[2026-05-28 14:43:08,096][root][INFO] - Epoch: 77, loss: 268.5066
[2026-05-28 14:43:08,170][root][INFO] - Epoch: 78, loss: 266.7272
[2026-05-28 14:43:08,243][root][INFO] - Epoch: 79, loss: 265.3950
[2026-05-28 14:43:08,315][root][INFO] - Epoch: 80, loss: 261.7220
[2026-05-28 14:43:08,387][root][INFO] - Epoch: 81, loss: 260.5904
[2026-05-28 14:43:08,459][root][INFO] - Epoch: 82, loss: 271.7513
[2026-05-28 14:43:08,531][root][INFO] - Epoch: 83, loss: 317.4803
[2026-05-28 14:43:08,604][root][INFO] - Epoch: 84, loss: 306.7112
[2026-05-28 14:43:08,677][root][INFO] - Epoch: 85, loss: 298.8607
[2026-05-28 14:43:08,749][root][INFO] - Epoch: 86, loss: 280.1315
[2026-05-28 14:43:08,821][root][INFO] - Epoch: 87, loss: 271.0669
[2026-05-28 14:43:08,893][root][INFO] - Epoch: 88, loss: 266.3512
[2026-05-28 14:43:08,965][root][INFO] - Epoch: 89, loss: 263.7331
[2026-05-28 14:43:09,038][root][INFO] - Epoch: 90, loss: 257.7688
[2026-05-28 14:43:09,110][root][INFO] - Epoch: 91, loss: 256.3640
[2026-05-28 14:43:09,182][root][INFO] - Epoch: 92, loss: 251.4985
[2026-05-28 14:43:09,255][root][INFO] - Epoch: 93, loss: 248.2058
[2026-05-28 14:43:09,327][root][INFO] - Epoch: 94, loss: 243.7550
[2026-05-28 14:43:09,399][root][INFO] - Epoch: 95, loss: 248.8985
[2026-05-28 14:43:09,471][root][INFO] - Epoch: 96, loss: 249.6169
[2026-05-28 14:43:09,543][root][INFO] - Epoch: 97, loss: 246.8440
[2026-05-28 14:43:09,615][root][INFO] - Epoch: 98, loss: 256.7322
[2026-05-28 14:43:09,688][root][INFO] - Epoch: 99, loss: 324.9206
[2026-05-28 14:43:09,761][root][INFO] - Epoch: 100, loss: 351.9034
[2026-05-28 14:43:09,832][root][INFO] - Epoch: 101, loss: 431.9482
[2026-05-28 14:43:09,904][root][INFO] - Epoch: 102, loss: 467.8506
[2026-05-28 14:43:09,975][root][INFO] - Epoch: 103, loss: 451.8933
[2026-05-28 14:43:10,047][root][INFO] - Epoch: 104, loss: 435.1283
[2026-05-28 14:43:10,119][root][INFO] - Epoch: 105, loss: 422.2362
[2026-05-28 14:43:10,119][root][INFO] - Early stopping at epoch: 104
[2026-05-28 14:43:10,156][root][INFO] - {'model_loss': '422.2362', 'recon_loss': '0.0000', 'triplet_loss': '422.2362'}
[2026-05-28 14:43:10,160][root][INFO] - Extinction event (pre-encoder)...
[2026-05-28 14:43:10,161][root][INFO] - Saving snapshot to runs/20260528_144015_kheperax_seed13/plots/latent_generation_210_before_ext.png
[2026-05-28 14:43:11,583][root][INFO] - Saving snapshot to runs/20260528_144015_kheperax_seed13/plots/latent_generation_210_after_ext.png
[2026-05-28 14:43:12,868][root][INFO] - Updating AE...
[2026-05-28 14:43:13,618][root][INFO] - Epoch: 1, loss: 140.8880
[2026-05-28 14:43:13,691][root][INFO] - Epoch: 2, loss: 74.5503
[2026-05-28 14:43:13,763][root][INFO] - Epoch: 3, loss: 41.3459
[2026-05-28 14:43:13,836][root][INFO] - Epoch: 4, loss: 17.9389
[2026-05-28 14:43:13,909][root][INFO] - Epoch: 5, loss: 13.1263
[2026-05-28 14:43:13,981][root][INFO] - Epoch: 6, loss: 10.8250
[2026-05-28 14:43:14,053][root][INFO] - Epoch: 7, loss: 8.8122
[2026-05-28 14:43:14,125][root][INFO] - Epoch: 8, loss: 7.3193
[2026-05-28 14:43:14,198][root][INFO] - Epoch: 9, loss: 6.1244
[2026-05-28 14:43:14,269][root][INFO] - Epoch: 10, loss: 5.2326
[2026-05-28 14:43:14,341][root][INFO] - Epoch: 11, loss: 4.5543
[2026-05-28 14:43:14,413][root][INFO] - Epoch: 12, loss: 4.0884
[2026-05-28 14:43:14,485][root][INFO] - Epoch: 13, loss: 3.6472
[2026-05-28 14:43:14,556][root][INFO] - Epoch: 14, loss: 3.3045
[2026-05-28 14:43:14,628][root][INFO] - Epoch: 15, loss: 3.0032
[2026-05-28 14:43:14,700][root][INFO] - Epoch: 16, loss: 2.7522
[2026-05-28 14:43:14,772][root][INFO] - Epoch: 17, loss: 2.5526
[2026-05-28 14:43:14,845][root][INFO] - Epoch: 18, loss: 2.3671
[2026-05-28 14:43:14,917][root][INFO] - Epoch: 19, loss: 2.2108
[2026-05-28 14:43:14,989][root][INFO] - Epoch: 20, loss: 2.0790
[2026-05-28 14:43:15,059][root][INFO] - Epoch: 21, loss: 1.9593
[2026-05-28 14:43:15,131][root][INFO] - Epoch: 22, loss: 1.8561
[2026-05-28 14:43:15,202][root][INFO] - Epoch: 23, loss: 1.7620
[2026-05-28 14:43:15,275][root][INFO] - Epoch: 24, loss: 1.6830
[2026-05-28 14:43:15,347][root][INFO] - Epoch: 25, loss: 1.6067
[2026-05-28 14:43:15,418][root][INFO] - Epoch: 26, loss: 1.5402
[2026-05-28 14:43:15,489][root][INFO] - Epoch: 27, loss: 1.4776
[2026-05-28 14:43:15,561][root][INFO] - Epoch: 28, loss: 1.4204
[2026-05-28 14:43:15,633][root][INFO] - Epoch: 29, loss: 1.3718
[2026-05-28 14:43:15,706][root][INFO] - Epoch: 30, loss: 1.3240
[2026-05-28 14:43:15,779][root][INFO] - Epoch: 31, loss: 1.2813
[2026-05-28 14:43:15,851][root][INFO] - Epoch: 32, loss: 1.2421
[2026-05-28 14:43:15,922][root][INFO] - Epoch: 33, loss: 1.2068
[2026-05-28 14:43:15,994][root][INFO] - Epoch: 34, loss: 1.1714
[2026-05-28 14:43:16,066][root][INFO] - Epoch: 35, loss: 1.1415
[2026-05-28 14:43:16,138][root][INFO] - Epoch: 36, loss: 1.1123
[2026-05-28 14:43:16,210][root][INFO] - Epoch: 37, loss: 1.0850
[2026-05-28 14:43:16,282][root][INFO] - Epoch: 38, loss: 1.0602
[2026-05-28 14:43:16,354][root][INFO] - Epoch: 39, loss: 1.0332
[2026-05-28 14:43:16,426][root][INFO] - Epoch: 40, loss: 1.0103
[2026-05-28 14:43:16,497][root][INFO] - Epoch: 41, loss: 0.9854
[2026-05-28 14:43:16,568][root][INFO] - Epoch: 42, loss: 0.9632
[2026-05-28 14:43:16,641][root][INFO] - Epoch: 43, loss: 0.9426
[2026-05-28 14:43:16,712][root][INFO] - Epoch: 44, loss: 0.9207
[2026-05-28 14:43:16,784][root][INFO] - Epoch: 45, loss: 0.9021
[2026-05-28 14:43:16,855][root][INFO] - Epoch: 46, loss: 0.8810
[2026-05-28 14:43:16,928][root][INFO] - Epoch: 47, loss: 0.8647
[2026-05-28 14:43:17,000][root][INFO] - Epoch: 48, loss: 0.8499
[2026-05-28 14:43:17,072][root][INFO] - Epoch: 49, loss: 0.8343
[2026-05-28 14:43:17,144][root][INFO] - Epoch: 50, loss: 0.8210
[2026-05-28 14:43:17,217][root][INFO] - Epoch: 51, loss: 0.8102
[2026-05-28 14:43:17,289][root][INFO] - Epoch: 52, loss: 0.7976
[2026-05-28 14:43:17,362][root][INFO] - Epoch: 53, loss: 0.7858
[2026-05-28 14:43:17,433][root][INFO] - Epoch: 54, loss: 0.7741
[2026-05-28 14:43:17,504][root][INFO] - Epoch: 55, loss: 0.7648
[2026-05-28 14:43:17,576][root][INFO] - Epoch: 56, loss: 0.7543
[2026-05-28 14:43:17,648][root][INFO] - Epoch: 57, loss: 0.7447
[2026-05-28 14:43:17,720][root][INFO] - Epoch: 58, loss: 0.7369
[2026-05-28 14:43:17,791][root][INFO] - Epoch: 59, loss: 0.7293
[2026-05-28 14:43:17,863][root][INFO] - Epoch: 60, loss: 0.7211
[2026-05-28 14:43:17,935][root][INFO] - Epoch: 61, loss: 0.7149
[2026-05-28 14:43:18,007][root][INFO] - Epoch: 62, loss: 0.7076
[2026-05-28 14:43:18,080][root][INFO] - Epoch: 63, loss: 0.7017
[2026-05-28 14:43:18,151][root][INFO] - Epoch: 64, loss: 0.6950
[2026-05-28 14:43:18,222][root][INFO] - Epoch: 65, loss: 0.6894
[2026-05-28 14:43:18,293][root][INFO] - Epoch: 66, loss: 0.6838
[2026-05-28 14:43:18,364][root][INFO] - Epoch: 67, loss: 0.6788
[2026-05-28 14:43:18,434][root][INFO] - Epoch: 68, loss: 0.6730
[2026-05-28 14:43:18,505][root][INFO] - Epoch: 69, loss: 0.6696
[2026-05-28 14:43:18,576][root][INFO] - Epoch: 70, loss: 0.6635
[2026-05-28 14:43:18,647][root][INFO] - Epoch: 71, loss: 0.6595
[2026-05-28 14:43:18,717][root][INFO] - Epoch: 72, loss: 0.6542
[2026-05-28 14:43:18,788][root][INFO] - Epoch: 73, loss: 0.6508
[2026-05-28 14:43:18,858][root][INFO] - Epoch: 74, loss: 0.6465
[2026-05-28 14:43:18,929][root][INFO] - Epoch: 75, loss: 0.6428
[2026-05-28 14:43:19,000][root][INFO] - Epoch: 76, loss: 0.6387
[2026-05-28 14:43:19,071][root][INFO] - Epoch: 77, loss: 0.6348
[2026-05-28 14:43:19,142][root][INFO] - Epoch: 78, loss: 0.6324
[2026-05-28 14:43:19,212][root][INFO] - Epoch: 79, loss: 0.6274
[2026-05-28 14:43:19,282][root][INFO] - Epoch: 80, loss: 0.6246
[2026-05-28 14:43:19,355][root][INFO] - Epoch: 81, loss: 0.6207
[2026-05-28 14:43:19,426][root][INFO] - Epoch: 82, loss: 0.6172
[2026-05-28 14:43:19,497][root][INFO] - Epoch: 83, loss: 0.6148
[2026-05-28 14:43:19,568][root][INFO] - Epoch: 84, loss: 0.6107
[2026-05-28 14:43:19,639][root][INFO] - Epoch: 85, loss: 0.6084
[2026-05-28 14:43:19,709][root][INFO] - Epoch: 86, loss: 0.6053
[2026-05-28 14:43:19,780][root][INFO] - Epoch: 87, loss: 0.6034
[2026-05-28 14:43:19,851][root][INFO] - Epoch: 88, loss: 0.6003
[2026-05-28 14:43:19,922][root][INFO] - Epoch: 89, loss: 0.5966
[2026-05-28 14:43:19,993][root][INFO] - Epoch: 90, loss: 0.5942
[2026-05-28 14:43:20,064][root][INFO] - Epoch: 91, loss: 0.5917
[2026-05-28 14:43:20,135][root][INFO] - Epoch: 92, loss: 0.5891
[2026-05-28 14:43:20,206][root][INFO] - Epoch: 93, loss: 0.5868
[2026-05-28 14:43:20,277][root][INFO] - Epoch: 94, loss: 0.5849
[2026-05-28 14:43:20,348][root][INFO] - Epoch: 95, loss: 0.5822
[2026-05-28 14:43:20,418][root][INFO] - Epoch: 96, loss: 0.5803
[2026-05-28 14:43:20,490][root][INFO] - Epoch: 97, loss: 0.5779
[2026-05-28 14:43:20,560][root][INFO] - Epoch: 98, loss: 0.5758
[2026-05-28 14:43:20,631][root][INFO] - Epoch: 99, loss: 0.5748
[2026-05-28 14:43:20,702][root][INFO] - Epoch: 100, loss: 0.5723
[2026-05-28 14:43:20,774][root][INFO] - Epoch: 101, loss: 0.5695
[2026-05-28 14:43:20,844][root][INFO] - Epoch: 102, loss: 0.5676
[2026-05-28 14:43:20,915][root][INFO] - Epoch: 103, loss: 0.5657
[2026-05-28 14:43:20,986][root][INFO] - Epoch: 104, loss: 0.5636
[2026-05-28 14:43:21,057][root][INFO] - Epoch: 105, loss: 0.5625
[2026-05-28 14:43:21,128][root][INFO] - Epoch: 106, loss: 0.5597
[2026-05-28 14:43:21,199][root][INFO] - Epoch: 107, loss: 0.5580
[2026-05-28 14:43:21,270][root][INFO] - Epoch: 108, loss: 0.5560
[2026-05-28 14:43:21,340][root][INFO] - Epoch: 109, loss: 0.5547
[2026-05-28 14:43:21,411][root][INFO] - Epoch: 110, loss: 0.5540
[2026-05-28 14:43:21,482][root][INFO] - Epoch: 111, loss: 0.5519
[2026-05-28 14:43:21,553][root][INFO] - Epoch: 112, loss: 0.5495
[2026-05-28 14:43:21,623][root][INFO] - Epoch: 113, loss: 0.5477
[2026-05-28 14:43:21,694][root][INFO] - Epoch: 114, loss: 0.5465
[2026-05-28 14:43:21,765][root][INFO] - Epoch: 115, loss: 0.5445
[2026-05-28 14:43:21,835][root][INFO] - Epoch: 116, loss: 0.5445
[2026-05-28 14:43:21,905][root][INFO] - Epoch: 117, loss: 0.5453
[2026-05-28 14:43:21,975][root][INFO] - Epoch: 118, loss: 0.5405
[2026-05-28 14:43:22,046][root][INFO] - Epoch: 119, loss: 0.5397
[2026-05-28 14:43:22,117][root][INFO] - Epoch: 120, loss: 0.5384
[2026-05-28 14:43:22,187][root][INFO] - Epoch: 121, loss: 0.5368
[2026-05-28 14:43:22,258][root][INFO] - Epoch: 122, loss: 0.5349
[2026-05-28 14:43:22,329][root][INFO] - Epoch: 123, loss: 0.5334
[2026-05-28 14:43:22,399][root][INFO] - Epoch: 124, loss: 0.5327
[2026-05-28 14:43:22,472][root][INFO] - Epoch: 125, loss: 0.5312
[2026-05-28 14:43:22,543][root][INFO] - Epoch: 126, loss: 0.5295
[2026-05-28 14:43:22,613][root][INFO] - Epoch: 127, loss: 0.5289
[2026-05-28 14:43:22,684][root][INFO] - Epoch: 128, loss: 0.5272
[2026-05-28 14:43:22,754][root][INFO] - Epoch: 129, loss: 0.5260
[2026-05-28 14:43:22,825][root][INFO] - Epoch: 130, loss: 0.5249
[2026-05-28 14:43:22,896][root][INFO] - Epoch: 131, loss: 0.5229
[2026-05-28 14:43:22,966][root][INFO] - Epoch: 132, loss: 0.5212
[2026-05-28 14:43:23,037][root][INFO] - Epoch: 133, loss: 0.5208
[2026-05-28 14:43:23,107][root][INFO] - Epoch: 134, loss: 0.5199
[2026-05-28 14:43:23,178][root][INFO] - Epoch: 135, loss: 0.5185
[2026-05-28 14:43:23,249][root][INFO] - Epoch: 136, loss: 0.5176
[2026-05-28 14:43:23,321][root][INFO] - Epoch: 137, loss: 0.5159
[2026-05-28 14:43:23,393][root][INFO] - Epoch: 138, loss: 0.5153
[2026-05-28 14:43:23,467][root][INFO] - Epoch: 139, loss: 0.5132
[2026-05-28 14:43:23,538][root][INFO] - Epoch: 140, loss: 0.5122
[2026-05-28 14:43:23,609][root][INFO] - Epoch: 141, loss: 0.5113
[2026-05-28 14:43:23,680][root][INFO] - Epoch: 142, loss: 0.5099
[2026-05-28 14:43:23,751][root][INFO] - Epoch: 143, loss: 0.5096
[2026-05-28 14:43:23,824][root][INFO] - Epoch: 144, loss: 0.5081
[2026-05-28 14:43:23,897][root][INFO] - Epoch: 145, loss: 0.5071
[2026-05-28 14:43:23,969][root][INFO] - Epoch: 146, loss: 0.5060
[2026-05-28 14:43:24,041][root][INFO] - Epoch: 147, loss: 0.5057
[2026-05-28 14:43:24,114][root][INFO] - Epoch: 148, loss: 0.5044
[2026-05-28 14:43:24,187][root][INFO] - Epoch: 149, loss: 0.5038
[2026-05-28 14:43:24,260][root][INFO] - Epoch: 150, loss: 0.5024
[2026-05-28 14:43:24,332][root][INFO] - Epoch: 151, loss: 0.5016
[2026-05-28 14:43:24,404][root][INFO] - Epoch: 152, loss: 0.5009
[2026-05-28 14:43:24,476][root][INFO] - Epoch: 153, loss: 0.4991
[2026-05-28 14:43:24,548][root][INFO] - Epoch: 154, loss: 0.4988
[2026-05-28 14:43:24,619][root][INFO] - Epoch: 155, loss: 0.4974
[2026-05-28 14:43:24,692][root][INFO] - Epoch: 156, loss: 0.4967
[2026-05-28 14:43:24,764][root][INFO] - Epoch: 157, loss: 0.4961
[2026-05-28 14:43:24,836][root][INFO] - Epoch: 158, loss: 0.4951
[2026-05-28 14:43:24,908][root][INFO] - Epoch: 159, loss: 0.4942
[2026-05-28 14:43:24,981][root][INFO] - Epoch: 160, loss: 0.4942
[2026-05-28 14:43:25,053][root][INFO] - Epoch: 161, loss: 0.4925
[2026-05-28 14:43:25,125][root][INFO] - Epoch: 162, loss: 0.4918
[2026-05-28 14:43:25,197][root][INFO] - Epoch: 163, loss: 0.4904
[2026-05-28 14:43:25,270][root][INFO] - Epoch: 164, loss: 0.4917
[2026-05-28 14:43:25,343][root][INFO] - Epoch: 165, loss: 0.4902
[2026-05-28 14:43:25,416][root][INFO] - Epoch: 166, loss: 0.4882
[2026-05-28 14:43:25,488][root][INFO] - Epoch: 167, loss: 0.4883
[2026-05-28 14:43:25,562][root][INFO] - Epoch: 168, loss: 0.4860
[2026-05-28 14:43:25,634][root][INFO] - Epoch: 169, loss: 0.4860
[2026-05-28 14:43:25,706][root][INFO] - Epoch: 170, loss: 0.4859
[2026-05-28 14:43:25,777][root][INFO] - Epoch: 171, loss: 0.4850
[2026-05-28 14:43:25,849][root][INFO] - Epoch: 172, loss: 0.4835
[2026-05-28 14:43:25,921][root][INFO] - Epoch: 173, loss: 0.4833
[2026-05-28 14:43:25,992][root][INFO] - Epoch: 174, loss: 0.4812
[2026-05-28 14:43:26,066][root][INFO] - Epoch: 175, loss: 0.4800
[2026-05-28 14:43:26,139][root][INFO] - Epoch: 176, loss: 0.4797
[2026-05-28 14:43:26,210][root][INFO] - Epoch: 177, loss: 0.4783
[2026-05-28 14:43:26,283][root][INFO] - Epoch: 178, loss: 0.4780
[2026-05-28 14:43:26,354][root][INFO] - Epoch: 179, loss: 0.4781
[2026-05-28 14:43:26,426][root][INFO] - Epoch: 180, loss: 0.4767
[2026-05-28 14:43:26,497][root][INFO] - Epoch: 181, loss: 0.4764
[2026-05-28 14:43:26,569][root][INFO] - Epoch: 182, loss: 0.4739
[2026-05-28 14:43:26,641][root][INFO] - Epoch: 183, loss: 0.4752
[2026-05-28 14:43:26,713][root][INFO] - Epoch: 184, loss: 0.4719
[2026-05-28 14:43:26,784][root][INFO] - Epoch: 185, loss: 0.4750
[2026-05-28 14:43:26,856][root][INFO] - Epoch: 186, loss: 0.4723
[2026-05-28 14:43:26,928][root][INFO] - Epoch: 187, loss: 0.4709
[2026-05-28 14:43:27,002][root][INFO] - Epoch: 188, loss: 0.4717
[2026-05-28 14:43:27,073][root][INFO] - Epoch: 189, loss: 0.4697
[2026-05-28 14:43:27,144][root][INFO] - Epoch: 190, loss: 0.4685
[2026-05-28 14:43:27,217][root][INFO] - Epoch: 191, loss: 0.4680
[2026-05-28 14:43:27,288][root][INFO] - Epoch: 192, loss: 0.4660
[2026-05-28 14:43:27,359][root][INFO] - Epoch: 193, loss: 0.4658
[2026-05-28 14:43:27,432][root][INFO] - Epoch: 194, loss: 0.4640
[2026-05-28 14:43:27,505][root][INFO] - Epoch: 195, loss: 0.4647
[2026-05-28 14:43:27,577][root][INFO] - Epoch: 196, loss: 0.4629
[2026-05-28 14:43:27,649][root][INFO] - Epoch: 197, loss: 0.4628
[2026-05-28 14:43:27,722][root][INFO] - Epoch: 198, loss: 0.4626
[2026-05-28 14:43:27,795][root][INFO] - Epoch: 199, loss: 0.4634
[2026-05-28 14:43:27,867][root][INFO] - Epoch: 200, loss: 0.4604
[2026-05-28 14:43:27,901][root][INFO] - {'model_loss': '0.4604', 'recon_loss': '0.0000', 'triplet_loss': '0.4604'}
[2026-05-28 14:43:27,905][root][INFO] - Generation 42/400 - Time: 0.00 seconds
[2026-05-28 14:43:27,905][root][INFO] - {'coverage': '100.00', 'max_fitness': '-12.14', 'passive_coverage': '37.40', 'passive_max_fitness': '-12.14', 'passive_mean_fitness': '-60.30', 'passive_qd_score': '31069.77', 'qd_score': '83855.42', 'mean_fitness_top_k': '-33.92'}
[2026-05-28 14:43:28,873][root][INFO] - Generation 43/400 - Time: 0.00 seconds
[2026-05-28 14:43:28,874][root][INFO] - {'coverage': '100.00', 'max_fitness': '-12.14', 'passive_coverage': '38.48', 'passive_max_fitness': '-12.14', 'passive_mean_fitness': '-60.89', 'passive_qd_score': '31730.18', 'qd_score': '79386.55', 'mean_fitness_top_k': '-31.81'}
[2026-05-28 14:43:29,863][root][INFO] - Generation 44/400 - Time: 0.00 seconds
[2026-05-28 14:43:29,864][root][INFO] - {'coverage': '100.00', 'max_fitness': '-12.14', 'passive_coverage': '39.36', 'passive_max_fitness': '-12.14', 'passive_mean_fitness': '-61.25', 'passive_qd_score': '32308.38', 'qd_score': '78707.97', 'mean_fitness_top_k': '-32.99'}
[2026-05-28 14:43:30,879][root][INFO] - Generation 45/400 - Time: 0.00 seconds
[2026-05-28 14:43:30,880][root][INFO] - {'coverage': '100.00', 'max_fitness': '-12.14', 'passive_coverage': '39.65', 'passive_max_fitness': '-12.14', 'passive_mean_fitness': '-61.31', 'passive_qd_score': '32527.00', 'qd_score': '78726.04', 'mean_fitness_top_k': '-33.85'}
[2026-05-28 14:43:31,864][root][INFO] - Generation 46/400 - Time: 0.00 seconds
[2026-05-28 14:43:31,865][root][INFO] - {'coverage': '100.00', 'max_fitness': '-12.14', 'passive_coverage': '40.23', 'passive_max_fitness': '-12.14', 'passive_mean_fitness': '-61.43', 'passive_qd_score': '32955.81', 'qd_score': '78554.48', 'mean_fitness_top_k': '-33.84'}
[2026-05-28 14:43:32,877][root][INFO] - Generation 47/400 - Time: 0.00 seconds
[2026-05-28 14:43:32,877][root][INFO] - {'coverage': '100.00', 'max_fitness': '-12.14', 'passive_coverage': '40.82', 'passive_max_fitness': '-12.14', 'passive_mean_fitness': '-61.43', 'passive_qd_score': '33434.69', 'qd_score': '78635.30', 'mean_fitness_top_k': '-34.59'}
[2026-05-28 14:43:32,879][root][INFO] - Saving snapshot to runs/20260528_144015_kheperax_seed13/plots/latent_generation_235_5_gens_after_ext_gen210.png
[2026-05-28 14:43:35,350][root][INFO] - Generation 48/400 - Time: 0.00 seconds
[2026-05-28 14:43:35,351][root][INFO] - {'coverage': '100.00', 'max_fitness': '-12.14', 'passive_coverage': '41.21', 'passive_max_fitness': '-12.14', 'passive_mean_fitness': '-61.41', 'passive_qd_score': '33764.72', 'qd_score': '78453.45', 'mean_fitness_top_k': '-35.82'}
[2026-05-28 14:43:36,317][root][INFO] - Generation 49/400 - Time: 0.00 seconds
[2026-05-28 14:43:36,318][root][INFO] - {'coverage': '100.00', 'max_fitness': '-12.14', 'passive_coverage': '41.50', 'passive_max_fitness': '-12.14', 'passive_mean_fitness': '-61.28', 'passive_qd_score': '34059.97', 'qd_score': '78161.81', 'mean_fitness_top_k': '-36.72'}
[2026-05-28 14:43:37,336][root][INFO] - Generation 50/400 - Time: 0.00 seconds
[2026-05-28 14:43:37,337][root][INFO] - {'coverage': '100.00', 'max_fitness': '-12.14', 'passive_coverage': '41.60', 'passive_max_fitness': '-12.14', 'passive_mean_fitness': '-61.36', 'passive_qd_score': '34104.65', 'qd_score': '78271.12', 'mean_fitness_top_k': '-37.19'}
[2026-05-28 14:43:38,309][root][INFO] - Generation 51/400 - Time: 0.00 seconds
[2026-05-28 14:43:38,310][root][INFO] - {'coverage': '100.00', 'max_fitness': '-12.14', 'passive_coverage': '41.70', 'passive_max_fitness': '-12.14', 'passive_mean_fitness': '-61.40', 'passive_qd_score': '34170.71', 'qd_score': '78542.58', 'mean_fitness_top_k': '-37.67'}
[2026-05-28 14:43:39,280][root][INFO] - Generation 52/400 - Time: 0.00 seconds
[2026-05-28 14:43:39,281][root][INFO] - {'coverage': '100.00', 'max_fitness': '-12.14', 'passive_coverage': '41.80', 'passive_max_fitness': '-12.14', 'passive_mean_fitness': '-61.45', 'passive_qd_score': '34227.02', 'qd_score': '78966.02', 'mean_fitness_top_k': '-37.26'}
[2026-05-28 14:43:40,270][root][INFO] - Generation 53/400 - Time: 0.00 seconds
[2026-05-28 14:43:40,271][root][INFO] - {'coverage': '100.00', 'max_fitness': '-12.14', 'passive_coverage': '41.89', 'passive_max_fitness': '-12.14', 'passive_mean_fitness': '-61.43', 'passive_qd_score': '34315.32', 'qd_score': '79706.77', 'mean_fitness_top_k': '-37.00'}
[2026-05-28 14:43:41,255][root][INFO] - Generation 54/400 - Time: 0.00 seconds
[2026-05-28 14:43:41,256][root][INFO] - {'coverage': '100.00', 'max_fitness': '-12.14', 'passive_coverage': '41.89', 'passive_max_fitness': '-12.14', 'passive_mean_fitness': '-61.43', 'passive_qd_score': '34315.32', 'qd_score': '79777.45', 'mean_fitness_top_k': '-37.59'}
[2026-05-28 14:43:42,229][root][INFO] - Generation 55/400 - Time: 0.00 seconds
[2026-05-28 14:43:42,230][root][INFO] - {'coverage': '100.00', 'max_fitness': '-12.14', 'passive_coverage': '41.89', 'passive_max_fitness': '-12.14', 'passive_mean_fitness': '-61.43', 'passive_qd_score': '34317.74', 'qd_score': '80234.59', 'mean_fitness_top_k': '-37.15'}
[2026-05-28 14:43:43,200][root][INFO] - Updating AE...
[2026-05-28 14:43:43,942][root][INFO] - Epoch: 1, loss: 202.2688
[2026-05-28 14:43:44,016][root][INFO] - Epoch: 2, loss: 190.0621
[2026-05-28 14:43:44,089][root][INFO] - Epoch: 3, loss: 187.6117
[2026-05-28 14:43:44,161][root][INFO] - Epoch: 4, loss: 184.9981
[2026-05-28 14:43:44,234][root][INFO] - Epoch: 5, loss: 182.8560
[2026-05-28 14:43:44,305][root][INFO] - Epoch: 6, loss: 180.2576
[2026-05-28 14:43:44,376][root][INFO] - Epoch: 7, loss: 178.2988
[2026-05-28 14:43:44,448][root][INFO] - Epoch: 8, loss: 176.1677
[2026-05-28 14:43:44,521][root][INFO] - Epoch: 9, loss: 173.1257
[2026-05-28 14:43:44,593][root][INFO] - Epoch: 10, loss: 172.9906
[2026-05-28 14:43:44,665][root][INFO] - Epoch: 11, loss: 168.1546
[2026-05-28 14:43:44,737][root][INFO] - Epoch: 12, loss: 165.6053
[2026-05-28 14:43:44,809][root][INFO] - Epoch: 13, loss: 162.3542
[2026-05-28 14:43:44,882][root][INFO] - Epoch: 14, loss: 161.6208
[2026-05-28 14:43:44,953][root][INFO] - Epoch: 15, loss: 159.8906
[2026-05-28 14:43:45,024][root][INFO] - Epoch: 16, loss: 158.3644
[2026-05-28 14:43:45,096][root][INFO] - Epoch: 17, loss: 156.6525
[2026-05-28 14:43:45,168][root][INFO] - Epoch: 18, loss: 156.3516
[2026-05-28 14:43:45,240][root][INFO] - Epoch: 19, loss: 154.9658
[2026-05-28 14:43:45,311][root][INFO] - Epoch: 20, loss: 154.3846
[2026-05-28 14:43:45,384][root][INFO] - Epoch: 21, loss: 152.9766
[2026-05-28 14:43:45,456][root][INFO] - Epoch: 22, loss: 151.3486
[2026-05-28 14:43:45,527][root][INFO] - Epoch: 23, loss: 150.3982
[2026-05-28 14:43:45,599][root][INFO] - Epoch: 24, loss: 150.3318
[2026-05-28 14:43:45,671][root][INFO] - Epoch: 25, loss: 149.1632
[2026-05-28 14:43:45,742][root][INFO] - Epoch: 26, loss: 147.7458
[2026-05-28 14:43:45,815][root][INFO] - Epoch: 27, loss: 148.1054
[2026-05-28 14:43:45,888][root][INFO] - Epoch: 28, loss: 150.5421
[2026-05-28 14:43:45,961][root][INFO] - Epoch: 29, loss: 148.5089
[2026-05-28 14:43:46,032][root][INFO] - Epoch: 30, loss: 147.2125
[2026-05-28 14:43:46,103][root][INFO] - Epoch: 31, loss: 144.6024
[2026-05-28 14:43:46,176][root][INFO] - Epoch: 32, loss: 143.8643
[2026-05-28 14:43:46,249][root][INFO] - Epoch: 33, loss: 142.6832
[2026-05-28 14:43:46,321][root][INFO] - Epoch: 34, loss: 142.0718
[2026-05-28 14:43:46,392][root][INFO] - Epoch: 35, loss: 150.4376
[2026-05-28 14:43:46,466][root][INFO] - Epoch: 36, loss: 150.0028
[2026-05-28 14:43:46,538][root][INFO] - Epoch: 37, loss: 148.6223
[2026-05-28 14:43:46,609][root][INFO] - Epoch: 38, loss: 142.9522
[2026-05-28 14:43:46,682][root][INFO] - Epoch: 39, loss: 138.4326
[2026-05-28 14:43:46,754][root][INFO] - Epoch: 40, loss: 136.5843
[2026-05-28 14:43:46,826][root][INFO] - Epoch: 41, loss: 132.5178
[2026-05-28 14:43:46,897][root][INFO] - Epoch: 42, loss: 130.7260
[2026-05-28 14:43:46,969][root][INFO] - Epoch: 43, loss: 128.1890
[2026-05-28 14:43:47,042][root][INFO] - Epoch: 44, loss: 127.5066
[2026-05-28 14:43:47,115][root][INFO] - Epoch: 45, loss: 125.7632
[2026-05-28 14:43:47,187][root][INFO] - Epoch: 46, loss: 124.9856
[2026-05-28 14:43:47,259][root][INFO] - Epoch: 47, loss: 123.3283
[2026-05-28 14:43:47,331][root][INFO] - Epoch: 48, loss: 121.2348
[2026-05-28 14:43:47,403][root][INFO] - Epoch: 49, loss: 121.4084
[2026-05-28 14:43:47,475][root][INFO] - Epoch: 50, loss: 121.8525
[2026-05-28 14:43:47,548][root][INFO] - Epoch: 51, loss: 119.6633
[2026-05-28 14:43:47,621][root][INFO] - Epoch: 52, loss: 118.8743
[2026-05-28 14:43:47,693][root][INFO] - Epoch: 53, loss: 119.0785
[2026-05-28 14:43:47,764][root][INFO] - Epoch: 54, loss: 118.4818
[2026-05-28 14:43:47,835][root][INFO] - Epoch: 55, loss: 117.6305
[2026-05-28 14:43:47,906][root][INFO] - Epoch: 56, loss: 117.8674
[2026-05-28 14:43:47,978][root][INFO] - Epoch: 57, loss: 117.1245
[2026-05-28 14:43:48,050][root][INFO] - Epoch: 58, loss: 124.9067
[2026-05-28 14:43:48,122][root][INFO] - Epoch: 59, loss: 131.4704
[2026-05-28 14:43:48,193][root][INFO] - Epoch: 60, loss: 123.2985
[2026-05-28 14:43:48,265][root][INFO] - Epoch: 61, loss: 117.9017
[2026-05-28 14:43:48,337][root][INFO] - Epoch: 62, loss: 118.7774
[2026-05-28 14:43:48,410][root][INFO] - Epoch: 63, loss: 115.1254
[2026-05-28 14:43:48,483][root][INFO] - Epoch: 64, loss: 118.6342
[2026-05-28 14:43:48,556][root][INFO] - Epoch: 65, loss: 120.8568
[2026-05-28 14:43:48,628][root][INFO] - Epoch: 66, loss: 116.8772
[2026-05-28 14:43:48,699][root][INFO] - Epoch: 67, loss: 112.6987
[2026-05-28 14:43:48,769][root][INFO] - Epoch: 68, loss: 121.4405
[2026-05-28 14:43:48,841][root][INFO] - Epoch: 69, loss: 134.8221
[2026-05-28 14:43:48,913][root][INFO] - Epoch: 70, loss: 132.7756
[2026-05-28 14:43:48,983][root][INFO] - Epoch: 71, loss: 128.7424
[2026-05-28 14:43:49,054][root][INFO] - Epoch: 72, loss: 125.4359
[2026-05-28 14:43:49,125][root][INFO] - Epoch: 73, loss: 158.2876
[2026-05-28 14:43:49,197][root][INFO] - Epoch: 74, loss: 145.0318
[2026-05-28 14:43:49,269][root][INFO] - Epoch: 75, loss: 145.2115
[2026-05-28 14:43:49,341][root][INFO] - Epoch: 76, loss: 143.5754
[2026-05-28 14:43:49,415][root][INFO] - Epoch: 77, loss: 139.3329
[2026-05-28 14:43:49,488][root][INFO] - Epoch: 78, loss: 135.0165
[2026-05-28 14:43:49,488][root][INFO] - Early stopping at epoch: 77
[2026-05-28 14:43:49,527][root][INFO] - {'model_loss': '135.0165', 'recon_loss': '0.0000', 'triplet_loss': '135.0165'}
[2026-05-28 14:43:49,532][root][INFO] - Extinction event (pre-encoder)...
[2026-05-28 14:43:49,532][root][INFO] - Saving snapshot to runs/20260528_144015_kheperax_seed13/plots/latent_generation_280_before_ext.png
[2026-05-28 14:43:50,984][root][INFO] - Saving snapshot to runs/20260528_144015_kheperax_seed13/plots/latent_generation_280_after_ext.png
[2026-05-28 14:43:52,288][root][INFO] - Updating AE...
[2026-05-28 14:43:53,051][root][INFO] - Epoch: 1, loss: 303.3722
[2026-05-28 14:43:53,124][root][INFO] - Epoch: 2, loss: 97.3076
[2026-05-28 14:43:53,197][root][INFO] - Epoch: 3, loss: 71.9413
[2026-05-28 14:43:53,270][root][INFO] - Epoch: 4, loss: 68.6043
[2026-05-28 14:43:53,341][root][INFO] - Epoch: 5, loss: 67.1257
[2026-05-28 14:43:53,412][root][INFO] - Epoch: 6, loss: 66.2517
[2026-05-28 14:43:53,483][root][INFO] - Epoch: 7, loss: 65.6565
[2026-05-28 14:43:53,554][root][INFO] - Epoch: 8, loss: 65.2097
[2026-05-28 14:43:53,627][root][INFO] - Epoch: 9, loss: 64.8923
[2026-05-28 14:43:53,699][root][INFO] - Epoch: 10, loss: 64.5552
[2026-05-28 14:43:53,771][root][INFO] - Epoch: 11, loss: 64.2280
[2026-05-28 14:43:53,842][root][INFO] - Epoch: 12, loss: 63.9834
[2026-05-28 14:43:53,913][root][INFO] - Epoch: 13, loss: 63.6135
[2026-05-28 14:43:53,984][root][INFO] - Epoch: 14, loss: 63.2265
[2026-05-28 14:43:54,055][root][INFO] - Epoch: 15, loss: 62.9331
[2026-05-28 14:43:54,126][root][INFO] - Epoch: 16, loss: 62.5088
[2026-05-28 14:43:54,197][root][INFO] - Epoch: 17, loss: 62.2346
[2026-05-28 14:43:54,269][root][INFO] - Epoch: 18, loss: 61.8075
[2026-05-28 14:43:54,339][root][INFO] - Epoch: 19, loss: 61.3484
[2026-05-28 14:43:54,412][root][INFO] - Epoch: 20, loss: 61.1155
[2026-05-28 14:43:54,483][root][INFO] - Epoch: 21, loss: 60.6569
[2026-05-28 14:43:54,555][root][INFO] - Epoch: 22, loss: 69.2563
[2026-05-28 14:43:54,625][root][INFO] - Epoch: 23, loss: 65.6639
[2026-05-28 14:43:54,696][root][INFO] - Epoch: 24, loss: 138.0338
[2026-05-28 14:43:54,768][root][INFO] - Epoch: 25, loss: 1126.7571
[2026-05-28 14:43:54,839][root][INFO] - Epoch: 26, loss: 644.8040
[2026-05-28 14:43:54,912][root][INFO] - Epoch: 27, loss: 464.2562
[2026-05-28 14:43:54,983][root][INFO] - Epoch: 28, loss: 460.5115
[2026-05-28 14:43:55,055][root][INFO] - Epoch: 29, loss: 430.9267
[2026-05-28 14:43:55,128][root][INFO] - Epoch: 30, loss: 392.9395
[2026-05-28 14:43:55,200][root][INFO] - Epoch: 31, loss: 360.9027
[2026-05-28 14:43:55,272][root][INFO] - Epoch: 32, loss: 331.8932
[2026-05-28 14:43:55,273][root][INFO] - Early stopping at epoch: 31
[2026-05-28 14:43:55,301][root][INFO] - {'model_loss': '331.8932', 'recon_loss': '0.0000', 'triplet_loss': '331.8932'}
[2026-05-28 14:43:55,304][root][INFO] - Generation 56/400 - Time: 0.00 seconds
[2026-05-28 14:43:55,305][root][INFO] - {'coverage': '100.00', 'max_fitness': '-12.14', 'passive_coverage': '41.99', 'passive_max_fitness': '-12.14', 'passive_mean_fitness': '-61.41', 'passive_qd_score': '34404.61', 'qd_score': '80034.42', 'mean_fitness_top_k': '-37.67'}
[2026-05-28 14:43:56,212][root][INFO] - Generation 57/400 - Time: 0.00 seconds
[2026-05-28 14:43:56,212][root][INFO] - {'coverage': '100.00', 'max_fitness': '-12.14', 'passive_coverage': '42.68', 'passive_max_fitness': '-12.14', 'passive_mean_fitness': '-61.70', 'passive_qd_score': '34837.68', 'qd_score': '85133.70', 'mean_fitness_top_k': '-23.42'}
[2026-05-28 14:43:57,151][root][INFO] - Generation 58/400 - Time: 0.00 seconds
[2026-05-28 14:43:57,151][root][INFO] - {'coverage': '100.00', 'max_fitness': '-12.14', 'passive_coverage': '43.16', 'passive_max_fitness': '-12.14', 'passive_mean_fitness': '-61.81', 'passive_qd_score': '35189.97', 'qd_score': '85114.45', 'mean_fitness_top_k': '-23.37'}
[2026-05-28 14:43:58,121][root][INFO] - Generation 59/400 - Time: 0.00 seconds
[2026-05-28 14:43:58,122][root][INFO] - {'coverage': '100.00', 'max_fitness': '-12.14', 'passive_coverage': '43.46', 'passive_max_fitness': '-12.14', 'passive_mean_fitness': '-61.88', 'passive_qd_score': '35393.73', 'qd_score': '86547.41', 'mean_fitness_top_k': '-22.10'}
[2026-05-28 14:43:59,095][root][INFO] - Generation 60/400 - Time: 0.00 seconds
[2026-05-28 14:43:59,096][root][INFO] - {'coverage': '100.00', 'max_fitness': '-12.14', 'passive_coverage': '44.04', 'passive_max_fitness': '-12.14', 'passive_mean_fitness': '-62.07', 'passive_qd_score': '35788.77', 'qd_score': '87240.01', 'mean_fitness_top_k': '-21.97'}
[2026-05-28 14:44:00,072][root][INFO] - Generation 61/400 - Time: 0.00 seconds
[2026-05-28 14:44:00,073][root][INFO] - {'coverage': '100.00', 'max_fitness': '-12.14', 'passive_coverage': '44.43', 'passive_max_fitness': '-12.14', 'passive_mean_fitness': '-62.01', 'passive_qd_score': '36133.61', 'qd_score': '87941.29', 'mean_fitness_top_k': '-21.77'}
[2026-05-28 14:44:00,075][root][INFO] - Saving snapshot to runs/20260528_144015_kheperax_seed13/plots/latent_generation_305_5_gens_after_ext_gen280.png
[2026-05-28 14:44:02,536][root][INFO] - Generation 62/400 - Time: 0.00 seconds
[2026-05-28 14:44:02,537][root][INFO] - {'coverage': '100.00', 'max_fitness': '-12.14', 'passive_coverage': '44.73', 'passive_max_fitness': '-12.14', 'passive_mean_fitness': '-62.25', 'passive_qd_score': '36260.02', 'qd_score': '87732.32', 'mean_fitness_top_k': '-21.96'}
[2026-05-28 14:44:03,507][root][INFO] - Generation 63/400 - Time: 0.00 seconds
[2026-05-28 14:44:03,507][root][INFO] - {'coverage': '100.00', 'max_fitness': '-12.14', 'passive_coverage': '45.02', 'passive_max_fitness': '-12.14', 'passive_mean_fitness': '-62.26', 'passive_qd_score': '36493.79', 'qd_score': '87977.06', 'mean_fitness_top_k': '-21.81'}
[2026-05-28 14:44:04,646][root][INFO] - Generation 64/400 - Time: 0.18 seconds
[2026-05-28 14:44:04,647][root][INFO] - {'coverage': '100.00', 'max_fitness': '-12.14', 'passive_coverage': '45.41', 'passive_max_fitness': '-12.14', 'passive_mean_fitness': '-62.24', 'passive_qd_score': '36820.50', 'qd_score': '88503.50', 'mean_fitness_top_k': '-21.23'}
[2026-05-28 14:44:05,617][root][INFO] - Generation 65/400 - Time: 0.00 seconds
[2026-05-28 14:44:05,618][root][INFO] - {'coverage': '100.00', 'max_fitness': '-12.14', 'passive_coverage': '45.61', 'passive_max_fitness': '-12.14', 'passive_mean_fitness': '-62.32', 'passive_qd_score': '36938.19', 'qd_score': '88381.76', 'mean_fitness_top_k': '-21.31'}
[2026-05-28 14:44:06,591][root][INFO] - Generation 66/400 - Time: 0.00 seconds
[2026-05-28 14:44:06,592][root][INFO] - {'coverage': '100.00', 'max_fitness': '-12.14', 'passive_coverage': '45.70', 'passive_max_fitness': '-12.14', 'passive_mean_fitness': '-62.31', 'passive_qd_score': '37025.19', 'qd_score': '88655.27', 'mean_fitness_top_k': '-20.40'}
[2026-05-28 14:44:07,566][root][INFO] - Generation 67/400 - Time: 0.00 seconds
[2026-05-28 14:44:07,567][root][INFO] - {'coverage': '100.00', 'max_fitness': '-12.14', 'passive_coverage': '46.00', 'passive_max_fitness': '-12.14', 'passive_mean_fitness': '-62.33', 'passive_qd_score': '37251.43', 'qd_score': '88755.52', 'mean_fitness_top_k': '-20.43'}
[2026-05-28 14:44:08,547][root][INFO] - Generation 68/400 - Time: 0.00 seconds
[2026-05-28 14:44:08,548][root][INFO] - {'coverage': '100.00', 'max_fitness': '-12.14', 'passive_coverage': '46.09', 'passive_max_fitness': '-12.14', 'passive_mean_fitness': '-62.39', 'passive_qd_score': '37301.73', 'qd_score': '88995.45', 'mean_fitness_top_k': '-20.46'}
[2026-05-28 14:44:09,524][root][INFO] - Generation 69/400 - Time: 0.00 seconds
[2026-05-28 14:44:09,525][root][INFO] - {'coverage': '100.00', 'max_fitness': '-12.14', 'passive_coverage': '46.29', 'passive_max_fitness': '-12.14', 'passive_mean_fitness': '-62.38', 'passive_qd_score': '37463.49', 'qd_score': '89842.45', 'mean_fitness_top_k': '-19.50'}
[2026-05-28 14:44:10,499][root][INFO] - Generation 70/400 - Time: 0.00 seconds
[2026-05-28 14:44:10,500][root][INFO] - {'coverage': '100.00', 'max_fitness': '-12.14', 'passive_coverage': '46.39', 'passive_max_fitness': '-12.14', 'passive_mean_fitness': '-62.43', 'passive_qd_score': '37518.77', 'qd_score': '89937.50', 'mean_fitness_top_k': '-19.83'}
[2026-05-28 14:44:11,470][root][INFO] - Generation 71/400 - Time: 0.00 seconds
[2026-05-28 14:44:11,471][root][INFO] - {'coverage': '100.00', 'max_fitness': '-12.14', 'passive_coverage': '46.48', 'passive_max_fitness': '-12.14', 'passive_mean_fitness': '-62.50', 'passive_qd_score': '37564.23', 'qd_score': '89958.44', 'mean_fitness_top_k': '-20.11'}
[2026-05-28 14:44:12,440][root][INFO] - Updating AE...
[2026-05-28 14:44:13,187][root][INFO] - Epoch: 1, loss: 371.0090
[2026-05-28 14:44:13,260][root][INFO] - Epoch: 2, loss: 277.7079
[2026-05-28 14:44:13,332][root][INFO] - Epoch: 3, loss: 275.9407
[2026-05-28 14:44:13,405][root][INFO] - Epoch: 4, loss: 273.7426
[2026-05-28 14:44:13,476][root][INFO] - Epoch: 5, loss: 271.8814
[2026-05-28 14:44:13,546][root][INFO] - Epoch: 6, loss: 270.5102
[2026-05-28 14:44:13,617][root][INFO] - Epoch: 7, loss: 268.5632
[2026-05-28 14:44:13,687][root][INFO] - Epoch: 8, loss: 266.9830
[2026-05-28 14:44:13,758][root][INFO] - Epoch: 9, loss: 265.7587
[2026-05-28 14:44:13,828][root][INFO] - Epoch: 10, loss: 263.6784
[2026-05-28 14:44:13,899][root][INFO] - Epoch: 11, loss: 261.9273
[2026-05-28 14:44:13,969][root][INFO] - Epoch: 12, loss: 258.6666
[2026-05-28 14:44:14,040][root][INFO] - Epoch: 13, loss: 257.1947
[2026-05-28 14:44:14,110][root][INFO] - Epoch: 14, loss: 253.5750
[2026-05-28 14:44:14,181][root][INFO] - Epoch: 15, loss: 250.1461
[2026-05-28 14:44:14,251][root][INFO] - Epoch: 16, loss: 248.6657
[2026-05-28 14:44:14,321][root][INFO] - Epoch: 17, loss: 247.2600
[2026-05-28 14:44:14,391][root][INFO] - Epoch: 18, loss: 250.6740
[2026-05-28 14:44:14,462][root][INFO] - Epoch: 19, loss: 249.4464
[2026-05-28 14:44:14,532][root][INFO] - Epoch: 20, loss: 245.5997
[2026-05-28 14:44:14,602][root][INFO] - Epoch: 21, loss: 244.0649
[2026-05-28 14:44:14,673][root][INFO] - Epoch: 22, loss: 242.6319
[2026-05-28 14:44:14,744][root][INFO] - Epoch: 23, loss: 239.3397
[2026-05-28 14:44:14,814][root][INFO] - Epoch: 24, loss: 237.3174
[2026-05-28 14:44:14,885][root][INFO] - Epoch: 25, loss: 237.9541
[2026-05-28 14:44:14,955][root][INFO] - Epoch: 26, loss: 238.7248
[2026-05-28 14:44:15,026][root][INFO] - Epoch: 27, loss: 237.7626
[2026-05-28 14:44:15,096][root][INFO] - Epoch: 28, loss: 234.1349
[2026-05-28 14:44:15,167][root][INFO] - Epoch: 29, loss: 230.4762
[2026-05-28 14:44:15,238][root][INFO] - Epoch: 30, loss: 228.3388
[2026-05-28 14:44:15,308][root][INFO] - Epoch: 31, loss: 225.6962
[2026-05-28 14:44:15,379][root][INFO] - Epoch: 32, loss: 224.7283
[2026-05-28 14:44:15,449][root][INFO] - Epoch: 33, loss: 223.1759
[2026-05-28 14:44:15,519][root][INFO] - Epoch: 34, loss: 223.2875
[2026-05-28 14:44:15,590][root][INFO] - Epoch: 35, loss: 226.1929
[2026-05-28 14:44:15,660][root][INFO] - Epoch: 36, loss: 218.4094
[2026-05-28 14:44:15,730][root][INFO] - Epoch: 37, loss: 226.3137
[2026-05-28 14:44:15,801][root][INFO] - Epoch: 38, loss: 229.8487
[2026-05-28 14:44:15,873][root][INFO] - Epoch: 39, loss: 226.3221
[2026-05-28 14:44:15,944][root][INFO] - Epoch: 40, loss: 219.0144
[2026-05-28 14:44:16,015][root][INFO] - Epoch: 41, loss: 218.5488
[2026-05-28 14:44:16,086][root][INFO] - Epoch: 42, loss: 215.3505
[2026-05-28 14:44:16,157][root][INFO] - Epoch: 43, loss: 212.8811
[2026-05-28 14:44:16,230][root][INFO] - Epoch: 44, loss: 210.8070
[2026-05-28 14:44:16,303][root][INFO] - Epoch: 45, loss: 208.4705
[2026-05-28 14:44:16,373][root][INFO] - Epoch: 46, loss: 208.4014
[2026-05-28 14:44:16,444][root][INFO] - Epoch: 47, loss: 212.0988
[2026-05-28 14:44:16,515][root][INFO] - Epoch: 48, loss: 207.9878
[2026-05-28 14:44:16,586][root][INFO] - Epoch: 49, loss: 206.2970
[2026-05-28 14:44:16,656][root][INFO] - Epoch: 50, loss: 204.9309
[2026-05-28 14:44:16,727][root][INFO] - Epoch: 51, loss: 203.2051
[2026-05-28 14:44:16,798][root][INFO] - Epoch: 52, loss: 203.6592
[2026-05-28 14:44:16,869][root][INFO] - Epoch: 53, loss: 201.1400
[2026-05-28 14:44:16,940][root][INFO] - Epoch: 54, loss: 198.9890
[2026-05-28 14:44:17,011][root][INFO] - Epoch: 55, loss: 198.6762
[2026-05-28 14:44:17,083][root][INFO] - Epoch: 56, loss: 198.3508
[2026-05-28 14:44:17,156][root][INFO] - Epoch: 57, loss: 197.5698
[2026-05-28 14:44:17,229][root][INFO] - Epoch: 58, loss: 198.2304
[2026-05-28 14:44:17,301][root][INFO] - Epoch: 59, loss: 195.3194
[2026-05-28 14:44:17,372][root][INFO] - Epoch: 60, loss: 199.2959
[2026-05-28 14:44:17,444][root][INFO] - Epoch: 61, loss: 194.3901
[2026-05-28 14:44:17,514][root][INFO] - Epoch: 62, loss: 195.7782
[2026-05-28 14:44:17,586][root][INFO] - Epoch: 63, loss: 199.1067
[2026-05-28 14:44:17,658][root][INFO] - Epoch: 64, loss: 193.7980
[2026-05-28 14:44:17,730][root][INFO] - Epoch: 65, loss: 192.1929
[2026-05-28 14:44:17,802][root][INFO] - Epoch: 66, loss: 191.7310
[2026-05-28 14:44:17,874][root][INFO] - Epoch: 67, loss: 189.4095
[2026-05-28 14:44:17,947][root][INFO] - Epoch: 68, loss: 190.0789
[2026-05-28 14:44:18,020][root][INFO] - Epoch: 69, loss: 185.7854
[2026-05-28 14:44:18,091][root][INFO] - Epoch: 70, loss: 187.4432
[2026-05-28 14:44:18,162][root][INFO] - Epoch: 71, loss: 186.3929
[2026-05-28 14:44:18,234][root][INFO] - Epoch: 72, loss: 190.4537
[2026-05-28 14:44:18,306][root][INFO] - Epoch: 73, loss: 186.6952
[2026-05-28 14:44:18,379][root][INFO] - Epoch: 74, loss: 188.1799
[2026-05-28 14:44:18,451][root][INFO] - Epoch: 75, loss: 181.1465
[2026-05-28 14:44:18,525][root][INFO] - Epoch: 76, loss: 180.3062
[2026-05-28 14:44:18,597][root][INFO] - Epoch: 77, loss: 180.4032
[2026-05-28 14:44:18,670][root][INFO] - Epoch: 78, loss: 178.6649
[2026-05-28 14:44:18,742][root][INFO] - Epoch: 79, loss: 179.9525
[2026-05-28 14:44:18,814][root][INFO] - Epoch: 80, loss: 176.9311
[2026-05-28 14:44:18,885][root][INFO] - Epoch: 81, loss: 176.3404
[2026-05-28 14:44:18,956][root][INFO] - Epoch: 82, loss: 174.3779
[2026-05-28 14:44:19,029][root][INFO] - Epoch: 83, loss: 175.6750
[2026-05-28 14:44:19,102][root][INFO] - Epoch: 84, loss: 171.5343
[2026-05-28 14:44:19,174][root][INFO] - Epoch: 85, loss: 178.9480
[2026-05-28 14:44:19,245][root][INFO] - Epoch: 86, loss: 178.1319
[2026-05-28 14:44:19,318][root][INFO] - Epoch: 87, loss: 177.1182
[2026-05-28 14:44:19,391][root][INFO] - Epoch: 88, loss: 175.6640
[2026-05-28 14:44:19,463][root][INFO] - Epoch: 89, loss: 171.9712
[2026-05-28 14:44:19,534][root][INFO] - Epoch: 90, loss: 167.3937
[2026-05-28 14:44:19,606][root][INFO] - Epoch: 91, loss: 166.9820
[2026-05-28 14:44:19,678][root][INFO] - Epoch: 92, loss: 166.3225
[2026-05-28 14:44:19,750][root][INFO] - Epoch: 93, loss: 166.9126
[2026-05-28 14:44:19,823][root][INFO] - Epoch: 94, loss: 165.8903
[2026-05-28 14:44:19,894][root][INFO] - Epoch: 95, loss: 160.8277
[2026-05-28 14:44:19,966][root][INFO] - Epoch: 96, loss: 159.9453
[2026-05-28 14:44:20,038][root][INFO] - Epoch: 97, loss: 158.7205
[2026-05-28 14:44:20,110][root][INFO] - Epoch: 98, loss: 155.8305
[2026-05-28 14:44:20,181][root][INFO] - Epoch: 99, loss: 153.5064
[2026-05-28 14:44:20,253][root][INFO] - Epoch: 100, loss: 161.2785
[2026-05-28 14:44:20,325][root][INFO] - Epoch: 101, loss: 161.2460
[2026-05-28 14:44:20,396][root][INFO] - Epoch: 102, loss: 156.5494
[2026-05-28 14:44:20,467][root][INFO] - Epoch: 103, loss: 153.6032
[2026-05-28 14:44:20,539][root][INFO] - Epoch: 104, loss: 155.1534
[2026-05-28 14:44:20,611][root][INFO] - Epoch: 105, loss: 150.9265
[2026-05-28 14:44:20,683][root][INFO] - Epoch: 106, loss: 150.8660
[2026-05-28 14:44:20,755][root][INFO] - Epoch: 107, loss: 148.8230
[2026-05-28 14:44:20,828][root][INFO] - Epoch: 108, loss: 147.9623
[2026-05-28 14:44:20,900][root][INFO] - Epoch: 109, loss: 149.2036
[2026-05-28 14:44:20,971][root][INFO] - Epoch: 110, loss: 147.2708
[2026-05-28 14:44:21,043][root][INFO] - Epoch: 111, loss: 143.0493
[2026-05-28 14:44:21,114][root][INFO] - Epoch: 112, loss: 142.0805
[2026-05-28 14:44:21,184][root][INFO] - Epoch: 113, loss: 144.1470
[2026-05-28 14:44:21,255][root][INFO] - Epoch: 114, loss: 143.7138
[2026-05-28 14:44:21,326][root][INFO] - Epoch: 115, loss: 230.4462
[2026-05-28 14:44:21,397][root][INFO] - Epoch: 116, loss: 215.2088
[2026-05-28 14:44:21,468][root][INFO] - Epoch: 117, loss: 216.1172
[2026-05-28 14:44:21,539][root][INFO] - Epoch: 118, loss: 205.9583
[2026-05-28 14:44:21,609][root][INFO] - Epoch: 119, loss: 199.8013
[2026-05-28 14:44:21,680][root][INFO] - Epoch: 120, loss: 192.3223
[2026-05-28 14:44:21,751][root][INFO] - Epoch: 121, loss: 186.1380
[2026-05-28 14:44:21,822][root][INFO] - Epoch: 122, loss: 179.2952
[2026-05-28 14:44:21,892][root][INFO] - Epoch: 123, loss: 171.9760
[2026-05-28 14:44:21,892][root][INFO] - Early stopping at epoch: 122
[2026-05-28 14:44:21,936][root][INFO] - {'model_loss': '171.9760', 'recon_loss': '0.0000', 'triplet_loss': '171.9760'}
[2026-05-28 14:44:21,940][root][INFO] - Extinction event (pre-encoder)...
[2026-05-28 14:44:21,941][root][INFO] - Saving snapshot to runs/20260528_144015_kheperax_seed13/plots/latent_generation_360_before_ext.png
[2026-05-28 14:44:23,308][root][INFO] - Saving snapshot to runs/20260528_144015_kheperax_seed13/plots/latent_generation_360_after_ext.png
[2026-05-28 14:44:24,658][root][INFO] - Updating AE...
[2026-05-28 14:44:25,404][root][INFO] - Epoch: 1, loss: 95.8141
[2026-05-28 14:44:25,477][root][INFO] - Epoch: 2, loss: 28.5224
[2026-05-28 14:44:25,550][root][INFO] - Epoch: 3, loss: 16.4510
[2026-05-28 14:44:25,622][root][INFO] - Epoch: 4, loss: 12.4667
[2026-05-28 14:44:25,695][root][INFO] - Epoch: 5, loss: 10.4360
[2026-05-28 14:44:25,766][root][INFO] - Epoch: 6, loss: 9.1490
[2026-05-28 14:44:25,838][root][INFO] - Epoch: 7, loss: 8.3798
[2026-05-28 14:44:25,908][root][INFO] - Epoch: 8, loss: 7.8374
[2026-05-28 14:44:25,979][root][INFO] - Epoch: 9, loss: 7.4972
[2026-05-28 14:44:26,050][root][INFO] - Epoch: 10, loss: 7.2518
[2026-05-28 14:44:26,120][root][INFO] - Epoch: 11, loss: 7.0812
[2026-05-28 14:44:26,191][root][INFO] - Epoch: 12, loss: 6.9412
[2026-05-28 14:44:26,262][root][INFO] - Epoch: 13, loss: 6.8331
[2026-05-28 14:44:26,333][root][INFO] - Epoch: 14, loss: 6.7268
[2026-05-28 14:44:26,404][root][INFO] - Epoch: 15, loss: 6.6349
[2026-05-28 14:44:26,474][root][INFO] - Epoch: 16, loss: 6.5540
[2026-05-28 14:44:26,545][root][INFO] - Epoch: 17, loss: 6.4860
[2026-05-28 14:44:26,617][root][INFO] - Epoch: 18, loss: 6.4226
[2026-05-28 14:44:26,687][root][INFO] - Epoch: 19, loss: 6.3745
[2026-05-28 14:44:26,758][root][INFO] - Epoch: 20, loss: 6.2943
[2026-05-28 14:44:26,829][root][INFO] - Epoch: 21, loss: 6.2510
[2026-05-28 14:44:26,899][root][INFO] - Epoch: 22, loss: 6.1881
[2026-05-28 14:44:26,970][root][INFO] - Epoch: 23, loss: 6.1433
[2026-05-28 14:44:27,040][root][INFO] - Epoch: 24, loss: 6.1034
[2026-05-28 14:44:27,110][root][INFO] - Epoch: 25, loss: 6.0479
[2026-05-28 14:44:27,180][root][INFO] - Epoch: 26, loss: 5.9871
[2026-05-28 14:44:27,251][root][INFO] - Epoch: 27, loss: 5.9312
[2026-05-28 14:44:27,322][root][INFO] - Epoch: 28, loss: 5.8962
[2026-05-28 14:44:27,392][root][INFO] - Epoch: 29, loss: 5.8470
[2026-05-28 14:44:27,463][root][INFO] - Epoch: 30, loss: 5.8075
[2026-05-28 14:44:27,534][root][INFO] - Epoch: 31, loss: 5.7361
[2026-05-28 14:44:27,605][root][INFO] - Epoch: 32, loss: 5.7141
[2026-05-28 14:44:27,676][root][INFO] - Epoch: 33, loss: 5.6671
[2026-05-28 14:44:27,746][root][INFO] - Epoch: 34, loss: 5.6372
[2026-05-28 14:44:27,817][root][INFO] - Epoch: 35, loss: 5.5789
[2026-05-28 14:44:27,888][root][INFO] - Epoch: 36, loss: 5.5486
[2026-05-28 14:44:27,958][root][INFO] - Epoch: 37, loss: 5.5232
[2026-05-28 14:44:28,028][root][INFO] - Epoch: 38, loss: 5.4717
[2026-05-28 14:44:28,099][root][INFO] - Epoch: 39, loss: 5.4449
[2026-05-28 14:44:28,170][root][INFO] - Epoch: 40, loss: 5.3824
[2026-05-28 14:44:28,241][root][INFO] - Epoch: 41, loss: 5.3562
[2026-05-28 14:44:28,311][root][INFO] - Epoch: 42, loss: 5.3074
[2026-05-28 14:44:28,382][root][INFO] - Epoch: 43, loss: 5.2934
[2026-05-28 14:44:28,453][root][INFO] - Epoch: 44, loss: 5.2529
[2026-05-28 14:44:28,523][root][INFO] - Epoch: 45, loss: 5.2137
[2026-05-28 14:44:28,593][root][INFO] - Epoch: 46, loss: 5.1927
[2026-05-28 14:44:28,664][root][INFO] - Epoch: 47, loss: 5.1444
[2026-05-28 14:44:28,735][root][INFO] - Epoch: 48, loss: 5.1015
[2026-05-28 14:44:28,806][root][INFO] - Epoch: 49, loss: 5.0948
[2026-05-28 14:44:28,876][root][INFO] - Epoch: 50, loss: 5.0545
[2026-05-28 14:44:28,947][root][INFO] - Epoch: 51, loss: 5.0486
[2026-05-28 14:44:29,017][root][INFO] - Epoch: 52, loss: 5.0101
[2026-05-28 14:44:29,087][root][INFO] - Epoch: 53, loss: 4.9807
[2026-05-28 14:44:29,158][root][INFO] - Epoch: 54, loss: 4.9520
[2026-05-28 14:44:29,228][root][INFO] - Epoch: 55, loss: 4.9093
[2026-05-28 14:44:29,299][root][INFO] - Epoch: 56, loss: 4.8565
[2026-05-28 14:44:29,370][root][INFO] - Epoch: 57, loss: 4.8631
[2026-05-28 14:44:29,443][root][INFO] - Epoch: 58, loss: 4.8331
[2026-05-28 14:44:29,514][root][INFO] - Epoch: 59, loss: 4.8566
[2026-05-28 14:44:29,585][root][INFO] - Epoch: 60, loss: 4.8426
[2026-05-28 14:44:29,655][root][INFO] - Epoch: 61, loss: 4.8271
[2026-05-28 14:44:29,726][root][INFO] - Epoch: 62, loss: 4.7580
[2026-05-28 14:44:29,797][root][INFO] - Epoch: 63, loss: 4.7364
[2026-05-28 14:44:29,869][root][INFO] - Epoch: 64, loss: 4.7133
[2026-05-28 14:44:29,939][root][INFO] - Epoch: 65, loss: 4.6766
[2026-05-28 14:44:30,010][root][INFO] - Epoch: 66, loss: 4.6387
[2026-05-28 14:44:30,081][root][INFO] - Epoch: 67, loss: 4.6042
[2026-05-28 14:44:30,152][root][INFO] - Epoch: 68, loss: 4.5624
[2026-05-28 14:44:30,224][root][INFO] - Epoch: 69, loss: 4.5003
[2026-05-28 14:44:30,295][root][INFO] - Epoch: 70, loss: 4.4176
[2026-05-28 14:44:30,368][root][INFO] - Epoch: 71, loss: 4.4156
[2026-05-28 14:44:30,441][root][INFO] - Epoch: 72, loss: 4.4882
[2026-05-28 14:44:30,514][root][INFO] - Epoch: 73, loss: 4.4308
[2026-05-28 14:44:30,587][root][INFO] - Epoch: 74, loss: 4.3831
[2026-05-28 14:44:30,659][root][INFO] - Epoch: 75, loss: 4.4253
[2026-05-28 14:44:30,732][root][INFO] - Epoch: 76, loss: 4.3334
[2026-05-28 14:44:30,805][root][INFO] - Epoch: 77, loss: 4.3188
[2026-05-28 14:44:30,879][root][INFO] - Epoch: 78, loss: 4.2695
[2026-05-28 14:44:30,949][root][INFO] - Epoch: 79, loss: 4.2455
[2026-05-28 14:44:31,022][root][INFO] - Epoch: 80, loss: 4.1520
[2026-05-28 14:44:31,093][root][INFO] - Epoch: 81, loss: 4.1567
[2026-05-28 14:44:31,166][root][INFO] - Epoch: 82, loss: 4.0890
[2026-05-28 14:44:31,239][root][INFO] - Epoch: 83, loss: 4.1324
[2026-05-28 14:44:31,311][root][INFO] - Epoch: 84, loss: 4.0492
[2026-05-28 14:44:31,382][root][INFO] - Epoch: 85, loss: 3.9718
[2026-05-28 14:44:31,453][root][INFO] - Epoch: 86, loss: 3.9158
[2026-05-28 14:44:31,526][root][INFO] - Epoch: 87, loss: 3.8748
[2026-05-28 14:44:31,598][root][INFO] - Epoch: 88, loss: 3.8165
[2026-05-28 14:44:31,669][root][INFO] - Epoch: 89, loss: 3.7996
[2026-05-28 14:44:31,741][root][INFO] - Epoch: 90, loss: 3.7683
[2026-05-28 14:44:31,814][root][INFO] - Epoch: 91, loss: 3.7293
[2026-05-28 14:44:31,887][root][INFO] - Epoch: 92, loss: 3.7277
[2026-05-28 14:44:31,960][root][INFO] - Epoch: 93, loss: 3.7039
[2026-05-28 14:44:32,032][root][INFO] - Epoch: 94, loss: 3.6977
[2026-05-28 14:44:32,103][root][INFO] - Epoch: 95, loss: 3.6295
[2026-05-28 14:44:32,176][root][INFO] - Epoch: 96, loss: 3.6774
[2026-05-28 14:44:32,247][root][INFO] - Epoch: 97, loss: 3.6038
[2026-05-28 14:44:32,319][root][INFO] - Epoch: 98, loss: 3.5802
[2026-05-28 14:44:32,390][root][INFO] - Epoch: 99, loss: 3.5638
[2026-05-28 14:44:32,463][root][INFO] - Epoch: 100, loss: 3.5235
[2026-05-28 14:44:32,535][root][INFO] - Epoch: 101, loss: 3.5157
[2026-05-28 14:44:32,607][root][INFO] - Epoch: 102, loss: 3.6212
[2026-05-28 14:44:32,679][root][INFO] - Epoch: 103, loss: 3.5091
[2026-05-28 14:44:32,751][root][INFO] - Epoch: 104, loss: 3.4460
[2026-05-28 14:44:32,822][root][INFO] - Epoch: 105, loss: 3.3964
[2026-05-28 14:44:32,892][root][INFO] - Epoch: 106, loss: 3.3237
[2026-05-28 14:44:32,964][root][INFO] - Epoch: 107, loss: 3.3206
[2026-05-28 14:44:33,035][root][INFO] - Epoch: 108, loss: 3.3825
[2026-05-28 14:44:33,108][root][INFO] - Epoch: 109, loss: 3.4750
[2026-05-28 14:44:33,181][root][INFO] - Epoch: 110, loss: 3.3932
[2026-05-28 14:44:33,254][root][INFO] - Epoch: 111, loss: 3.3113
[2026-05-28 14:44:33,326][root][INFO] - Epoch: 112, loss: 3.2475
[2026-05-28 14:44:33,398][root][INFO] - Epoch: 113, loss: 3.2240
[2026-05-28 14:44:33,469][root][INFO] - Epoch: 114, loss: 3.1787
[2026-05-28 14:44:33,540][root][INFO] - Epoch: 115, loss: 3.2000
[2026-05-28 14:44:33,612][root][INFO] - Epoch: 116, loss: 3.1470
[2026-05-28 14:44:33,683][root][INFO] - Epoch: 117, loss: 3.1633
[2026-05-28 14:44:33,755][root][INFO] - Epoch: 118, loss: 3.1932
[2026-05-28 14:44:33,828][root][INFO] - Epoch: 119, loss: 3.4194
[2026-05-28 14:44:33,900][root][INFO] - Epoch: 120, loss: 3.2011
[2026-05-28 14:44:33,972][root][INFO] - Epoch: 121, loss: 3.1488
[2026-05-28 14:44:34,044][root][INFO] - Epoch: 122, loss: 3.0981
[2026-05-28 14:44:34,116][root][INFO] - Epoch: 123, loss: 3.0521
[2026-05-28 14:44:34,189][root][INFO] - Epoch: 124, loss: 2.9994
[2026-05-28 14:44:34,260][root][INFO] - Epoch: 125, loss: 3.1265
[2026-05-28 14:44:34,333][root][INFO] - Epoch: 126, loss: 3.0802
[2026-05-28 14:44:34,408][root][INFO] - Epoch: 127, loss: 2.8703
[2026-05-28 14:44:34,482][root][INFO] - Epoch: 128, loss: 2.8774
[2026-05-28 14:44:34,555][root][INFO] - Epoch: 129, loss: 2.9252
[2026-05-28 14:44:34,628][root][INFO] - Epoch: 130, loss: 2.8271
[2026-05-28 14:44:34,699][root][INFO] - Epoch: 131, loss: 2.8679
[2026-05-28 14:44:34,773][root][INFO] - Epoch: 132, loss: 2.7441
[2026-05-28 14:44:34,845][root][INFO] - Epoch: 133, loss: 2.7460
[2026-05-28 14:44:34,917][root][INFO] - Epoch: 134, loss: 3.2741
[2026-05-28 14:44:34,988][root][INFO] - Epoch: 135, loss: 3.4833
[2026-05-28 14:44:35,058][root][INFO] - Epoch: 136, loss: 3.3524
[2026-05-28 14:44:35,129][root][INFO] - Epoch: 137, loss: 3.2605
[2026-05-28 14:44:35,200][root][INFO] - Epoch: 138, loss: 3.1785
[2026-05-28 14:44:35,271][root][INFO] - Epoch: 139, loss: 3.0863
[2026-05-28 14:44:35,342][root][INFO] - Epoch: 140, loss: 3.0954
[2026-05-28 14:44:35,412][root][INFO] - Epoch: 141, loss: 3.0573
[2026-05-28 14:44:35,483][root][INFO] - Epoch: 142, loss: 3.0215
[2026-05-28 14:44:35,554][root][INFO] - Epoch: 143, loss: 2.9042
[2026-05-28 14:44:35,554][root][INFO] - Early stopping at epoch: 142
[2026-05-28 14:44:35,603][root][INFO] - {'model_loss': '2.9042', 'recon_loss': '0.0000', 'triplet_loss': '2.9042'}
[2026-05-28 14:44:35,621][root][INFO] - Generation 72/400 - Time: 0.00 seconds
[2026-05-28 14:44:35,622][root][INFO] - {'coverage': '100.00', 'max_fitness': '-12.14', 'passive_coverage': '46.58', 'passive_max_fitness': '-12.14', 'passive_mean_fitness': '-62.51', 'passive_qd_score': '37641.57', 'qd_score': '90703.61', 'mean_fitness_top_k': '-19.55'}
[2026-05-28 14:44:36,603][root][INFO] - Generation 73/400 - Time: 0.00 seconds
[2026-05-28 14:44:36,604][root][INFO] - {'coverage': '100.00', 'max_fitness': '-12.14', 'passive_coverage': '47.07', 'passive_max_fitness': '-12.14', 'passive_mean_fitness': '-62.61', 'passive_qd_score': '37984.82', 'qd_score': '83736.78', 'mean_fitness_top_k': '-25.15'}
[2026-05-28 14:44:37,577][root][INFO] - Generation 74/400 - Time: 0.00 seconds
[2026-05-28 14:44:37,578][root][INFO] - {'coverage': '100.00', 'max_fitness': '-12.14', 'passive_coverage': '47.85', 'passive_max_fitness': '-12.14', 'passive_mean_fitness': '-62.92', 'passive_qd_score': '38467.62', 'qd_score': '84343.32', 'mean_fitness_top_k': '-24.98'}
[2026-05-28 14:44:38,549][root][INFO] - Generation 75/400 - Time: 0.00 seconds
[2026-05-28 14:44:38,550][root][INFO] - {'coverage': '100.00', 'max_fitness': '-12.14', 'passive_coverage': '48.54', 'passive_max_fitness': '-12.14', 'passive_mean_fitness': '-63.03', 'passive_qd_score': '38961.93', 'qd_score': '85529.45', 'mean_fitness_top_k': '-24.59'}
[2026-05-28 14:44:39,520][root][INFO] - Generation 76/400 - Time: 0.00 seconds
[2026-05-28 14:44:39,521][root][INFO] - {'coverage': '100.00', 'max_fitness': '-12.14', 'passive_coverage': '48.73', 'passive_max_fitness': '-12.14', 'passive_mean_fitness': '-63.13', 'passive_qd_score': '39067.46', 'qd_score': '87217.01', 'mean_fitness_top_k': '-24.19'}
[2026-05-28 14:44:40,539][root][INFO] - Generation 77/400 - Time: 0.00 seconds
[2026-05-28 14:44:40,539][root][INFO] - {'coverage': '100.00', 'max_fitness': '-12.14', 'passive_coverage': '48.93', 'passive_max_fitness': '-12.14', 'passive_mean_fitness': '-63.15', 'passive_qd_score': '39213.46', 'qd_score': '87576.42', 'mean_fitness_top_k': '-24.49'}
[2026-05-28 14:44:40,541][root][INFO] - Saving snapshot to runs/20260528_144015_kheperax_seed13/plots/latent_generation_385_5_gens_after_ext_gen360.png
[2026-05-28 14:44:42,956][root][INFO] - Generation 78/400 - Time: 0.00 seconds
[2026-05-28 14:44:42,957][root][INFO] - {'coverage': '100.00', 'max_fitness': '-12.14', 'passive_coverage': '49.41', 'passive_max_fitness': '-12.14', 'passive_mean_fitness': '-63.17', 'passive_qd_score': '39594.52', 'qd_score': '88182.89', 'mean_fitness_top_k': '-24.33'}
[2026-05-28 14:44:43,954][root][INFO] - Generation 79/400 - Time: 0.00 seconds
[2026-05-28 14:44:43,954][root][INFO] - {'coverage': '100.00', 'max_fitness': '-12.14', 'passive_coverage': '49.80', 'passive_max_fitness': '-12.14', 'passive_mean_fitness': '-63.18', 'passive_qd_score': '39903.20', 'qd_score': '88144.98', 'mean_fitness_top_k': '-24.44'}
[2026-05-28 14:44:44,924][root][INFO] - Generation 80/400 - Time: 0.00 seconds
[2026-05-28 14:44:44,925][root][INFO] - {'coverage': '100.00', 'max_fitness': '-12.14', 'passive_coverage': '50.10', 'passive_max_fitness': '-12.14', 'passive_mean_fitness': '-63.16', 'passive_qd_score': '40148.37', 'qd_score': '88585.73', 'mean_fitness_top_k': '-24.02'}
[2026-05-28 14:44:45,900][root][INFO] - Generation 81/400 - Time: 0.00 seconds
[2026-05-28 14:44:45,900][root][INFO] - {'coverage': '100.00', 'max_fitness': '-12.14', 'passive_coverage': '50.20', 'passive_max_fitness': '-12.14', 'passive_mean_fitness': '-63.18', 'passive_qd_score': '40218.58', 'qd_score': '88773.38', 'mean_fitness_top_k': '-24.09'}
[2026-05-28 14:44:46,877][root][INFO] - Generation 82/400 - Time: 0.00 seconds
[2026-05-28 14:44:46,878][root][INFO] - {'coverage': '100.00', 'max_fitness': '-12.14', 'passive_coverage': '50.29', 'passive_max_fitness': '-12.14', 'passive_mean_fitness': '-63.24', 'passive_qd_score': '40264.43', 'qd_score': '89026.73', 'mean_fitness_top_k': '-24.35'}
[2026-05-28 14:44:47,845][root][INFO] - Generation 83/400 - Time: 0.00 seconds
[2026-05-28 14:44:47,846][root][INFO] - {'coverage': '100.00', 'max_fitness': '-12.14', 'passive_coverage': '50.78', 'passive_max_fitness': '-12.14', 'passive_mean_fitness': '-63.11', 'passive_qd_score': '40719.68', 'qd_score': '88970.84', 'mean_fitness_top_k': '-24.29'}
[2026-05-28 14:44:48,849][root][INFO] - Generation 84/400 - Time: 0.00 seconds
[2026-05-28 14:44:48,850][root][INFO] - {'coverage': '100.00', 'max_fitness': '-12.14', 'passive_coverage': '50.88', 'passive_max_fitness': '-12.14', 'passive_mean_fitness': '-63.05', 'passive_qd_score': '40829.82', 'qd_score': '89210.91', 'mean_fitness_top_k': '-24.50'}
[2026-05-28 14:44:49,826][root][INFO] - Generation 85/400 - Time: 0.00 seconds
[2026-05-28 14:44:49,827][root][INFO] - {'coverage': '100.00', 'max_fitness': '-12.14', 'passive_coverage': '50.88', 'passive_max_fitness': '-12.14', 'passive_mean_fitness': '-63.04', 'passive_qd_score': '40834.29', 'qd_score': '89800.98', 'mean_fitness_top_k': '-23.77'}
[2026-05-28 14:44:50,801][root][INFO] - Generation 86/400 - Time: 0.00 seconds
[2026-05-28 14:44:50,802][root][INFO] - {'coverage': '100.00', 'max_fitness': '-12.14', 'passive_coverage': '51.17', 'passive_max_fitness': '-12.14', 'passive_mean_fitness': '-63.12', 'passive_qd_score': '41027.80', 'qd_score': '89836.77', 'mean_fitness_top_k': '-24.30'}
[2026-05-28 14:44:51,769][root][INFO] - Generation 87/400 - Time: 0.00 seconds
[2026-05-28 14:44:51,770][root][INFO] - {'coverage': '100.00', 'max_fitness': '-12.14', 'passive_coverage': '51.56', 'passive_max_fitness': '-12.14', 'passive_mean_fitness': '-63.21', 'passive_qd_score': '41295.91', 'qd_score': '90296.54', 'mean_fitness_top_k': '-23.97'}
[2026-05-28 14:44:52,737][root][INFO] - Generation 88/400 - Time: 0.00 seconds
[2026-05-28 14:44:52,738][root][INFO] - {'coverage': '100.00', 'max_fitness': '-12.14', 'passive_coverage': '51.95', 'passive_max_fitness': '-12.14', 'passive_mean_fitness': '-63.07', 'passive_qd_score': '41683.89', 'qd_score': '90389.26', 'mean_fitness_top_k': '-24.02'}
[2026-05-28 14:44:53,711][root][INFO] - Generation 89/400 - Time: 0.00 seconds
[2026-05-28 14:44:53,712][root][INFO] - {'coverage': '100.00', 'max_fitness': '-12.14', 'passive_coverage': '52.05', 'passive_max_fitness': '-12.14', 'passive_mean_fitness': '-63.09', 'passive_qd_score': '41750.39', 'qd_score': '90087.31', 'mean_fitness_top_k': '-24.42'}
[2026-05-28 14:44:54,683][root][INFO] - Updating AE...
[2026-05-28 14:44:55,424][root][INFO] - Epoch: 1, loss: 628.2977
[2026-05-28 14:44:55,497][root][INFO] - Epoch: 2, loss: 315.6941
[2026-05-28 14:44:55,570][root][INFO] - Epoch: 3, loss: 310.2477
[2026-05-28 14:44:55,642][root][INFO] - Epoch: 4, loss: 299.6364
[2026-05-28 14:44:55,713][root][INFO] - Epoch: 5, loss: 291.8525
[2026-05-28 14:44:55,784][root][INFO] - Epoch: 6, loss: 287.5613
[2026-05-28 14:44:55,855][root][INFO] - Epoch: 7, loss: 285.5088
[2026-05-28 14:44:55,926][root][INFO] - Epoch: 8, loss: 283.9889
[2026-05-28 14:44:55,997][root][INFO] - Epoch: 9, loss: 282.7573
[2026-05-28 14:44:56,067][root][INFO] - Epoch: 10, loss: 281.2530
[2026-05-28 14:44:56,138][root][INFO] - Epoch: 11, loss: 280.2989
[2026-05-28 14:44:56,209][root][INFO] - Epoch: 12, loss: 278.4844
[2026-05-28 14:44:56,281][root][INFO] - Epoch: 13, loss: 277.4117
[2026-05-28 14:44:56,354][root][INFO] - Epoch: 14, loss: 276.3957
[2026-05-28 14:44:56,427][root][INFO] - Epoch: 15, loss: 275.5233
[2026-05-28 14:44:56,499][root][INFO] - Epoch: 16, loss: 274.8909
[2026-05-28 14:44:56,571][root][INFO] - Epoch: 17, loss: 273.9164
[2026-05-28 14:44:56,642][root][INFO] - Epoch: 18, loss: 273.4039
[2026-05-28 14:44:56,713][root][INFO] - Epoch: 19, loss: 272.5583
[2026-05-28 14:44:56,786][root][INFO] - Epoch: 20, loss: 271.9285
[2026-05-28 14:44:56,858][root][INFO] - Epoch: 21, loss: 270.9659
[2026-05-28 14:44:56,931][root][INFO] - Epoch: 22, loss: 270.5046
[2026-05-28 14:44:57,003][root][INFO] - Epoch: 23, loss: 270.1333
[2026-05-28 14:44:57,075][root][INFO] - Epoch: 24, loss: 269.7372
[2026-05-28 14:44:57,146][root][INFO] - Epoch: 25, loss: 269.2026
[2026-05-28 14:44:57,217][root][INFO] - Epoch: 26, loss: 268.1114
[2026-05-28 14:44:57,290][root][INFO] - Epoch: 27, loss: 269.1618
[2026-05-28 14:44:57,363][root][INFO] - Epoch: 28, loss: 267.8206
[2026-05-28 14:44:57,434][root][INFO] - Epoch: 29, loss: 266.9622
[2026-05-28 14:44:57,507][root][INFO] - Epoch: 30, loss: 267.5536
[2026-05-28 14:44:57,578][root][INFO] - Epoch: 31, loss: 266.5486
[2026-05-28 14:44:57,650][root][INFO] - Epoch: 32, loss: 264.7955
[2026-05-28 14:44:57,723][root][INFO] - Epoch: 33, loss: 263.3224
[2026-05-28 14:44:57,796][root][INFO] - Epoch: 34, loss: 263.8297
[2026-05-28 14:44:57,867][root][INFO] - Epoch: 35, loss: 262.8491
[2026-05-28 14:44:57,938][root][INFO] - Epoch: 36, loss: 261.1761
[2026-05-28 14:44:58,010][root][INFO] - Epoch: 37, loss: 260.8345
[2026-05-28 14:44:58,081][root][INFO] - Epoch: 38, loss: 261.2836
[2026-05-28 14:44:58,153][root][INFO] - Epoch: 39, loss: 259.4400
[2026-05-28 14:44:58,225][root][INFO] - Epoch: 40, loss: 263.6877
[2026-05-28 14:44:58,297][root][INFO] - Epoch: 41, loss: 263.4997
[2026-05-28 14:44:58,368][root][INFO] - Epoch: 42, loss: 262.1571
[2026-05-28 14:44:58,439][root][INFO] - Epoch: 43, loss: 260.5164
[2026-05-28 14:44:58,511][root][INFO] - Epoch: 44, loss: 259.5593
[2026-05-28 14:44:58,582][root][INFO] - Epoch: 45, loss: 258.1760
[2026-05-28 14:44:58,654][root][INFO] - Epoch: 46, loss: 257.0071
[2026-05-28 14:44:58,726][root][INFO] - Epoch: 47, loss: 256.2936
[2026-05-28 14:44:58,800][root][INFO] - Epoch: 48, loss: 255.1885
[2026-05-28 14:44:58,872][root][INFO] - Epoch: 49, loss: 254.2278
[2026-05-28 14:44:58,944][root][INFO] - Epoch: 50, loss: 254.8614
[2026-05-28 14:44:59,016][root][INFO] - Epoch: 51, loss: 254.4189
[2026-05-28 14:44:59,090][root][INFO] - Epoch: 52, loss: 253.5448
[2026-05-28 14:44:59,162][root][INFO] - Epoch: 53, loss: 251.4177
[2026-05-28 14:44:59,233][root][INFO] - Epoch: 54, loss: 249.9751
[2026-05-28 14:44:59,305][root][INFO] - Epoch: 55, loss: 249.5526
[2026-05-28 14:44:59,376][root][INFO] - Epoch: 56, loss: 249.9088
[2026-05-28 14:44:59,450][root][INFO] - Epoch: 57, loss: 247.9001
[2026-05-28 14:44:59,522][root][INFO] - Epoch: 58, loss: 246.1252
[2026-05-28 14:44:59,595][root][INFO] - Epoch: 59, loss: 245.6005
[2026-05-28 14:44:59,667][root][INFO] - Epoch: 60, loss: 244.7887
[2026-05-28 14:44:59,741][root][INFO] - Epoch: 61, loss: 244.0549
[2026-05-28 14:44:59,813][root][INFO] - Epoch: 62, loss: 242.3496
[2026-05-28 14:44:59,884][root][INFO] - Epoch: 63, loss: 241.3400
[2026-05-28 14:44:59,957][root][INFO] - Epoch: 64, loss: 240.2076
[2026-05-28 14:45:00,031][root][INFO] - Epoch: 65, loss: 239.1252
[2026-05-28 14:45:00,105][root][INFO] - Epoch: 66, loss: 238.7180
[2026-05-28 14:45:00,176][root][INFO] - Epoch: 67, loss: 237.8522
[2026-05-28 14:45:00,247][root][INFO] - Epoch: 68, loss: 237.5465
[2026-05-28 14:45:00,318][root][INFO] - Epoch: 69, loss: 236.2225
[2026-05-28 14:45:00,390][root][INFO] - Epoch: 70, loss: 235.0605
[2026-05-28 14:45:00,463][root][INFO] - Epoch: 71, loss: 234.4403
[2026-05-28 14:45:00,535][root][INFO] - Epoch: 72, loss: 234.6955
[2026-05-28 14:45:00,608][root][INFO] - Epoch: 73, loss: 233.9818
[2026-05-28 14:45:00,680][root][INFO] - Epoch: 74, loss: 233.9847
[2026-05-28 14:45:00,752][root][INFO] - Epoch: 75, loss: 233.1126
[2026-05-28 14:45:00,824][root][INFO] - Epoch: 76, loss: 237.6872
[2026-05-28 14:45:00,897][root][INFO] - Epoch: 77, loss: 232.5748
[2026-05-28 14:45:00,969][root][INFO] - Epoch: 78, loss: 233.4329
[2026-05-28 14:45:01,040][root][INFO] - Epoch: 79, loss: 230.8231
[2026-05-28 14:45:01,112][root][INFO] - Epoch: 80, loss: 231.0367
[2026-05-28 14:45:01,184][root][INFO] - Epoch: 81, loss: 228.2400
[2026-05-28 14:45:01,257][root][INFO] - Epoch: 82, loss: 227.9471
[2026-05-28 14:45:01,330][root][INFO] - Epoch: 83, loss: 227.1268
[2026-05-28 14:45:01,401][root][INFO] - Epoch: 84, loss: 232.5813
[2026-05-28 14:45:01,472][root][INFO] - Epoch: 85, loss: 228.2747
[2026-05-28 14:45:01,544][root][INFO] - Epoch: 86, loss: 228.8872
[2026-05-28 14:45:01,614][root][INFO] - Epoch: 87, loss: 228.0874
[2026-05-28 14:45:01,685][root][INFO] - Epoch: 88, loss: 227.9419
[2026-05-28 14:45:01,756][root][INFO] - Epoch: 89, loss: 226.7977
[2026-05-28 14:45:01,827][root][INFO] - Epoch: 90, loss: 224.6553
[2026-05-28 14:45:01,897][root][INFO] - Epoch: 91, loss: 225.9921
[2026-05-28 14:45:01,968][root][INFO] - Epoch: 92, loss: 222.2384
[2026-05-28 14:45:02,040][root][INFO] - Epoch: 93, loss: 221.1920
[2026-05-28 14:45:02,111][root][INFO] - Epoch: 94, loss: 219.3094
[2026-05-28 14:45:02,182][root][INFO] - Epoch: 95, loss: 219.2893
[2026-05-28 14:45:02,252][root][INFO] - Epoch: 96, loss: 217.8983
[2026-05-28 14:45:02,323][root][INFO] - Epoch: 97, loss: 216.0639
[2026-05-28 14:45:02,394][root][INFO] - Epoch: 98, loss: 216.0596
[2026-05-28 14:45:02,464][root][INFO] - Epoch: 99, loss: 218.2476
[2026-05-28 14:45:02,535][root][INFO] - Epoch: 100, loss: 225.5150
[2026-05-28 14:45:02,605][root][INFO] - Epoch: 101, loss: 244.5978
[2026-05-28 14:45:02,676][root][INFO] - Epoch: 102, loss: 232.0294
[2026-05-28 14:45:02,748][root][INFO] - Epoch: 103, loss: 229.5611
[2026-05-28 14:45:02,819][root][INFO] - Epoch: 104, loss: 226.3600
[2026-05-28 14:45:02,889][root][INFO] - Epoch: 105, loss: 224.8250
[2026-05-28 14:45:02,959][root][INFO] - Epoch: 106, loss: 220.5632
[2026-05-28 14:45:03,030][root][INFO] - Epoch: 107, loss: 217.7409
[2026-05-28 14:45:03,100][root][INFO] - Epoch: 108, loss: 214.6099
[2026-05-28 14:45:03,171][root][INFO] - Epoch: 109, loss: 213.2015
[2026-05-28 14:45:03,241][root][INFO] - Epoch: 110, loss: 214.1115
[2026-05-28 14:45:03,312][root][INFO] - Epoch: 111, loss: 211.4596
[2026-05-28 14:45:03,383][root][INFO] - Epoch: 112, loss: 210.8094
[2026-05-28 14:45:03,453][root][INFO] - Epoch: 113, loss: 210.5101
[2026-05-28 14:45:03,524][root][INFO] - Epoch: 114, loss: 208.7822
[2026-05-28 14:45:03,594][root][INFO] - Epoch: 115, loss: 208.1442
[2026-05-28 14:45:03,665][root][INFO] - Epoch: 116, loss: 206.7048
[2026-05-28 14:45:03,735][root][INFO] - Epoch: 117, loss: 205.6959
[2026-05-28 14:45:03,807][root][INFO] - Epoch: 118, loss: 203.8268
[2026-05-28 14:45:03,877][root][INFO] - Epoch: 119, loss: 202.9680
[2026-05-28 14:45:03,948][root][INFO] - Epoch: 120, loss: 204.6035
[2026-05-28 14:45:04,018][root][INFO] - Epoch: 121, loss: 202.2446
[2026-05-28 14:45:04,089][root][INFO] - Epoch: 122, loss: 201.5555
[2026-05-28 14:45:04,159][root][INFO] - Epoch: 123, loss: 200.7668
[2026-05-28 14:45:04,231][root][INFO] - Epoch: 124, loss: 200.1497
[2026-05-28 14:45:04,301][root][INFO] - Epoch: 125, loss: 199.5840
[2026-05-28 14:45:04,372][root][INFO] - Epoch: 126, loss: 200.5759
[2026-05-28 14:45:04,443][root][INFO] - Epoch: 127, loss: 199.6921
[2026-05-28 14:45:04,514][root][INFO] - Epoch: 128, loss: 205.6473
[2026-05-28 14:45:04,585][root][INFO] - Epoch: 129, loss: 208.4118
[2026-05-28 14:45:04,655][root][INFO] - Epoch: 130, loss: 208.8489
[2026-05-28 14:45:04,725][root][INFO] - Epoch: 131, loss: 206.9889
[2026-05-28 14:45:04,796][root][INFO] - Epoch: 132, loss: 205.0209
[2026-05-28 14:45:04,867][root][INFO] - Epoch: 133, loss: 216.3634
[2026-05-28 14:45:04,938][root][INFO] - Epoch: 134, loss: 238.5909
[2026-05-28 14:45:05,009][root][INFO] - Epoch: 135, loss: 229.2493
[2026-05-28 14:45:05,080][root][INFO] - Epoch: 136, loss: 222.3701
[2026-05-28 14:45:05,080][root][INFO] - Early stopping at epoch: 135
[2026-05-28 14:45:05,119][root][INFO] - {'model_loss': '222.3701', 'recon_loss': '0.0000', 'triplet_loss': '222.3701'}
[2026-05-28 14:45:05,123][root][INFO] - Extinction event (pre-encoder)...
[2026-05-28 14:45:05,124][root][INFO] - Saving snapshot to runs/20260528_144015_kheperax_seed13/plots/latent_generation_450_before_ext.png
[2026-05-28 14:45:06,571][root][INFO] - Saving snapshot to runs/20260528_144015_kheperax_seed13/plots/latent_generation_450_after_ext.png
[2026-05-28 14:45:07,866][root][INFO] - Updating AE...
[2026-05-28 14:45:08,810][root][INFO] - Epoch: 1, loss: 61.5494
[2026-05-28 14:45:08,882][root][INFO] - Epoch: 2, loss: 17.9679
[2026-05-28 14:45:08,954][root][INFO] - Epoch: 3, loss: 14.0020
[2026-05-28 14:45:09,026][root][INFO] - Epoch: 4, loss: 12.1635
[2026-05-28 14:45:09,099][root][INFO] - Epoch: 5, loss: 11.1307
[2026-05-28 14:45:09,169][root][INFO] - Epoch: 6, loss: 10.6445
[2026-05-28 14:45:09,239][root][INFO] - Epoch: 7, loss: 10.3214
[2026-05-28 14:45:09,310][root][INFO] - Epoch: 8, loss: 10.0942
[2026-05-28 14:45:09,380][root][INFO] - Epoch: 9, loss: 9.8678
[2026-05-28 14:45:09,453][root][INFO] - Epoch: 10, loss: 9.7331
[2026-05-28 14:45:09,524][root][INFO] - Epoch: 11, loss: 9.5606
[2026-05-28 14:45:09,595][root][INFO] - Epoch: 12, loss: 9.4368
[2026-05-28 14:45:09,665][root][INFO] - Epoch: 13, loss: 9.3296
[2026-05-28 14:45:09,736][root][INFO] - Epoch: 14, loss: 9.2703
[2026-05-28 14:45:09,806][root][INFO] - Epoch: 15, loss: 9.1102
[2026-05-28 14:45:09,877][root][INFO] - Epoch: 16, loss: 9.0200
[2026-05-28 14:45:09,947][root][INFO] - Epoch: 17, loss: 8.9717
[2026-05-28 14:45:10,017][root][INFO] - Epoch: 18, loss: 8.8615
[2026-05-28 14:45:10,088][root][INFO] - Epoch: 19, loss: 8.7850
[2026-05-28 14:45:10,158][root][INFO] - Epoch: 20, loss: 8.7593
[2026-05-28 14:45:10,229][root][INFO] - Epoch: 21, loss: 8.6411
[2026-05-28 14:45:10,299][root][INFO] - Epoch: 22, loss: 8.7338
[2026-05-28 14:45:10,370][root][INFO] - Epoch: 23, loss: 8.9727
[2026-05-28 14:45:10,440][root][INFO] - Epoch: 24, loss: 8.5298
[2026-05-28 14:45:10,510][root][INFO] - Epoch: 25, loss: 8.4182
[2026-05-28 14:45:10,580][root][INFO] - Epoch: 26, loss: 8.4077
[2026-05-28 14:45:10,651][root][INFO] - Epoch: 27, loss: 8.3354
[2026-05-28 14:45:10,721][root][INFO] - Epoch: 28, loss: 8.2253
[2026-05-28 14:45:10,791][root][INFO] - Epoch: 29, loss: 8.1898
[2026-05-28 14:45:10,862][root][INFO] - Epoch: 30, loss: 8.2308
[2026-05-28 14:45:10,932][root][INFO] - Epoch: 31, loss: 8.1421
[2026-05-28 14:45:11,002][root][INFO] - Epoch: 32, loss: 8.1211
[2026-05-28 14:45:11,073][root][INFO] - Epoch: 33, loss: 8.1679
[2026-05-28 14:45:11,143][root][INFO] - Epoch: 34, loss: 8.0696
[2026-05-28 14:45:11,215][root][INFO] - Epoch: 35, loss: 8.0071
[2026-05-28 14:45:11,288][root][INFO] - Epoch: 36, loss: 7.8841
[2026-05-28 14:45:11,360][root][INFO] - Epoch: 37, loss: 7.8161
[2026-05-28 14:45:11,432][root][INFO] - Epoch: 38, loss: 7.7482
[2026-05-28 14:45:11,503][root][INFO] - Epoch: 39, loss: 7.7833
[2026-05-28 14:45:11,574][root][INFO] - Epoch: 40, loss: 7.7015
[2026-05-28 14:45:11,645][root][INFO] - Epoch: 41, loss: 7.7320
[2026-05-28 14:45:11,715][root][INFO] - Epoch: 42, loss: 7.6751
[2026-05-28 14:45:11,786][root][INFO] - Epoch: 43, loss: 7.7008
[2026-05-28 14:45:11,856][root][INFO] - Epoch: 44, loss: 7.5528
[2026-05-28 14:45:11,926][root][INFO] - Epoch: 45, loss: 7.5061
[2026-05-28 14:45:11,997][root][INFO] - Epoch: 46, loss: 7.4586
[2026-05-28 14:45:12,067][root][INFO] - Epoch: 47, loss: 7.4616
[2026-05-28 14:45:12,138][root][INFO] - Epoch: 48, loss: 7.4106
[2026-05-28 14:45:12,209][root][INFO] - Epoch: 49, loss: 7.3884
[2026-05-28 14:45:12,279][root][INFO] - Epoch: 50, loss: 7.3476
[2026-05-28 14:45:12,350][root][INFO] - Epoch: 51, loss: 7.2481
[2026-05-28 14:45:12,421][root][INFO] - Epoch: 52, loss: 7.2833
[2026-05-28 14:45:12,493][root][INFO] - Epoch: 53, loss: 7.2891
[2026-05-28 14:45:12,564][root][INFO] - Epoch: 54, loss: 7.3565
[2026-05-28 14:45:12,636][root][INFO] - Epoch: 55, loss: 7.0960
[2026-05-28 14:45:12,707][root][INFO] - Epoch: 56, loss: 7.0707
[2026-05-28 14:45:12,779][root][INFO] - Epoch: 57, loss: 7.0931
[2026-05-28 14:45:12,851][root][INFO] - Epoch: 58, loss: 7.0915
[2026-05-28 14:45:12,924][root][INFO] - Epoch: 59, loss: 7.1144
[2026-05-28 14:45:12,995][root][INFO] - Epoch: 60, loss: 6.9458
[2026-05-28 14:45:13,066][root][INFO] - Epoch: 61, loss: 6.7947
[2026-05-28 14:45:13,139][root][INFO] - Epoch: 62, loss: 6.7846
[2026-05-28 14:45:13,210][root][INFO] - Epoch: 63, loss: 6.7437
[2026-05-28 14:45:13,283][root][INFO] - Epoch: 64, loss: 6.7461
[2026-05-28 14:45:13,355][root][INFO] - Epoch: 65, loss: 6.6437
[2026-05-28 14:45:13,425][root][INFO] - Epoch: 66, loss: 6.6469
[2026-05-28 14:45:13,499][root][INFO] - Epoch: 67, loss: 6.6367
[2026-05-28 14:45:13,570][root][INFO] - Epoch: 68, loss: 6.5844
[2026-05-28 14:45:13,642][root][INFO] - Epoch: 69, loss: 6.5687
[2026-05-28 14:45:13,715][root][INFO] - Epoch: 70, loss: 6.5480
[2026-05-28 14:45:13,787][root][INFO] - Epoch: 71, loss: 6.4485
[2026-05-28 14:45:13,859][root][INFO] - Epoch: 72, loss: 6.3733
[2026-05-28 14:45:13,931][root][INFO] - Epoch: 73, loss: 6.3958
[2026-05-28 14:45:14,002][root][INFO] - Epoch: 74, loss: 6.5359
[2026-05-28 14:45:14,075][root][INFO] - Epoch: 75, loss: 6.2523
[2026-05-28 14:45:14,147][root][INFO] - Epoch: 76, loss: 6.1692
[2026-05-28 14:45:14,218][root][INFO] - Epoch: 77, loss: 6.2359
[2026-05-28 14:45:14,288][root][INFO] - Epoch: 78, loss: 6.2571
[2026-05-28 14:45:14,359][root][INFO] - Epoch: 79, loss: 6.2440
[2026-05-28 14:45:14,430][root][INFO] - Epoch: 80, loss: 5.9822
[2026-05-28 14:45:14,502][root][INFO] - Epoch: 81, loss: 6.1691
[2026-05-28 14:45:14,573][root][INFO] - Epoch: 82, loss: 6.0503
[2026-05-28 14:45:14,644][root][INFO] - Epoch: 83, loss: 5.8638
[2026-05-28 14:45:14,716][root][INFO] - Epoch: 84, loss: 5.7691
[2026-05-28 14:45:14,786][root][INFO] - Epoch: 85, loss: 5.8010
[2026-05-28 14:45:14,858][root][INFO] - Epoch: 86, loss: 5.5993
[2026-05-28 14:45:14,929][root][INFO] - Epoch: 87, loss: 5.5578
[2026-05-28 14:45:15,001][root][INFO] - Epoch: 88, loss: 5.4460
[2026-05-28 14:45:15,071][root][INFO] - Epoch: 89, loss: 5.5014
[2026-05-28 14:45:15,143][root][INFO] - Epoch: 90, loss: 5.4227
[2026-05-28 14:45:15,214][root][INFO] - Epoch: 91, loss: 5.8057
[2026-05-28 14:45:15,285][root][INFO] - Epoch: 92, loss: 5.6169
[2026-05-28 14:45:15,357][root][INFO] - Epoch: 93, loss: 5.6413
[2026-05-28 14:45:15,431][root][INFO] - Epoch: 94, loss: 5.4908
[2026-05-28 14:45:15,501][root][INFO] - Epoch: 95, loss: 5.1577
[2026-05-28 14:45:15,573][root][INFO] - Epoch: 96, loss: 5.4314
[2026-05-28 14:45:15,645][root][INFO] - Epoch: 97, loss: 5.8974
[2026-05-28 14:45:15,716][root][INFO] - Epoch: 98, loss: 5.6920
[2026-05-28 14:45:15,789][root][INFO] - Epoch: 99, loss: 5.4636
[2026-05-28 14:45:15,861][root][INFO] - Epoch: 100, loss: 5.2901
[2026-05-28 14:45:15,935][root][INFO] - Epoch: 101, loss: 4.9680
[2026-05-28 14:45:16,007][root][INFO] - Epoch: 102, loss: 4.9589
[2026-05-28 14:45:16,079][root][INFO] - Epoch: 103, loss: 5.1448
[2026-05-28 14:45:16,151][root][INFO] - Epoch: 104, loss: 4.7952
[2026-05-28 14:45:16,224][root][INFO] - Epoch: 105, loss: 4.7854
[2026-05-28 14:45:16,297][root][INFO] - Epoch: 106, loss: 4.7982
[2026-05-28 14:45:16,370][root][INFO] - Epoch: 107, loss: 4.9101
[2026-05-28 14:45:16,443][root][INFO] - Epoch: 108, loss: 4.8400
[2026-05-28 14:45:16,515][root][INFO] - Epoch: 109, loss: 5.2269
[2026-05-28 14:45:16,587][root][INFO] - Epoch: 110, loss: 4.8331
[2026-05-28 14:45:16,658][root][INFO] - Epoch: 111, loss: 4.5809
[2026-05-28 14:45:16,730][root][INFO] - Epoch: 112, loss: 4.4806
[2026-05-28 14:45:16,802][root][INFO] - Epoch: 113, loss: 4.5288
[2026-05-28 14:45:16,874][root][INFO] - Epoch: 114, loss: 4.4162
[2026-05-28 14:45:16,948][root][INFO] - Epoch: 115, loss: 4.4506
[2026-05-28 14:45:17,022][root][INFO] - Epoch: 116, loss: 4.8346
[2026-05-28 14:45:17,094][root][INFO] - Epoch: 117, loss: 4.4997
[2026-05-28 14:45:17,165][root][INFO] - Epoch: 118, loss: 4.3748
[2026-05-28 14:45:17,237][root][INFO] - Epoch: 119, loss: 4.6939
[2026-05-28 14:45:17,307][root][INFO] - Epoch: 120, loss: 4.5701
[2026-05-28 14:45:17,378][root][INFO] - Epoch: 121, loss: 4.5167
[2026-05-28 14:45:17,449][root][INFO] - Epoch: 122, loss: 4.2847
[2026-05-28 14:45:17,520][root][INFO] - Epoch: 123, loss: 4.1823
[2026-05-28 14:45:17,590][root][INFO] - Epoch: 124, loss: 5.3009
[2026-05-28 14:45:17,660][root][INFO] - Epoch: 125, loss: 5.2663
[2026-05-28 14:45:17,731][root][INFO] - Epoch: 126, loss: 5.1309
[2026-05-28 14:45:17,801][root][INFO] - Epoch: 127, loss: 8.6997
[2026-05-28 14:45:17,872][root][INFO] - Epoch: 128, loss: 8.3052
[2026-05-28 14:45:17,942][root][INFO] - Epoch: 129, loss: 6.5287
[2026-05-28 14:45:18,013][root][INFO] - Epoch: 130, loss: 6.0633
[2026-05-28 14:45:18,084][root][INFO] - Epoch: 131, loss: 5.8849
[2026-05-28 14:45:18,155][root][INFO] - Epoch: 132, loss: 5.6353
[2026-05-28 14:45:18,225][root][INFO] - Epoch: 133, loss: 5.3101
[2026-05-28 14:45:18,296][root][INFO] - Epoch: 134, loss: 5.2237
[2026-05-28 14:45:18,298][root][INFO] - Early stopping at epoch: 133
[2026-05-28 14:45:18,344][root][INFO] - {'model_loss': '5.2237', 'recon_loss': '0.0000', 'triplet_loss': '5.2237'}
[2026-05-28 14:45:18,348][root][INFO] - Generation 90/400 - Time: 0.00 seconds
[2026-05-28 14:45:18,348][root][INFO] - {'coverage': '100.00', 'max_fitness': '-12.14', 'passive_coverage': '52.05', 'passive_max_fitness': '-12.14', 'passive_mean_fitness': '-63.09', 'passive_qd_score': '41751.05', 'qd_score': '90197.19', 'mean_fitness_top_k': '-24.72'}
[2026-05-28 14:45:19,331][root][INFO] - Generation 91/400 - Time: 0.00 seconds
[2026-05-28 14:45:19,331][root][INFO] - {'coverage': '100.00', 'max_fitness': '-12.14', 'passive_coverage': '53.03', 'passive_max_fitness': '-12.14', 'passive_mean_fitness': '-63.47', 'passive_qd_score': '42326.82', 'qd_score': '87121.12', 'mean_fitness_top_k': '-22.26'}
[2026-05-28 14:45:20,331][root][INFO] - Generation 92/400 - Time: 0.00 seconds
[2026-05-28 14:45:20,332][root][INFO] - {'coverage': '100.00', 'max_fitness': '-12.14', 'passive_coverage': '53.71', 'passive_max_fitness': '-12.14', 'passive_mean_fitness': '-63.47', 'passive_qd_score': '42872.66', 'qd_score': '88698.30', 'mean_fitness_top_k': '-21.27'}
[2026-05-28 14:45:21,319][root][INFO] - Generation 93/400 - Time: 0.00 seconds
[2026-05-28 14:45:21,320][root][INFO] - {'coverage': '100.00', 'max_fitness': '-12.14', 'passive_coverage': '54.10', 'passive_max_fitness': '-12.14', 'passive_mean_fitness': '-63.44', 'passive_qd_score': '43199.79', 'qd_score': '89286.45', 'mean_fitness_top_k': '-21.33'}
[2026-05-28 14:45:22,304][root][INFO] - Generation 94/400 - Time: 0.00 seconds
[2026-05-28 14:45:22,305][root][INFO] - {'coverage': '100.00', 'max_fitness': '-12.14', 'passive_coverage': '54.98', 'passive_max_fitness': '-12.14', 'passive_mean_fitness': '-63.46', 'passive_qd_score': '43889.48', 'qd_score': '89179.20', 'mean_fitness_top_k': '-22.01'}
[2026-05-28 14:45:23,293][root][INFO] - Generation 95/400 - Time: 0.00 seconds
[2026-05-28 14:45:23,293][root][INFO] - {'coverage': '100.00', 'max_fitness': '-12.14', 'passive_coverage': '55.08', 'passive_max_fitness': '-12.14', 'passive_mean_fitness': '-63.44', 'passive_qd_score': '43981.99', 'qd_score': '89654.93', 'mean_fitness_top_k': '-21.98'}
[2026-05-28 14:45:23,295][root][INFO] - Saving snapshot to runs/20260528_144015_kheperax_seed13/plots/latent_generation_475_5_gens_after_ext_gen450.png
[2026-05-28 14:45:25,715][root][INFO] - Generation 96/400 - Time: 0.00 seconds
[2026-05-28 14:45:25,716][root][INFO] - {'coverage': '100.00', 'max_fitness': '-12.14', 'passive_coverage': '55.37', 'passive_max_fitness': '-12.14', 'passive_mean_fitness': '-63.47', 'passive_qd_score': '44199.48', 'qd_score': '90088.55', 'mean_fitness_top_k': '-22.27'}
[2026-05-28 14:45:26,715][root][INFO] - Generation 97/400 - Time: 0.00 seconds
[2026-05-28 14:45:26,716][root][INFO] - {'coverage': '100.00', 'max_fitness': '-12.14', 'passive_coverage': '55.66', 'passive_max_fitness': '-12.14', 'passive_mean_fitness': '-63.64', 'passive_qd_score': '44336.77', 'qd_score': '89864.97', 'mean_fitness_top_k': '-22.54'}
[2026-05-28 14:45:27,704][root][INFO] - Generation 98/400 - Time: 0.00 seconds
[2026-05-28 14:45:27,705][root][INFO] - {'coverage': '100.00', 'max_fitness': '-12.14', 'passive_coverage': '55.76', 'passive_max_fitness': '-12.14', 'passive_mean_fitness': '-63.61', 'passive_qd_score': '44429.42', 'qd_score': '90720.25', 'mean_fitness_top_k': '-22.26'}
[2026-05-28 14:45:28,689][root][INFO] - Generation 99/400 - Time: 0.00 seconds
[2026-05-28 14:45:28,690][root][INFO] - {'coverage': '100.00', 'max_fitness': '-12.14', 'passive_coverage': '56.35', 'passive_max_fitness': '-12.14', 'passive_mean_fitness': '-63.63', 'passive_qd_score': '44883.71', 'qd_score': '90689.83', 'mean_fitness_top_k': '-21.93'}
[2026-05-28 14:45:29,678][root][INFO] - Generation 100/400 - Time: 0.00 seconds
[2026-05-28 14:45:29,679][root][INFO] - {'coverage': '100.00', 'max_fitness': '-12.14', 'passive_coverage': '56.64', 'passive_max_fitness': '-12.14', 'passive_mean_fitness': '-63.55', 'passive_qd_score': '45163.79', 'qd_score': '91397.81', 'mean_fitness_top_k': '-21.82'}
[2026-05-28 14:45:30,646][root][INFO] - Generation 101/400 - Time: 0.00 seconds
[2026-05-28 14:45:30,646][root][INFO] - {'coverage': '100.00', 'max_fitness': '-12.14', 'passive_coverage': '56.64', 'passive_max_fitness': '-12.14', 'passive_mean_fitness': '-63.54', 'passive_qd_score': '45170.11', 'qd_score': '91407.20', 'mean_fitness_top_k': '-22.35'}
[2026-05-28 14:45:31,618][root][INFO] - Generation 102/400 - Time: 0.00 seconds
[2026-05-28 14:45:31,619][root][INFO] - {'coverage': '100.00', 'max_fitness': '-12.14', 'passive_coverage': '56.74', 'passive_max_fitness': '-12.14', 'passive_mean_fitness': '-63.49', 'passive_qd_score': '45279.69', 'qd_score': '91331.21', 'mean_fitness_top_k': '-22.54'}
[2026-05-28 14:45:32,592][root][INFO] - Generation 103/400 - Time: 0.00 seconds
[2026-05-28 14:45:32,593][root][INFO] - {'coverage': '100.00', 'max_fitness': '-12.14', 'passive_coverage': '56.74', 'passive_max_fitness': '-12.14', 'passive_mean_fitness': '-63.49', 'passive_qd_score': '45280.64', 'qd_score': '91420.45', 'mean_fitness_top_k': '-22.43'}
[2026-05-28 14:45:33,563][root][INFO] - Generation 104/400 - Time: 0.00 seconds
[2026-05-28 14:45:33,564][root][INFO] - {'coverage': '100.00', 'max_fitness': '-7.92', 'passive_coverage': '56.93', 'passive_max_fitness': '-7.92', 'passive_mean_fitness': '-63.38', 'passive_qd_score': '45499.74', 'qd_score': '92097.97', 'mean_fitness_top_k': '-22.23'}
[2026-05-28 14:45:34,535][root][INFO] - Generation 105/400 - Time: 0.00 seconds
[2026-05-28 14:45:34,535][root][INFO] - {'coverage': '100.00', 'max_fitness': '-7.92', 'passive_coverage': '56.93', 'passive_max_fitness': '-7.92', 'passive_mean_fitness': '-63.37', 'passive_qd_score': '45502.18', 'qd_score': '91838.31', 'mean_fitness_top_k': '-21.97'}
[2026-05-28 14:45:35,524][root][INFO] - Generation 106/400 - Time: 0.00 seconds
[2026-05-28 14:45:35,525][root][INFO] - {'coverage': '100.00', 'max_fitness': '-7.92', 'passive_coverage': '56.93', 'passive_max_fitness': '-7.92', 'passive_mean_fitness': '-63.36', 'passive_qd_score': '45509.86', 'qd_score': '91844.59', 'mean_fitness_top_k': '-22.48'}
[2026-05-28 14:45:36,514][root][INFO] - Generation 107/400 - Time: 0.00 seconds
[2026-05-28 14:45:36,515][root][INFO] - {'coverage': '100.00', 'max_fitness': '-7.92', 'passive_coverage': '56.93', 'passive_max_fitness': '-7.92', 'passive_mean_fitness': '-63.35', 'passive_qd_score': '45513.02', 'qd_score': '92242.42', 'mean_fitness_top_k': '-21.91'}
[2026-05-28 14:45:37,487][root][INFO] - Generation 108/400 - Time: 0.00 seconds
[2026-05-28 14:45:37,488][root][INFO] - {'coverage': '100.00', 'max_fitness': '-7.92', 'passive_coverage': '57.13', 'passive_max_fitness': '-7.92', 'passive_mean_fitness': '-63.38', 'passive_qd_score': '45653.40', 'qd_score': '92038.48', 'mean_fitness_top_k': '-22.25'}
[2026-05-28 14:45:38,518][root][INFO] - Generation 109/400 - Time: 0.00 seconds
[2026-05-28 14:45:38,519][root][INFO] - {'coverage': '100.00', 'max_fitness': '-7.92', 'passive_coverage': '57.23', 'passive_max_fitness': '-7.92', 'passive_mean_fitness': '-63.33', 'passive_qd_score': '45760.64', 'qd_score': '92398.62', 'mean_fitness_top_k': '-22.01'}
[2026-05-28 14:45:39,504][root][INFO] - Updating AE...
[2026-05-28 14:45:40,258][root][INFO] - Epoch: 1, loss: 23444.7793
[2026-05-28 14:45:40,332][root][INFO] - Epoch: 2, loss: 516.1008
[2026-05-28 14:45:40,406][root][INFO] - Epoch: 3, loss: 299.0912
[2026-05-28 14:45:40,479][root][INFO] - Epoch: 4, loss: 280.0687
[2026-05-28 14:45:40,551][root][INFO] - Epoch: 5, loss: 270.0270
[2026-05-28 14:45:40,621][root][INFO] - Epoch: 6, loss: 265.3680
[2026-05-28 14:45:40,691][root][INFO] - Epoch: 7, loss: 263.4505
[2026-05-28 14:45:40,762][root][INFO] - Epoch: 8, loss: 261.6067
[2026-05-28 14:45:40,833][root][INFO] - Epoch: 9, loss: 260.3462
[2026-05-28 14:45:40,904][root][INFO] - Epoch: 10, loss: 258.8399
[2026-05-28 14:45:40,975][root][INFO] - Epoch: 11, loss: 257.4606
[2026-05-28 14:45:41,045][root][INFO] - Epoch: 12, loss: 255.6206
[2026-05-28 14:45:41,116][root][INFO] - Epoch: 13, loss: 254.2078
[2026-05-28 14:45:41,186][root][INFO] - Epoch: 14, loss: 252.9204
[2026-05-28 14:45:41,258][root][INFO] - Epoch: 15, loss: 251.7069
[2026-05-28 14:45:41,329][root][INFO] - Epoch: 16, loss: 250.5617
[2026-05-28 14:45:41,399][root][INFO] - Epoch: 17, loss: 249.8252
[2026-05-28 14:45:41,471][root][INFO] - Epoch: 18, loss: 249.0861
[2026-05-28 14:45:41,541][root][INFO] - Epoch: 19, loss: 248.4758
[2026-05-28 14:45:41,612][root][INFO] - Epoch: 20, loss: 247.9652
[2026-05-28 14:45:41,683][root][INFO] - Epoch: 21, loss: 247.2753
[2026-05-28 14:45:41,754][root][INFO] - Epoch: 22, loss: 246.7303
[2026-05-28 14:45:41,825][root][INFO] - Epoch: 23, loss: 246.1951
[2026-05-28 14:45:41,895][root][INFO] - Epoch: 24, loss: 245.7982
[2026-05-28 14:45:41,966][root][INFO] - Epoch: 25, loss: 245.2368
[2026-05-28 14:45:42,037][root][INFO] - Epoch: 26, loss: 244.8752
[2026-05-28 14:45:42,108][root][INFO] - Epoch: 27, loss: 244.1020
[2026-05-28 14:45:42,178][root][INFO] - Epoch: 28, loss: 243.5596
[2026-05-28 14:45:42,249][root][INFO] - Epoch: 29, loss: 243.2024
[2026-05-28 14:45:42,320][root][INFO] - Epoch: 30, loss: 245.5165
[2026-05-28 14:45:42,391][root][INFO] - Epoch: 31, loss: 250.7744
[2026-05-28 14:45:42,462][root][INFO] - Epoch: 32, loss: 252.7269
[2026-05-28 14:45:42,533][root][INFO] - Epoch: 33, loss: 252.2218
[2026-05-28 14:45:42,602][root][INFO] - Epoch: 34, loss: 251.6662
[2026-05-28 14:45:42,673][root][INFO] - Epoch: 35, loss: 251.1886
[2026-05-28 14:45:42,743][root][INFO] - Epoch: 36, loss: 250.5623
[2026-05-28 14:45:42,815][root][INFO] - Epoch: 37, loss: 250.0802
[2026-05-28 14:45:42,886][root][INFO] - Epoch: 38, loss: 249.8018
[2026-05-28 14:45:42,957][root][INFO] - Epoch: 39, loss: 249.3518
[2026-05-28 14:45:43,027][root][INFO] - Epoch: 40, loss: 249.1005
[2026-05-28 14:45:43,028][root][INFO] - Early stopping at epoch: 39
[2026-05-28 14:45:43,057][root][INFO] - {'model_loss': '249.1005', 'recon_loss': '0.0000', 'triplet_loss': '249.1005'}
[2026-05-28 14:45:43,062][root][INFO] - Extinction event (pre-encoder)...
[2026-05-28 14:45:43,062][root][INFO] - Saving snapshot to runs/20260528_144015_kheperax_seed13/plots/latent_generation_550_before_ext.png
[2026-05-28 14:45:44,496][root][INFO] - Saving snapshot to runs/20260528_144015_kheperax_seed13/plots/latent_generation_550_after_ext.png
[2026-05-28 14:45:45,774][root][INFO] - Updating AE...
[2026-05-28 14:45:46,520][root][INFO] - Epoch: 1, loss: 9.1418
[2026-05-28 14:45:46,593][root][INFO] - Epoch: 2, loss: 3.8602
[2026-05-28 14:45:46,666][root][INFO] - Epoch: 3, loss: 3.2832
[2026-05-28 14:45:46,738][root][INFO] - Epoch: 4, loss: 2.9213
[2026-05-28 14:45:46,808][root][INFO] - Epoch: 5, loss: 2.7685
[2026-05-28 14:45:46,879][root][INFO] - Epoch: 6, loss: 2.6482
[2026-05-28 14:45:46,950][root][INFO] - Epoch: 7, loss: 2.5354
[2026-05-28 14:45:47,021][root][INFO] - Epoch: 8, loss: 2.4609
[2026-05-28 14:45:47,091][root][INFO] - Epoch: 9, loss: 2.3960
[2026-05-28 14:45:47,161][root][INFO] - Epoch: 10, loss: 2.3089
[2026-05-28 14:45:47,232][root][INFO] - Epoch: 11, loss: 2.2629
[2026-05-28 14:45:47,302][root][INFO] - Epoch: 12, loss: 2.2178
[2026-05-28 14:45:47,372][root][INFO] - Epoch: 13, loss: 2.1756
[2026-05-28 14:45:47,442][root][INFO] - Epoch: 14, loss: 2.1291
[2026-05-28 14:45:47,513][root][INFO] - Epoch: 15, loss: 2.1068
[2026-05-28 14:45:47,583][root][INFO] - Epoch: 16, loss: 2.0663
[2026-05-28 14:45:47,654][root][INFO] - Epoch: 17, loss: 2.0454
[2026-05-28 14:45:47,724][root][INFO] - Epoch: 18, loss: 2.0136
[2026-05-28 14:45:47,795][root][INFO] - Epoch: 19, loss: 1.9684
[2026-05-28 14:45:47,865][root][INFO] - Epoch: 20, loss: 1.9390
[2026-05-28 14:45:47,935][root][INFO] - Epoch: 21, loss: 1.8658
[2026-05-28 14:45:48,005][root][INFO] - Epoch: 22, loss: 1.8589
[2026-05-28 14:45:48,075][root][INFO] - Epoch: 23, loss: 1.8032
[2026-05-28 14:45:48,146][root][INFO] - Epoch: 24, loss: 1.7782
[2026-05-28 14:45:48,216][root][INFO] - Epoch: 25, loss: 1.7723
[2026-05-28 14:45:48,288][root][INFO] - Epoch: 26, loss: 1.7246
[2026-05-28 14:45:48,358][root][INFO] - Epoch: 27, loss: 1.6832
[2026-05-28 14:45:48,429][root][INFO] - Epoch: 28, loss: 1.6446
[2026-05-28 14:45:48,500][root][INFO] - Epoch: 29, loss: 1.5875
[2026-05-28 14:45:48,571][root][INFO] - Epoch: 30, loss: 1.5528
[2026-05-28 14:45:48,641][root][INFO] - Epoch: 31, loss: 1.5080
[2026-05-28 14:45:48,713][root][INFO] - Epoch: 32, loss: 1.4764
[2026-05-28 14:45:48,784][root][INFO] - Epoch: 33, loss: 1.4311
[2026-05-28 14:45:48,855][root][INFO] - Epoch: 34, loss: 1.4481
[2026-05-28 14:45:48,927][root][INFO] - Epoch: 35, loss: 1.4291
[2026-05-28 14:45:48,999][root][INFO] - Epoch: 36, loss: 1.3697
[2026-05-28 14:45:49,072][root][INFO] - Epoch: 37, loss: 1.3648
[2026-05-28 14:45:49,144][root][INFO] - Epoch: 38, loss: 1.3033
[2026-05-28 14:45:49,217][root][INFO] - Epoch: 39, loss: 1.3443
[2026-05-28 14:45:49,288][root][INFO] - Epoch: 40, loss: 1.3404
[2026-05-28 14:45:49,359][root][INFO] - Epoch: 41, loss: 1.2959
[2026-05-28 14:45:49,431][root][INFO] - Epoch: 42, loss: 1.2324
[2026-05-28 14:45:49,504][root][INFO] - Epoch: 43, loss: 1.1827
[2026-05-28 14:45:49,576][root][INFO] - Epoch: 44, loss: 1.1894
[2026-05-28 14:45:49,647][root][INFO] - Epoch: 45, loss: 1.1727
[2026-05-28 14:45:49,720][root][INFO] - Epoch: 46, loss: 1.2162
[2026-05-28 14:45:49,791][root][INFO] - Epoch: 47, loss: 1.1666
[2026-05-28 14:45:49,862][root][INFO] - Epoch: 48, loss: 1.1002
[2026-05-28 14:45:49,935][root][INFO] - Epoch: 49, loss: 1.1134
[2026-05-28 14:45:50,007][root][INFO] - Epoch: 50, loss: 1.1459
[2026-05-28 14:45:50,079][root][INFO] - Epoch: 51, loss: 1.0993
[2026-05-28 14:45:50,150][root][INFO] - Epoch: 52, loss: 1.1194
[2026-05-28 14:45:50,222][root][INFO] - Epoch: 53, loss: 1.1153
[2026-05-28 14:45:50,293][root][INFO] - Epoch: 54, loss: 1.0616
[2026-05-28 14:45:50,364][root][INFO] - Epoch: 55, loss: 1.0794
[2026-05-28 14:45:50,436][root][INFO] - Epoch: 56, loss: 1.0771
[2026-05-28 14:45:50,509][root][INFO] - Epoch: 57, loss: 1.1683
[2026-05-28 14:45:50,580][root][INFO] - Epoch: 58, loss: 1.1093
[2026-05-28 14:45:50,651][root][INFO] - Epoch: 59, loss: 1.0546
[2026-05-28 14:45:50,722][root][INFO] - Epoch: 60, loss: 1.0402
[2026-05-28 14:45:50,794][root][INFO] - Epoch: 61, loss: 1.1055
[2026-05-28 14:45:50,866][root][INFO] - Epoch: 62, loss: 1.0605
[2026-05-28 14:45:50,938][root][INFO] - Epoch: 63, loss: 1.0141
[2026-05-28 14:45:51,011][root][INFO] - Epoch: 64, loss: 0.9683
[2026-05-28 14:45:51,084][root][INFO] - Epoch: 65, loss: 0.9815
[2026-05-28 14:45:51,156][root][INFO] - Epoch: 66, loss: 0.9002
[2026-05-28 14:45:51,227][root][INFO] - Epoch: 67, loss: 0.8764
[2026-05-28 14:45:51,300][root][INFO] - Epoch: 68, loss: 0.8646
[2026-05-28 14:45:51,372][root][INFO] - Epoch: 69, loss: 0.8661
[2026-05-28 14:45:51,444][root][INFO] - Epoch: 70, loss: 0.8500
[2026-05-28 14:45:51,516][root][INFO] - Epoch: 71, loss: 0.8648
[2026-05-28 14:45:51,589][root][INFO] - Epoch: 72, loss: 0.8526
[2026-05-28 14:45:51,662][root][INFO] - Epoch: 73, loss: 0.8026
[2026-05-28 14:45:51,734][root][INFO] - Epoch: 74, loss: 0.8193
[2026-05-28 14:45:51,807][root][INFO] - Epoch: 75, loss: 0.7898
[2026-05-28 14:45:51,879][root][INFO] - Epoch: 76, loss: 0.8247
[2026-05-28 14:45:51,951][root][INFO] - Epoch: 77, loss: 0.7586
[2026-05-28 14:45:52,025][root][INFO] - Epoch: 78, loss: 0.7694
[2026-05-28 14:45:52,097][root][INFO] - Epoch: 79, loss: 0.7639
[2026-05-28 14:45:52,169][root][INFO] - Epoch: 80, loss: 0.7811
[2026-05-28 14:45:52,242][root][INFO] - Epoch: 81, loss: 0.7313
[2026-05-28 14:45:52,314][root][INFO] - Epoch: 82, loss: 0.7157
[2026-05-28 14:45:52,385][root][INFO] - Epoch: 83, loss: 0.6970
[2026-05-28 14:45:52,456][root][INFO] - Epoch: 84, loss: 0.6875
[2026-05-28 14:45:52,528][root][INFO] - Epoch: 85, loss: 0.6697
[2026-05-28 14:45:52,599][root][INFO] - Epoch: 86, loss: 0.6816
[2026-05-28 14:45:52,671][root][INFO] - Epoch: 87, loss: 0.6888
[2026-05-28 14:45:52,743][root][INFO] - Epoch: 88, loss: 0.6676
[2026-05-28 14:45:52,816][root][INFO] - Epoch: 89, loss: 0.6864
[2026-05-28 14:45:52,888][root][INFO] - Epoch: 90, loss: 0.6753
[2026-05-28 14:45:52,960][root][INFO] - Epoch: 91, loss: 0.6825
[2026-05-28 14:45:53,032][root][INFO] - Epoch: 92, loss: 0.6885
[2026-05-28 14:45:53,103][root][INFO] - Epoch: 93, loss: 0.7200
[2026-05-28 14:45:53,175][root][INFO] - Epoch: 94, loss: 0.7237
[2026-05-28 14:45:53,248][root][INFO] - Epoch: 95, loss: 0.7277
[2026-05-28 14:45:53,320][root][INFO] - Epoch: 96, loss: 0.7640
[2026-05-28 14:45:53,393][root][INFO] - Epoch: 97, loss: 0.8136
[2026-05-28 14:45:53,465][root][INFO] - Epoch: 98, loss: 0.7306
[2026-05-28 14:45:53,537][root][INFO] - Epoch: 99, loss: 0.6887
[2026-05-28 14:45:53,537][root][INFO] - Early stopping at epoch: 98
[2026-05-28 14:45:53,578][root][INFO] - {'model_loss': '0.6887', 'recon_loss': '0.0000', 'triplet_loss': '0.6887'}
[2026-05-28 14:45:53,582][root][INFO] - Generation 110/400 - Time: 0.00 seconds
[2026-05-28 14:45:53,583][root][INFO] - {'coverage': '100.00', 'max_fitness': '-7.92', 'passive_coverage': '57.42', 'passive_max_fitness': '-7.92', 'passive_mean_fitness': '-63.30', 'passive_qd_score': '45937.80', 'qd_score': '92141.52', 'mean_fitness_top_k': '-22.18'}
[2026-05-28 14:45:54,560][root][INFO] - Generation 111/400 - Time: 0.00 seconds
[2026-05-28 14:45:54,561][root][INFO] - {'coverage': '100.00', 'max_fitness': '-7.92', 'passive_coverage': '57.81', 'passive_max_fitness': '-7.92', 'passive_mean_fitness': '-63.45', 'passive_qd_score': '46158.05', 'qd_score': '80907.95', 'mean_fitness_top_k': '-28.95'}
[2026-05-28 14:45:55,536][root][INFO] - Generation 112/400 - Time: 0.00 seconds
[2026-05-28 14:45:55,537][root][INFO] - {'coverage': '100.00', 'max_fitness': '-7.92', 'passive_coverage': '58.50', 'passive_max_fitness': '-7.92', 'passive_mean_fitness': '-63.61', 'passive_qd_score': '46607.20', 'qd_score': '79434.38', 'mean_fitness_top_k': '-32.00'}
[2026-05-28 14:45:56,514][root][INFO] - Generation 113/400 - Time: 0.00 seconds
[2026-05-28 14:45:56,515][root][INFO] - {'coverage': '100.00', 'max_fitness': '-7.92', 'passive_coverage': '58.69', 'passive_max_fitness': '-7.92', 'passive_mean_fitness': '-63.64', 'passive_qd_score': '46744.77', 'qd_score': '78468.67', 'mean_fitness_top_k': '-32.53'}
[2026-05-28 14:45:57,490][root][INFO] - Generation 114/400 - Time: 0.00 seconds
[2026-05-28 14:45:57,491][root][INFO] - {'coverage': '100.00', 'max_fitness': '-5.68', 'passive_coverage': '58.89', 'passive_max_fitness': '-5.68', 'passive_mean_fitness': '-63.63', 'passive_qd_score': '46908.42', 'qd_score': '76627.43', 'mean_fitness_top_k': '-34.36'}
[2026-05-28 14:45:58,466][root][INFO] - Generation 115/400 - Time: 0.00 seconds
[2026-05-28 14:45:58,467][root][INFO] - {'coverage': '100.00', 'max_fitness': '-5.68', 'passive_coverage': '59.18', 'passive_max_fitness': '-5.68', 'passive_mean_fitness': '-63.67', 'passive_qd_score': '47116.95', 'qd_score': '75704.83', 'mean_fitness_top_k': '-35.73'}
[2026-05-28 14:45:58,469][root][INFO] - Saving snapshot to runs/20260528_144015_kheperax_seed13/plots/latent_generation_575_5_gens_after_ext_gen550.png
[2026-05-28 14:46:00,967][root][INFO] - Generation 116/400 - Time: 0.00 seconds
[2026-05-28 14:46:00,968][root][INFO] - {'coverage': '100.00', 'max_fitness': '-5.68', 'passive_coverage': '59.18', 'passive_max_fitness': '-5.68', 'passive_mean_fitness': '-63.67', 'passive_qd_score': '47117.45', 'qd_score': '75093.60', 'mean_fitness_top_k': '-36.27'}
[2026-05-28 14:46:01,943][root][INFO] - Generation 117/400 - Time: 0.00 seconds
[2026-05-28 14:46:01,944][root][INFO] - {'coverage': '100.00', 'max_fitness': '-5.68', 'passive_coverage': '59.18', 'passive_max_fitness': '-5.68', 'passive_mean_fitness': '-63.66', 'passive_qd_score': '47121.79', 'qd_score': '74234.73', 'mean_fitness_top_k': '-38.79'}
[2026-05-28 14:46:02,916][root][INFO] - Generation 118/400 - Time: 0.00 seconds
[2026-05-28 14:46:02,917][root][INFO] - {'coverage': '100.00', 'max_fitness': '-5.68', 'passive_coverage': '59.18', 'passive_max_fitness': '-5.68', 'passive_mean_fitness': '-63.66', 'passive_qd_score': '47122.30', 'qd_score': '73365.92', 'mean_fitness_top_k': '-41.44'}
[2026-05-28 14:46:03,891][root][INFO] - Generation 119/400 - Time: 0.00 seconds
[2026-05-28 14:46:03,892][root][INFO] - {'coverage': '100.00', 'max_fitness': '-5.68', 'passive_coverage': '59.18', 'passive_max_fitness': '-5.68', 'passive_mean_fitness': '-63.66', 'passive_qd_score': '47125.68', 'qd_score': '73145.84', 'mean_fitness_top_k': '-41.18'}
[2026-05-28 14:46:04,864][root][INFO] - Generation 120/400 - Time: 0.00 seconds
[2026-05-28 14:46:04,865][root][INFO] - {'coverage': '100.00', 'max_fitness': '-5.68', 'passive_coverage': '59.18', 'passive_max_fitness': '-5.68', 'passive_mean_fitness': '-63.66', 'passive_qd_score': '47125.89', 'qd_score': '72774.66', 'mean_fitness_top_k': '-41.96'}
[2026-05-28 14:46:05,836][root][INFO] - Generation 121/400 - Time: 0.00 seconds
[2026-05-28 14:46:05,837][root][INFO] - {'coverage': '100.00', 'max_fitness': '-5.68', 'passive_coverage': '59.18', 'passive_max_fitness': '-5.68', 'passive_mean_fitness': '-63.66', 'passive_qd_score': '47125.99', 'qd_score': '72589.73', 'mean_fitness_top_k': '-42.60'}
[2026-05-28 14:46:06,810][root][INFO] - Generation 122/400 - Time: 0.00 seconds
[2026-05-28 14:46:06,811][root][INFO] - {'coverage': '100.00', 'max_fitness': '-5.68', 'passive_coverage': '59.18', 'passive_max_fitness': '-5.68', 'passive_mean_fitness': '-63.65', 'passive_qd_score': '47127.96', 'qd_score': '72144.16', 'mean_fitness_top_k': '-44.16'}
[2026-05-28 14:46:07,788][root][INFO] - Generation 123/400 - Time: 0.00 seconds
[2026-05-28 14:46:07,789][root][INFO] - {'coverage': '100.00', 'max_fitness': '-5.68', 'passive_coverage': '59.18', 'passive_max_fitness': '-5.68', 'passive_mean_fitness': '-63.65', 'passive_qd_score': '47129.73', 'qd_score': '71805.81', 'mean_fitness_top_k': '-44.90'}
[2026-05-28 14:46:08,768][root][INFO] - Generation 124/400 - Time: 0.00 seconds
[2026-05-28 14:46:08,769][root][INFO] - {'coverage': '100.00', 'max_fitness': '-5.68', 'passive_coverage': '59.18', 'passive_max_fitness': '-5.68', 'passive_mean_fitness': '-63.65', 'passive_qd_score': '47129.99', 'qd_score': '71600.72', 'mean_fitness_top_k': '-45.06'}
[2026-05-28 14:46:09,746][root][INFO] - Generation 125/400 - Time: 0.00 seconds
[2026-05-28 14:46:09,747][root][INFO] - {'coverage': '100.00', 'max_fitness': '-5.68', 'passive_coverage': '59.18', 'passive_max_fitness': '-5.68', 'passive_mean_fitness': '-63.65', 'passive_qd_score': '47130.68', 'qd_score': '71103.93', 'mean_fitness_top_k': '-46.27'}
[2026-05-28 14:46:10,720][root][INFO] - Generation 126/400 - Time: 0.00 seconds
[2026-05-28 14:46:10,721][root][INFO] - {'coverage': '100.00', 'max_fitness': '-5.68', 'passive_coverage': '59.18', 'passive_max_fitness': '-5.68', 'passive_mean_fitness': '-63.65', 'passive_qd_score': '47131.02', 'qd_score': '70691.12', 'mean_fitness_top_k': '-47.67'}
[2026-05-28 14:46:11,694][root][INFO] - Generation 127/400 - Time: 0.00 seconds
[2026-05-28 14:46:11,695][root][INFO] - {'coverage': '100.00', 'max_fitness': '-5.68', 'passive_coverage': '59.18', 'passive_max_fitness': '-5.68', 'passive_mean_fitness': '-63.64', 'passive_qd_score': '47132.74', 'qd_score': '70016.42', 'mean_fitness_top_k': '-49.24'}
[2026-05-28 14:46:12,701][root][INFO] - Generation 128/400 - Time: 0.00 seconds
[2026-05-28 14:46:12,702][root][INFO] - {'coverage': '100.00', 'max_fitness': '-5.68', 'passive_coverage': '59.18', 'passive_max_fitness': '-5.68', 'passive_mean_fitness': '-63.64', 'passive_qd_score': '47132.76', 'qd_score': '70082.60', 'mean_fitness_top_k': '-48.70'}
[2026-05-28 14:46:13,680][root][INFO] - Generation 129/400 - Time: 0.00 seconds
[2026-05-28 14:46:13,681][root][INFO] - {'coverage': '100.00', 'max_fitness': '-5.68', 'passive_coverage': '59.18', 'passive_max_fitness': '-5.68', 'passive_mean_fitness': '-63.64', 'passive_qd_score': '47132.76', 'qd_score': '69846.87', 'mean_fitness_top_k': '-48.99'}
[2026-05-28 14:46:14,655][root][INFO] - Generation 130/400 - Time: 0.00 seconds
[2026-05-28 14:46:14,656][root][INFO] - {'coverage': '100.00', 'max_fitness': '-5.68', 'passive_coverage': '59.18', 'passive_max_fitness': '-5.68', 'passive_mean_fitness': '-63.64', 'passive_qd_score': '47132.76', 'qd_score': '69461.00', 'mean_fitness_top_k': '-50.02'}
[2026-05-28 14:46:15,631][root][INFO] - Generation 131/400 - Time: 0.00 seconds
[2026-05-28 14:46:15,632][root][INFO] - {'coverage': '100.00', 'max_fitness': '-5.68', 'passive_coverage': '59.18', 'passive_max_fitness': '-5.68', 'passive_mean_fitness': '-63.64', 'passive_qd_score': '47132.92', 'qd_score': '68950.91', 'mean_fitness_top_k': '-51.89'}
[2026-05-28 14:46:16,605][root][INFO] - Updating AE...
[2026-05-28 14:46:17,347][root][INFO] - Epoch: 1, loss: 2787.1973
[2026-05-28 14:46:17,420][root][INFO] - Epoch: 2, loss: 811.1819
[2026-05-28 14:46:17,493][root][INFO] - Epoch: 3, loss: 773.1148
[2026-05-28 14:46:17,565][root][INFO] - Epoch: 4, loss: 767.9456
[2026-05-28 14:46:17,635][root][INFO] - Epoch: 5, loss: 767.2674
[2026-05-28 14:46:17,706][root][INFO] - Epoch: 6, loss: 765.6228
[2026-05-28 14:46:17,777][root][INFO] - Epoch: 7, loss: 764.4838
[2026-05-28 14:46:17,847][root][INFO] - Epoch: 8, loss: 763.4194
[2026-05-28 14:46:17,919][root][INFO] - Epoch: 9, loss: 761.6516
[2026-05-28 14:46:17,990][root][INFO] - Epoch: 10, loss: 759.9995
[2026-05-28 14:46:18,060][root][INFO] - Epoch: 11, loss: 757.9814
[2026-05-28 14:46:18,131][root][INFO] - Epoch: 12, loss: 755.9789
[2026-05-28 14:46:18,201][root][INFO] - Epoch: 13, loss: 754.5599
[2026-05-28 14:46:18,272][root][INFO] - Epoch: 14, loss: 752.5233
[2026-05-28 14:46:18,342][root][INFO] - Epoch: 15, loss: 751.2820
[2026-05-28 14:46:18,413][root][INFO] - Epoch: 16, loss: 749.4969
[2026-05-28 14:46:18,484][root][INFO] - Epoch: 17, loss: 749.7083
[2026-05-28 14:46:18,554][root][INFO] - Epoch: 18, loss: 744.1972
[2026-05-28 14:46:18,624][root][INFO] - Epoch: 19, loss: 741.2637
[2026-05-28 14:46:18,696][root][INFO] - Epoch: 20, loss: 738.0535
[2026-05-28 14:46:18,766][root][INFO] - Epoch: 21, loss: 734.6931
[2026-05-28 14:46:18,836][root][INFO] - Epoch: 22, loss: 732.5912
[2026-05-28 14:46:18,907][root][INFO] - Epoch: 23, loss: 730.0676
[2026-05-28 14:46:18,977][root][INFO] - Epoch: 24, loss: 727.6278
[2026-05-28 14:46:19,048][root][INFO] - Epoch: 25, loss: 724.3536
[2026-05-28 14:46:19,118][root][INFO] - Epoch: 26, loss: 721.3646
[2026-05-28 14:46:19,189][root][INFO] - Epoch: 27, loss: 719.5189
[2026-05-28 14:46:19,260][root][INFO] - Epoch: 28, loss: 715.3091
[2026-05-28 14:46:19,330][root][INFO] - Epoch: 29, loss: 715.3228
[2026-05-28 14:46:19,401][root][INFO] - Epoch: 30, loss: 712.1240
[2026-05-28 14:46:19,474][root][INFO] - Epoch: 31, loss: 708.0016
[2026-05-28 14:46:19,547][root][INFO] - Epoch: 32, loss: 706.0817
[2026-05-28 14:46:19,619][root][INFO] - Epoch: 33, loss: 702.6252
[2026-05-28 14:46:19,690][root][INFO] - Epoch: 34, loss: 700.0244
[2026-05-28 14:46:19,761][root][INFO] - Epoch: 35, loss: 695.3914
[2026-05-28 14:46:19,831][root][INFO] - Epoch: 36, loss: 691.3904
[2026-05-28 14:46:19,903][root][INFO] - Epoch: 37, loss: 687.2338
[2026-05-28 14:46:19,974][root][INFO] - Epoch: 38, loss: 684.2407
[2026-05-28 14:46:20,045][root][INFO] - Epoch: 39, loss: 680.7774
[2026-05-28 14:46:20,117][root][INFO] - Epoch: 40, loss: 678.8365
[2026-05-28 14:46:20,191][root][INFO] - Epoch: 41, loss: 674.5250
[2026-05-28 14:46:20,262][root][INFO] - Epoch: 42, loss: 672.2073
[2026-05-28 14:46:20,335][root][INFO] - Epoch: 43, loss: 671.4824
[2026-05-28 14:46:20,407][root][INFO] - Epoch: 44, loss: 666.9722
[2026-05-28 14:46:20,478][root][INFO] - Epoch: 45, loss: 659.8392
[2026-05-28 14:46:20,550][root][INFO] - Epoch: 46, loss: 655.8961
[2026-05-28 14:46:20,621][root][INFO] - Epoch: 47, loss: 655.0967
[2026-05-28 14:46:20,693][root][INFO] - Epoch: 48, loss: 651.8671
[2026-05-28 14:46:20,766][root][INFO] - Epoch: 49, loss: 659.0426
[2026-05-28 14:46:20,837][root][INFO] - Epoch: 50, loss: 656.2893
[2026-05-28 14:46:20,911][root][INFO] - Epoch: 51, loss: 653.6278
[2026-05-28 14:46:20,982][root][INFO] - Epoch: 52, loss: 653.5040
[2026-05-28 14:46:21,054][root][INFO] - Epoch: 53, loss: 655.9442
[2026-05-28 14:46:21,126][root][INFO] - Epoch: 54, loss: 652.1158
[2026-05-28 14:46:21,199][root][INFO] - Epoch: 55, loss: 641.4994
[2026-05-28 14:46:21,270][root][INFO] - Epoch: 56, loss: 642.8538
[2026-05-28 14:46:21,341][root][INFO] - Epoch: 57, loss: 642.9525
[2026-05-28 14:46:21,412][root][INFO] - Epoch: 58, loss: 637.3043
[2026-05-28 14:46:21,485][root][INFO] - Epoch: 59, loss: 635.3812
[2026-05-28 14:46:21,557][root][INFO] - Epoch: 60, loss: 634.9843
[2026-05-28 14:46:21,628][root][INFO] - Epoch: 61, loss: 629.8527
[2026-05-28 14:46:21,700][root][INFO] - Epoch: 62, loss: 627.9032
[2026-05-28 14:46:21,772][root][INFO] - Epoch: 63, loss: 626.8915
[2026-05-28 14:46:21,843][root][INFO] - Epoch: 64, loss: 646.3740
[2026-05-28 14:46:21,914][root][INFO] - Epoch: 65, loss: 623.7537
[2026-05-28 14:46:21,986][root][INFO] - Epoch: 66, loss: 623.1098
[2026-05-28 14:46:22,058][root][INFO] - Epoch: 67, loss: 616.2911
[2026-05-28 14:46:22,130][root][INFO] - Epoch: 68, loss: 610.1639
[2026-05-28 14:46:22,201][root][INFO] - Epoch: 69, loss: 624.3392
[2026-05-28 14:46:22,273][root][INFO] - Epoch: 70, loss: 608.8783
[2026-05-28 14:46:22,346][root][INFO] - Epoch: 71, loss: 600.6459
[2026-05-28 14:46:22,417][root][INFO] - Epoch: 72, loss: 604.1073
[2026-05-28 14:46:22,488][root][INFO] - Epoch: 73, loss: 614.2958
[2026-05-28 14:46:22,559][root][INFO] - Epoch: 74, loss: 630.4595
[2026-05-28 14:46:22,630][root][INFO] - Epoch: 75, loss: 632.4763
[2026-05-28 14:46:22,701][root][INFO] - Epoch: 76, loss: 672.8082
[2026-05-28 14:46:22,773][root][INFO] - Epoch: 77, loss: 635.7458
[2026-05-28 14:46:22,844][root][INFO] - Epoch: 78, loss: 622.6603
[2026-05-28 14:46:22,914][root][INFO] - Epoch: 79, loss: 608.0076
[2026-05-28 14:46:22,986][root][INFO] - Epoch: 80, loss: 610.9670
[2026-05-28 14:46:23,057][root][INFO] - Epoch: 81, loss: 598.2083
[2026-05-28 14:46:23,127][root][INFO] - Epoch: 82, loss: 617.0703
[2026-05-28 14:46:23,199][root][INFO] - Epoch: 83, loss: 602.7130
[2026-05-28 14:46:23,270][root][INFO] - Epoch: 84, loss: 620.6476
[2026-05-28 14:46:23,341][root][INFO] - Epoch: 85, loss: 626.0951
[2026-05-28 14:46:23,412][root][INFO] - Epoch: 86, loss: 676.9321
[2026-05-28 14:46:23,484][root][INFO] - Epoch: 87, loss: 709.6068
[2026-05-28 14:46:23,555][root][INFO] - Epoch: 88, loss: 731.4028
[2026-05-28 14:46:23,626][root][INFO] - Epoch: 89, loss: 719.8365
[2026-05-28 14:46:23,697][root][INFO] - Epoch: 90, loss: 700.9484
[2026-05-28 14:46:23,770][root][INFO] - Epoch: 91, loss: 694.7642
[2026-05-28 14:46:23,840][root][INFO] - Epoch: 92, loss: 695.3047
[2026-05-28 14:46:23,841][root][INFO] - Early stopping at epoch: 91
[2026-05-28 14:46:23,876][root][INFO] - {'model_loss': '695.3047', 'recon_loss': '0.0000', 'triplet_loss': '695.3047'}
[2026-05-28 14:46:23,880][root][INFO] - Extinction event (pre-encoder)...
[2026-05-28 14:46:23,880][root][INFO] - Saving snapshot to runs/20260528_144015_kheperax_seed13/plots/latent_generation_660_before_ext.png
[2026-05-28 14:46:25,368][root][INFO] - Saving snapshot to runs/20260528_144015_kheperax_seed13/plots/latent_generation_660_after_ext.png
[2026-05-28 14:46:26,596][root][INFO] - Updating AE...
[2026-05-28 14:46:27,565][root][INFO] - Epoch: 1, loss: 295.6308
[2026-05-28 14:46:27,638][root][INFO] - Epoch: 2, loss: 17.3534
[2026-05-28 14:46:27,711][root][INFO] - Epoch: 3, loss: 11.8760
[2026-05-28 14:46:27,784][root][INFO] - Epoch: 4, loss: 11.3714
[2026-05-28 14:46:27,856][root][INFO] - Epoch: 5, loss: 9.7390
[2026-05-28 14:46:27,927][root][INFO] - Epoch: 6, loss: 8.2790
[2026-05-28 14:46:27,998][root][INFO] - Epoch: 7, loss: 7.1726
[2026-05-28 14:46:28,069][root][INFO] - Epoch: 8, loss: 6.4007
[2026-05-28 14:46:28,140][root][INFO] - Epoch: 9, loss: 5.8340
[2026-05-28 14:46:28,213][root][INFO] - Epoch: 10, loss: 5.3707
[2026-05-28 14:46:28,285][root][INFO] - Epoch: 11, loss: 5.0024
[2026-05-28 14:46:28,356][root][INFO] - Epoch: 12, loss: 4.6592
[2026-05-28 14:46:28,427][root][INFO] - Epoch: 13, loss: 4.3860
[2026-05-28 14:46:28,499][root][INFO] - Epoch: 14, loss: 4.1224
[2026-05-28 14:46:28,571][root][INFO] - Epoch: 15, loss: 3.8721
[2026-05-28 14:46:28,642][root][INFO] - Epoch: 16, loss: 3.6360
[2026-05-28 14:46:28,714][root][INFO] - Epoch: 17, loss: 3.3922
[2026-05-28 14:46:28,785][root][INFO] - Epoch: 18, loss: 3.1385
[2026-05-28 14:46:28,856][root][INFO] - Epoch: 19, loss: 2.8774
[2026-05-28 14:46:28,929][root][INFO] - Epoch: 20, loss: 2.7147
[2026-05-28 14:46:29,001][root][INFO] - Epoch: 21, loss: 2.6054
[2026-05-28 14:46:29,073][root][INFO] - Epoch: 22, loss: 2.5158
[2026-05-28 14:46:29,144][root][INFO] - Epoch: 23, loss: 2.4382
[2026-05-28 14:46:29,216][root][INFO] - Epoch: 24, loss: 2.3756
[2026-05-28 14:46:29,288][root][INFO] - Epoch: 25, loss: 2.3135
[2026-05-28 14:46:29,359][root][INFO] - Epoch: 26, loss: 2.2482
[2026-05-28 14:46:29,432][root][INFO] - Epoch: 27, loss: 2.1970
[2026-05-28 14:46:29,505][root][INFO] - Epoch: 28, loss: 2.1465
[2026-05-28 14:46:29,577][root][INFO] - Epoch: 29, loss: 2.0939
[2026-05-28 14:46:29,650][root][INFO] - Epoch: 30, loss: 2.0485
[2026-05-28 14:46:29,722][root][INFO] - Epoch: 31, loss: 2.0062
[2026-05-28 14:46:29,793][root][INFO] - Epoch: 32, loss: 1.9641
[2026-05-28 14:46:29,865][root][INFO] - Epoch: 33, loss: 1.9248
[2026-05-28 14:46:29,938][root][INFO] - Epoch: 34, loss: 1.8824
[2026-05-28 14:46:30,010][root][INFO] - Epoch: 35, loss: 1.8451
[2026-05-28 14:46:30,083][root][INFO] - Epoch: 36, loss: 1.8134
[2026-05-28 14:46:30,154][root][INFO] - Epoch: 37, loss: 1.7774
[2026-05-28 14:46:30,226][root][INFO] - Epoch: 38, loss: 1.7419
[2026-05-28 14:46:30,297][root][INFO] - Epoch: 39, loss: 1.7127
[2026-05-28 14:46:30,367][root][INFO] - Epoch: 40, loss: 1.6784
[2026-05-28 14:46:30,438][root][INFO] - Epoch: 41, loss: 1.6465
[2026-05-28 14:46:30,510][root][INFO] - Epoch: 42, loss: 1.6177
[2026-05-28 14:46:30,581][root][INFO] - Epoch: 43, loss: 1.5894
[2026-05-28 14:46:30,652][root][INFO] - Epoch: 44, loss: 1.5580
[2026-05-28 14:46:30,722][root][INFO] - Epoch: 45, loss: 1.5315
[2026-05-28 14:46:30,792][root][INFO] - Epoch: 46, loss: 1.5045
[2026-05-28 14:46:30,863][root][INFO] - Epoch: 47, loss: 1.4764
[2026-05-28 14:46:30,933][root][INFO] - Epoch: 48, loss: 1.4509
[2026-05-28 14:46:31,004][root][INFO] - Epoch: 49, loss: 1.4267
[2026-05-28 14:46:31,074][root][INFO] - Epoch: 50, loss: 1.4010
[2026-05-28 14:46:31,144][root][INFO] - Epoch: 51, loss: 1.3777
[2026-05-28 14:46:31,214][root][INFO] - Epoch: 52, loss: 1.3549
[2026-05-28 14:46:31,284][root][INFO] - Epoch: 53, loss: 1.3324
[2026-05-28 14:46:31,355][root][INFO] - Epoch: 54, loss: 1.3093
[2026-05-28 14:46:31,425][root][INFO] - Epoch: 55, loss: 1.2866
[2026-05-28 14:46:31,496][root][INFO] - Epoch: 56, loss: 1.2664
[2026-05-28 14:46:31,567][root][INFO] - Epoch: 57, loss: 1.2437
[2026-05-28 14:46:31,640][root][INFO] - Epoch: 58, loss: 1.2244
[2026-05-28 14:46:31,711][root][INFO] - Epoch: 59, loss: 1.2034
[2026-05-28 14:46:31,782][root][INFO] - Epoch: 60, loss: 1.1834
[2026-05-28 14:46:31,853][root][INFO] - Epoch: 61, loss: 1.1647
[2026-05-28 14:46:31,924][root][INFO] - Epoch: 62, loss: 1.1461
[2026-05-28 14:46:31,994][root][INFO] - Epoch: 63, loss: 1.1293
[2026-05-28 14:46:32,064][root][INFO] - Epoch: 64, loss: 1.1100
[2026-05-28 14:46:32,135][root][INFO] - Epoch: 65, loss: 1.0930
[2026-05-28 14:46:32,206][root][INFO] - Epoch: 66, loss: 1.0745
[2026-05-28 14:46:32,276][root][INFO] - Epoch: 67, loss: 1.0584
[2026-05-28 14:46:32,347][root][INFO] - Epoch: 68, loss: 1.0420
[2026-05-28 14:46:32,417][root][INFO] - Epoch: 69, loss: 1.0250
[2026-05-28 14:46:32,488][root][INFO] - Epoch: 70, loss: 1.0098
[2026-05-28 14:46:32,558][root][INFO] - Epoch: 71, loss: 0.9945
[2026-05-28 14:46:32,629][root][INFO] - Epoch: 72, loss: 0.9805
[2026-05-28 14:46:32,700][root][INFO] - Epoch: 73, loss: 0.9649
[2026-05-28 14:46:32,770][root][INFO] - Epoch: 74, loss: 0.9504
[2026-05-28 14:46:32,840][root][INFO] - Epoch: 75, loss: 0.9371
[2026-05-28 14:46:32,910][root][INFO] - Epoch: 76, loss: 0.9227
[2026-05-28 14:46:32,981][root][INFO] - Epoch: 77, loss: 0.9080
[2026-05-28 14:46:33,051][root][INFO] - Epoch: 78, loss: 0.8972
[2026-05-28 14:46:33,122][root][INFO] - Epoch: 79, loss: 0.8816
[2026-05-28 14:46:33,193][root][INFO] - Epoch: 80, loss: 0.8712
[2026-05-28 14:46:33,264][root][INFO] - Epoch: 81, loss: 0.8568
[2026-05-28 14:46:33,334][root][INFO] - Epoch: 82, loss: 0.8449
[2026-05-28 14:46:33,404][root][INFO] - Epoch: 83, loss: 0.8329
[2026-05-28 14:46:33,475][root][INFO] - Epoch: 84, loss: 0.8209
[2026-05-28 14:46:33,546][root][INFO] - Epoch: 85, loss: 0.8083
[2026-05-28 14:46:33,617][root][INFO] - Epoch: 86, loss: 0.7984
[2026-05-28 14:46:33,687][root][INFO] - Epoch: 87, loss: 0.7867
[2026-05-28 14:46:33,758][root][INFO] - Epoch: 88, loss: 0.7770
[2026-05-28 14:46:33,828][root][INFO] - Epoch: 89, loss: 0.7655
[2026-05-28 14:46:33,898][root][INFO] - Epoch: 90, loss: 0.7558
[2026-05-28 14:46:33,969][root][INFO] - Epoch: 91, loss: 0.7451
[2026-05-28 14:46:34,040][root][INFO] - Epoch: 92, loss: 0.7363
[2026-05-28 14:46:34,111][root][INFO] - Epoch: 93, loss: 0.7263
[2026-05-28 14:46:34,182][root][INFO] - Epoch: 94, loss: 0.7164
[2026-05-28 14:46:34,252][root][INFO] - Epoch: 95, loss: 0.7072
[2026-05-28 14:46:34,323][root][INFO] - Epoch: 96, loss: 0.6981
[2026-05-28 14:46:34,394][root][INFO] - Epoch: 97, loss: 0.6890
[2026-05-28 14:46:34,464][root][INFO] - Epoch: 98, loss: 0.6810
[2026-05-28 14:46:34,535][root][INFO] - Epoch: 99, loss: 0.6727
[2026-05-28 14:46:34,605][root][INFO] - Epoch: 100, loss: 0.6637
[2026-05-28 14:46:34,676][root][INFO] - Epoch: 101, loss: 0.6566
[2026-05-28 14:46:34,747][root][INFO] - Epoch: 102, loss: 0.6482
[2026-05-28 14:46:34,825][root][INFO] - Epoch: 103, loss: 0.6403
[2026-05-28 14:46:34,897][root][INFO] - Epoch: 104, loss: 0.6328
[2026-05-28 14:46:34,970][root][INFO] - Epoch: 105, loss: 0.6259
[2026-05-28 14:46:35,043][root][INFO] - Epoch: 106, loss: 0.6183
[2026-05-28 14:46:35,116][root][INFO] - Epoch: 107, loss: 0.6114
[2026-05-28 14:46:35,188][root][INFO] - Epoch: 108, loss: 0.6046
[2026-05-28 14:46:35,259][root][INFO] - Epoch: 109, loss: 0.5980
[2026-05-28 14:46:35,330][root][INFO] - Epoch: 110, loss: 0.5914
[2026-05-28 14:46:35,400][root][INFO] - Epoch: 111, loss: 0.5851
[2026-05-28 14:46:35,471][root][INFO] - Epoch: 112, loss: 0.5788
[2026-05-28 14:46:35,542][root][INFO] - Epoch: 113, loss: 0.5723
[2026-05-28 14:46:35,614][root][INFO] - Epoch: 114, loss: 0.5665
[2026-05-28 14:46:35,687][root][INFO] - Epoch: 115, loss: 0.5602
[2026-05-28 14:46:35,761][root][INFO] - Epoch: 116, loss: 0.5545
[2026-05-28 14:46:35,833][root][INFO] - Epoch: 117, loss: 0.5489
[2026-05-28 14:46:35,906][root][INFO] - Epoch: 118, loss: 0.5433
[2026-05-28 14:46:35,979][root][INFO] - Epoch: 119, loss: 0.5381
[2026-05-28 14:46:36,049][root][INFO] - Epoch: 120, loss: 0.5330
[2026-05-28 14:46:36,122][root][INFO] - Epoch: 121, loss: 0.5290
[2026-05-28 14:46:36,194][root][INFO] - Epoch: 122, loss: 0.5226
[2026-05-28 14:46:36,266][root][INFO] - Epoch: 123, loss: 0.5175
[2026-05-28 14:46:36,338][root][INFO] - Epoch: 124, loss: 0.5124
[2026-05-28 14:46:36,410][root][INFO] - Epoch: 125, loss: 0.5072
[2026-05-28 14:46:36,480][root][INFO] - Epoch: 126, loss: 0.5020
[2026-05-28 14:46:36,552][root][INFO] - Epoch: 127, loss: 0.4976
[2026-05-28 14:46:36,624][root][INFO] - Epoch: 128, loss: 0.4926
[2026-05-28 14:46:36,696][root][INFO] - Epoch: 129, loss: 0.4881
[2026-05-28 14:46:36,768][root][INFO] - Epoch: 130, loss: 0.4842
[2026-05-28 14:46:36,839][root][INFO] - Epoch: 131, loss: 0.4794
[2026-05-28 14:46:36,910][root][INFO] - Epoch: 132, loss: 0.4750
[2026-05-28 14:46:36,983][root][INFO] - Epoch: 133, loss: 0.4711
[2026-05-28 14:46:37,055][root][INFO] - Epoch: 134, loss: 0.4662
[2026-05-28 14:46:37,128][root][INFO] - Epoch: 135, loss: 0.4622
[2026-05-28 14:46:37,200][root][INFO] - Epoch: 136, loss: 0.4583
[2026-05-28 14:46:37,272][root][INFO] - Epoch: 137, loss: 0.4542
[2026-05-28 14:46:37,345][root][INFO] - Epoch: 138, loss: 0.4510
[2026-05-28 14:46:37,418][root][INFO] - Epoch: 139, loss: 0.4468
[2026-05-28 14:46:37,489][root][INFO] - Epoch: 140, loss: 0.4427
[2026-05-28 14:46:37,560][root][INFO] - Epoch: 141, loss: 0.4389
[2026-05-28 14:46:37,633][root][INFO] - Epoch: 142, loss: 0.4354
[2026-05-28 14:46:37,706][root][INFO] - Epoch: 143, loss: 0.4315
[2026-05-28 14:46:37,777][root][INFO] - Epoch: 144, loss: 0.4279
[2026-05-28 14:46:37,850][root][INFO] - Epoch: 145, loss: 0.4244
[2026-05-28 14:46:37,921][root][INFO] - Epoch: 146, loss: 0.4208
[2026-05-28 14:46:37,996][root][INFO] - Epoch: 147, loss: 0.4177
[2026-05-28 14:46:38,068][root][INFO] - Epoch: 148, loss: 0.4147
[2026-05-28 14:46:38,140][root][INFO] - Epoch: 149, loss: 0.4112
[2026-05-28 14:46:38,213][root][INFO] - Epoch: 150, loss: 0.4076
[2026-05-28 14:46:38,286][root][INFO] - Epoch: 151, loss: 0.4043
[2026-05-28 14:46:38,359][root][INFO] - Epoch: 152, loss: 0.4014
[2026-05-28 14:46:38,431][root][INFO] - Epoch: 153, loss: 0.3988
[2026-05-28 14:46:38,504][root][INFO] - Epoch: 154, loss: 0.3951
[2026-05-28 14:46:38,576][root][INFO] - Epoch: 155, loss: 0.3917
[2026-05-28 14:46:38,647][root][INFO] - Epoch: 156, loss: 0.3897
[2026-05-28 14:46:38,719][root][INFO] - Epoch: 157, loss: 0.3860
[2026-05-28 14:46:38,790][root][INFO] - Epoch: 158, loss: 0.3832
[2026-05-28 14:46:38,862][root][INFO] - Epoch: 159, loss: 0.3802
[2026-05-28 14:46:38,934][root][INFO] - Epoch: 160, loss: 0.3777
[2026-05-28 14:46:39,006][root][INFO] - Epoch: 161, loss: 0.3753
[2026-05-28 14:46:39,078][root][INFO] - Epoch: 162, loss: 0.3722
[2026-05-28 14:46:39,151][root][INFO] - Epoch: 163, loss: 0.3700
[2026-05-28 14:46:39,224][root][INFO] - Epoch: 164, loss: 0.3668
[2026-05-28 14:46:39,296][root][INFO] - Epoch: 165, loss: 0.3662
[2026-05-28 14:46:39,369][root][INFO] - Epoch: 166, loss: 0.3625
[2026-05-28 14:46:39,442][root][INFO] - Epoch: 167, loss: 0.3593
[2026-05-28 14:46:39,516][root][INFO] - Epoch: 168, loss: 0.3573
[2026-05-28 14:46:39,589][root][INFO] - Epoch: 169, loss: 0.3559
[2026-05-28 14:46:39,661][root][INFO] - Epoch: 170, loss: 0.3526
[2026-05-28 14:46:39,732][root][INFO] - Epoch: 171, loss: 0.3503
[2026-05-28 14:46:39,804][root][INFO] - Epoch: 172, loss: 0.3477
[2026-05-28 14:46:39,875][root][INFO] - Epoch: 173, loss: 0.3459
[2026-05-28 14:46:39,947][root][INFO] - Epoch: 174, loss: 0.3433
[2026-05-28 14:46:40,021][root][INFO] - Epoch: 175, loss: 0.3418
[2026-05-28 14:46:40,092][root][INFO] - Epoch: 176, loss: 0.3396
[2026-05-28 14:46:40,162][root][INFO] - Epoch: 177, loss: 0.3372
[2026-05-28 14:46:40,233][root][INFO] - Epoch: 178, loss: 0.3351
[2026-05-28 14:46:40,303][root][INFO] - Epoch: 179, loss: 0.3331
[2026-05-28 14:46:40,374][root][INFO] - Epoch: 180, loss: 0.3311
[2026-05-28 14:46:40,444][root][INFO] - Epoch: 181, loss: 0.3288
[2026-05-28 14:46:40,514][root][INFO] - Epoch: 182, loss: 0.3269
[2026-05-28 14:46:40,586][root][INFO] - Epoch: 183, loss: 0.3251
[2026-05-28 14:46:40,656][root][INFO] - Epoch: 184, loss: 0.3232
[2026-05-28 14:46:40,726][root][INFO] - Epoch: 185, loss: 0.3213
[2026-05-28 14:46:40,797][root][INFO] - Epoch: 186, loss: 0.3190
[2026-05-28 14:46:40,868][root][INFO] - Epoch: 187, loss: 0.3178
[2026-05-28 14:46:40,939][root][INFO] - Epoch: 188, loss: 0.3155
[2026-05-28 14:46:41,009][root][INFO] - Epoch: 189, loss: 0.3138
[2026-05-28 14:46:41,079][root][INFO] - Epoch: 190, loss: 0.3123
[2026-05-28 14:46:41,150][root][INFO] - Epoch: 191, loss: 0.3103
[2026-05-28 14:46:41,221][root][INFO] - Epoch: 192, loss: 0.3087
[2026-05-28 14:46:41,292][root][INFO] - Epoch: 193, loss: 0.3073
[2026-05-28 14:46:41,363][root][INFO] - Epoch: 194, loss: 0.3051
[2026-05-28 14:46:41,433][root][INFO] - Epoch: 195, loss: 0.3034
[2026-05-28 14:46:41,504][root][INFO] - Epoch: 196, loss: 0.3021
[2026-05-28 14:46:41,575][root][INFO] - Epoch: 197, loss: 0.3005
[2026-05-28 14:46:41,645][root][INFO] - Epoch: 198, loss: 0.2990
[2026-05-28 14:46:41,716][root][INFO] - Epoch: 199, loss: 0.2969
[2026-05-28 14:46:41,786][root][INFO] - Epoch: 200, loss: 0.2960
[2026-05-28 14:46:41,821][root][INFO] - {'model_loss': '0.2960', 'recon_loss': '0.0000', 'triplet_loss': '0.2960'}
[2026-05-28 14:46:41,825][root][INFO] - Generation 132/400 - Time: 0.00 seconds
[2026-05-28 14:46:41,825][root][INFO] - {'coverage': '100.00', 'max_fitness': '-5.68', 'passive_coverage': '59.18', 'passive_max_fitness': '-5.68', 'passive_mean_fitness': '-63.64', 'passive_qd_score': '47132.92', 'qd_score': '68542.82', 'mean_fitness_top_k': '-52.89'}
[2026-05-28 14:46:42,782][root][INFO] - Generation 133/400 - Time: 0.00 seconds
[2026-05-28 14:46:42,783][root][INFO] - {'coverage': '100.00', 'max_fitness': '-5.68', 'passive_coverage': '59.77', 'passive_max_fitness': '-5.68', 'passive_mean_fitness': '-63.81', 'passive_qd_score': '47496.90', 'qd_score': '80076.58', 'mean_fitness_top_k': '-28.47'}
[2026-05-28 14:46:43,757][root][INFO] - Generation 134/400 - Time: 0.00 seconds
[2026-05-28 14:46:43,758][root][INFO] - {'coverage': '100.00', 'max_fitness': '-5.68', 'passive_coverage': '60.06', 'passive_max_fitness': '-5.68', 'passive_mean_fitness': '-63.78', 'passive_qd_score': '47748.20', 'qd_score': '81962.50', 'mean_fitness_top_k': '-26.20'}
[2026-05-28 14:46:44,727][root][INFO] - Generation 135/400 - Time: 0.00 seconds
[2026-05-28 14:46:44,728][root][INFO] - {'coverage': '100.00', 'max_fitness': '-5.68', 'passive_coverage': '60.55', 'passive_max_fitness': '-5.68', 'passive_mean_fitness': '-63.67', 'passive_qd_score': '48206.96', 'qd_score': '82173.34', 'mean_fitness_top_k': '-25.98'}
[2026-05-28 14:46:45,697][root][INFO] - Generation 136/400 - Time: 0.00 seconds
[2026-05-28 14:46:45,697][root][INFO] - {'coverage': '100.00', 'max_fitness': '-5.68', 'passive_coverage': '60.84', 'passive_max_fitness': '-5.68', 'passive_mean_fitness': '-63.74', 'passive_qd_score': '48398.57', 'qd_score': '83407.09', 'mean_fitness_top_k': '-25.26'}
[2026-05-28 14:46:46,705][root][INFO] - Generation 137/400 - Time: 0.00 seconds
[2026-05-28 14:46:46,705][root][INFO] - {'coverage': '100.00', 'max_fitness': '0.00', 'passive_coverage': '61.52', 'passive_max_fitness': '0.00', 'passive_mean_fitness': '-63.80', 'passive_qd_score': '48899.60', 'qd_score': '84460.85', 'mean_fitness_top_k': '-25.06'}
[2026-05-28 14:46:46,707][root][INFO] - Saving snapshot to runs/20260528_144015_kheperax_seed13/plots/latent_generation_685_5_gens_after_ext_gen660.png
[2026-05-28 14:46:49,130][root][INFO] - Generation 138/400 - Time: 0.00 seconds
[2026-05-28 14:46:49,131][root][INFO] - {'coverage': '100.00', 'max_fitness': '0.00', 'passive_coverage': '62.11', 'passive_max_fitness': '0.00', 'passive_mean_fitness': '-63.78', 'passive_qd_score': '49378.89', 'qd_score': '85133.39', 'mean_fitness_top_k': '-24.79'}
[2026-05-28 14:46:50,142][root][INFO] - Generation 139/400 - Time: 0.00 seconds
[2026-05-28 14:46:50,142][root][INFO] - {'coverage': '100.00', 'max_fitness': '0.00', 'passive_coverage': '62.40', 'passive_max_fitness': '0.00', 'passive_mean_fitness': '-63.64', 'passive_qd_score': '49701.18', 'qd_score': '85676.12', 'mean_fitness_top_k': '-24.78'}
[2026-05-28 14:46:51,117][root][INFO] - Generation 140/400 - Time: 0.00 seconds
[2026-05-28 14:46:51,117][root][INFO] - {'coverage': '100.00', 'max_fitness': '0.00', 'passive_coverage': '62.60', 'passive_max_fitness': '0.00', 'passive_mean_fitness': '-63.75', 'passive_qd_score': '49788.50', 'qd_score': '86114.16', 'mean_fitness_top_k': '-24.32'}
[2026-05-28 14:46:52,089][root][INFO] - Generation 141/400 - Time: 0.00 seconds
[2026-05-28 14:46:52,090][root][INFO] - {'coverage': '100.00', 'max_fitness': '0.00', 'passive_coverage': '62.60', 'passive_max_fitness': '0.00', 'passive_mean_fitness': '-63.73', 'passive_qd_score': '49797.38', 'qd_score': '86234.23', 'mean_fitness_top_k': '-24.29'}
[2026-05-28 14:46:53,106][root][INFO] - Generation 142/400 - Time: 0.00 seconds
[2026-05-28 14:46:53,107][root][INFO] - {'coverage': '100.00', 'max_fitness': '0.00', 'passive_coverage': '62.70', 'passive_max_fitness': '0.00', 'passive_mean_fitness': '-63.66', 'passive_qd_score': '49922.87', 'qd_score': '87149.88', 'mean_fitness_top_k': '-24.24'}
[2026-05-28 14:46:54,095][root][INFO] - Generation 143/400 - Time: 0.00 seconds
[2026-05-28 14:46:54,096][root][INFO] - {'coverage': '100.00', 'max_fitness': '0.00', 'passive_coverage': '62.79', 'passive_max_fitness': '0.00', 'passive_mean_fitness': '-63.60', 'passive_qd_score': '50039.94', 'qd_score': '87905.71', 'mean_fitness_top_k': '-23.67'}
[2026-05-28 14:46:55,072][root][INFO] - Generation 144/400 - Time: 0.00 seconds
[2026-05-28 14:46:55,073][root][INFO] - {'coverage': '100.00', 'max_fitness': '0.00', 'passive_coverage': '62.79', 'passive_max_fitness': '0.00', 'passive_mean_fitness': '-63.59', 'passive_qd_score': '50046.17', 'qd_score': '88295.82', 'mean_fitness_top_k': '-23.67'}
[2026-05-28 14:46:56,061][root][INFO] - Generation 145/400 - Time: 0.00 seconds
[2026-05-28 14:46:56,062][root][INFO] - {'coverage': '100.00', 'max_fitness': '0.00', 'passive_coverage': '63.09', 'passive_max_fitness': '0.00', 'passive_mean_fitness': '-63.64', 'passive_qd_score': '50247.25', 'qd_score': '88677.08', 'mean_fitness_top_k': '-23.39'}
[2026-05-28 14:46:57,036][root][INFO] - Generation 146/400 - Time: 0.00 seconds
[2026-05-28 14:46:57,037][root][INFO] - {'coverage': '100.00', 'max_fitness': '0.00', 'passive_coverage': '63.18', 'passive_max_fitness': '0.00', 'passive_mean_fitness': '-63.58', 'passive_qd_score': '50363.98', 'qd_score': '89224.49', 'mean_fitness_top_k': '-22.99'}
[2026-05-28 14:46:58,025][root][INFO] - Generation 147/400 - Time: 0.00 seconds
[2026-05-28 14:46:58,026][root][INFO] - {'coverage': '100.00', 'max_fitness': '0.00', 'passive_coverage': '63.18', 'passive_max_fitness': '0.00', 'passive_mean_fitness': '-63.58', 'passive_qd_score': '50365.89', 'qd_score': '89501.13', 'mean_fitness_top_k': '-23.11'}
[2026-05-28 14:46:59,016][root][INFO] - Generation 148/400 - Time: 0.00 seconds
[2026-05-28 14:46:59,017][root][INFO] - {'coverage': '100.00', 'max_fitness': '0.00', 'passive_coverage': '63.38', 'passive_max_fitness': '0.00', 'passive_mean_fitness': '-63.68', 'passive_qd_score': '50457.35', 'qd_score': '89861.85', 'mean_fitness_top_k': '-22.88'}
[2026-05-28 14:46:59,995][root][INFO] - Generation 149/400 - Time: 0.00 seconds
[2026-05-28 14:46:59,996][root][INFO] - {'coverage': '100.00', 'max_fitness': '0.00', 'passive_coverage': '63.38', 'passive_max_fitness': '0.00', 'passive_mean_fitness': '-63.67', 'passive_qd_score': '50461.19', 'qd_score': '90597.54', 'mean_fitness_top_k': '-22.70'}
[2026-05-28 14:47:00,974][root][INFO] - Generation 150/400 - Time: 0.00 seconds
[2026-05-28 14:47:00,975][root][INFO] - {'coverage': '100.00', 'max_fitness': '0.00', 'passive_coverage': '63.38', 'passive_max_fitness': '0.00', 'passive_mean_fitness': '-63.67', 'passive_qd_score': '50461.46', 'qd_score': '90893.82', 'mean_fitness_top_k': '-22.66'}
[2026-05-28 14:47:01,946][root][INFO] - Generation 151/400 - Time: 0.00 seconds
[2026-05-28 14:47:01,948][root][INFO] - {'coverage': '100.00', 'max_fitness': '0.00', 'passive_coverage': '63.77', 'passive_max_fitness': '0.00', 'passive_mean_fitness': '-63.59', 'passive_qd_score': '50820.63', 'qd_score': '90984.50', 'mean_fitness_top_k': '-22.70'}
[2026-05-28 14:47:02,952][root][INFO] - Generation 152/400 - Time: 0.00 seconds
[2026-05-28 14:47:02,953][root][INFO] - {'coverage': '100.00', 'max_fitness': '0.00', 'passive_coverage': '63.77', 'passive_max_fitness': '0.00', 'passive_mean_fitness': '-63.59', 'passive_qd_score': '50822.44', 'qd_score': '91111.74', 'mean_fitness_top_k': '-22.46'}
[2026-05-28 14:47:03,928][root][INFO] - Generation 153/400 - Time: 0.00 seconds
[2026-05-28 14:47:03,929][root][INFO] - {'coverage': '100.00', 'max_fitness': '0.00', 'passive_coverage': '63.87', 'passive_max_fitness': '0.00', 'passive_mean_fitness': '-63.62', 'passive_qd_score': '50879.33', 'qd_score': '90929.42', 'mean_fitness_top_k': '-22.42'}
[2026-05-28 14:47:04,904][root][INFO] - Generation 154/400 - Time: 0.00 seconds
[2026-05-28 14:47:04,905][root][INFO] - {'coverage': '100.00', 'max_fitness': '0.00', 'passive_coverage': '63.96', 'passive_max_fitness': '0.00', 'passive_mean_fitness': '-63.57', 'passive_qd_score': '50993.56', 'qd_score': '91914.54', 'mean_fitness_top_k': '-22.47'}
[2026-05-28 14:47:05,877][root][INFO] - Generation 155/400 - Time: 0.00 seconds
[2026-05-28 14:47:05,878][root][INFO] - {'coverage': '100.00', 'max_fitness': '0.00', 'passive_coverage': '64.06', 'passive_max_fitness': '0.00', 'passive_mean_fitness': '-63.61', 'passive_qd_score': '51047.35', 'qd_score': '92129.92', 'mean_fitness_top_k': '-22.29'}
[2026-05-28 14:47:06,848][root][INFO] - Updating AE...
[2026-05-28 14:47:07,599][root][INFO] - Epoch: 1, loss: 501.0839
[2026-05-28 14:47:07,672][root][INFO] - Epoch: 2, loss: 331.6063
[2026-05-28 14:47:07,745][root][INFO] - Epoch: 3, loss: 324.3649
[2026-05-28 14:47:07,818][root][INFO] - Epoch: 4, loss: 321.6206
[2026-05-28 14:47:07,891][root][INFO] - Epoch: 5, loss: 319.5154
[2026-05-28 14:47:07,964][root][INFO] - Epoch: 6, loss: 318.4696
[2026-05-28 14:47:08,036][root][INFO] - Epoch: 7, loss: 316.0793
[2026-05-28 14:47:08,109][root][INFO] - Epoch: 8, loss: 314.4582
[2026-05-28 14:47:08,181][root][INFO] - Epoch: 9, loss: 313.1674
[2026-05-28 14:47:08,255][root][INFO] - Epoch: 10, loss: 311.5688
[2026-05-28 14:47:08,328][root][INFO] - Epoch: 11, loss: 310.0853
[2026-05-28 14:47:08,400][root][INFO] - Epoch: 12, loss: 308.7018
[2026-05-28 14:47:08,470][root][INFO] - Epoch: 13, loss: 308.4164
[2026-05-28 14:47:08,541][root][INFO] - Epoch: 14, loss: 305.0865
[2026-05-28 14:47:08,613][root][INFO] - Epoch: 15, loss: 304.3746
[2026-05-28 14:47:08,684][root][INFO] - Epoch: 16, loss: 304.5388
[2026-05-28 14:47:08,755][root][INFO] - Epoch: 17, loss: 305.1098
[2026-05-28 14:47:08,826][root][INFO] - Epoch: 18, loss: 304.5728
[2026-05-28 14:47:08,897][root][INFO] - Epoch: 19, loss: 301.9066
[2026-05-28 14:47:08,967][root][INFO] - Epoch: 20, loss: 300.7670
[2026-05-28 14:47:09,038][root][INFO] - Epoch: 21, loss: 300.5871
[2026-05-28 14:47:09,109][root][INFO] - Epoch: 22, loss: 298.5930
[2026-05-28 14:47:09,180][root][INFO] - Epoch: 23, loss: 297.6592
[2026-05-28 14:47:09,251][root][INFO] - Epoch: 24, loss: 295.8745
[2026-05-28 14:47:09,322][root][INFO] - Epoch: 25, loss: 295.9096
[2026-05-28 14:47:09,393][root][INFO] - Epoch: 26, loss: 293.7835
[2026-05-28 14:47:09,465][root][INFO] - Epoch: 27, loss: 293.3055
[2026-05-28 14:47:09,538][root][INFO] - Epoch: 28, loss: 293.0929
[2026-05-28 14:47:09,610][root][INFO] - Epoch: 29, loss: 292.6578
[2026-05-28 14:47:09,681][root][INFO] - Epoch: 30, loss: 288.5045
[2026-05-28 14:47:09,753][root][INFO] - Epoch: 31, loss: 288.2330
[2026-05-28 14:47:09,824][root][INFO] - Epoch: 32, loss: 286.3705
[2026-05-28 14:47:09,896][root][INFO] - Epoch: 33, loss: 285.0437
[2026-05-28 14:47:09,967][root][INFO] - Epoch: 34, loss: 282.4353
[2026-05-28 14:47:10,037][root][INFO] - Epoch: 35, loss: 281.3578
[2026-05-28 14:47:10,108][root][INFO] - Epoch: 36, loss: 283.1300
[2026-05-28 14:47:10,178][root][INFO] - Epoch: 37, loss: 279.1841
[2026-05-28 14:47:10,249][root][INFO] - Epoch: 38, loss: 279.5869
[2026-05-28 14:47:10,320][root][INFO] - Epoch: 39, loss: 277.0667
[2026-05-28 14:47:10,391][root][INFO] - Epoch: 40, loss: 274.9399
[2026-05-28 14:47:10,462][root][INFO] - Epoch: 41, loss: 271.9112
[2026-05-28 14:47:10,534][root][INFO] - Epoch: 42, loss: 271.0660
[2026-05-28 14:47:10,605][root][INFO] - Epoch: 43, loss: 270.5608
[2026-05-28 14:47:10,677][root][INFO] - Epoch: 44, loss: 272.1678
[2026-05-28 14:47:10,748][root][INFO] - Epoch: 45, loss: 266.5441
[2026-05-28 14:47:10,819][root][INFO] - Epoch: 46, loss: 265.6556
[2026-05-28 14:47:10,890][root][INFO] - Epoch: 47, loss: 265.6028
[2026-05-28 14:47:10,962][root][INFO] - Epoch: 48, loss: 262.6397
[2026-05-28 14:47:11,033][root][INFO] - Epoch: 49, loss: 259.5516
[2026-05-28 14:47:11,103][root][INFO] - Epoch: 50, loss: 259.3652
[2026-05-28 14:47:11,174][root][INFO] - Epoch: 51, loss: 255.9163
[2026-05-28 14:47:11,246][root][INFO] - Epoch: 52, loss: 253.4493
[2026-05-28 14:47:11,317][root][INFO] - Epoch: 53, loss: 281.1257
[2026-05-28 14:47:11,387][root][INFO] - Epoch: 54, loss: 275.1462
[2026-05-28 14:47:11,458][root][INFO] - Epoch: 55, loss: 264.8107
[2026-05-28 14:47:11,528][root][INFO] - Epoch: 56, loss: 262.5714
[2026-05-28 14:47:11,599][root][INFO] - Epoch: 57, loss: 263.4496
[2026-05-28 14:47:11,669][root][INFO] - Epoch: 58, loss: 257.9104
[2026-05-28 14:47:11,740][root][INFO] - Epoch: 59, loss: 258.5617
[2026-05-28 14:47:11,810][root][INFO] - Epoch: 60, loss: 259.4595
[2026-05-28 14:47:11,881][root][INFO] - Epoch: 61, loss: 257.1251
[2026-05-28 14:47:11,951][root][INFO] - Epoch: 62, loss: 256.9743
[2026-05-28 14:47:12,022][root][INFO] - Epoch: 63, loss: 253.0758
[2026-05-28 14:47:12,093][root][INFO] - Epoch: 64, loss: 251.2828
[2026-05-28 14:47:12,164][root][INFO] - Epoch: 65, loss: 247.2758
[2026-05-28 14:47:12,234][root][INFO] - Epoch: 66, loss: 247.8934
[2026-05-28 14:47:12,305][root][INFO] - Epoch: 67, loss: 248.5291
[2026-05-28 14:47:12,376][root][INFO] - Epoch: 68, loss: 246.2242
[2026-05-28 14:47:12,446][root][INFO] - Epoch: 69, loss: 240.6645
[2026-05-28 14:47:12,517][root][INFO] - Epoch: 70, loss: 238.2990
[2026-05-28 14:47:12,588][root][INFO] - Epoch: 71, loss: 235.7171
[2026-05-28 14:47:12,659][root][INFO] - Epoch: 72, loss: 236.7537
[2026-05-28 14:47:12,730][root][INFO] - Epoch: 73, loss: 234.6891
[2026-05-28 14:47:12,800][root][INFO] - Epoch: 74, loss: 231.9539
[2026-05-28 14:47:12,871][root][INFO] - Epoch: 75, loss: 231.5193
[2026-05-28 14:47:12,942][root][INFO] - Epoch: 76, loss: 227.2200
[2026-05-28 14:47:13,012][root][INFO] - Epoch: 77, loss: 224.5684
[2026-05-28 14:47:13,084][root][INFO] - Epoch: 78, loss: 224.5397
[2026-05-28 14:47:13,155][root][INFO] - Epoch: 79, loss: 223.4712
[2026-05-28 14:47:13,227][root][INFO] - Epoch: 80, loss: 221.8141
[2026-05-28 14:47:13,299][root][INFO] - Epoch: 81, loss: 222.6034
[2026-05-28 14:47:13,370][root][INFO] - Epoch: 82, loss: 221.8362
[2026-05-28 14:47:13,441][root][INFO] - Epoch: 83, loss: 220.7872
[2026-05-28 14:47:13,512][root][INFO] - Epoch: 84, loss: 219.2874
[2026-05-28 14:47:13,585][root][INFO] - Epoch: 85, loss: 218.2040
[2026-05-28 14:47:13,656][root][INFO] - Epoch: 86, loss: 223.1637
[2026-05-28 14:47:13,728][root][INFO] - Epoch: 87, loss: 222.5585
[2026-05-28 14:47:13,800][root][INFO] - Epoch: 88, loss: 225.3125
[2026-05-28 14:47:13,872][root][INFO] - Epoch: 89, loss: 222.5740
[2026-05-28 14:47:13,946][root][INFO] - Epoch: 90, loss: 225.3302
[2026-05-28 14:47:14,018][root][INFO] - Epoch: 91, loss: 219.5644
[2026-05-28 14:47:14,090][root][INFO] - Epoch: 92, loss: 218.9788
[2026-05-28 14:47:14,161][root][INFO] - Epoch: 93, loss: 216.8734
[2026-05-28 14:47:14,233][root][INFO] - Epoch: 94, loss: 216.9075
[2026-05-28 14:47:14,306][root][INFO] - Epoch: 95, loss: 212.5132
[2026-05-28 14:47:14,380][root][INFO] - Epoch: 96, loss: 216.8916
[2026-05-28 14:47:14,452][root][INFO] - Epoch: 97, loss: 214.1649
[2026-05-28 14:47:14,524][root][INFO] - Epoch: 98, loss: 215.1180
[2026-05-28 14:47:14,596][root][INFO] - Epoch: 99, loss: 219.2577
[2026-05-28 14:47:14,668][root][INFO] - Epoch: 100, loss: 227.9145
[2026-05-28 14:47:14,740][root][INFO] - Epoch: 101, loss: 217.5052
[2026-05-28 14:47:14,812][root][INFO] - Epoch: 102, loss: 217.9648
[2026-05-28 14:47:14,885][root][INFO] - Epoch: 103, loss: 218.8367
[2026-05-28 14:47:14,958][root][INFO] - Epoch: 104, loss: 209.5142
[2026-05-28 14:47:15,029][root][INFO] - Epoch: 105, loss: 209.9319
[2026-05-28 14:47:15,100][root][INFO] - Epoch: 106, loss: 206.9753
[2026-05-28 14:47:15,172][root][INFO] - Epoch: 107, loss: 201.9886
[2026-05-28 14:47:15,243][root][INFO] - Epoch: 108, loss: 201.2326
[2026-05-28 14:47:15,315][root][INFO] - Epoch: 109, loss: 199.1060
[2026-05-28 14:47:15,389][root][INFO] - Epoch: 110, loss: 202.3246
[2026-05-28 14:47:15,460][root][INFO] - Epoch: 111, loss: 202.5007
[2026-05-28 14:47:15,532][root][INFO] - Epoch: 112, loss: 227.6648
[2026-05-28 14:47:15,605][root][INFO] - Epoch: 113, loss: 211.6739
[2026-05-28 14:47:15,677][root][INFO] - Epoch: 114, loss: 205.8430
[2026-05-28 14:47:15,749][root][INFO] - Epoch: 115, loss: 205.8995
[2026-05-28 14:47:15,821][root][INFO] - Epoch: 116, loss: 206.7119
[2026-05-28 14:47:15,893][root][INFO] - Epoch: 117, loss: 205.6125
[2026-05-28 14:47:15,965][root][INFO] - Epoch: 118, loss: 210.3839
[2026-05-28 14:47:16,037][root][INFO] - Epoch: 119, loss: 200.5875
[2026-05-28 14:47:16,108][root][INFO] - Epoch: 120, loss: 201.5943
[2026-05-28 14:47:16,109][root][INFO] - Early stopping at epoch: 119
[2026-05-28 14:47:16,146][root][INFO] - {'model_loss': '201.5943', 'recon_loss': '0.0000', 'triplet_loss': '201.5943'}
[2026-05-28 14:47:16,150][root][INFO] - Extinction event (pre-encoder)...
[2026-05-28 14:47:16,150][root][INFO] - Saving snapshot to runs/20260528_144015_kheperax_seed13/plots/latent_generation_780_before_ext.png
[2026-05-28 14:47:17,562][root][INFO] - Saving snapshot to runs/20260528_144015_kheperax_seed13/plots/latent_generation_780_after_ext.png
[2026-05-28 14:47:18,841][root][INFO] - Updating AE...
[2026-05-28 14:47:19,589][root][INFO] - Epoch: 1, loss: 34.0999
[2026-05-28 14:47:19,662][root][INFO] - Epoch: 2, loss: 19.0017
[2026-05-28 14:47:19,735][root][INFO] - Epoch: 3, loss: 13.5343
[2026-05-28 14:47:19,807][root][INFO] - Epoch: 4, loss: 10.2748
[2026-05-28 14:47:19,877][root][INFO] - Epoch: 5, loss: 9.4944
[2026-05-28 14:47:19,948][root][INFO] - Epoch: 6, loss: 9.1889
[2026-05-28 14:47:20,020][root][INFO] - Epoch: 7, loss: 9.0487
[2026-05-28 14:47:20,091][root][INFO] - Epoch: 8, loss: 8.8923
[2026-05-28 14:47:20,163][root][INFO] - Epoch: 9, loss: 8.7715
[2026-05-28 14:47:20,234][root][INFO] - Epoch: 10, loss: 8.5371
[2026-05-28 14:47:20,306][root][INFO] - Epoch: 11, loss: 8.4265
[2026-05-28 14:47:20,378][root][INFO] - Epoch: 12, loss: 8.2766
[2026-05-28 14:47:20,449][root][INFO] - Epoch: 13, loss: 8.1820
[2026-05-28 14:47:20,521][root][INFO] - Epoch: 14, loss: 8.0678
[2026-05-28 14:47:20,592][root][INFO] - Epoch: 15, loss: 7.9176
[2026-05-28 14:47:20,664][root][INFO] - Epoch: 16, loss: 7.8433
[2026-05-28 14:47:20,736][root][INFO] - Epoch: 17, loss: 7.9219
[2026-05-28 14:47:20,808][root][INFO] - Epoch: 18, loss: 8.0682
[2026-05-28 14:47:20,879][root][INFO] - Epoch: 19, loss: 7.9617
[2026-05-28 14:47:20,952][root][INFO] - Epoch: 20, loss: 7.6977
[2026-05-28 14:47:21,024][root][INFO] - Epoch: 21, loss: 7.6229
[2026-05-28 14:47:21,095][root][INFO] - Epoch: 22, loss: 7.5971
[2026-05-28 14:47:21,167][root][INFO] - Epoch: 23, loss: 7.5361
[2026-05-28 14:47:21,239][root][INFO] - Epoch: 24, loss: 7.5077
[2026-05-28 14:47:21,311][root][INFO] - Epoch: 25, loss: 7.4856
[2026-05-28 14:47:21,382][root][INFO] - Epoch: 26, loss: 7.6463
[2026-05-28 14:47:21,454][root][INFO] - Epoch: 27, loss: 7.4289
[2026-05-28 14:47:21,525][root][INFO] - Epoch: 28, loss: 7.4544
[2026-05-28 14:47:21,597][root][INFO] - Epoch: 29, loss: 7.2766
[2026-05-28 14:47:21,669][root][INFO] - Epoch: 30, loss: 7.2363
[2026-05-28 14:47:21,742][root][INFO] - Epoch: 31, loss: 7.3191
[2026-05-28 14:47:21,813][root][INFO] - Epoch: 32, loss: 7.3190
[2026-05-28 14:47:21,887][root][INFO] - Epoch: 33, loss: 7.3729
[2026-05-28 14:47:21,959][root][INFO] - Epoch: 34, loss: 7.0595
[2026-05-28 14:47:22,031][root][INFO] - Epoch: 35, loss: 6.9903
[2026-05-28 14:47:22,103][root][INFO] - Epoch: 36, loss: 7.0288
[2026-05-28 14:47:22,177][root][INFO] - Epoch: 37, loss: 6.8889
[2026-05-28 14:47:22,249][root][INFO] - Epoch: 38, loss: 6.8218
[2026-05-28 14:47:22,320][root][INFO] - Epoch: 39, loss: 6.8125
[2026-05-28 14:47:22,393][root][INFO] - Epoch: 40, loss: 6.7603
[2026-05-28 14:47:22,465][root][INFO] - Epoch: 41, loss: 6.6724
[2026-05-28 14:47:22,536][root][INFO] - Epoch: 42, loss: 6.5954
[2026-05-28 14:47:22,607][root][INFO] - Epoch: 43, loss: 6.4910
[2026-05-28 14:47:22,678][root][INFO] - Epoch: 44, loss: 6.4161
[2026-05-28 14:47:22,750][root][INFO] - Epoch: 45, loss: 6.4448
[2026-05-28 14:47:22,823][root][INFO] - Epoch: 46, loss: 6.3365
[2026-05-28 14:47:22,894][root][INFO] - Epoch: 47, loss: 6.2826
[2026-05-28 14:47:22,967][root][INFO] - Epoch: 48, loss: 6.1582
[2026-05-28 14:47:23,038][root][INFO] - Epoch: 49, loss: 6.1613
[2026-05-28 14:47:23,109][root][INFO] - Epoch: 50, loss: 6.3498
[2026-05-28 14:47:23,181][root][INFO] - Epoch: 51, loss: 6.2440
[2026-05-28 14:47:23,254][root][INFO] - Epoch: 52, loss: 6.2214
[2026-05-28 14:47:23,327][root][INFO] - Epoch: 53, loss: 5.9928
[2026-05-28 14:47:23,399][root][INFO] - Epoch: 54, loss: 5.8436
[2026-05-28 14:47:23,471][root][INFO] - Epoch: 55, loss: 5.7247
[2026-05-28 14:47:23,541][root][INFO] - Epoch: 56, loss: 5.7758
[2026-05-28 14:47:23,612][root][INFO] - Epoch: 57, loss: 5.6366
[2026-05-28 14:47:23,683][root][INFO] - Epoch: 58, loss: 5.5950
[2026-05-28 14:47:23,754][root][INFO] - Epoch: 59, loss: 5.7214
[2026-05-28 14:47:23,824][root][INFO] - Epoch: 60, loss: 5.6613
[2026-05-28 14:47:23,895][root][INFO] - Epoch: 61, loss: 5.5930
[2026-05-28 14:47:23,965][root][INFO] - Epoch: 62, loss: 5.4088
[2026-05-28 14:47:24,036][root][INFO] - Epoch: 63, loss: 5.6229
[2026-05-28 14:47:24,108][root][INFO] - Epoch: 64, loss: 5.8623
[2026-05-28 14:47:24,180][root][INFO] - Epoch: 65, loss: 5.4442
[2026-05-28 14:47:24,251][root][INFO] - Epoch: 66, loss: 5.4385
[2026-05-28 14:47:24,322][root][INFO] - Epoch: 67, loss: 5.0510
[2026-05-28 14:47:24,393][root][INFO] - Epoch: 68, loss: 5.1895
[2026-05-28 14:47:24,464][root][INFO] - Epoch: 69, loss: 5.0165
[2026-05-28 14:47:24,534][root][INFO] - Epoch: 70, loss: 4.7899
[2026-05-28 14:47:24,605][root][INFO] - Epoch: 71, loss: 4.4628
[2026-05-28 14:47:24,676][root][INFO] - Epoch: 72, loss: 4.3951
[2026-05-28 14:47:24,746][root][INFO] - Epoch: 73, loss: 4.4596
[2026-05-28 14:47:24,817][root][INFO] - Epoch: 74, loss: 4.2487
[2026-05-28 14:47:24,888][root][INFO] - Epoch: 75, loss: 4.1266
[2026-05-28 14:47:24,959][root][INFO] - Epoch: 76, loss: 4.3232
[2026-05-28 14:47:25,031][root][INFO] - Epoch: 77, loss: 4.1186
[2026-05-28 14:47:25,101][root][INFO] - Epoch: 78, loss: 4.0283
[2026-05-28 14:47:25,171][root][INFO] - Epoch: 79, loss: 3.8979
[2026-05-28 14:47:25,242][root][INFO] - Epoch: 80, loss: 3.7635
[2026-05-28 14:47:25,312][root][INFO] - Epoch: 81, loss: 4.0716
[2026-05-28 14:47:25,382][root][INFO] - Epoch: 82, loss: 3.8791
[2026-05-28 14:47:25,452][root][INFO] - Epoch: 83, loss: 3.6669
[2026-05-28 14:47:25,524][root][INFO] - Epoch: 84, loss: 3.6697
[2026-05-28 14:47:25,595][root][INFO] - Epoch: 85, loss: 4.1154
[2026-05-28 14:47:25,665][root][INFO] - Epoch: 86, loss: 4.5656
[2026-05-28 14:47:25,736][root][INFO] - Epoch: 87, loss: 4.9049
[2026-05-28 14:47:25,807][root][INFO] - Epoch: 88, loss: 5.0961
[2026-05-28 14:47:25,877][root][INFO] - Epoch: 89, loss: 5.0616
[2026-05-28 14:47:25,948][root][INFO] - Epoch: 90, loss: 4.6735
[2026-05-28 14:47:26,018][root][INFO] - Epoch: 91, loss: 4.2679
[2026-05-28 14:47:26,090][root][INFO] - Epoch: 92, loss: 3.8681
[2026-05-28 14:47:26,161][root][INFO] - Epoch: 93, loss: 4.0465
[2026-05-28 14:47:26,232][root][INFO] - Epoch: 94, loss: 4.1496
[2026-05-28 14:47:26,232][root][INFO] - Early stopping at epoch: 93
[2026-05-28 14:47:26,267][root][INFO] - {'model_loss': '4.1496', 'recon_loss': '0.0000', 'triplet_loss': '4.1496'}
[2026-05-28 14:47:26,271][root][INFO] - Generation 156/400 - Time: 0.00 seconds
[2026-05-28 14:47:26,271][root][INFO] - {'coverage': '100.00', 'max_fitness': '0.00', 'passive_coverage': '64.06', 'passive_max_fitness': '0.00', 'passive_mean_fitness': '-63.61', 'passive_qd_score': '51047.41', 'qd_score': '92611.88', 'mean_fitness_top_k': '-22.29'}
[2026-05-28 14:47:27,215][root][INFO] - Generation 157/400 - Time: 0.00 seconds
[2026-05-28 14:47:27,215][root][INFO] - {'coverage': '100.00', 'max_fitness': '0.00', 'passive_coverage': '64.45', 'passive_max_fitness': '0.00', 'passive_mean_fitness': '-63.67', 'passive_qd_score': '51314.01', 'qd_score': '78641.78', 'mean_fitness_top_k': '-34.71'}
[2026-05-28 14:47:28,192][root][INFO] - Generation 158/400 - Time: 0.00 seconds
[2026-05-28 14:47:28,193][root][INFO] - {'coverage': '100.00', 'max_fitness': '0.00', 'passive_coverage': '64.75', 'passive_max_fitness': '0.00', 'passive_mean_fitness': '-63.73', 'passive_qd_score': '51509.75', 'qd_score': '75388.97', 'mean_fitness_top_k': '-43.74'}
[2026-05-28 14:47:29,164][root][INFO] - Generation 159/400 - Time: 0.00 seconds
[2026-05-28 14:47:29,165][root][INFO] - {'coverage': '100.00', 'max_fitness': '0.00', 'passive_coverage': '64.84', 'passive_max_fitness': '0.00', 'passive_mean_fitness': '-63.73', 'passive_qd_score': '51588.54', 'qd_score': '73654.44', 'mean_fitness_top_k': '-51.02'}
[2026-05-28 14:47:30,155][root][INFO] - Generation 160/400 - Time: 0.00 seconds
[2026-05-28 14:47:30,156][root][INFO] - {'coverage': '100.00', 'max_fitness': '0.00', 'passive_coverage': '64.84', 'passive_max_fitness': '0.00', 'passive_mean_fitness': '-63.73', 'passive_qd_score': '51588.54', 'qd_score': '73933.98', 'mean_fitness_top_k': '-51.03'}
[2026-05-28 14:47:31,144][root][INFO] - Generation 161/400 - Time: 0.00 seconds
[2026-05-28 14:47:31,145][root][INFO] - {'coverage': '100.00', 'max_fitness': '0.00', 'passive_coverage': '64.84', 'passive_max_fitness': '0.00', 'passive_mean_fitness': '-63.73', 'passive_qd_score': '51589.97', 'qd_score': '73228.45', 'mean_fitness_top_k': '-53.56'}
[2026-05-28 14:47:31,147][root][INFO] - Saving snapshot to runs/20260528_144015_kheperax_seed13/plots/latent_generation_805_5_gens_after_ext_gen780.png
[2026-05-28 14:47:33,560][root][INFO] - Generation 162/400 - Time: 0.00 seconds
[2026-05-28 14:47:33,561][root][INFO] - {'coverage': '100.00', 'max_fitness': '0.00', 'passive_coverage': '64.84', 'passive_max_fitness': '0.00', 'passive_mean_fitness': '-63.72', 'passive_qd_score': '51590.60', 'qd_score': '73159.31', 'mean_fitness_top_k': '-54.45'}
[2026-05-28 14:47:34,531][root][INFO] - Generation 163/400 - Time: 0.00 seconds
[2026-05-28 14:47:34,532][root][INFO] - {'coverage': '100.00', 'max_fitness': '0.00', 'passive_coverage': '64.84', 'passive_max_fitness': '0.00', 'passive_mean_fitness': '-63.72', 'passive_qd_score': '51591.07', 'qd_score': '73224.14', 'mean_fitness_top_k': '-54.32'}
[2026-05-28 14:47:35,517][root][INFO] - Generation 164/400 - Time: 0.00 seconds
[2026-05-28 14:47:35,518][root][INFO] - {'coverage': '100.00', 'max_fitness': '0.00', 'passive_coverage': '64.84', 'passive_max_fitness': '0.00', 'passive_mean_fitness': '-63.72', 'passive_qd_score': '51591.45', 'qd_score': '72920.38', 'mean_fitness_top_k': '-55.69'}
[2026-05-28 14:47:36,491][root][INFO] - Generation 165/400 - Time: 0.00 seconds
[2026-05-28 14:47:36,492][root][INFO] - {'coverage': '100.00', 'max_fitness': '0.00', 'passive_coverage': '64.84', 'passive_max_fitness': '0.00', 'passive_mean_fitness': '-63.72', 'passive_qd_score': '51591.57', 'qd_score': '73086.86', 'mean_fitness_top_k': '-55.68'}
[2026-05-28 14:47:37,475][root][INFO] - Generation 166/400 - Time: 0.00 seconds
[2026-05-28 14:47:37,476][root][INFO] - {'coverage': '100.00', 'max_fitness': '0.00', 'passive_coverage': '64.84', 'passive_max_fitness': '0.00', 'passive_mean_fitness': '-63.72', 'passive_qd_score': '51591.57', 'qd_score': '73456.69', 'mean_fitness_top_k': '-55.16'}
[2026-05-28 14:47:38,461][root][INFO] - Generation 167/400 - Time: 0.00 seconds
[2026-05-28 14:47:38,461][root][INFO] - {'coverage': '100.00', 'max_fitness': '0.00', 'passive_coverage': '64.84', 'passive_max_fitness': '0.00', 'passive_mean_fitness': '-63.72', 'passive_qd_score': '51591.57', 'qd_score': '73443.10', 'mean_fitness_top_k': '-55.32'}
[2026-05-28 14:47:39,433][root][INFO] - Generation 168/400 - Time: 0.00 seconds
[2026-05-28 14:47:39,434][root][INFO] - {'coverage': '100.00', 'max_fitness': '0.00', 'passive_coverage': '64.84', 'passive_max_fitness': '0.00', 'passive_mean_fitness': '-63.72', 'passive_qd_score': '51591.60', 'qd_score': '73649.24', 'mean_fitness_top_k': '-54.74'}
[2026-05-28 14:47:40,408][root][INFO] - Generation 169/400 - Time: 0.00 seconds
[2026-05-28 14:47:40,409][root][INFO] - {'coverage': '100.00', 'max_fitness': '0.00', 'passive_coverage': '64.84', 'passive_max_fitness': '0.00', 'passive_mean_fitness': '-63.72', 'passive_qd_score': '51591.83', 'qd_score': '73612.35', 'mean_fitness_top_k': '-54.82'}
[2026-05-28 14:47:41,381][root][INFO] - Generation 170/400 - Time: 0.00 seconds
[2026-05-28 14:47:41,382][root][INFO] - {'coverage': '100.00', 'max_fitness': '0.00', 'passive_coverage': '64.94', 'passive_max_fitness': '0.00', 'passive_mean_fitness': '-63.78', 'passive_qd_score': '51634.69', 'qd_score': '73514.05', 'mean_fitness_top_k': '-54.79'}
[2026-05-28 14:47:42,353][root][INFO] - Generation 171/400 - Time: 0.00 seconds
[2026-05-28 14:47:42,354][root][INFO] - {'coverage': '100.00', 'max_fitness': '0.00', 'passive_coverage': '64.94', 'passive_max_fitness': '0.00', 'passive_mean_fitness': '-63.77', 'passive_qd_score': '51634.92', 'qd_score': '73555.67', 'mean_fitness_top_k': '-54.49'}
[2026-05-28 14:47:43,328][root][INFO] - Generation 172/400 - Time: 0.00 seconds
[2026-05-28 14:47:43,329][root][INFO] - {'coverage': '100.00', 'max_fitness': '0.00', 'passive_coverage': '65.04', 'passive_max_fitness': '0.00', 'passive_mean_fitness': '-63.73', 'passive_qd_score': '51745.59', 'qd_score': '73366.91', 'mean_fitness_top_k': '-54.74'}
[2026-05-28 14:47:44,302][root][INFO] - Generation 173/400 - Time: 0.00 seconds
[2026-05-28 14:47:44,302][root][INFO] - {'coverage': '100.00', 'max_fitness': '0.00', 'passive_coverage': '65.04', 'passive_max_fitness': '0.00', 'passive_mean_fitness': '-63.73', 'passive_qd_score': '51745.59', 'qd_score': '73485.71', 'mean_fitness_top_k': '-54.66'}
[2026-05-28 14:47:45,276][root][INFO] - Generation 174/400 - Time: 0.00 seconds
[2026-05-28 14:47:45,277][root][INFO] - {'coverage': '100.00', 'max_fitness': '0.00', 'passive_coverage': '65.04', 'passive_max_fitness': '0.00', 'passive_mean_fitness': '-63.72', 'passive_qd_score': '51746.12', 'qd_score': '73398.47', 'mean_fitness_top_k': '-54.75'}
[2026-05-28 14:47:46,248][root][INFO] - Generation 175/400 - Time: 0.00 seconds
[2026-05-28 14:47:46,249][root][INFO] - {'coverage': '100.00', 'max_fitness': '0.00', 'passive_coverage': '65.04', 'passive_max_fitness': '0.00', 'passive_mean_fitness': '-63.72', 'passive_qd_score': '51746.33', 'qd_score': '73493.88', 'mean_fitness_top_k': '-54.56'}
[2026-05-28 14:47:47,222][root][INFO] - Generation 176/400 - Time: 0.00 seconds
[2026-05-28 14:47:47,223][root][INFO] - {'coverage': '100.00', 'max_fitness': '0.00', 'passive_coverage': '65.04', 'passive_max_fitness': '0.00', 'passive_mean_fitness': '-63.72', 'passive_qd_score': '51746.34', 'qd_score': '73798.03', 'mean_fitness_top_k': '-54.06'}
[2026-05-28 14:47:48,194][root][INFO] - Generation 177/400 - Time: 0.00 seconds
[2026-05-28 14:47:48,195][root][INFO] - {'coverage': '100.00', 'max_fitness': '0.00', 'passive_coverage': '65.04', 'passive_max_fitness': '0.00', 'passive_mean_fitness': '-63.72', 'passive_qd_score': '51746.34', 'qd_score': '73591.73', 'mean_fitness_top_k': '-54.35'}
[2026-05-28 14:47:49,178][root][INFO] - Generation 178/400 - Time: 0.00 seconds
[2026-05-28 14:47:49,179][root][INFO] - {'coverage': '100.00', 'max_fitness': '0.00', 'passive_coverage': '65.04', 'passive_max_fitness': '0.00', 'passive_mean_fitness': '-63.72', 'passive_qd_score': '51746.34', 'qd_score': '73706.14', 'mean_fitness_top_k': '-54.00'}
[2026-05-28 14:47:50,155][root][INFO] - Generation 179/400 - Time: 0.00 seconds
[2026-05-28 14:47:50,156][root][INFO] - {'coverage': '100.00', 'max_fitness': '0.00', 'passive_coverage': '65.04', 'passive_max_fitness': '0.00', 'passive_mean_fitness': '-63.72', 'passive_qd_score': '51746.34', 'qd_score': '73664.05', 'mean_fitness_top_k': '-54.08'}
[2026-05-28 14:47:51,127][root][INFO] - Generation 180/400 - Time: 0.00 seconds
[2026-05-28 14:47:51,128][root][INFO] - {'coverage': '100.00', 'max_fitness': '0.00', 'passive_coverage': '65.04', 'passive_max_fitness': '0.00', 'passive_mean_fitness': '-63.72', 'passive_qd_score': '51746.34', 'qd_score': '73872.17', 'mean_fitness_top_k': '-53.23'}
[2026-05-28 14:47:52,095][root][INFO] - Generation 181/400 - Time: 0.00 seconds
[2026-05-28 14:47:52,096][root][INFO] - {'coverage': '100.00', 'max_fitness': '0.00', 'passive_coverage': '65.04', 'passive_max_fitness': '0.00', 'passive_mean_fitness': '-63.72', 'passive_qd_score': '51746.84', 'qd_score': '73869.20', 'mean_fitness_top_k': '-53.21'}
[2026-05-28 14:47:53,068][root][INFO] - Updating AE...
[2026-05-28 14:47:53,807][root][INFO] - Epoch: 1, loss: 37788.9141
[2026-05-28 14:47:53,879][root][INFO] - Epoch: 2, loss: 2501.9177
[2026-05-28 14:47:53,952][root][INFO] - Epoch: 3, loss: 2055.8118
[2026-05-28 14:47:54,026][root][INFO] - Epoch: 4, loss: 1979.1310
[2026-05-28 14:47:54,097][root][INFO] - Epoch: 5, loss: 1958.5806
[2026-05-28 14:47:54,169][root][INFO] - Epoch: 6, loss: 1944.0864
[2026-05-28 14:47:54,239][root][INFO] - Epoch: 7, loss: 1929.5771
[2026-05-28 14:47:54,310][root][INFO] - Epoch: 8, loss: 1920.9497
[2026-05-28 14:47:54,381][root][INFO] - Epoch: 9, loss: 1915.8192
[2026-05-28 14:47:54,451][root][INFO] - Epoch: 10, loss: 1907.6516
[2026-05-28 14:47:54,522][root][INFO] - Epoch: 11, loss: 1901.7786
[2026-05-28 14:47:54,592][root][INFO] - Epoch: 12, loss: 1895.6824
[2026-05-28 14:47:54,664][root][INFO] - Epoch: 13, loss: 1894.5123
[2026-05-28 14:47:54,734][root][INFO] - Epoch: 14, loss: 1887.0369
[2026-05-28 14:47:54,805][root][INFO] - Epoch: 15, loss: 1882.3141
[2026-05-28 14:47:54,876][root][INFO] - Epoch: 16, loss: 1878.9089
[2026-05-28 14:47:54,947][root][INFO] - Epoch: 17, loss: 1876.1838
[2026-05-28 14:47:55,018][root][INFO] - Epoch: 18, loss: 1873.8815
[2026-05-28 14:47:55,089][root][INFO] - Epoch: 19, loss: 1872.7848
[2026-05-28 14:47:55,159][root][INFO] - Epoch: 20, loss: 1866.8777
[2026-05-28 14:47:55,230][root][INFO] - Epoch: 21, loss: 1858.2908
[2026-05-28 14:47:55,301][root][INFO] - Epoch: 22, loss: 1853.5537
[2026-05-28 14:47:55,372][root][INFO] - Epoch: 23, loss: 1845.8744
[2026-05-28 14:47:55,443][root][INFO] - Epoch: 24, loss: 1840.7842
[2026-05-28 14:47:55,514][root][INFO] - Epoch: 25, loss: 1836.1079
[2026-05-28 14:47:55,585][root][INFO] - Epoch: 26, loss: 1827.2642
[2026-05-28 14:47:55,657][root][INFO] - Epoch: 27, loss: 1821.9933
[2026-05-28 14:47:55,730][root][INFO] - Epoch: 28, loss: 1813.9490
[2026-05-28 14:47:55,801][root][INFO] - Epoch: 29, loss: 1811.1348
[2026-05-28 14:47:55,873][root][INFO] - Epoch: 30, loss: 1801.3044
[2026-05-28 14:47:55,944][root][INFO] - Epoch: 31, loss: 1792.9065
[2026-05-28 14:47:56,016][root][INFO] - Epoch: 32, loss: 1788.8711
[2026-05-28 14:47:56,087][root][INFO] - Epoch: 33, loss: 1784.1467
[2026-05-28 14:47:56,160][root][INFO] - Epoch: 34, loss: 1774.2377
[2026-05-28 14:47:56,234][root][INFO] - Epoch: 35, loss: 1767.6853
[2026-05-28 14:47:56,305][root][INFO] - Epoch: 36, loss: 1762.0994
[2026-05-28 14:47:56,377][root][INFO] - Epoch: 37, loss: 1761.2627
[2026-05-28 14:47:56,451][root][INFO] - Epoch: 38, loss: 1760.2043
[2026-05-28 14:47:56,523][root][INFO] - Epoch: 39, loss: 1750.9890
[2026-05-28 14:47:56,597][root][INFO] - Epoch: 40, loss: 1745.5598
[2026-05-28 14:47:56,669][root][INFO] - Epoch: 41, loss: 1735.2528
[2026-05-28 14:47:56,742][root][INFO] - Epoch: 42, loss: 1733.4612
[2026-05-28 14:47:56,814][root][INFO] - Epoch: 43, loss: 1724.0487
[2026-05-28 14:47:56,886][root][INFO] - Epoch: 44, loss: 1723.7092
[2026-05-28 14:47:56,959][root][INFO] - Epoch: 45, loss: 1716.9204
[2026-05-28 14:47:57,032][root][INFO] - Epoch: 46, loss: 1709.3865
[2026-05-28 14:47:57,105][root][INFO] - Epoch: 47, loss: 1705.1990
[2026-05-28 14:47:57,178][root][INFO] - Epoch: 48, loss: 1703.5303
[2026-05-28 14:47:57,250][root][INFO] - Epoch: 49, loss: 1698.0236
[2026-05-28 14:47:57,322][root][INFO] - Epoch: 50, loss: 1708.4951
[2026-05-28 14:47:57,395][root][INFO] - Epoch: 51, loss: 1700.3442
[2026-05-28 14:47:57,467][root][INFO] - Epoch: 52, loss: 1692.0967
[2026-05-28 14:47:57,540][root][INFO] - Epoch: 53, loss: 1681.7539
[2026-05-28 14:47:57,613][root][INFO] - Epoch: 54, loss: 1675.3102
[2026-05-28 14:47:57,685][root][INFO] - Epoch: 55, loss: 1671.2213
[2026-05-28 14:47:57,758][root][INFO] - Epoch: 56, loss: 1663.1095
[2026-05-28 14:47:57,831][root][INFO] - Epoch: 57, loss: 1652.7633
[2026-05-28 14:47:57,902][root][INFO] - Epoch: 58, loss: 1646.3199
[2026-05-28 14:47:57,975][root][INFO] - Epoch: 59, loss: 1640.9407
[2026-05-28 14:47:58,048][root][INFO] - Epoch: 60, loss: 1639.0026
[2026-05-28 14:47:58,121][root][INFO] - Epoch: 61, loss: 1635.0955
[2026-05-28 14:47:58,194][root][INFO] - Epoch: 62, loss: 1631.8578
[2026-05-28 14:47:58,266][root][INFO] - Epoch: 63, loss: 1624.5898
[2026-05-28 14:47:58,338][root][INFO] - Epoch: 64, loss: 1620.6858
[2026-05-28 14:47:58,410][root][INFO] - Epoch: 65, loss: 1624.6428
[2026-05-28 14:47:58,482][root][INFO] - Epoch: 66, loss: 1617.1549
[2026-05-28 14:47:58,555][root][INFO] - Epoch: 67, loss: 1620.0029
[2026-05-28 14:47:58,627][root][INFO] - Epoch: 68, loss: 1619.3250
[2026-05-28 14:47:58,700][root][INFO] - Epoch: 69, loss: 1610.4156
[2026-05-28 14:47:58,773][root][INFO] - Epoch: 70, loss: 1599.7460
[2026-05-28 14:47:58,846][root][INFO] - Epoch: 71, loss: 1612.8108
[2026-05-28 14:47:58,917][root][INFO] - Epoch: 72, loss: 1614.4468
[2026-05-28 14:47:58,989][root][INFO] - Epoch: 73, loss: 1600.6184
[2026-05-28 14:47:59,060][root][INFO] - Epoch: 74, loss: 1604.5793
[2026-05-28 14:47:59,133][root][INFO] - Epoch: 75, loss: 1598.4927
[2026-05-28 14:47:59,206][root][INFO] - Epoch: 76, loss: 1593.2273
[2026-05-28 14:47:59,279][root][INFO] - Epoch: 77, loss: 1589.0663
[2026-05-28 14:47:59,351][root][INFO] - Epoch: 78, loss: 1594.3495
[2026-05-28 14:47:59,424][root][INFO] - Epoch: 79, loss: 1588.7858
[2026-05-28 14:47:59,498][root][INFO] - Epoch: 80, loss: 1591.3700
[2026-05-28 14:47:59,571][root][INFO] - Epoch: 81, loss: 1578.9830
[2026-05-28 14:47:59,643][root][INFO] - Epoch: 82, loss: 1574.1968
[2026-05-28 14:47:59,714][root][INFO] - Epoch: 83, loss: 1576.9456
[2026-05-28 14:47:59,785][root][INFO] - Epoch: 84, loss: 1569.5875
[2026-05-28 14:47:59,857][root][INFO] - Epoch: 85, loss: 1558.9420
[2026-05-28 14:47:59,930][root][INFO] - Epoch: 86, loss: 1567.4548
[2026-05-28 14:48:00,002][root][INFO] - Epoch: 87, loss: 1559.2880
[2026-05-28 14:48:00,074][root][INFO] - Epoch: 88, loss: 1547.9741
[2026-05-28 14:48:00,145][root][INFO] - Epoch: 89, loss: 1535.9446
[2026-05-28 14:48:00,217][root][INFO] - Epoch: 90, loss: 1587.3179
[2026-05-28 14:48:00,289][root][INFO] - Epoch: 91, loss: 1601.5638
[2026-05-28 14:48:00,361][root][INFO] - Epoch: 92, loss: 1581.5583
[2026-05-28 14:48:00,434][root][INFO] - Epoch: 93, loss: 1581.6128
[2026-05-28 14:48:00,507][root][INFO] - Epoch: 94, loss: 1567.0375
[2026-05-28 14:48:00,580][root][INFO] - Epoch: 95, loss: 1560.2686
[2026-05-28 14:48:00,652][root][INFO] - Epoch: 96, loss: 1560.0984
[2026-05-28 14:48:00,725][root][INFO] - Epoch: 97, loss: 1541.4598
[2026-05-28 14:48:00,797][root][INFO] - Epoch: 98, loss: 1542.5762
[2026-05-28 14:48:00,870][root][INFO] - Epoch: 99, loss: 1531.8243
[2026-05-28 14:48:00,941][root][INFO] - Epoch: 100, loss: 1523.4049
[2026-05-28 14:48:01,012][root][INFO] - Epoch: 101, loss: 1512.8928
[2026-05-28 14:48:01,083][root][INFO] - Epoch: 102, loss: 1521.1753
[2026-05-28 14:48:01,153][root][INFO] - Epoch: 103, loss: 1516.9646
[2026-05-28 14:48:01,225][root][INFO] - Epoch: 104, loss: 1514.0522
[2026-05-28 14:48:01,296][root][INFO] - Epoch: 105, loss: 1544.2272
[2026-05-28 14:48:01,366][root][INFO] - Epoch: 106, loss: 1534.5754
[2026-05-28 14:48:01,437][root][INFO] - Epoch: 107, loss: 1515.4460
[2026-05-28 14:48:01,508][root][INFO] - Epoch: 108, loss: 1500.0739
[2026-05-28 14:48:01,580][root][INFO] - Epoch: 109, loss: 1494.8899
[2026-05-28 14:48:01,651][root][INFO] - Epoch: 110, loss: 1494.4823
[2026-05-28 14:48:01,722][root][INFO] - Epoch: 111, loss: 1500.9319
[2026-05-28 14:48:01,793][root][INFO] - Epoch: 112, loss: 1503.1470
[2026-05-28 14:48:01,864][root][INFO] - Epoch: 113, loss: 1511.1824
[2026-05-28 14:48:01,935][root][INFO] - Epoch: 114, loss: 1510.2224
[2026-05-28 14:48:02,005][root][INFO] - Epoch: 115, loss: 1493.9850
[2026-05-28 14:48:02,076][root][INFO] - Epoch: 116, loss: 1493.2378
[2026-05-28 14:48:02,147][root][INFO] - Epoch: 117, loss: 1462.2570
[2026-05-28 14:48:02,217][root][INFO] - Epoch: 118, loss: 1655.6455
[2026-05-28 14:48:02,288][root][INFO] - Epoch: 119, loss: 1835.6136
[2026-05-28 14:48:02,359][root][INFO] - Epoch: 120, loss: 1718.8657
[2026-05-28 14:48:02,430][root][INFO] - Epoch: 121, loss: 1721.4661
[2026-05-28 14:48:02,501][root][INFO] - Epoch: 122, loss: 1711.2014
[2026-05-28 14:48:02,572][root][INFO] - Epoch: 123, loss: 1690.5360
[2026-05-28 14:48:02,643][root][INFO] - Epoch: 124, loss: 1665.4304
[2026-05-28 14:48:02,714][root][INFO] - Epoch: 125, loss: 1657.6871
[2026-05-28 14:48:02,784][root][INFO] - Epoch: 126, loss: 1654.1256
[2026-05-28 14:48:02,855][root][INFO] - Epoch: 127, loss: 1645.5714
[2026-05-28 14:48:02,927][root][INFO] - Epoch: 128, loss: 1633.4771
[2026-05-28 14:48:02,927][root][INFO] - Early stopping at epoch: 127
[2026-05-28 14:48:02,965][root][INFO] - {'model_loss': '1633.4771', 'recon_loss': '0.0000', 'triplet_loss': '1633.4771'}
[2026-05-28 14:48:02,970][root][INFO] - Extinction event (pre-encoder)...
[2026-05-28 14:48:02,970][root][INFO] - Saving snapshot to runs/20260528_144015_kheperax_seed13/plots/latent_generation_910_before_ext.png
[2026-05-28 14:48:04,367][root][INFO] - Saving snapshot to runs/20260528_144015_kheperax_seed13/plots/latent_generation_910_after_ext.png
[2026-05-28 14:48:05,615][root][INFO] - Updating AE...
[2026-05-28 14:48:06,355][root][INFO] - Epoch: 1, loss: 132.9874
[2026-05-28 14:48:06,427][root][INFO] - Epoch: 2, loss: 40.8337
[2026-05-28 14:48:06,501][root][INFO] - Epoch: 3, loss: 24.7228
[2026-05-28 14:48:06,572][root][INFO] - Epoch: 4, loss: 16.0211
[2026-05-28 14:48:06,643][root][INFO] - Epoch: 5, loss: 11.1940
[2026-05-28 14:48:06,714][root][INFO] - Epoch: 6, loss: 8.9191
[2026-05-28 14:48:06,784][root][INFO] - Epoch: 7, loss: 6.6605
[2026-05-28 14:48:06,855][root][INFO] - Epoch: 8, loss: 5.3161
[2026-05-28 14:48:06,925][root][INFO] - Epoch: 9, loss: 4.3930
[2026-05-28 14:48:06,997][root][INFO] - Epoch: 10, loss: 3.7153
[2026-05-28 14:48:07,067][root][INFO] - Epoch: 11, loss: 3.2114
[2026-05-28 14:48:07,138][root][INFO] - Epoch: 12, loss: 2.8215
[2026-05-28 14:48:07,208][root][INFO] - Epoch: 13, loss: 2.5550
[2026-05-28 14:48:07,279][root][INFO] - Epoch: 14, loss: 2.3513
[2026-05-28 14:48:07,350][root][INFO] - Epoch: 15, loss: 2.2015
[2026-05-28 14:48:07,421][root][INFO] - Epoch: 16, loss: 2.0813
[2026-05-28 14:48:07,492][root][INFO] - Epoch: 17, loss: 1.9878
[2026-05-28 14:48:07,562][root][INFO] - Epoch: 18, loss: 1.9084
[2026-05-28 14:48:07,633][root][INFO] - Epoch: 19, loss: 1.8534
[2026-05-28 14:48:07,703][root][INFO] - Epoch: 20, loss: 1.7878
[2026-05-28 14:48:07,774][root][INFO] - Epoch: 21, loss: 1.7401
[2026-05-28 14:48:07,845][root][INFO] - Epoch: 22, loss: 1.6954
[2026-05-28 14:48:07,916][root][INFO] - Epoch: 23, loss: 1.6566
[2026-05-28 14:48:07,986][root][INFO] - Epoch: 24, loss: 1.6224
[2026-05-28 14:48:08,057][root][INFO] - Epoch: 25, loss: 1.5919
[2026-05-28 14:48:08,130][root][INFO] - Epoch: 26, loss: 1.5638
[2026-05-28 14:48:08,203][root][INFO] - Epoch: 27, loss: 1.5384
[2026-05-28 14:48:08,276][root][INFO] - Epoch: 28, loss: 1.5161
[2026-05-28 14:48:08,349][root][INFO] - Epoch: 29, loss: 1.4957
[2026-05-28 14:48:08,421][root][INFO] - Epoch: 30, loss: 1.4775
[2026-05-28 14:48:08,493][root][INFO] - Epoch: 31, loss: 1.4607
[2026-05-28 14:48:08,566][root][INFO] - Epoch: 32, loss: 1.4454
[2026-05-28 14:48:08,638][root][INFO] - Epoch: 33, loss: 1.4296
[2026-05-28 14:48:08,710][root][INFO] - Epoch: 34, loss: 1.4160
[2026-05-28 14:48:08,782][root][INFO] - Epoch: 35, loss: 1.4032
[2026-05-28 14:48:08,853][root][INFO] - Epoch: 36, loss: 1.3910
[2026-05-28 14:48:08,924][root][INFO] - Epoch: 37, loss: 1.3770
[2026-05-28 14:48:08,995][root][INFO] - Epoch: 38, loss: 1.3708
[2026-05-28 14:48:09,066][root][INFO] - Epoch: 39, loss: 1.3566
[2026-05-28 14:48:09,137][root][INFO] - Epoch: 40, loss: 1.3473
[2026-05-28 14:48:09,208][root][INFO] - Epoch: 41, loss: 1.3383
[2026-05-28 14:48:09,279][root][INFO] - Epoch: 42, loss: 1.3294
[2026-05-28 14:48:09,356][root][INFO] - Epoch: 43, loss: 1.3195
[2026-05-28 14:48:09,430][root][INFO] - Epoch: 44, loss: 1.3114
[2026-05-28 14:48:09,504][root][INFO] - Epoch: 45, loss: 1.3028
[2026-05-28 14:48:09,577][root][INFO] - Epoch: 46, loss: 1.2950
[2026-05-28 14:48:09,649][root][INFO] - Epoch: 47, loss: 1.2866
[2026-05-28 14:48:09,722][root][INFO] - Epoch: 48, loss: 1.2796
[2026-05-28 14:48:09,796][root][INFO] - Epoch: 49, loss: 1.2715
[2026-05-28 14:48:09,869][root][INFO] - Epoch: 50, loss: 1.2631
[2026-05-28 14:48:09,941][root][INFO] - Epoch: 51, loss: 1.2548
[2026-05-28 14:48:10,014][root][INFO] - Epoch: 52, loss: 1.2479
[2026-05-28 14:48:10,087][root][INFO] - Epoch: 53, loss: 1.2386
[2026-05-28 14:48:10,162][root][INFO] - Epoch: 54, loss: 1.2284
[2026-05-28 14:48:10,238][root][INFO] - Epoch: 55, loss: 1.2185
[2026-05-28 14:48:10,312][root][INFO] - Epoch: 56, loss: 1.2072
[2026-05-28 14:48:10,386][root][INFO] - Epoch: 57, loss: 1.2032
[2026-05-28 14:48:10,459][root][INFO] - Epoch: 58, loss: 1.1972
[2026-05-28 14:48:10,533][root][INFO] - Epoch: 59, loss: 1.1889
[2026-05-28 14:48:10,605][root][INFO] - Epoch: 60, loss: 1.1838
[2026-05-28 14:48:10,679][root][INFO] - Epoch: 61, loss: 1.1780
[2026-05-28 14:48:10,751][root][INFO] - Epoch: 62, loss: 1.1699
[2026-05-28 14:48:10,823][root][INFO] - Epoch: 63, loss: 1.1642
[2026-05-28 14:48:10,896][root][INFO] - Epoch: 64, loss: 1.1595
[2026-05-28 14:48:10,970][root][INFO] - Epoch: 65, loss: 1.1535
[2026-05-28 14:48:11,042][root][INFO] - Epoch: 66, loss: 1.1489
[2026-05-28 14:48:11,114][root][INFO] - Epoch: 67, loss: 1.1445
[2026-05-28 14:48:11,186][root][INFO] - Epoch: 68, loss: 1.1383
[2026-05-28 14:48:11,258][root][INFO] - Epoch: 69, loss: 1.1337
[2026-05-28 14:48:11,332][root][INFO] - Epoch: 70, loss: 1.1312
[2026-05-28 14:48:11,404][root][INFO] - Epoch: 71, loss: 1.1244
[2026-05-28 14:48:11,477][root][INFO] - Epoch: 72, loss: 1.1211
[2026-05-28 14:48:11,551][root][INFO] - Epoch: 73, loss: 1.1169
[2026-05-28 14:48:11,624][root][INFO] - Epoch: 74, loss: 1.1120
[2026-05-28 14:48:11,697][root][INFO] - Epoch: 75, loss: 1.1125
[2026-05-28 14:48:11,770][root][INFO] - Epoch: 76, loss: 1.1080
[2026-05-28 14:48:11,841][root][INFO] - Epoch: 77, loss: 1.1023
[2026-05-28 14:48:11,913][root][INFO] - Epoch: 78, loss: 1.0998
[2026-05-28 14:48:11,985][root][INFO] - Epoch: 79, loss: 1.0952
[2026-05-28 14:48:12,057][root][INFO] - Epoch: 80, loss: 1.0908
[2026-05-28 14:48:12,130][root][INFO] - Epoch: 81, loss: 1.0890
[2026-05-28 14:48:12,203][root][INFO] - Epoch: 82, loss: 1.0857
[2026-05-28 14:48:12,277][root][INFO] - Epoch: 83, loss: 1.0851
[2026-05-28 14:48:12,353][root][INFO] - Epoch: 84, loss: 1.0786
[2026-05-28 14:48:12,425][root][INFO] - Epoch: 85, loss: 1.0757
[2026-05-28 14:48:12,496][root][INFO] - Epoch: 86, loss: 1.0678
[2026-05-28 14:48:12,569][root][INFO] - Epoch: 87, loss: 1.0719
[2026-05-28 14:48:12,641][root][INFO] - Epoch: 88, loss: 1.0669
[2026-05-28 14:48:12,714][root][INFO] - Epoch: 89, loss: 1.0600
[2026-05-28 14:48:12,785][root][INFO] - Epoch: 90, loss: 1.0600
[2026-05-28 14:48:12,857][root][INFO] - Epoch: 91, loss: 1.0538
[2026-05-28 14:48:12,930][root][INFO] - Epoch: 92, loss: 1.0485
[2026-05-28 14:48:13,001][root][INFO] - Epoch: 93, loss: 1.0473
[2026-05-28 14:48:13,071][root][INFO] - Epoch: 94, loss: 1.0451
[2026-05-28 14:48:13,142][root][INFO] - Epoch: 95, loss: 1.0406
[2026-05-28 14:48:13,213][root][INFO] - Epoch: 96, loss: 1.0381
[2026-05-28 14:48:13,282][root][INFO] - Epoch: 97, loss: 1.0361
[2026-05-28 14:48:13,352][root][INFO] - Epoch: 98, loss: 1.0356
[2026-05-28 14:48:13,420][root][INFO] - Epoch: 99, loss: 1.0295
[2026-05-28 14:48:13,489][root][INFO] - Epoch: 100, loss: 1.0277
[2026-05-28 14:48:13,558][root][INFO] - Epoch: 101, loss: 1.0266
[2026-05-28 14:48:13,626][root][INFO] - Epoch: 102, loss: 1.0261
[2026-05-28 14:48:13,695][root][INFO] - Epoch: 103, loss: 1.0213
[2026-05-28 14:48:13,769][root][INFO] - Epoch: 104, loss: 1.0196
[2026-05-28 14:48:13,842][root][INFO] - Epoch: 105, loss: 1.0184
[2026-05-28 14:48:13,915][root][INFO] - Epoch: 106, loss: 1.0165
[2026-05-28 14:48:13,987][root][INFO] - Epoch: 107, loss: 1.0149
[2026-05-28 14:48:14,059][root][INFO] - Epoch: 108, loss: 1.0131
[2026-05-28 14:48:14,128][root][INFO] - Epoch: 109, loss: 1.0140
[2026-05-28 14:48:14,197][root][INFO] - Epoch: 110, loss: 1.0112
[2026-05-28 14:48:14,265][root][INFO] - Epoch: 111, loss: 1.0071
[2026-05-28 14:48:14,333][root][INFO] - Epoch: 112, loss: 1.0048
[2026-05-28 14:48:14,404][root][INFO] - Epoch: 113, loss: 1.0026
[2026-05-28 14:48:14,477][root][INFO] - Epoch: 114, loss: 0.9996
[2026-05-28 14:48:14,551][root][INFO] - Epoch: 115, loss: 0.9988
[2026-05-28 14:48:14,628][root][INFO] - Epoch: 116, loss: 0.9979
[2026-05-28 14:48:14,703][root][INFO] - Epoch: 117, loss: 0.9943
[2026-05-28 14:48:14,774][root][INFO] - Epoch: 118, loss: 0.9934
[2026-05-28 14:48:14,845][root][INFO] - Epoch: 119, loss: 0.9915
[2026-05-28 14:48:14,915][root][INFO] - Epoch: 120, loss: 0.9881
[2026-05-28 14:48:14,985][root][INFO] - Epoch: 121, loss: 0.9859
[2026-05-28 14:48:15,059][root][INFO] - Epoch: 122, loss: 0.9832
[2026-05-28 14:48:15,130][root][INFO] - Epoch: 123, loss: 0.9811
[2026-05-28 14:48:15,204][root][INFO] - Epoch: 124, loss: 0.9799
[2026-05-28 14:48:15,278][root][INFO] - Epoch: 125, loss: 0.9784
[2026-05-28 14:48:15,352][root][INFO] - Epoch: 126, loss: 0.9767
[2026-05-28 14:48:15,427][root][INFO] - Epoch: 127, loss: 0.9730
[2026-05-28 14:48:15,500][root][INFO] - Epoch: 128, loss: 0.9706
[2026-05-28 14:48:15,569][root][INFO] - Epoch: 129, loss: 0.9698
[2026-05-28 14:48:15,638][root][INFO] - Epoch: 130, loss: 0.9675
[2026-05-28 14:48:15,706][root][INFO] - Epoch: 131, loss: 0.9659
[2026-05-28 14:48:15,776][root][INFO] - Epoch: 132, loss: 0.9663
[2026-05-28 14:48:15,846][root][INFO] - Epoch: 133, loss: 0.9625
[2026-05-28 14:48:15,916][root][INFO] - Epoch: 134, loss: 0.9576
[2026-05-28 14:48:15,984][root][INFO] - Epoch: 135, loss: 0.9570
[2026-05-28 14:48:16,054][root][INFO] - Epoch: 136, loss: 0.9559
[2026-05-28 14:48:16,122][root][INFO] - Epoch: 137, loss: 0.9502
[2026-05-28 14:48:16,191][root][INFO] - Epoch: 138, loss: 0.9470
[2026-05-28 14:48:16,260][root][INFO] - Epoch: 139, loss: 0.9456
[2026-05-28 14:48:16,329][root][INFO] - Epoch: 140, loss: 0.9423
[2026-05-28 14:48:16,397][root][INFO] - Epoch: 141, loss: 0.9411
[2026-05-28 14:48:16,465][root][INFO] - Epoch: 142, loss: 0.9359
[2026-05-28 14:48:16,534][root][INFO] - Epoch: 143, loss: 0.9328
[2026-05-28 14:48:16,602][root][INFO] - Epoch: 144, loss: 0.9302
[2026-05-28 14:48:16,671][root][INFO] - Epoch: 145, loss: 0.9288
[2026-05-28 14:48:16,739][root][INFO] - Epoch: 146, loss: 0.9256
[2026-05-28 14:48:16,806][root][INFO] - Epoch: 147, loss: 0.9237
[2026-05-28 14:48:16,875][root][INFO] - Epoch: 148, loss: 0.9236
[2026-05-28 14:48:16,943][root][INFO] - Epoch: 149, loss: 0.9194
[2026-05-28 14:48:17,011][root][INFO] - Epoch: 150, loss: 0.9167
[2026-05-28 14:48:17,080][root][INFO] - Epoch: 151, loss: 0.9124
[2026-05-28 14:48:17,148][root][INFO] - Epoch: 152, loss: 0.9101
[2026-05-28 14:48:17,219][root][INFO] - Epoch: 153, loss: 0.9073
[2026-05-28 14:48:17,287][root][INFO] - Epoch: 154, loss: 0.9060
[2026-05-28 14:48:17,356][root][INFO] - Epoch: 155, loss: 0.9047
[2026-05-28 14:48:17,425][root][INFO] - Epoch: 156, loss: 0.9008
[2026-05-28 14:48:17,494][root][INFO] - Epoch: 157, loss: 0.8989
[2026-05-28 14:48:17,562][root][INFO] - Epoch: 158, loss: 0.8945
[2026-05-28 14:48:17,631][root][INFO] - Epoch: 159, loss: 0.8974
[2026-05-28 14:48:17,699][root][INFO] - Epoch: 160, loss: 0.8901
[2026-05-28 14:48:17,768][root][INFO] - Epoch: 161, loss: 0.8902
[2026-05-28 14:48:17,837][root][INFO] - Epoch: 162, loss: 0.8880
[2026-05-28 14:48:17,905][root][INFO] - Epoch: 163, loss: 0.8881
[2026-05-28 14:48:17,974][root][INFO] - Epoch: 164, loss: 0.8887
[2026-05-28 14:48:18,043][root][INFO] - Epoch: 165, loss: 0.8865
[2026-05-28 14:48:18,112][root][INFO] - Epoch: 166, loss: 0.8861
[2026-05-28 14:48:18,180][root][INFO] - Epoch: 167, loss: 0.8886
[2026-05-28 14:48:18,249][root][INFO] - Epoch: 168, loss: 0.8816
[2026-05-28 14:48:18,318][root][INFO] - Epoch: 169, loss: 0.8835
[2026-05-28 14:48:18,386][root][INFO] - Epoch: 170, loss: 0.8790
[2026-05-28 14:48:18,455][root][INFO] - Epoch: 171, loss: 0.8812
[2026-05-28 14:48:18,523][root][INFO] - Epoch: 172, loss: 0.8790
[2026-05-28 14:48:18,592][root][INFO] - Epoch: 173, loss: 0.8761
[2026-05-28 14:48:18,661][root][INFO] - Epoch: 174, loss: 0.8753
[2026-05-28 14:48:18,729][root][INFO] - Epoch: 175, loss: 0.8727
[2026-05-28 14:48:18,798][root][INFO] - Epoch: 176, loss: 0.8736
[2026-05-28 14:48:18,866][root][INFO] - Epoch: 177, loss: 0.8732
[2026-05-28 14:48:18,935][root][INFO] - Epoch: 178, loss: 0.8707
[2026-05-28 14:48:19,004][root][INFO] - Epoch: 179, loss: 0.8680
[2026-05-28 14:48:19,072][root][INFO] - Epoch: 180, loss: 0.8691
[2026-05-28 14:48:19,141][root][INFO] - Epoch: 181, loss: 0.8702
[2026-05-28 14:48:19,209][root][INFO] - Epoch: 182, loss: 0.8655
[2026-05-28 14:48:19,277][root][INFO] - Epoch: 183, loss: 0.8650
[2026-05-28 14:48:19,345][root][INFO] - Epoch: 184, loss: 0.8634
[2026-05-28 14:48:19,414][root][INFO] - Epoch: 185, loss: 0.8628
[2026-05-28 14:48:19,482][root][INFO] - Epoch: 186, loss: 0.8614
[2026-05-28 14:48:19,554][root][INFO] - Epoch: 187, loss: 0.8607
[2026-05-28 14:48:19,623][root][INFO] - Epoch: 188, loss: 0.8595
[2026-05-28 14:48:19,691][root][INFO] - Epoch: 189, loss: 0.8616
[2026-05-28 14:48:19,760][root][INFO] - Epoch: 190, loss: 0.8591
[2026-05-28 14:48:19,828][root][INFO] - Epoch: 191, loss: 0.8604
[2026-05-28 14:48:19,896][root][INFO] - Epoch: 192, loss: 0.8539
[2026-05-28 14:48:19,965][root][INFO] - Epoch: 193, loss: 0.8530
[2026-05-28 14:48:20,033][root][INFO] - Epoch: 194, loss: 0.8561
[2026-05-28 14:48:20,102][root][INFO] - Epoch: 195, loss: 0.8547
[2026-05-28 14:48:20,170][root][INFO] - Epoch: 196, loss: 0.8521
[2026-05-28 14:48:20,238][root][INFO] - Epoch: 197, loss: 0.8511
[2026-05-28 14:48:20,307][root][INFO] - Epoch: 198, loss: 0.8492
[2026-05-28 14:48:20,375][root][INFO] - Epoch: 199, loss: 0.8467
[2026-05-28 14:48:20,444][root][INFO] - Epoch: 200, loss: 0.8481
[2026-05-28 14:48:20,478][root][INFO] - {'model_loss': '0.8481', 'recon_loss': '0.0000', 'triplet_loss': '0.8481'}
[2026-05-28 14:48:20,482][root][INFO] - Generation 182/400 - Time: 0.00 seconds
[2026-05-28 14:48:20,482][root][INFO] - {'coverage': '100.00', 'max_fitness': '0.00', 'passive_coverage': '65.04', 'passive_max_fitness': '0.00', 'passive_mean_fitness': '-63.72', 'passive_qd_score': '51746.85', 'qd_score': '73994.08', 'mean_fitness_top_k': '-52.70'}
[2026-05-28 14:48:21,442][root][INFO] - Generation 183/400 - Time: 0.00 seconds
[2026-05-28 14:48:21,442][root][INFO] - {'coverage': '100.00', 'max_fitness': '0.00', 'passive_coverage': '66.02', 'passive_max_fitness': '0.00', 'passive_mean_fitness': '-63.89', 'passive_qd_score': '52410.78', 'qd_score': '81984.73', 'mean_fitness_top_k': '-29.77'}
[2026-05-28 14:48:22,418][root][INFO] - Generation 184/400 - Time: 0.00 seconds
[2026-05-28 14:48:22,419][root][INFO] - {'coverage': '100.00', 'max_fitness': '0.00', 'passive_coverage': '66.80', 'passive_max_fitness': '0.00', 'passive_mean_fitness': '-63.78', 'passive_qd_score': '53108.96', 'qd_score': '86445.41', 'mean_fitness_top_k': '-25.70'}
[2026-05-28 14:48:23,397][root][INFO] - Generation 185/400 - Time: 0.00 seconds
[2026-05-28 14:48:23,397][root][INFO] - {'coverage': '100.00', 'max_fitness': '0.00', 'passive_coverage': '67.09', 'passive_max_fitness': '0.00', 'passive_mean_fitness': '-63.81', 'passive_qd_score': '53318.48', 'qd_score': '87144.03', 'mean_fitness_top_k': '-23.22'}
[2026-05-28 14:48:24,360][root][INFO] - Generation 186/400 - Time: 0.00 seconds
[2026-05-28 14:48:24,361][root][INFO] - {'coverage': '100.00', 'max_fitness': '0.00', 'passive_coverage': '67.29', 'passive_max_fitness': '0.00', 'passive_mean_fitness': '-63.78', 'passive_qd_score': '53492.48', 'qd_score': '88094.44', 'mean_fitness_top_k': '-21.98'}
[2026-05-28 14:48:25,379][root][INFO] - Generation 187/400 - Time: 0.00 seconds
[2026-05-28 14:48:25,379][root][INFO] - {'coverage': '100.00', 'max_fitness': '0.00', 'passive_coverage': '67.48', 'passive_max_fitness': '0.00', 'passive_mean_fitness': '-63.70', 'passive_qd_score': '53703.80', 'qd_score': '88975.63', 'mean_fitness_top_k': '-20.56'}
[2026-05-28 14:48:25,381][root][INFO] - Saving snapshot to runs/20260528_144015_kheperax_seed13/plots/latent_generation_935_5_gens_after_ext_gen910.png
[2026-05-28 14:48:27,554][root][INFO] - Generation 188/400 - Time: 0.00 seconds
[2026-05-28 14:48:27,555][root][INFO] - {'coverage': '100.00', 'max_fitness': '0.00', 'passive_coverage': '67.58', 'passive_max_fitness': '0.00', 'passive_mean_fitness': '-63.68', 'passive_qd_score': '53794.27', 'qd_score': '89819.20', 'mean_fitness_top_k': '-19.77'}
[2026-05-28 14:48:28,515][root][INFO] - Generation 189/400 - Time: 0.00 seconds
[2026-05-28 14:48:28,516][root][INFO] - {'coverage': '100.00', 'max_fitness': '0.00', 'passive_coverage': '67.68', 'passive_max_fitness': '0.00', 'passive_mean_fitness': '-63.72', 'passive_qd_score': '53844.91', 'qd_score': '90637.20', 'mean_fitness_top_k': '-19.51'}
[2026-05-28 14:48:29,476][root][INFO] - Generation 190/400 - Time: 0.00 seconds
[2026-05-28 14:48:29,476][root][INFO] - {'coverage': '100.00', 'max_fitness': '0.00', 'passive_coverage': '67.77', 'passive_max_fitness': '0.00', 'passive_mean_fitness': '-63.70', 'passive_qd_score': '53936.09', 'qd_score': '91013.30', 'mean_fitness_top_k': '-19.67'}
[2026-05-28 14:48:30,487][root][INFO] - Generation 191/400 - Time: 0.00 seconds
[2026-05-28 14:48:30,487][root][INFO] - {'coverage': '100.00', 'max_fitness': '0.00', 'passive_coverage': '67.77', 'passive_max_fitness': '0.00', 'passive_mean_fitness': '-63.70', 'passive_qd_score': '53936.09', 'qd_score': '91136.56', 'mean_fitness_top_k': '-19.78'}
[2026-05-28 14:48:31,462][root][INFO] - Generation 192/400 - Time: 0.00 seconds
[2026-05-28 14:48:31,463][root][INFO] - {'coverage': '100.00', 'max_fitness': '0.00', 'passive_coverage': '67.77', 'passive_max_fitness': '0.00', 'passive_mean_fitness': '-63.70', 'passive_qd_score': '53936.14', 'qd_score': '91019.68', 'mean_fitness_top_k': '-19.70'}
[2026-05-28 14:48:32,423][root][INFO] - Generation 193/400 - Time: 0.00 seconds
[2026-05-28 14:48:32,424][root][INFO] - {'coverage': '100.00', 'max_fitness': '0.00', 'passive_coverage': '67.77', 'passive_max_fitness': '0.00', 'passive_mean_fitness': '-63.70', 'passive_qd_score': '53936.14', 'qd_score': '91699.94', 'mean_fitness_top_k': '-19.13'}
[2026-05-28 14:48:33,387][root][INFO] - Generation 194/400 - Time: 0.00 seconds
[2026-05-28 14:48:33,388][root][INFO] - {'coverage': '100.00', 'max_fitness': '0.00', 'passive_coverage': '67.87', 'passive_max_fitness': '0.00', 'passive_mean_fitness': '-63.74', 'passive_qd_score': '53990.34', 'qd_score': '92041.48', 'mean_fitness_top_k': '-18.71'}
[2026-05-28 14:48:34,345][root][INFO] - Generation 195/400 - Time: 0.00 seconds
[2026-05-28 14:48:34,346][root][INFO] - {'coverage': '100.00', 'max_fitness': '0.00', 'passive_coverage': '68.07', 'passive_max_fitness': '0.00', 'passive_mean_fitness': '-63.72', 'passive_qd_score': '54161.26', 'qd_score': '92351.07', 'mean_fitness_top_k': '-18.12'}
[2026-05-28 14:48:35,303][root][INFO] - Generation 196/400 - Time: 0.00 seconds
[2026-05-28 14:48:35,303][root][INFO] - {'coverage': '100.00', 'max_fitness': '0.00', 'passive_coverage': '68.46', 'passive_max_fitness': '0.00', 'passive_mean_fitness': '-63.67', 'passive_qd_score': '54503.06', 'qd_score': '92382.59', 'mean_fitness_top_k': '-17.66'}
[2026-05-28 14:48:36,282][root][INFO] - Generation 197/400 - Time: 0.00 seconds
[2026-05-28 14:48:36,283][root][INFO] - {'coverage': '100.00', 'max_fitness': '0.00', 'passive_coverage': '68.55', 'passive_max_fitness': '0.00', 'passive_mean_fitness': '-63.68', 'passive_qd_score': '54577.46', 'qd_score': '92674.67', 'mean_fitness_top_k': '-17.19'}
[2026-05-28 14:48:37,248][root][INFO] - Generation 198/400 - Time: 0.00 seconds
[2026-05-28 14:48:37,249][root][INFO] - {'coverage': '100.00', 'max_fitness': '0.00', 'passive_coverage': '68.55', 'passive_max_fitness': '0.00', 'passive_mean_fitness': '-63.67', 'passive_qd_score': '54579.91', 'qd_score': '93140.91', 'mean_fitness_top_k': '-17.44'}
[2026-05-28 14:48:38,213][root][INFO] - Generation 199/400 - Time: 0.00 seconds
[2026-05-28 14:48:38,214][root][INFO] - {'coverage': '100.00', 'max_fitness': '0.00', 'passive_coverage': '68.55', 'passive_max_fitness': '0.00', 'passive_mean_fitness': '-63.67', 'passive_qd_score': '54579.91', 'qd_score': '93279.16', 'mean_fitness_top_k': '-17.34'}
[2026-05-28 14:48:39,192][root][INFO] - Generation 200/400 - Time: 0.00 seconds
[2026-05-28 14:48:39,193][root][INFO] - {'coverage': '100.00', 'max_fitness': '0.00', 'passive_coverage': '68.65', 'passive_max_fitness': '0.00', 'passive_mean_fitness': '-63.69', 'passive_qd_score': '54648.42', 'qd_score': '93281.48', 'mean_fitness_top_k': '-17.19'}
[2026-05-28 14:48:40,149][root][INFO] - Generation 201/400 - Time: 0.00 seconds
[2026-05-28 14:48:40,150][root][INFO] - {'coverage': '100.00', 'max_fitness': '0.00', 'passive_coverage': '68.65', 'passive_max_fitness': '0.00', 'passive_mean_fitness': '-63.68', 'passive_qd_score': '54648.95', 'qd_score': '93518.42', 'mean_fitness_top_k': '-16.99'}
[2026-05-28 14:48:41,170][root][INFO] - Generation 202/400 - Time: 0.00 seconds
[2026-05-28 14:48:41,171][root][INFO] - {'coverage': '100.00', 'max_fitness': '0.00', 'passive_coverage': '68.65', 'passive_max_fitness': '0.00', 'passive_mean_fitness': '-63.68', 'passive_qd_score': '54649.11', 'qd_score': '93977.21', 'mean_fitness_top_k': '-16.72'}
[2026-05-28 14:48:42,137][root][INFO] - Generation 203/400 - Time: 0.00 seconds
[2026-05-28 14:48:42,137][root][INFO] - {'coverage': '100.00', 'max_fitness': '0.00', 'passive_coverage': '68.65', 'passive_max_fitness': '0.00', 'passive_mean_fitness': '-63.68', 'passive_qd_score': '54649.11', 'qd_score': '94149.61', 'mean_fitness_top_k': '-16.60'}
[2026-05-28 14:48:43,102][root][INFO] - Generation 204/400 - Time: 0.00 seconds
[2026-05-28 14:48:43,102][root][INFO] - {'coverage': '100.00', 'max_fitness': '0.00', 'passive_coverage': '68.85', 'passive_max_fitness': '0.00', 'passive_mean_fitness': '-63.64', 'passive_qd_score': '54838.29', 'qd_score': '94239.26', 'mean_fitness_top_k': '-16.61'}
[2026-05-28 14:48:44,064][root][INFO] - Generation 205/400 - Time: 0.00 seconds
[2026-05-28 14:48:44,064][root][INFO] - {'coverage': '100.00', 'max_fitness': '0.00', 'passive_coverage': '68.85', 'passive_max_fitness': '0.00', 'passive_mean_fitness': '-63.64', 'passive_qd_score': '54838.96', 'qd_score': '94825.16', 'mean_fitness_top_k': '-16.10'}
[2026-05-28 14:48:45,032][root][INFO] - Generation 206/400 - Time: 0.00 seconds
[2026-05-28 14:48:45,032][root][INFO] - {'coverage': '100.00', 'max_fitness': '0.00', 'passive_coverage': '68.85', 'passive_max_fitness': '0.00', 'passive_mean_fitness': '-63.64', 'passive_qd_score': '54839.12', 'qd_score': '94786.83', 'mean_fitness_top_k': '-15.68'}
[2026-05-28 14:48:46,055][root][INFO] - Generation 207/400 - Time: 0.00 seconds
[2026-05-28 14:48:46,056][root][INFO] - {'coverage': '100.00', 'max_fitness': '0.00', 'passive_coverage': '68.85', 'passive_max_fitness': '0.00', 'passive_mean_fitness': '-63.64', 'passive_qd_score': '54839.23', 'qd_score': '94859.59', 'mean_fitness_top_k': '-15.78'}
[2026-05-28 14:48:47,016][root][INFO] - Generation 208/400 - Time: 0.00 seconds
[2026-05-28 14:48:47,017][root][INFO] - {'coverage': '100.00', 'max_fitness': '0.00', 'passive_coverage': '68.95', 'passive_max_fitness': '0.00', 'passive_mean_fitness': '-63.64', 'passive_qd_score': '54911.43', 'qd_score': '95462.53', 'mean_fitness_top_k': '-15.36'}
[2026-05-28 14:48:47,979][root][INFO] - Generation 209/400 - Time: 0.00 seconds
[2026-05-28 14:48:47,980][root][INFO] - {'coverage': '100.00', 'max_fitness': '0.00', 'passive_coverage': '68.95', 'passive_max_fitness': '0.00', 'passive_mean_fitness': '-63.64', 'passive_qd_score': '54911.55', 'qd_score': '95024.22', 'mean_fitness_top_k': '-15.44'}
[2026-05-28 14:48:48,940][root][INFO] - Updating AE...
[2026-05-28 14:48:49,914][root][INFO] - Epoch: 1, loss: 506.2249
[2026-05-28 14:48:49,985][root][INFO] - Epoch: 2, loss: 267.9311
[2026-05-28 14:48:50,056][root][INFO] - Epoch: 3, loss: 269.0220
[2026-05-28 14:48:50,126][root][INFO] - Epoch: 4, loss: 267.5637
[2026-05-28 14:48:50,194][root][INFO] - Epoch: 5, loss: 266.1872
[2026-05-28 14:48:50,264][root][INFO] - Epoch: 6, loss: 264.6201
[2026-05-28 14:48:50,333][root][INFO] - Epoch: 7, loss: 263.0076
[2026-05-28 14:48:50,403][root][INFO] - Epoch: 8, loss: 262.0263
[2026-05-28 14:48:50,472][root][INFO] - Epoch: 9, loss: 261.1087
[2026-05-28 14:48:50,541][root][INFO] - Epoch: 10, loss: 260.4001
[2026-05-28 14:48:50,611][root][INFO] - Epoch: 11, loss: 260.0280
[2026-05-28 14:48:50,680][root][INFO] - Epoch: 12, loss: 258.8990
[2026-05-28 14:48:50,749][root][INFO] - Epoch: 13, loss: 257.2925
[2026-05-28 14:48:50,819][root][INFO] - Epoch: 14, loss: 255.5180
[2026-05-28 14:48:50,889][root][INFO] - Epoch: 15, loss: 253.7092
[2026-05-28 14:48:50,958][root][INFO] - Epoch: 16, loss: 251.0361
[2026-05-28 14:48:51,027][root][INFO] - Epoch: 17, loss: 249.8318
[2026-05-28 14:48:51,097][root][INFO] - Epoch: 18, loss: 248.9839
[2026-05-28 14:48:51,166][root][INFO] - Epoch: 19, loss: 246.6692
[2026-05-28 14:48:51,236][root][INFO] - Epoch: 20, loss: 245.1044
[2026-05-28 14:48:51,305][root][INFO] - Epoch: 21, loss: 245.0641
[2026-05-28 14:48:51,375][root][INFO] - Epoch: 22, loss: 243.9847
[2026-05-28 14:48:51,444][root][INFO] - Epoch: 23, loss: 242.6606
[2026-05-28 14:48:51,514][root][INFO] - Epoch: 24, loss: 241.2579
[2026-05-28 14:48:51,583][root][INFO] - Epoch: 25, loss: 239.9431
[2026-05-28 14:48:51,653][root][INFO] - Epoch: 26, loss: 239.1456
[2026-05-28 14:48:51,722][root][INFO] - Epoch: 27, loss: 237.3246
[2026-05-28 14:48:51,790][root][INFO] - Epoch: 28, loss: 236.7016
[2026-05-28 14:48:51,858][root][INFO] - Epoch: 29, loss: 234.3717
[2026-05-28 14:48:51,927][root][INFO] - Epoch: 30, loss: 233.3778
[2026-05-28 14:48:51,997][root][INFO] - Epoch: 31, loss: 231.5041
[2026-05-28 14:48:52,066][root][INFO] - Epoch: 32, loss: 228.2108
[2026-05-28 14:48:52,135][root][INFO] - Epoch: 33, loss: 225.1845
[2026-05-28 14:48:52,204][root][INFO] - Epoch: 34, loss: 221.3000
[2026-05-28 14:48:52,274][root][INFO] - Epoch: 35, loss: 219.0325
[2026-05-28 14:48:52,342][root][INFO] - Epoch: 36, loss: 217.4078
[2026-05-28 14:48:52,411][root][INFO] - Epoch: 37, loss: 214.1123
[2026-05-28 14:48:52,480][root][INFO] - Epoch: 38, loss: 211.7303
[2026-05-28 14:48:52,550][root][INFO] - Epoch: 39, loss: 243.9221
[2026-05-28 14:48:52,619][root][INFO] - Epoch: 40, loss: 398.2416
[2026-05-28 14:48:52,688][root][INFO] - Epoch: 41, loss: 749.9725
[2026-05-28 14:48:52,757][root][INFO] - Epoch: 42, loss: 1515.2607
[2026-05-28 14:48:52,826][root][INFO] - Epoch: 43, loss: 1803.7389
[2026-05-28 14:48:52,895][root][INFO] - Epoch: 44, loss: 2170.9146
[2026-05-28 14:48:52,964][root][INFO] - Epoch: 45, loss: 2139.5488
[2026-05-28 14:48:53,033][root][INFO] - Epoch: 46, loss: 1720.3823
[2026-05-28 14:48:53,103][root][INFO] - Epoch: 47, loss: 1409.2705
[2026-05-28 14:48:53,172][root][INFO] - Epoch: 48, loss: 1118.5015
[2026-05-28 14:48:53,241][root][INFO] - Epoch: 49, loss: 979.2108
[2026-05-28 14:48:53,242][root][INFO] - Early stopping at epoch: 48
[2026-05-28 14:48:53,271][root][INFO] - {'model_loss': '979.2108', 'recon_loss': '0.0000', 'triplet_loss': '979.2108'}
[2026-05-28 14:48:53,275][root][INFO] - Extinction event (pre-encoder)...
[2026-05-28 14:48:53,275][root][INFO] - Saving snapshot to runs/20260528_144015_kheperax_seed13/plots/latent_generation_1050_before_ext.png
[2026-05-28 14:48:54,501][root][INFO] - Saving snapshot to runs/20260528_144015_kheperax_seed13/plots/latent_generation_1050_after_ext.png
[2026-05-28 14:48:55,731][root][INFO] - Updating AE...
[2026-05-28 14:48:56,440][root][INFO] - Epoch: 1, loss: 230.3861
[2026-05-28 14:48:56,511][root][INFO] - Epoch: 2, loss: 67.9820
[2026-05-28 14:48:56,581][root][INFO] - Epoch: 3, loss: 37.5317
[2026-05-28 14:48:56,650][root][INFO] - Epoch: 4, loss: 27.3338
[2026-05-28 14:48:56,718][root][INFO] - Epoch: 5, loss: 21.3854
[2026-05-28 14:48:56,787][root][INFO] - Epoch: 6, loss: 18.0622
[2026-05-28 14:48:56,854][root][INFO] - Epoch: 7, loss: 15.9032
[2026-05-28 14:48:56,922][root][INFO] - Epoch: 8, loss: 14.5354
[2026-05-28 14:48:56,990][root][INFO] - Epoch: 9, loss: 13.5209
[2026-05-28 14:48:57,058][root][INFO] - Epoch: 10, loss: 12.7036
[2026-05-28 14:48:57,126][root][INFO] - Epoch: 11, loss: 12.0071
[2026-05-28 14:48:57,195][root][INFO] - Epoch: 12, loss: 11.4402
[2026-05-28 14:48:57,263][root][INFO] - Epoch: 13, loss: 10.9353
[2026-05-28 14:48:57,332][root][INFO] - Epoch: 14, loss: 10.5143
[2026-05-28 14:48:57,400][root][INFO] - Epoch: 15, loss: 10.1859
[2026-05-28 14:48:57,468][root][INFO] - Epoch: 16, loss: 9.8520
[2026-05-28 14:48:57,537][root][INFO] - Epoch: 17, loss: 9.5910
[2026-05-28 14:48:57,605][root][INFO] - Epoch: 18, loss: 9.3128
[2026-05-28 14:48:57,674][root][INFO] - Epoch: 19, loss: 9.0774
[2026-05-28 14:48:57,743][root][INFO] - Epoch: 20, loss: 9.2025
[2026-05-28 14:48:57,812][root][INFO] - Epoch: 21, loss: 9.3734
[2026-05-28 14:48:57,880][root][INFO] - Epoch: 22, loss: 9.2032
[2026-05-28 14:48:57,948][root][INFO] - Epoch: 23, loss: 9.0597
[2026-05-28 14:48:58,017][root][INFO] - Epoch: 24, loss: 8.8667
[2026-05-28 14:48:58,085][root][INFO] - Epoch: 25, loss: 8.6808
[2026-05-28 14:48:58,153][root][INFO] - Epoch: 26, loss: 8.5218
[2026-05-28 14:48:58,221][root][INFO] - Epoch: 27, loss: 8.3800
[2026-05-28 14:48:58,289][root][INFO] - Epoch: 28, loss: 8.2327
[2026-05-28 14:48:58,357][root][INFO] - Epoch: 29, loss: 8.1075
[2026-05-28 14:48:58,425][root][INFO] - Epoch: 30, loss: 7.9879
[2026-05-28 14:48:58,493][root][INFO] - Epoch: 31, loss: 7.8914
[2026-05-28 14:48:58,562][root][INFO] - Epoch: 32, loss: 7.7906
[2026-05-28 14:48:58,630][root][INFO] - Epoch: 33, loss: 7.7076
[2026-05-28 14:48:58,698][root][INFO] - Epoch: 34, loss: 7.6324
[2026-05-28 14:48:58,767][root][INFO] - Epoch: 35, loss: 7.5625
[2026-05-28 14:48:58,835][root][INFO] - Epoch: 36, loss: 7.4958
[2026-05-28 14:48:58,904][root][INFO] - Epoch: 37, loss: 7.4324
[2026-05-28 14:48:58,972][root][INFO] - Epoch: 38, loss: 7.3752
[2026-05-28 14:48:59,040][root][INFO] - Epoch: 39, loss: 7.3214
[2026-05-28 14:48:59,108][root][INFO] - Epoch: 40, loss: 7.2753
[2026-05-28 14:48:59,176][root][INFO] - Epoch: 41, loss: 7.2231
[2026-05-28 14:48:59,244][root][INFO] - Epoch: 42, loss: 7.1797
[2026-05-28 14:48:59,312][root][INFO] - Epoch: 43, loss: 7.1345
[2026-05-28 14:48:59,381][root][INFO] - Epoch: 44, loss: 7.1010
[2026-05-28 14:48:59,449][root][INFO] - Epoch: 45, loss: 7.0605
[2026-05-28 14:48:59,518][root][INFO] - Epoch: 46, loss: 7.0231
[2026-05-28 14:48:59,589][root][INFO] - Epoch: 47, loss: 6.9887
[2026-05-28 14:48:59,657][root][INFO] - Epoch: 48, loss: 6.9523
[2026-05-28 14:48:59,725][root][INFO] - Epoch: 49, loss: 6.9176
[2026-05-28 14:48:59,793][root][INFO] - Epoch: 50, loss: 6.8848
[2026-05-28 14:48:59,862][root][INFO] - Epoch: 51, loss: 6.8510
[2026-05-28 14:48:59,930][root][INFO] - Epoch: 52, loss: 6.8221
[2026-05-28 14:48:59,998][root][INFO] - Epoch: 53, loss: 6.7849
[2026-05-28 14:49:00,066][root][INFO] - Epoch: 54, loss: 6.7598
[2026-05-28 14:49:00,134][root][INFO] - Epoch: 55, loss: 6.7259
[2026-05-28 14:49:00,203][root][INFO] - Epoch: 56, loss: 6.6917
[2026-05-28 14:49:00,271][root][INFO] - Epoch: 57, loss: 6.6585
[2026-05-28 14:49:00,339][root][INFO] - Epoch: 58, loss: 6.6310
[2026-05-28 14:49:00,406][root][INFO] - Epoch: 59, loss: 6.5979
[2026-05-28 14:49:00,473][root][INFO] - Epoch: 60, loss: 6.5714
[2026-05-28 14:49:00,542][root][INFO] - Epoch: 61, loss: 6.5363
[2026-05-28 14:49:00,611][root][INFO] - Epoch: 62, loss: 6.5044
[2026-05-28 14:49:00,679][root][INFO] - Epoch: 63, loss: 6.4746
[2026-05-28 14:49:00,747][root][INFO] - Epoch: 64, loss: 6.4479
[2026-05-28 14:49:00,816][root][INFO] - Epoch: 65, loss: 6.4190
[2026-05-28 14:49:00,885][root][INFO] - Epoch: 66, loss: 6.3891
[2026-05-28 14:49:00,954][root][INFO] - Epoch: 67, loss: 6.3576
[2026-05-28 14:49:01,022][root][INFO] - Epoch: 68, loss: 6.3272
[2026-05-28 14:49:01,091][root][INFO] - Epoch: 69, loss: 6.3014
[2026-05-28 14:49:01,159][root][INFO] - Epoch: 70, loss: 6.2683
[2026-05-28 14:49:01,228][root][INFO] - Epoch: 71, loss: 6.2347
[2026-05-28 14:49:01,296][root][INFO] - Epoch: 72, loss: 6.2031
[2026-05-28 14:49:01,364][root][INFO] - Epoch: 73, loss: 6.1695
[2026-05-28 14:49:01,433][root][INFO] - Epoch: 74, loss: 6.1338
[2026-05-28 14:49:01,501][root][INFO] - Epoch: 75, loss: 6.1035
[2026-05-28 14:49:01,569][root][INFO] - Epoch: 76, loss: 6.0787
[2026-05-28 14:49:01,638][root][INFO] - Epoch: 77, loss: 6.0537
[2026-05-28 14:49:01,706][root][INFO] - Epoch: 78, loss: 6.0311
[2026-05-28 14:49:01,775][root][INFO] - Epoch: 79, loss: 6.0138
[2026-05-28 14:49:01,843][root][INFO] - Epoch: 80, loss: 5.9962
[2026-05-28 14:49:01,911][root][INFO] - Epoch: 81, loss: 5.9794
[2026-05-28 14:49:01,980][root][INFO] - Epoch: 82, loss: 5.9680
[2026-05-28 14:49:02,048][root][INFO] - Epoch: 83, loss: 5.9490
[2026-05-28 14:49:02,116][root][INFO] - Epoch: 84, loss: 5.9357
[2026-05-28 14:49:02,184][root][INFO] - Epoch: 85, loss: 5.9215
[2026-05-28 14:49:02,252][root][INFO] - Epoch: 86, loss: 5.9106
[2026-05-28 14:49:02,320][root][INFO] - Epoch: 87, loss: 5.8977
[2026-05-28 14:49:02,389][root][INFO] - Epoch: 88, loss: 5.8868
[2026-05-28 14:49:02,457][root][INFO] - Epoch: 89, loss: 5.8677
[2026-05-28 14:49:02,525][root][INFO] - Epoch: 90, loss: 5.8734
[2026-05-28 14:49:02,594][root][INFO] - Epoch: 91, loss: 5.8479
[2026-05-28 14:49:02,662][root][INFO] - Epoch: 92, loss: 5.8516
[2026-05-28 14:49:02,730][root][INFO] - Epoch: 93, loss: 5.8336
[2026-05-28 14:49:02,798][root][INFO] - Epoch: 94, loss: 5.8232
[2026-05-28 14:49:02,867][root][INFO] - Epoch: 95, loss: 5.8107
[2026-05-28 14:49:02,935][root][INFO] - Epoch: 96, loss: 5.8096
[2026-05-28 14:49:03,004][root][INFO] - Epoch: 97, loss: 5.7958
[2026-05-28 14:49:03,073][root][INFO] - Epoch: 98, loss: 5.7870
[2026-05-28 14:49:03,141][root][INFO] - Epoch: 99, loss: 5.7806
[2026-05-28 14:49:03,209][root][INFO] - Epoch: 100, loss: 5.7731
[2026-05-28 14:49:03,276][root][INFO] - Epoch: 101, loss: 5.7629
[2026-05-28 14:49:03,344][root][INFO] - Epoch: 102, loss: 5.7521
[2026-05-28 14:49:03,412][root][INFO] - Epoch: 103, loss: 5.7397
[2026-05-28 14:49:03,480][root][INFO] - Epoch: 104, loss: 5.7414
[2026-05-28 14:49:03,549][root][INFO] - Epoch: 105, loss: 5.7332
[2026-05-28 14:49:03,617][root][INFO] - Epoch: 106, loss: 5.7307
[2026-05-28 14:49:03,686][root][INFO] - Epoch: 107, loss: 5.7173
[2026-05-28 14:49:03,754][root][INFO] - Epoch: 108, loss: 5.7096
[2026-05-28 14:49:03,822][root][INFO] - Epoch: 109, loss: 5.7022
[2026-05-28 14:49:03,890][root][INFO] - Epoch: 110, loss: 5.6916
[2026-05-28 14:49:03,958][root][INFO] - Epoch: 111, loss: 5.6826
[2026-05-28 14:49:04,027][root][INFO] - Epoch: 112, loss: 5.6803
[2026-05-28 14:49:04,095][root][INFO] - Epoch: 113, loss: 5.6672
[2026-05-28 14:49:04,164][root][INFO] - Epoch: 114, loss: 5.6557
[2026-05-28 14:49:04,232][root][INFO] - Epoch: 115, loss: 5.6420
[2026-05-28 14:49:04,301][root][INFO] - Epoch: 116, loss: 5.6245
[2026-05-28 14:49:04,369][root][INFO] - Epoch: 117, loss: 5.6323
[2026-05-28 14:49:04,437][root][INFO] - Epoch: 118, loss: 5.6184
[2026-05-28 14:49:04,505][root][INFO] - Epoch: 119, loss: 5.6102
[2026-05-28 14:49:04,574][root][INFO] - Epoch: 120, loss: 5.5990
[2026-05-28 14:49:04,643][root][INFO] - Epoch: 121, loss: 5.5912
[2026-05-28 14:49:04,711][root][INFO] - Epoch: 122, loss: 5.5882
[2026-05-28 14:49:04,779][root][INFO] - Epoch: 123, loss: 5.5916
[2026-05-28 14:49:04,848][root][INFO] - Epoch: 124, loss: 5.5815
[2026-05-28 14:49:04,916][root][INFO] - Epoch: 125, loss: 5.5705
[2026-05-28 14:49:04,984][root][INFO] - Epoch: 126, loss: 5.5603
[2026-05-28 14:49:05,052][root][INFO] - Epoch: 127, loss: 5.5528
[2026-05-28 14:49:05,120][root][INFO] - Epoch: 128, loss: 5.5507
[2026-05-28 14:49:05,189][root][INFO] - Epoch: 129, loss: 5.5442
[2026-05-28 14:49:05,257][root][INFO] - Epoch: 130, loss: 5.5362
[2026-05-28 14:49:05,325][root][INFO] - Epoch: 131, loss: 5.5275
[2026-05-28 14:49:05,394][root][INFO] - Epoch: 132, loss: 5.5264
[2026-05-28 14:49:05,462][root][INFO] - Epoch: 133, loss: 5.5169
[2026-05-28 14:49:05,530][root][INFO] - Epoch: 134, loss: 5.5156
[2026-05-28 14:49:05,598][root][INFO] - Epoch: 135, loss: 5.5052
[2026-05-28 14:49:05,666][root][INFO] - Epoch: 136, loss: 5.5055
[2026-05-28 14:49:05,734][root][INFO] - Epoch: 137, loss: 5.5299
[2026-05-28 14:49:05,802][root][INFO] - Epoch: 138, loss: 5.5205
[2026-05-28 14:49:05,870][root][INFO] - Epoch: 139, loss: 5.5131
[2026-05-28 14:49:05,938][root][INFO] - Epoch: 140, loss: 5.5040
[2026-05-28 14:49:06,007][root][INFO] - Epoch: 141, loss: 5.4940
[2026-05-28 14:49:06,074][root][INFO] - Epoch: 142, loss: 5.4871
[2026-05-28 14:49:06,142][root][INFO] - Epoch: 143, loss: 5.4823
[2026-05-28 14:49:06,211][root][INFO] - Epoch: 144, loss: 5.4741
[2026-05-28 14:49:06,279][root][INFO] - Epoch: 145, loss: 5.4675
[2026-05-28 14:49:06,347][root][INFO] - Epoch: 146, loss: 5.4637
[2026-05-28 14:49:06,416][root][INFO] - Epoch: 147, loss: 5.4646
[2026-05-28 14:49:06,484][root][INFO] - Epoch: 148, loss: 5.4505
[2026-05-28 14:49:06,552][root][INFO] - Epoch: 149, loss: 5.4532
[2026-05-28 14:49:06,621][root][INFO] - Epoch: 150, loss: 5.4495
[2026-05-28 14:49:06,689][root][INFO] - Epoch: 151, loss: 5.4338
[2026-05-28 14:49:06,757][root][INFO] - Epoch: 152, loss: 5.4363
[2026-05-28 14:49:06,825][root][INFO] - Epoch: 153, loss: 5.4313
[2026-05-28 14:49:06,893][root][INFO] - Epoch: 154, loss: 5.4251
[2026-05-28 14:49:06,961][root][INFO] - Epoch: 155, loss: 5.4182
[2026-05-28 14:49:07,029][root][INFO] - Epoch: 156, loss: 5.4134
[2026-05-28 14:49:07,097][root][INFO] - Epoch: 157, loss: 5.4089
[2026-05-28 14:49:07,165][root][INFO] - Epoch: 158, loss: 5.4265
[2026-05-28 14:49:07,233][root][INFO] - Epoch: 159, loss: 5.3942
[2026-05-28 14:49:07,301][root][INFO] - Epoch: 160, loss: 5.3995
[2026-05-28 14:49:07,369][root][INFO] - Epoch: 161, loss: 5.4004
[2026-05-28 14:49:07,438][root][INFO] - Epoch: 162, loss: 5.3903
[2026-05-28 14:49:07,506][root][INFO] - Epoch: 163, loss: 5.3823
[2026-05-28 14:49:07,574][root][INFO] - Epoch: 164, loss: 5.3748
[2026-05-28 14:49:07,642][root][INFO] - Epoch: 165, loss: 5.3707
[2026-05-28 14:49:07,710][root][INFO] - Epoch: 166, loss: 5.3654
[2026-05-28 14:49:07,778][root][INFO] - Epoch: 167, loss: 5.3634
[2026-05-28 14:49:07,847][root][INFO] - Epoch: 168, loss: 5.3319
[2026-05-28 14:49:07,915][root][INFO] - Epoch: 169, loss: 7.3651
[2026-05-28 14:49:07,982][root][INFO] - Epoch: 170, loss: 6.2410
[2026-05-28 14:49:08,050][root][INFO] - Epoch: 171, loss: 6.3489
[2026-05-28 14:49:08,120][root][INFO] - Epoch: 172, loss: 6.2803
[2026-05-28 14:49:08,191][root][INFO] - Epoch: 173, loss: 6.2019
[2026-05-28 14:49:08,262][root][INFO] - Epoch: 174, loss: 6.1148
[2026-05-28 14:49:08,330][root][INFO] - Epoch: 175, loss: 6.0325
[2026-05-28 14:49:08,399][root][INFO] - Epoch: 176, loss: 5.9698
[2026-05-28 14:49:08,468][root][INFO] - Epoch: 177, loss: 5.9116
[2026-05-28 14:49:08,536][root][INFO] - Epoch: 178, loss: 5.8494
[2026-05-28 14:49:08,605][root][INFO] - Epoch: 179, loss: 5.7967
[2026-05-28 14:49:08,605][root][INFO] - Early stopping at epoch: 178
[2026-05-28 14:49:08,645][root][INFO] - {'model_loss': '5.7967', 'recon_loss': '0.0000', 'triplet_loss': '5.7967'}
[2026-05-28 14:49:08,648][root][INFO] - Generation 210/400 - Time: 0.00 seconds
[2026-05-28 14:49:08,649][root][INFO] - {'coverage': '100.00', 'max_fitness': '0.00', 'passive_coverage': '68.95', 'passive_max_fitness': '0.00', 'passive_mean_fitness': '-63.64', 'passive_qd_score': '54911.55', 'qd_score': '95104.42', 'mean_fitness_top_k': '-15.40'}
[2026-05-28 14:49:09,616][root][INFO] - Generation 211/400 - Time: 0.00 seconds
[2026-05-28 14:49:09,617][root][INFO] - {'coverage': '100.00', 'max_fitness': '0.00', 'passive_coverage': '69.43', 'passive_max_fitness': '0.00', 'passive_mean_fitness': '-63.63', 'passive_qd_score': '55308.81', 'qd_score': '100891.58', 'mean_fitness_top_k': '-15.44'}
[2026-05-28 14:49:10,579][root][INFO] - Generation 212/400 - Time: 0.00 seconds
[2026-05-28 14:49:10,580][root][INFO] - {'coverage': '100.00', 'max_fitness': '0.00', 'passive_coverage': '69.63', 'passive_max_fitness': '0.00', 'passive_mean_fitness': '-63.61', 'passive_qd_score': '55478.18', 'qd_score': '100151.20', 'mean_fitness_top_k': '-15.78'}
[2026-05-28 14:49:11,540][root][INFO] - Generation 213/400 - Time: 0.00 seconds
[2026-05-28 14:49:11,541][root][INFO] - {'coverage': '100.00', 'max_fitness': '0.00', 'passive_coverage': '69.82', 'passive_max_fitness': '0.00', 'passive_mean_fitness': '-63.62', 'passive_qd_score': '55628.30', 'qd_score': '100830.77', 'mean_fitness_top_k': '-15.76'}
[2026-05-28 14:49:12,504][root][INFO] - Generation 214/400 - Time: 0.00 seconds
[2026-05-28 14:49:12,505][root][INFO] - {'coverage': '100.00', 'max_fitness': '0.00', 'passive_coverage': '69.82', 'passive_max_fitness': '0.00', 'passive_mean_fitness': '-63.62', 'passive_qd_score': '55630.81', 'qd_score': '101470.76', 'mean_fitness_top_k': '-15.58'}
[2026-05-28 14:49:13,468][root][INFO] - Generation 215/400 - Time: 0.00 seconds
[2026-05-28 14:49:13,469][root][INFO] - {'coverage': '100.00', 'max_fitness': '0.00', 'passive_coverage': '69.82', 'passive_max_fitness': '0.00', 'passive_mean_fitness': '-63.62', 'passive_qd_score': '55631.35', 'qd_score': '101757.33', 'mean_fitness_top_k': '-15.40'}
[2026-05-28 14:49:13,471][root][INFO] - Saving snapshot to runs/20260528_144015_kheperax_seed13/plots/latent_generation_1075_5_gens_after_ext_gen1050.png
[2026-05-28 14:49:15,541][root][INFO] - Generation 216/400 - Time: 0.00 seconds
[2026-05-28 14:49:15,542][root][INFO] - {'coverage': '100.00', 'max_fitness': '0.00', 'passive_coverage': '69.82', 'passive_max_fitness': '0.00', 'passive_mean_fitness': '-63.61', 'passive_qd_score': '55633.77', 'qd_score': '101776.02', 'mean_fitness_top_k': '-15.29'}
[2026-05-28 14:49:16,500][root][INFO] - Generation 217/400 - Time: 0.00 seconds
[2026-05-28 14:49:16,501][root][INFO] - {'coverage': '100.00', 'max_fitness': '0.00', 'passive_coverage': '69.92', 'passive_max_fitness': '0.00', 'passive_mean_fitness': '-63.56', 'passive_qd_score': '55751.75', 'qd_score': '101398.77', 'mean_fitness_top_k': '-15.33'}
[2026-05-28 14:49:17,461][root][INFO] - Generation 218/400 - Time: 0.00 seconds
[2026-05-28 14:49:17,462][root][INFO] - {'coverage': '100.00', 'max_fitness': '0.00', 'passive_coverage': '69.92', 'passive_max_fitness': '0.00', 'passive_mean_fitness': '-63.55', 'passive_qd_score': '55754.46', 'qd_score': '101893.54', 'mean_fitness_top_k': '-15.30'}
[2026-05-28 14:49:18,471][root][INFO] - Generation 219/400 - Time: 0.00 seconds
[2026-05-28 14:49:18,472][root][INFO] - {'coverage': '100.00', 'max_fitness': '0.00', 'passive_coverage': '70.02', 'passive_max_fitness': '0.00', 'passive_mean_fitness': '-63.53', 'passive_qd_score': '55847.35', 'qd_score': '101621.50', 'mean_fitness_top_k': '-15.33'}
[2026-05-28 14:49:19,428][root][INFO] - Generation 220/400 - Time: 0.00 seconds
[2026-05-28 14:49:19,429][root][INFO] - {'coverage': '100.00', 'max_fitness': '0.00', 'passive_coverage': '70.02', 'passive_max_fitness': '0.00', 'passive_mean_fitness': '-63.53', 'passive_qd_score': '55848.64', 'qd_score': '101530.86', 'mean_fitness_top_k': '-15.38'}
[2026-05-28 14:49:20,392][root][INFO] - Generation 221/400 - Time: 0.00 seconds
[2026-05-28 14:49:20,393][root][INFO] - {'coverage': '100.00', 'max_fitness': '0.00', 'passive_coverage': '70.12', 'passive_max_fitness': '0.00', 'passive_mean_fitness': '-63.55', 'passive_qd_score': '55909.50', 'qd_score': '101482.92', 'mean_fitness_top_k': '-15.29'}
[2026-05-28 14:49:21,358][root][INFO] - Generation 222/400 - Time: 0.00 seconds
[2026-05-28 14:49:21,359][root][INFO] - {'coverage': '100.00', 'max_fitness': '0.00', 'passive_coverage': '70.12', 'passive_max_fitness': '0.00', 'passive_mean_fitness': '-63.55', 'passive_qd_score': '55910.64', 'qd_score': '101223.26', 'mean_fitness_top_k': '-15.32'}
[2026-05-28 14:49:22,321][root][INFO] - Generation 223/400 - Time: 0.00 seconds
[2026-05-28 14:49:22,322][root][INFO] - {'coverage': '100.00', 'max_fitness': '0.00', 'passive_coverage': '70.12', 'passive_max_fitness': '0.00', 'passive_mean_fitness': '-63.55', 'passive_qd_score': '55910.67', 'qd_score': '101412.72', 'mean_fitness_top_k': '-15.40'}
[2026-05-28 14:49:23,283][root][INFO] - Generation 224/400 - Time: 0.00 seconds
[2026-05-28 14:49:23,284][root][INFO] - {'coverage': '100.00', 'max_fitness': '0.00', 'passive_coverage': '70.41', 'passive_max_fitness': '0.00', 'passive_mean_fitness': '-63.59', 'passive_qd_score': '56116.93', 'qd_score': '101007.11', 'mean_fitness_top_k': '-15.43'}
[2026-05-28 14:49:24,244][root][INFO] - Generation 225/400 - Time: 0.00 seconds
[2026-05-28 14:49:24,245][root][INFO] - {'coverage': '100.00', 'max_fitness': '0.00', 'passive_coverage': '70.41', 'passive_max_fitness': '0.00', 'passive_mean_fitness': '-63.59', 'passive_qd_score': '56118.27', 'qd_score': '99681.80', 'mean_fitness_top_k': '-15.67'}
[2026-05-28 14:49:25,207][root][INFO] - Generation 226/400 - Time: 0.00 seconds
[2026-05-28 14:49:25,207][root][INFO] - {'coverage': '100.00', 'max_fitness': '0.00', 'passive_coverage': '70.41', 'passive_max_fitness': '0.00', 'passive_mean_fitness': '-63.59', 'passive_qd_score': '56118.27', 'qd_score': '98898.54', 'mean_fitness_top_k': '-15.80'}
[2026-05-28 14:49:26,231][root][INFO] - Generation 227/400 - Time: 0.00 seconds
[2026-05-28 14:49:26,231][root][INFO] - {'coverage': '100.00', 'max_fitness': '0.00', 'passive_coverage': '70.41', 'passive_max_fitness': '0.00', 'passive_mean_fitness': '-63.59', 'passive_qd_score': '56118.27', 'qd_score': '98487.95', 'mean_fitness_top_k': '-15.74'}
[2026-05-28 14:49:27,191][root][INFO] - Generation 228/400 - Time: 0.00 seconds
[2026-05-28 14:49:27,191][root][INFO] - {'coverage': '100.00', 'max_fitness': '0.00', 'passive_coverage': '70.41', 'passive_max_fitness': '0.00', 'passive_mean_fitness': '-63.59', 'passive_qd_score': '56118.27', 'qd_score': '98474.72', 'mean_fitness_top_k': '-15.77'}
[2026-05-28 14:49:28,183][root][INFO] - Generation 229/400 - Time: 0.00 seconds
[2026-05-28 14:49:28,183][root][INFO] - {'coverage': '100.00', 'max_fitness': '0.00', 'passive_coverage': '70.41', 'passive_max_fitness': '0.00', 'passive_mean_fitness': '-63.59', 'passive_qd_score': '56118.50', 'qd_score': '98181.38', 'mean_fitness_top_k': '-15.81'}
[2026-05-28 14:49:29,145][root][INFO] - Generation 230/400 - Time: 0.00 seconds
[2026-05-28 14:49:29,146][root][INFO] - {'coverage': '100.00', 'max_fitness': '0.00', 'passive_coverage': '70.41', 'passive_max_fitness': '0.00', 'passive_mean_fitness': '-63.59', 'passive_qd_score': '56118.50', 'qd_score': '97023.75', 'mean_fitness_top_k': '-15.88'}
[2026-05-28 14:49:30,109][root][INFO] - Generation 231/400 - Time: 0.00 seconds
[2026-05-28 14:49:30,109][root][INFO] - {'coverage': '100.00', 'max_fitness': '0.00', 'passive_coverage': '70.41', 'passive_max_fitness': '0.00', 'passive_mean_fitness': '-63.59', 'passive_qd_score': '56118.77', 'qd_score': '95871.62', 'mean_fitness_top_k': '-16.12'}
[2026-05-28 14:49:31,072][root][INFO] - Generation 232/400 - Time: 0.00 seconds
[2026-05-28 14:49:31,073][root][INFO] - {'coverage': '100.00', 'max_fitness': '0.00', 'passive_coverage': '70.41', 'passive_max_fitness': '0.00', 'passive_mean_fitness': '-63.59', 'passive_qd_score': '56118.93', 'qd_score': '95686.12', 'mean_fitness_top_k': '-16.05'}
[2026-05-28 14:49:32,035][root][INFO] - Generation 233/400 - Time: 0.00 seconds
[2026-05-28 14:49:32,036][root][INFO] - {'coverage': '100.00', 'max_fitness': '0.00', 'passive_coverage': '70.41', 'passive_max_fitness': '0.00', 'passive_mean_fitness': '-63.59', 'passive_qd_score': '56119.19', 'qd_score': '94856.53', 'mean_fitness_top_k': '-16.16'}
[2026-05-28 14:49:33,001][root][INFO] - Generation 234/400 - Time: 0.00 seconds
[2026-05-28 14:49:33,002][root][INFO] - {'coverage': '100.00', 'max_fitness': '0.00', 'passive_coverage': '70.41', 'passive_max_fitness': '0.00', 'passive_mean_fitness': '-63.59', 'passive_qd_score': '56119.53', 'qd_score': '94494.73', 'mean_fitness_top_k': '-16.25'}
[2026-05-28 14:49:33,964][root][INFO] - Generation 235/400 - Time: 0.00 seconds
[2026-05-28 14:49:33,965][root][INFO] - {'coverage': '100.00', 'max_fitness': '0.00', 'passive_coverage': '70.51', 'passive_max_fitness': '0.00', 'passive_mean_fitness': '-63.56', 'passive_qd_score': '56217.97', 'qd_score': '94060.59', 'mean_fitness_top_k': '-16.33'}
[2026-05-28 14:49:34,933][root][INFO] - Generation 236/400 - Time: 0.00 seconds
[2026-05-28 14:49:34,934][root][INFO] - {'coverage': '100.00', 'max_fitness': '0.00', 'passive_coverage': '70.51', 'passive_max_fitness': '0.00', 'passive_mean_fitness': '-63.56', 'passive_qd_score': '56218.20', 'qd_score': '93679.56', 'mean_fitness_top_k': '-16.34'}
[2026-05-28 14:49:35,912][root][INFO] - Generation 237/400 - Time: 0.00 seconds
[2026-05-28 14:49:35,913][root][INFO] - {'coverage': '100.00', 'max_fitness': '0.00', 'passive_coverage': '70.51', 'passive_max_fitness': '0.00', 'passive_mean_fitness': '-63.56', 'passive_qd_score': '56218.20', 'qd_score': '93287.48', 'mean_fitness_top_k': '-16.37'}
[2026-05-28 14:49:36,876][root][INFO] - Generation 238/400 - Time: 0.00 seconds
[2026-05-28 14:49:36,876][root][INFO] - {'coverage': '100.00', 'max_fitness': '0.00', 'passive_coverage': '70.70', 'passive_max_fitness': '0.00', 'passive_mean_fitness': '-63.61', 'passive_qd_score': '56335.91', 'qd_score': '93000.43', 'mean_fitness_top_k': '-16.44'}
[2026-05-28 14:49:37,837][root][INFO] - Generation 239/400 - Time: 0.00 seconds
[2026-05-28 14:49:37,838][root][INFO] - {'coverage': '100.00', 'max_fitness': '0.00', 'passive_coverage': '70.70', 'passive_max_fitness': '0.00', 'passive_mean_fitness': '-63.61', 'passive_qd_score': '56336.21', 'qd_score': '92515.27', 'mean_fitness_top_k': '-16.46'}
[2026-05-28 14:49:38,797][root][INFO] - Updating AE...
[2026-05-28 14:49:39,502][root][INFO] - Epoch: 1, loss: 768.8829
[2026-05-28 14:49:39,573][root][INFO] - Epoch: 2, loss: 748.1902
[2026-05-28 14:49:39,644][root][INFO] - Epoch: 3, loss: 851.5131
[2026-05-28 14:49:39,714][root][INFO] - Epoch: 4, loss: 1481.3423
[2026-05-28 14:49:39,783][root][INFO] - Epoch: 5, loss: 1445.3241
[2026-05-28 14:49:39,851][root][INFO] - Epoch: 6, loss: 1268.5599
[2026-05-28 14:49:39,920][root][INFO] - Epoch: 7, loss: 1270.9080
[2026-05-28 14:49:39,989][root][INFO] - Epoch: 8, loss: 1232.7925
[2026-05-28 14:49:40,057][root][INFO] - Epoch: 9, loss: 1168.4092
[2026-05-28 14:49:40,125][root][INFO] - Epoch: 10, loss: 1160.9973
[2026-05-28 14:49:40,194][root][INFO] - Epoch: 11, loss: 1198.8438
[2026-05-28 14:49:40,262][root][INFO] - Epoch: 12, loss: 1396.5264
[2026-05-28 14:49:40,331][root][INFO] - Epoch: 13, loss: 1284.7190
[2026-05-28 14:49:40,332][root][INFO] - Early stopping at epoch: 12
[2026-05-28 14:49:40,351][root][INFO] - {'model_loss': '1284.7190', 'recon_loss': '0.0000', 'triplet_loss': '1284.7190'}
[2026-05-28 14:49:40,355][root][INFO] - Extinction event (pre-encoder)...
[2026-05-28 14:49:40,355][root][INFO] - Saving snapshot to runs/20260528_144015_kheperax_seed13/plots/latent_generation_1200_before_ext.png
[2026-05-28 14:49:41,450][root][INFO] - Saving snapshot to runs/20260528_144015_kheperax_seed13/plots/latent_generation_1200_after_ext.png
[2026-05-28 14:49:42,640][root][INFO] - Updating AE...
[2026-05-28 14:49:43,345][root][INFO] - Epoch: 1, loss: 48.7974
[2026-05-28 14:49:43,416][root][INFO] - Epoch: 2, loss: 4.5415
[2026-05-28 14:49:43,488][root][INFO] - Epoch: 3, loss: 2.6710
[2026-05-28 14:49:43,558][root][INFO] - Epoch: 4, loss: 2.1071
[2026-05-28 14:49:43,626][root][INFO] - Epoch: 5, loss: 1.8188
[2026-05-28 14:49:43,694][root][INFO] - Epoch: 6, loss: 1.5695
[2026-05-28 14:49:43,762][root][INFO] - Epoch: 7, loss: 1.3634
[2026-05-28 14:49:43,831][root][INFO] - Epoch: 8, loss: 1.2362
[2026-05-28 14:49:43,900][root][INFO] - Epoch: 9, loss: 1.1813
[2026-05-28 14:49:43,968][root][INFO] - Epoch: 10, loss: 1.1368
[2026-05-28 14:49:44,036][root][INFO] - Epoch: 11, loss: 1.0944
[2026-05-28 14:49:44,104][root][INFO] - Epoch: 12, loss: 1.0619
[2026-05-28 14:49:44,173][root][INFO] - Epoch: 13, loss: 1.0363
[2026-05-28 14:49:44,242][root][INFO] - Epoch: 14, loss: 1.0141
[2026-05-28 14:49:44,309][root][INFO] - Epoch: 15, loss: 0.9933
[2026-05-28 14:49:44,378][root][INFO] - Epoch: 16, loss: 0.9750
[2026-05-28 14:49:44,446][root][INFO] - Epoch: 17, loss: 0.9613
[2026-05-28 14:49:44,515][root][INFO] - Epoch: 18, loss: 0.9437
[2026-05-28 14:49:44,583][root][INFO] - Epoch: 19, loss: 0.9280
[2026-05-28 14:49:44,652][root][INFO] - Epoch: 20, loss: 0.9153
[2026-05-28 14:49:44,720][root][INFO] - Epoch: 21, loss: 0.9020
[2026-05-28 14:49:44,789][root][INFO] - Epoch: 22, loss: 0.8897
[2026-05-28 14:49:44,858][root][INFO] - Epoch: 23, loss: 0.8809
[2026-05-28 14:49:44,925][root][INFO] - Epoch: 24, loss: 0.8692
[2026-05-28 14:49:44,994][root][INFO] - Epoch: 25, loss: 0.8620
[2026-05-28 14:49:45,063][root][INFO] - Epoch: 26, loss: 0.8535
[2026-05-28 14:49:45,131][root][INFO] - Epoch: 27, loss: 0.8461
[2026-05-28 14:49:45,200][root][INFO] - Epoch: 28, loss: 0.8407
[2026-05-28 14:49:45,269][root][INFO] - Epoch: 29, loss: 0.8320
[2026-05-28 14:49:45,337][root][INFO] - Epoch: 30, loss: 0.8240
[2026-05-28 14:49:45,405][root][INFO] - Epoch: 31, loss: 0.8196
[2026-05-28 14:49:45,474][root][INFO] - Epoch: 32, loss: 0.8126
[2026-05-28 14:49:45,541][root][INFO] - Epoch: 33, loss: 0.8065
[2026-05-28 14:49:45,609][root][INFO] - Epoch: 34, loss: 0.8013
[2026-05-28 14:49:45,677][root][INFO] - Epoch: 35, loss: 0.7980
[2026-05-28 14:49:45,744][root][INFO] - Epoch: 36, loss: 0.7923
[2026-05-28 14:49:45,813][root][INFO] - Epoch: 37, loss: 0.7872
[2026-05-28 14:49:45,881][root][INFO] - Epoch: 38, loss: 0.7827
[2026-05-28 14:49:45,950][root][INFO] - Epoch: 39, loss: 0.7795
[2026-05-28 14:49:46,018][root][INFO] - Epoch: 40, loss: 0.7758
[2026-05-28 14:49:46,087][root][INFO] - Epoch: 41, loss: 0.7718
[2026-05-28 14:49:46,156][root][INFO] - Epoch: 42, loss: 0.7693
[2026-05-28 14:49:46,225][root][INFO] - Epoch: 43, loss: 0.7649
[2026-05-28 14:49:46,294][root][INFO] - Epoch: 44, loss: 0.7629
[2026-05-28 14:49:46,362][root][INFO] - Epoch: 45, loss: 0.7601
[2026-05-28 14:49:46,431][root][INFO] - Epoch: 46, loss: 0.7582
[2026-05-28 14:49:46,500][root][INFO] - Epoch: 47, loss: 0.7552
[2026-05-28 14:49:46,568][root][INFO] - Epoch: 48, loss: 0.7529
[2026-05-28 14:49:46,637][root][INFO] - Epoch: 49, loss: 0.7508
[2026-05-28 14:49:46,705][root][INFO] - Epoch: 50, loss: 0.7494
[2026-05-28 14:49:46,774][root][INFO] - Epoch: 51, loss: 0.7478
[2026-05-28 14:49:46,842][root][INFO] - Epoch: 52, loss: 0.7466
[2026-05-28 14:49:46,910][root][INFO] - Epoch: 53, loss: 0.7451
[2026-05-28 14:49:46,979][root][INFO] - Epoch: 54, loss: 0.7449
[2026-05-28 14:49:47,047][root][INFO] - Epoch: 55, loss: 0.7422
[2026-05-28 14:49:47,116][root][INFO] - Epoch: 56, loss: 0.7421
[2026-05-28 14:49:47,184][root][INFO] - Epoch: 57, loss: 0.7409
[2026-05-28 14:49:47,252][root][INFO] - Epoch: 58, loss: 0.7392
[2026-05-28 14:49:47,320][root][INFO] - Epoch: 59, loss: 0.7377
[2026-05-28 14:49:47,388][root][INFO] - Epoch: 60, loss: 0.7366
[2026-05-28 14:49:47,457][root][INFO] - Epoch: 61, loss: 0.7364
[2026-05-28 14:49:47,525][root][INFO] - Epoch: 62, loss: 0.7345
[2026-05-28 14:49:47,593][root][INFO] - Epoch: 63, loss: 0.7343
[2026-05-28 14:49:47,661][root][INFO] - Epoch: 64, loss: 0.7326
[2026-05-28 14:49:47,729][root][INFO] - Epoch: 65, loss: 0.7316
[2026-05-28 14:49:47,797][root][INFO] - Epoch: 66, loss: 0.7306
[2026-05-28 14:49:47,865][root][INFO] - Epoch: 67, loss: 0.7291
[2026-05-28 14:49:47,933][root][INFO] - Epoch: 68, loss: 0.7276
[2026-05-28 14:49:48,002][root][INFO] - Epoch: 69, loss: 0.7268
[2026-05-28 14:49:48,071][root][INFO] - Epoch: 70, loss: 0.7260
[2026-05-28 14:49:48,140][root][INFO] - Epoch: 71, loss: 0.7252
[2026-05-28 14:49:48,208][root][INFO] - Epoch: 72, loss: 0.7241
[2026-05-28 14:49:48,276][root][INFO] - Epoch: 73, loss: 0.7224
[2026-05-28 14:49:48,345][root][INFO] - Epoch: 74, loss: 0.7216
[2026-05-28 14:49:48,413][root][INFO] - Epoch: 75, loss: 0.7208
[2026-05-28 14:49:48,482][root][INFO] - Epoch: 76, loss: 0.7195
[2026-05-28 14:49:48,550][root][INFO] - Epoch: 77, loss: 0.7191
[2026-05-28 14:49:48,619][root][INFO] - Epoch: 78, loss: 0.7178
[2026-05-28 14:49:48,687][root][INFO] - Epoch: 79, loss: 0.7159
[2026-05-28 14:49:48,755][root][INFO] - Epoch: 80, loss: 0.7168
[2026-05-28 14:49:48,823][root][INFO] - Epoch: 81, loss: 0.7153
[2026-05-28 14:49:48,891][root][INFO] - Epoch: 82, loss: 0.7132
[2026-05-28 14:49:48,960][root][INFO] - Epoch: 83, loss: 0.7127
[2026-05-28 14:49:49,027][root][INFO] - Epoch: 84, loss: 0.7112
[2026-05-28 14:49:49,095][root][INFO] - Epoch: 85, loss: 0.7102
[2026-05-28 14:49:49,164][root][INFO] - Epoch: 86, loss: 0.7090
[2026-05-28 14:49:49,232][root][INFO] - Epoch: 87, loss: 0.7073
[2026-05-28 14:49:49,301][root][INFO] - Epoch: 88, loss: 0.7080
[2026-05-28 14:49:49,369][root][INFO] - Epoch: 89, loss: 0.7049
[2026-05-28 14:49:49,437][root][INFO] - Epoch: 90, loss: 0.7038
[2026-05-28 14:49:49,505][root][INFO] - Epoch: 91, loss: 0.7033
[2026-05-28 14:49:49,576][root][INFO] - Epoch: 92, loss: 0.7019
[2026-05-28 14:49:49,645][root][INFO] - Epoch: 93, loss: 0.7001
[2026-05-28 14:49:49,717][root][INFO] - Epoch: 94, loss: 0.6994
[2026-05-28 14:49:49,785][root][INFO] - Epoch: 95, loss: 0.6983
[2026-05-28 14:49:49,854][root][INFO] - Epoch: 96, loss: 0.6984
[2026-05-28 14:49:49,923][root][INFO] - Epoch: 97, loss: 0.6972
[2026-05-28 14:49:49,991][root][INFO] - Epoch: 98, loss: 0.6980
[2026-05-28 14:49:50,060][root][INFO] - Epoch: 99, loss: 0.6986
[2026-05-28 14:49:50,128][root][INFO] - Epoch: 100, loss: 0.6971
[2026-05-28 14:49:50,197][root][INFO] - Epoch: 101, loss: 0.6955
[2026-05-28 14:49:50,265][root][INFO] - Epoch: 102, loss: 0.6948
[2026-05-28 14:49:50,334][root][INFO] - Epoch: 103, loss: 0.6947
[2026-05-28 14:49:50,402][root][INFO] - Epoch: 104, loss: 0.6928
[2026-05-28 14:49:50,471][root][INFO] - Epoch: 105, loss: 0.6948
[2026-05-28 14:49:50,539][root][INFO] - Epoch: 106, loss: 0.6946
[2026-05-28 14:49:50,609][root][INFO] - Epoch: 107, loss: 0.7015
[2026-05-28 14:49:50,678][root][INFO] - Epoch: 108, loss: 0.6942
[2026-05-28 14:49:50,746][root][INFO] - Epoch: 109, loss: 0.6913
[2026-05-28 14:49:50,814][root][INFO] - Epoch: 110, loss: 0.6915
[2026-05-28 14:49:50,883][root][INFO] - Epoch: 111, loss: 0.6906
[2026-05-28 14:49:50,951][root][INFO] - Epoch: 112, loss: 0.6896
[2026-05-28 14:49:51,020][root][INFO] - Epoch: 113, loss: 0.6894
[2026-05-28 14:49:51,088][root][INFO] - Epoch: 114, loss: 0.6887
[2026-05-28 14:49:51,157][root][INFO] - Epoch: 115, loss: 0.6873
[2026-05-28 14:49:51,226][root][INFO] - Epoch: 116, loss: 0.6895
[2026-05-28 14:49:51,295][root][INFO] - Epoch: 117, loss: 0.6882
[2026-05-28 14:49:51,363][root][INFO] - Epoch: 118, loss: 0.6864
[2026-05-28 14:49:51,431][root][INFO] - Epoch: 119, loss: 0.6860
[2026-05-28 14:49:51,500][root][INFO] - Epoch: 120, loss: 0.6860
[2026-05-28 14:49:51,568][root][INFO] - Epoch: 121, loss: 0.6849
[2026-05-28 14:49:51,636][root][INFO] - Epoch: 122, loss: 0.6848
[2026-05-28 14:49:51,705][root][INFO] - Epoch: 123, loss: 0.6842
[2026-05-28 14:49:51,773][root][INFO] - Epoch: 124, loss: 0.6830
[2026-05-28 14:49:51,841][root][INFO] - Epoch: 125, loss: 0.6848
[2026-05-28 14:49:51,910][root][INFO] - Epoch: 126, loss: 0.6839
[2026-05-28 14:49:51,978][root][INFO] - Epoch: 127, loss: 0.6828
[2026-05-28 14:49:52,046][root][INFO] - Epoch: 128, loss: 0.6818
[2026-05-28 14:49:52,115][root][INFO] - Epoch: 129, loss: 0.6819
[2026-05-28 14:49:52,184][root][INFO] - Epoch: 130, loss: 0.6807
[2026-05-28 14:49:52,252][root][INFO] - Epoch: 131, loss: 0.6804
[2026-05-28 14:49:52,320][root][INFO] - Epoch: 132, loss: 0.6809
[2026-05-28 14:49:52,389][root][INFO] - Epoch: 133, loss: 0.6804
[2026-05-28 14:49:52,457][root][INFO] - Epoch: 134, loss: 0.6887
[2026-05-28 14:49:52,526][root][INFO] - Epoch: 135, loss: 0.6816
[2026-05-28 14:49:52,593][root][INFO] - Epoch: 136, loss: 0.6818
[2026-05-28 14:49:52,662][root][INFO] - Epoch: 137, loss: 0.6792
[2026-05-28 14:49:52,731][root][INFO] - Epoch: 138, loss: 0.6813
[2026-05-28 14:49:52,800][root][INFO] - Epoch: 139, loss: 0.6792
[2026-05-28 14:49:52,868][root][INFO] - Epoch: 140, loss: 0.6808
[2026-05-28 14:49:52,936][root][INFO] - Epoch: 141, loss: 0.6771
[2026-05-28 14:49:53,004][root][INFO] - Epoch: 142, loss: 0.6770
[2026-05-28 14:49:53,072][root][INFO] - Epoch: 143, loss: 0.6756
[2026-05-28 14:49:53,141][root][INFO] - Epoch: 144, loss: 0.6752
[2026-05-28 14:49:53,209][root][INFO] - Epoch: 145, loss: 0.6761
[2026-05-28 14:49:53,278][root][INFO] - Epoch: 146, loss: 0.6744
[2026-05-28 14:49:53,347][root][INFO] - Epoch: 147, loss: 0.6773
[2026-05-28 14:49:53,416][root][INFO] - Epoch: 148, loss: 0.6750
[2026-05-28 14:49:53,484][root][INFO] - Epoch: 149, loss: 0.6754
[2026-05-28 14:49:53,552][root][INFO] - Epoch: 150, loss: 0.6735
[2026-05-28 14:49:53,620][root][INFO] - Epoch: 151, loss: 0.6740
[2026-05-28 14:49:53,689][root][INFO] - Epoch: 152, loss: 0.6737
[2026-05-28 14:49:53,757][root][INFO] - Epoch: 153, loss: 0.6758
[2026-05-28 14:49:53,826][root][INFO] - Epoch: 154, loss: 0.6732
[2026-05-28 14:49:53,894][root][INFO] - Epoch: 155, loss: 0.6726
[2026-05-28 14:49:53,962][root][INFO] - Epoch: 156, loss: 0.6721
[2026-05-28 14:49:54,030][root][INFO] - Epoch: 157, loss: 0.6705
[2026-05-28 14:49:54,099][root][INFO] - Epoch: 158, loss: 0.6704
[2026-05-28 14:49:54,168][root][INFO] - Epoch: 159, loss: 0.6699
[2026-05-28 14:49:54,236][root][INFO] - Epoch: 160, loss: 0.6687
[2026-05-28 14:49:54,304][root][INFO] - Epoch: 161, loss: 0.6682
[2026-05-28 14:49:54,373][root][INFO] - Epoch: 162, loss: 0.6678
[2026-05-28 14:49:54,441][root][INFO] - Epoch: 163, loss: 0.6678
[2026-05-28 14:49:54,509][root][INFO] - Epoch: 164, loss: 0.6670
[2026-05-28 14:49:54,578][root][INFO] - Epoch: 165, loss: 0.6672
[2026-05-28 14:49:54,646][root][INFO] - Epoch: 166, loss: 0.6667
[2026-05-28 14:49:54,715][root][INFO] - Epoch: 167, loss: 0.6660
[2026-05-28 14:49:54,784][root][INFO] - Epoch: 168, loss: 0.6668
[2026-05-28 14:49:54,852][root][INFO] - Epoch: 169, loss: 0.6660
[2026-05-28 14:49:54,921][root][INFO] - Epoch: 170, loss: 0.6664
[2026-05-28 14:49:54,989][root][INFO] - Epoch: 171, loss: 0.6656
[2026-05-28 14:49:55,057][root][INFO] - Epoch: 172, loss: 0.6656
[2026-05-28 14:49:55,126][root][INFO] - Epoch: 173, loss: 0.6656
[2026-05-28 14:49:55,194][root][INFO] - Epoch: 174, loss: 0.6658
[2026-05-28 14:49:55,262][root][INFO] - Epoch: 175, loss: 0.6659
[2026-05-28 14:49:55,330][root][INFO] - Epoch: 176, loss: 0.6652
[2026-05-28 14:49:55,399][root][INFO] - Epoch: 177, loss: 0.6640
[2026-05-28 14:49:55,467][root][INFO] - Epoch: 178, loss: 0.6645
[2026-05-28 14:49:55,535][root][INFO] - Epoch: 179, loss: 0.6626
[2026-05-28 14:49:55,603][root][INFO] - Epoch: 180, loss: 0.6637
[2026-05-28 14:49:55,672][root][INFO] - Epoch: 181, loss: 0.6629
[2026-05-28 14:49:55,741][root][INFO] - Epoch: 182, loss: 0.6628
[2026-05-28 14:49:55,810][root][INFO] - Epoch: 183, loss: 0.6627
[2026-05-28 14:49:55,878][root][INFO] - Epoch: 184, loss: 0.6611
[2026-05-28 14:49:55,946][root][INFO] - Epoch: 185, loss: 0.6624
[2026-05-28 14:49:56,015][root][INFO] - Epoch: 186, loss: 0.6623
[2026-05-28 14:49:56,083][root][INFO] - Epoch: 187, loss: 0.6612
[2026-05-28 14:49:56,151][root][INFO] - Epoch: 188, loss: 0.6610
[2026-05-28 14:49:56,219][root][INFO] - Epoch: 189, loss: 0.6617
[2026-05-28 14:49:56,288][root][INFO] - Epoch: 190, loss: 0.6611
[2026-05-28 14:49:56,356][root][INFO] - Epoch: 191, loss: 0.6601
[2026-05-28 14:49:56,425][root][INFO] - Epoch: 192, loss: 0.6605
[2026-05-28 14:49:56,493][root][INFO] - Epoch: 193, loss: 0.6591
[2026-05-28 14:49:56,561][root][INFO] - Epoch: 194, loss: 0.6586
[2026-05-28 14:49:56,629][root][INFO] - Epoch: 195, loss: 0.6592
[2026-05-28 14:49:56,698][root][INFO] - Epoch: 196, loss: 0.6585
[2026-05-28 14:49:56,766][root][INFO] - Epoch: 197, loss: 0.6583
[2026-05-28 14:49:56,834][root][INFO] - Epoch: 198, loss: 0.6573
[2026-05-28 14:49:56,902][root][INFO] - Epoch: 199, loss: 0.6590
[2026-05-28 14:49:56,970][root][INFO] - Epoch: 200, loss: 0.6580
[2026-05-28 14:49:57,002][root][INFO] - {'model_loss': '0.6580', 'recon_loss': '0.0000', 'triplet_loss': '0.6580'}
[2026-05-28 14:49:57,006][root][INFO] - Generation 240/400 - Time: 0.00 seconds
[2026-05-28 14:49:57,007][root][INFO] - {'coverage': '100.00', 'max_fitness': '0.00', 'passive_coverage': '70.70', 'passive_max_fitness': '0.00', 'passive_mean_fitness': '-63.61', 'passive_qd_score': '56336.24', 'qd_score': '92520.05', 'mean_fitness_top_k': '-16.22'}
[2026-05-28 14:49:57,975][root][INFO] - Generation 241/400 - Time: 0.00 seconds
[2026-05-28 14:49:57,976][root][INFO] - {'coverage': '100.00', 'max_fitness': '0.00', 'passive_coverage': '71.00', 'passive_max_fitness': '0.00', 'passive_mean_fitness': '-63.72', 'passive_qd_score': '56490.90', 'qd_score': '89659.25', 'mean_fitness_top_k': '-23.83'}
[2026-05-28 14:49:58,936][root][INFO] - Generation 242/400 - Time: 0.00 seconds
[2026-05-28 14:49:58,937][root][INFO] - {'coverage': '100.00', 'max_fitness': '0.00', 'passive_coverage': '71.00', 'passive_max_fitness': '0.00', 'passive_mean_fitness': '-63.71', 'passive_qd_score': '56492.64', 'qd_score': '93605.73', 'mean_fitness_top_k': '-20.55'}
[2026-05-28 14:49:59,907][root][INFO] - Generation 243/400 - Time: 0.00 seconds
[2026-05-28 14:49:59,908][root][INFO] - {'coverage': '100.00', 'max_fitness': '0.00', 'passive_coverage': '71.00', 'passive_max_fitness': '0.00', 'passive_mean_fitness': '-63.71', 'passive_qd_score': '56494.99', 'qd_score': '94955.23', 'mean_fitness_top_k': '-19.19'}
[2026-05-28 14:50:00,933][root][INFO] - Generation 244/400 - Time: 0.00 seconds
[2026-05-28 14:50:00,934][root][INFO] - {'coverage': '100.00', 'max_fitness': '0.00', 'passive_coverage': '71.00', 'passive_max_fitness': '0.00', 'passive_mean_fitness': '-63.71', 'passive_qd_score': '56496.38', 'qd_score': '94564.89', 'mean_fitness_top_k': '-18.26'}
[2026-05-28 14:50:01,908][root][INFO] - Generation 245/400 - Time: 0.00 seconds
[2026-05-28 14:50:01,909][root][INFO] - {'coverage': '100.00', 'max_fitness': '0.00', 'passive_coverage': '71.00', 'passive_max_fitness': '0.00', 'passive_mean_fitness': '-63.71', 'passive_qd_score': '56496.83', 'qd_score': '94152.17', 'mean_fitness_top_k': '-18.13'}
[2026-05-28 14:50:01,911][root][INFO] - Saving snapshot to runs/20260528_144015_kheperax_seed13/plots/latent_generation_1225_5_gens_after_ext_gen1200.png
[2026-05-28 14:50:03,998][root][INFO] - Generation 246/400 - Time: 0.00 seconds
[2026-05-28 14:50:03,999][root][INFO] - {'coverage': '100.00', 'max_fitness': '0.00', 'passive_coverage': '71.09', 'passive_max_fitness': '0.00', 'passive_mean_fitness': '-63.62', 'passive_qd_score': '56641.20', 'qd_score': '93789.57', 'mean_fitness_top_k': '-18.88'}
[2026-05-28 14:50:05,029][root][INFO] - Generation 247/400 - Time: 0.00 seconds
[2026-05-28 14:50:05,029][root][INFO] - {'coverage': '100.00', 'max_fitness': '0.00', 'passive_coverage': '71.19', 'passive_max_fitness': '0.00', 'passive_mean_fitness': '-63.61', 'passive_qd_score': '56727.43', 'qd_score': '92797.23', 'mean_fitness_top_k': '-20.70'}
[2026-05-28 14:50:06,022][root][INFO] - Generation 248/400 - Time: 0.00 seconds
[2026-05-28 14:50:06,023][root][INFO] - {'coverage': '100.00', 'max_fitness': '0.00', 'passive_coverage': '71.29', 'passive_max_fitness': '0.00', 'passive_mean_fitness': '-63.58', 'passive_qd_score': '56823.80', 'qd_score': '92387.03', 'mean_fitness_top_k': '-22.06'}
[2026-05-28 14:50:07,014][root][INFO] - Generation 249/400 - Time: 0.00 seconds
[2026-05-28 14:50:07,015][root][INFO] - {'coverage': '100.00', 'max_fitness': '0.00', 'passive_coverage': '71.29', 'passive_max_fitness': '0.00', 'passive_mean_fitness': '-63.58', 'passive_qd_score': '56824.85', 'qd_score': '91757.05', 'mean_fitness_top_k': '-24.22'}
[2026-05-28 14:50:07,977][root][INFO] - Generation 250/400 - Time: 0.00 seconds
[2026-05-28 14:50:07,978][root][INFO] - {'coverage': '100.00', 'max_fitness': '0.00', 'passive_coverage': '71.29', 'passive_max_fitness': '0.00', 'passive_mean_fitness': '-63.58', 'passive_qd_score': '56824.95', 'qd_score': '90944.12', 'mean_fitness_top_k': '-26.54'}
[2026-05-28 14:50:08,936][root][INFO] - Generation 251/400 - Time: 0.00 seconds
[2026-05-28 14:50:08,937][root][INFO] - {'coverage': '100.00', 'max_fitness': '0.00', 'passive_coverage': '71.29', 'passive_max_fitness': '0.00', 'passive_mean_fitness': '-63.58', 'passive_qd_score': '56825.01', 'qd_score': '90414.36', 'mean_fitness_top_k': '-29.51'}
[2026-05-28 14:50:09,903][root][INFO] - Generation 252/400 - Time: 0.00 seconds
[2026-05-28 14:50:09,903][root][INFO] - {'coverage': '100.00', 'max_fitness': '0.00', 'passive_coverage': '71.29', 'passive_max_fitness': '0.00', 'passive_mean_fitness': '-63.58', 'passive_qd_score': '56825.01', 'qd_score': '90393.23', 'mean_fitness_top_k': '-30.62'}
[2026-05-28 14:50:10,869][root][INFO] - Generation 253/400 - Time: 0.00 seconds
[2026-05-28 14:50:10,870][root][INFO] - {'coverage': '100.00', 'max_fitness': '0.00', 'passive_coverage': '71.29', 'passive_max_fitness': '0.00', 'passive_mean_fitness': '-63.58', 'passive_qd_score': '56825.01', 'qd_score': '90373.81', 'mean_fitness_top_k': '-32.09'}
[2026-05-28 14:50:11,830][root][INFO] - Generation 254/400 - Time: 0.00 seconds
[2026-05-28 14:50:11,831][root][INFO] - {'coverage': '100.00', 'max_fitness': '0.00', 'passive_coverage': '71.29', 'passive_max_fitness': '0.00', 'passive_mean_fitness': '-63.58', 'passive_qd_score': '56825.09', 'qd_score': '90405.33', 'mean_fitness_top_k': '-32.17'}
[2026-05-28 14:50:12,803][root][INFO] - Generation 255/400 - Time: 0.00 seconds
[2026-05-28 14:50:12,804][root][INFO] - {'coverage': '100.00', 'max_fitness': '0.00', 'passive_coverage': '71.29', 'passive_max_fitness': '0.00', 'passive_mean_fitness': '-63.58', 'passive_qd_score': '56825.09', 'qd_score': '90522.58', 'mean_fitness_top_k': '-33.75'}
[2026-05-28 14:50:13,767][root][INFO] - Generation 256/400 - Time: 0.00 seconds
[2026-05-28 14:50:13,768][root][INFO] - {'coverage': '100.00', 'max_fitness': '0.00', 'passive_coverage': '71.29', 'passive_max_fitness': '0.00', 'passive_mean_fitness': '-63.58', 'passive_qd_score': '56826.67', 'qd_score': '90507.62', 'mean_fitness_top_k': '-35.00'}
[2026-05-28 14:50:14,733][root][INFO] - Generation 257/400 - Time: 0.00 seconds
[2026-05-28 14:50:14,734][root][INFO] - {'coverage': '100.00', 'max_fitness': '0.00', 'passive_coverage': '71.29', 'passive_max_fitness': '0.00', 'passive_mean_fitness': '-63.58', 'passive_qd_score': '56826.67', 'qd_score': '90972.84', 'mean_fitness_top_k': '-35.01'}
[2026-05-28 14:50:15,696][root][INFO] - Generation 258/400 - Time: 0.00 seconds
[2026-05-28 14:50:15,697][root][INFO] - {'coverage': '100.00', 'max_fitness': '0.00', 'passive_coverage': '71.29', 'passive_max_fitness': '0.00', 'passive_mean_fitness': '-63.58', 'passive_qd_score': '56826.67', 'qd_score': '90994.76', 'mean_fitness_top_k': '-34.62'}
[2026-05-28 14:50:16,729][root][INFO] - Generation 259/400 - Time: 0.00 seconds
[2026-05-28 14:50:16,729][root][INFO] - {'coverage': '100.00', 'max_fitness': '0.00', 'passive_coverage': '71.29', 'passive_max_fitness': '0.00', 'passive_mean_fitness': '-63.58', 'passive_qd_score': '56826.67', 'qd_score': '91023.06', 'mean_fitness_top_k': '-34.35'}
[2026-05-28 14:50:17,689][root][INFO] - Generation 260/400 - Time: 0.00 seconds
[2026-05-28 14:50:17,690][root][INFO] - {'coverage': '100.00', 'max_fitness': '0.00', 'passive_coverage': '71.29', 'passive_max_fitness': '0.00', 'passive_mean_fitness': '-63.58', 'passive_qd_score': '56827.59', 'qd_score': '90853.25', 'mean_fitness_top_k': '-34.55'}
[2026-05-28 14:50:18,656][root][INFO] - Generation 261/400 - Time: 0.00 seconds
[2026-05-28 14:50:18,657][root][INFO] - {'coverage': '100.00', 'max_fitness': '0.00', 'passive_coverage': '71.29', 'passive_max_fitness': '0.00', 'passive_mean_fitness': '-63.58', 'passive_qd_score': '56827.59', 'qd_score': '91069.14', 'mean_fitness_top_k': '-34.37'}
[2026-05-28 14:50:19,615][root][INFO] - Generation 262/400 - Time: 0.00 seconds
[2026-05-28 14:50:19,615][root][INFO] - {'coverage': '100.00', 'max_fitness': '0.00', 'passive_coverage': '71.29', 'passive_max_fitness': '0.00', 'passive_mean_fitness': '-63.58', 'passive_qd_score': '56827.59', 'qd_score': '91032.41', 'mean_fitness_top_k': '-34.43'}
[2026-05-28 14:50:20,641][root][INFO] - Generation 263/400 - Time: 0.00 seconds
[2026-05-28 14:50:20,642][root][INFO] - {'coverage': '100.00', 'max_fitness': '0.00', 'passive_coverage': '71.29', 'passive_max_fitness': '0.00', 'passive_mean_fitness': '-63.58', 'passive_qd_score': '56827.62', 'qd_score': '91053.41', 'mean_fitness_top_k': '-34.76'}
[2026-05-28 14:50:21,607][root][INFO] - Generation 264/400 - Time: 0.00 seconds
[2026-05-28 14:50:21,608][root][INFO] - {'coverage': '100.00', 'max_fitness': '0.00', 'passive_coverage': '71.29', 'passive_max_fitness': '0.00', 'passive_mean_fitness': '-63.58', 'passive_qd_score': '56827.62', 'qd_score': '90803.74', 'mean_fitness_top_k': '-34.89'}
[2026-05-28 14:50:22,571][root][INFO] - Generation 265/400 - Time: 0.00 seconds
[2026-05-28 14:50:22,572][root][INFO] - {'coverage': '100.00', 'max_fitness': '0.00', 'passive_coverage': '71.29', 'passive_max_fitness': '0.00', 'passive_mean_fitness': '-63.58', 'passive_qd_score': '56827.62', 'qd_score': '91204.66', 'mean_fitness_top_k': '-34.65'}
[2026-05-28 14:50:23,668][root][INFO] - Generation 266/400 - Time: 0.00 seconds
[2026-05-28 14:50:23,669][root][INFO] - {'coverage': '100.00', 'max_fitness': '0.00', 'passive_coverage': '71.29', 'passive_max_fitness': '0.00', 'passive_mean_fitness': '-63.58', 'passive_qd_score': '56827.62', 'qd_score': '90743.72', 'mean_fitness_top_k': '-35.41'}
[2026-05-28 14:50:24,631][root][INFO] - Generation 267/400 - Time: 0.00 seconds
[2026-05-28 14:50:24,632][root][INFO] - {'coverage': '100.00', 'max_fitness': '0.00', 'passive_coverage': '71.29', 'passive_max_fitness': '0.00', 'passive_mean_fitness': '-63.58', 'passive_qd_score': '56827.62', 'qd_score': '90910.43', 'mean_fitness_top_k': '-34.62'}
[2026-05-28 14:50:25,591][root][INFO] - Generation 268/400 - Time: 0.00 seconds
[2026-05-28 14:50:25,592][root][INFO] - {'coverage': '100.00', 'max_fitness': '0.00', 'passive_coverage': '71.29', 'passive_max_fitness': '0.00', 'passive_mean_fitness': '-63.58', 'passive_qd_score': '56827.62', 'qd_score': '90877.08', 'mean_fitness_top_k': '-34.88'}
[2026-05-28 14:50:26,561][root][INFO] - Generation 269/400 - Time: 0.00 seconds
[2026-05-28 14:50:26,562][root][INFO] - {'coverage': '100.00', 'max_fitness': '0.00', 'passive_coverage': '71.29', 'passive_max_fitness': '0.00', 'passive_mean_fitness': '-63.58', 'passive_qd_score': '56827.62', 'qd_score': '90913.06', 'mean_fitness_top_k': '-35.01'}
[2026-05-28 14:50:27,524][root][INFO] - Generation 270/400 - Time: 0.00 seconds
[2026-05-28 14:50:27,525][root][INFO] - {'coverage': '100.00', 'max_fitness': '0.00', 'passive_coverage': '71.29', 'passive_max_fitness': '0.00', 'passive_mean_fitness': '-63.58', 'passive_qd_score': '56827.62', 'qd_score': '90693.63', 'mean_fitness_top_k': '-35.25'}
[2026-05-28 14:50:28,485][root][INFO] - Generation 271/400 - Time: 0.00 seconds
[2026-05-28 14:50:28,485][root][INFO] - {'coverage': '100.00', 'max_fitness': '0.00', 'passive_coverage': '71.29', 'passive_max_fitness': '0.00', 'passive_mean_fitness': '-63.58', 'passive_qd_score': '56827.62', 'qd_score': '90866.40', 'mean_fitness_top_k': '-34.49'}
[2026-05-28 14:50:29,447][root][INFO] - Updating AE...
[2026-05-28 14:50:30,154][root][INFO] - Epoch: 1, loss: 943.7692
[2026-05-28 14:50:30,225][root][INFO] - Epoch: 2, loss: 855.5930
[2026-05-28 14:50:30,296][root][INFO] - Epoch: 3, loss: 850.7419
[2026-05-28 14:50:30,366][root][INFO] - Epoch: 4, loss: 849.0248
[2026-05-28 14:50:30,435][root][INFO] - Epoch: 5, loss: 858.9161
[2026-05-28 14:50:30,502][root][INFO] - Epoch: 6, loss: 859.6779
[2026-05-28 14:50:30,571][root][INFO] - Epoch: 7, loss: 858.4592
[2026-05-28 14:50:30,640][root][INFO] - Epoch: 8, loss: 856.7408
[2026-05-28 14:50:30,708][root][INFO] - Epoch: 9, loss: 853.6729
[2026-05-28 14:50:30,777][root][INFO] - Epoch: 10, loss: 849.6633
[2026-05-28 14:50:30,845][root][INFO] - Epoch: 11, loss: 847.2422
[2026-05-28 14:50:30,913][root][INFO] - Epoch: 12, loss: 845.8691
[2026-05-28 14:50:30,982][root][INFO] - Epoch: 13, loss: 845.4991
[2026-05-28 14:50:31,050][root][INFO] - Epoch: 14, loss: 843.2119
[2026-05-28 14:50:31,117][root][INFO] - Epoch: 15, loss: 843.5873
[2026-05-28 14:50:31,185][root][INFO] - Epoch: 16, loss: 841.4036
[2026-05-28 14:50:31,253][root][INFO] - Epoch: 17, loss: 840.3779
[2026-05-28 14:50:31,322][root][INFO] - Epoch: 18, loss: 838.3165
[2026-05-28 14:50:31,390][root][INFO] - Epoch: 19, loss: 837.6727
[2026-05-28 14:50:31,458][root][INFO] - Epoch: 20, loss: 833.4775
[2026-05-28 14:50:31,526][root][INFO] - Epoch: 21, loss: 829.5287
[2026-05-28 14:50:31,594][root][INFO] - Epoch: 22, loss: 808.7310
[2026-05-28 14:50:31,662][root][INFO] - Epoch: 23, loss: 790.6073
[2026-05-28 14:50:31,730][root][INFO] - Epoch: 24, loss: 789.9685
[2026-05-28 14:50:31,798][root][INFO] - Epoch: 25, loss: 784.8132
[2026-05-28 14:50:31,867][root][INFO] - Epoch: 26, loss: 783.0498
[2026-05-28 14:50:31,935][root][INFO] - Epoch: 27, loss: 784.4348
[2026-05-28 14:50:32,002][root][INFO] - Epoch: 28, loss: 783.9726
[2026-05-28 14:50:32,070][root][INFO] - Epoch: 29, loss: 778.5901
[2026-05-28 14:50:32,138][root][INFO] - Epoch: 30, loss: 778.1982
[2026-05-28 14:50:32,206][root][INFO] - Epoch: 31, loss: 774.5894
[2026-05-28 14:50:32,274][root][INFO] - Epoch: 32, loss: 768.6275
[2026-05-28 14:50:32,342][root][INFO] - Epoch: 33, loss: 763.5342
[2026-05-28 14:50:32,410][root][INFO] - Epoch: 34, loss: 760.0662
[2026-05-28 14:50:32,478][root][INFO] - Epoch: 35, loss: 761.6472
[2026-05-28 14:50:32,547][root][INFO] - Epoch: 36, loss: 755.2689
[2026-05-28 14:50:32,615][root][INFO] - Epoch: 37, loss: 755.2451
[2026-05-28 14:50:32,683][root][INFO] - Epoch: 38, loss: 755.7687
[2026-05-28 14:50:32,751][root][INFO] - Epoch: 39, loss: 751.7797
[2026-05-28 14:50:32,819][root][INFO] - Epoch: 40, loss: 751.8378
[2026-05-28 14:50:32,887][root][INFO] - Epoch: 41, loss: 749.5799
[2026-05-28 14:50:32,955][root][INFO] - Epoch: 42, loss: 749.1045
[2026-05-28 14:50:33,023][root][INFO] - Epoch: 43, loss: 751.1537
[2026-05-28 14:50:33,091][root][INFO] - Epoch: 44, loss: 745.2526
[2026-05-28 14:50:33,159][root][INFO] - Epoch: 45, loss: 742.5705
[2026-05-28 14:50:33,227][root][INFO] - Epoch: 46, loss: 743.9656
[2026-05-28 14:50:33,295][root][INFO] - Epoch: 47, loss: 737.8376
[2026-05-28 14:50:33,363][root][INFO] - Epoch: 48, loss: 740.0123
[2026-05-28 14:50:33,431][root][INFO] - Epoch: 49, loss: 737.0155
[2026-05-28 14:50:33,499][root][INFO] - Epoch: 50, loss: 736.6497
[2026-05-28 14:50:33,567][root][INFO] - Epoch: 51, loss: 736.0162
[2026-05-28 14:50:33,635][root][INFO] - Epoch: 52, loss: 746.7637
[2026-05-28 14:50:33,703][root][INFO] - Epoch: 53, loss: 756.7670
[2026-05-28 14:50:33,771][root][INFO] - Epoch: 54, loss: 761.0778
[2026-05-28 14:50:33,839][root][INFO] - Epoch: 55, loss: 757.2267
[2026-05-28 14:50:33,907][root][INFO] - Epoch: 56, loss: 754.7625
[2026-05-28 14:50:33,975][root][INFO] - Epoch: 57, loss: 750.8726
[2026-05-28 14:50:34,043][root][INFO] - Epoch: 58, loss: 748.8449
[2026-05-28 14:50:34,111][root][INFO] - Epoch: 59, loss: 748.8156
[2026-05-28 14:50:34,179][root][INFO] - Epoch: 60, loss: 747.1051
[2026-05-28 14:50:34,247][root][INFO] - Epoch: 61, loss: 752.3914
[2026-05-28 14:50:34,315][root][INFO] - Epoch: 62, loss: 747.3882
[2026-05-28 14:50:34,315][root][INFO] - Early stopping at epoch: 61
[2026-05-28 14:50:34,346][root][INFO] - {'model_loss': '747.3882', 'recon_loss': '0.0000', 'triplet_loss': '747.3882'}
[2026-05-28 14:50:34,350][root][INFO] - Extinction event (pre-encoder)...
[2026-05-28 14:50:34,350][root][INFO] - Saving snapshot to runs/20260528_144015_kheperax_seed13/plots/latent_generation_1360_before_ext.png
[2026-05-28 14:50:35,378][root][INFO] - Saving snapshot to runs/20260528_144015_kheperax_seed13/plots/latent_generation_1360_after_ext.png
[2026-05-28 14:50:36,390][root][INFO] - Updating AE...
[2026-05-28 14:50:37,377][root][INFO] - Epoch: 1, loss: 13.6929
[2026-05-28 14:50:37,447][root][INFO] - Epoch: 2, loss: 9.7411
[2026-05-28 14:50:37,518][root][INFO] - Epoch: 3, loss: 9.5542
[2026-05-28 14:50:37,588][root][INFO] - Epoch: 4, loss: 7.7799
[2026-05-28 14:50:37,655][root][INFO] - Epoch: 5, loss: 7.6514
[2026-05-28 14:50:37,723][root][INFO] - Epoch: 6, loss: 7.9772
[2026-05-28 14:50:37,791][root][INFO] - Epoch: 7, loss: 6.6094
[2026-05-28 14:50:37,859][root][INFO] - Epoch: 8, loss: 6.6361
[2026-05-28 14:50:37,928][root][INFO] - Epoch: 9, loss: 6.3068
[2026-05-28 14:50:37,999][root][INFO] - Epoch: 10, loss: 6.4270
[2026-05-28 14:50:38,069][root][INFO] - Epoch: 11, loss: 6.1551
[2026-05-28 14:50:38,137][root][INFO] - Epoch: 12, loss: 5.9076
[2026-05-28 14:50:38,204][root][INFO] - Epoch: 13, loss: 5.7490
[2026-05-28 14:50:38,272][root][INFO] - Epoch: 14, loss: 5.5151
[2026-05-28 14:50:38,340][root][INFO] - Epoch: 15, loss: 5.3320
[2026-05-28 14:50:38,408][root][INFO] - Epoch: 16, loss: 5.1568
[2026-05-28 14:50:38,476][root][INFO] - Epoch: 17, loss: 4.9601
[2026-05-28 14:50:38,544][root][INFO] - Epoch: 18, loss: 4.7838
[2026-05-28 14:50:38,612][root][INFO] - Epoch: 19, loss: 4.6004
[2026-05-28 14:50:38,681][root][INFO] - Epoch: 20, loss: 4.4272
[2026-05-28 14:50:38,749][root][INFO] - Epoch: 21, loss: 4.2439
[2026-05-28 14:50:38,818][root][INFO] - Epoch: 22, loss: 4.0581
[2026-05-28 14:50:38,885][root][INFO] - Epoch: 23, loss: 3.8546
[2026-05-28 14:50:38,953][root][INFO] - Epoch: 24, loss: 3.6342
[2026-05-28 14:50:39,022][root][INFO] - Epoch: 25, loss: 3.3802
[2026-05-28 14:50:39,090][root][INFO] - Epoch: 26, loss: 3.0783
[2026-05-28 14:50:39,158][root][INFO] - Epoch: 27, loss: 2.7489
[2026-05-28 14:50:39,227][root][INFO] - Epoch: 28, loss: 2.4040
[2026-05-28 14:50:39,294][root][INFO] - Epoch: 29, loss: 2.1879
[2026-05-28 14:50:39,362][root][INFO] - Epoch: 30, loss: 1.9824
[2026-05-28 14:50:39,430][root][INFO] - Epoch: 31, loss: 1.8159
[2026-05-28 14:50:39,498][root][INFO] - Epoch: 32, loss: 1.6860
[2026-05-28 14:50:39,567][root][INFO] - Epoch: 33, loss: 1.5742
[2026-05-28 14:50:39,636][root][INFO] - Epoch: 34, loss: 1.4982
[2026-05-28 14:50:39,704][root][INFO] - Epoch: 35, loss: 1.4139
[2026-05-28 14:50:39,773][root][INFO] - Epoch: 36, loss: 1.3480
[2026-05-28 14:50:39,840][root][INFO] - Epoch: 37, loss: 1.2910
[2026-05-28 14:50:39,907][root][INFO] - Epoch: 38, loss: 1.2416
[2026-05-28 14:50:39,975][root][INFO] - Epoch: 39, loss: 1.1937
[2026-05-28 14:50:40,043][root][INFO] - Epoch: 40, loss: 1.1526
[2026-05-28 14:50:40,112][root][INFO] - Epoch: 41, loss: 1.1147
[2026-05-28 14:50:40,180][root][INFO] - Epoch: 42, loss: 1.0814
[2026-05-28 14:50:40,249][root][INFO] - Epoch: 43, loss: 1.0477
[2026-05-28 14:50:40,316][root][INFO] - Epoch: 44, loss: 1.0177
[2026-05-28 14:50:40,384][root][INFO] - Epoch: 45, loss: 0.9887
[2026-05-28 14:50:40,452][root][INFO] - Epoch: 46, loss: 0.9619
[2026-05-28 14:50:40,521][root][INFO] - Epoch: 47, loss: 0.9435
[2026-05-28 14:50:40,589][root][INFO] - Epoch: 48, loss: 0.9172
[2026-05-28 14:50:40,657][root][INFO] - Epoch: 49, loss: 0.8949
[2026-05-28 14:50:40,725][root][INFO] - Epoch: 50, loss: 0.8730
[2026-05-28 14:50:40,793][root][INFO] - Epoch: 51, loss: 0.8503
[2026-05-28 14:50:40,861][root][INFO] - Epoch: 52, loss: 0.8283
[2026-05-28 14:50:40,929][root][INFO] - Epoch: 53, loss: 0.8422
[2026-05-28 14:50:40,997][root][INFO] - Epoch: 54, loss: 0.8373
[2026-05-28 14:50:41,065][root][INFO] - Epoch: 55, loss: 0.8274
[2026-05-28 14:50:41,133][root][INFO] - Epoch: 56, loss: 0.8116
[2026-05-28 14:50:41,201][root][INFO] - Epoch: 57, loss: 0.7951
[2026-05-28 14:50:41,269][root][INFO] - Epoch: 58, loss: 0.7793
[2026-05-28 14:50:41,337][root][INFO] - Epoch: 59, loss: 0.7644
[2026-05-28 14:50:41,405][root][INFO] - Epoch: 60, loss: 0.7487
[2026-05-28 14:50:41,473][root][INFO] - Epoch: 61, loss: 0.7344
[2026-05-28 14:50:41,541][root][INFO] - Epoch: 62, loss: 0.7203
[2026-05-28 14:50:41,609][root][INFO] - Epoch: 63, loss: 0.7075
[2026-05-28 14:50:41,678][root][INFO] - Epoch: 64, loss: 0.6839
[2026-05-28 14:50:41,745][root][INFO] - Epoch: 65, loss: 0.6723
[2026-05-28 14:50:41,813][root][INFO] - Epoch: 66, loss: 0.6661
[2026-05-28 14:50:41,881][root][INFO] - Epoch: 67, loss: 0.6560
[2026-05-28 14:50:41,950][root][INFO] - Epoch: 68, loss: 0.6490
[2026-05-28 14:50:42,018][root][INFO] - Epoch: 69, loss: 0.6418
[2026-05-28 14:50:42,087][root][INFO] - Epoch: 70, loss: 0.6347
[2026-05-28 14:50:42,155][root][INFO] - Epoch: 71, loss: 0.6276
[2026-05-28 14:50:42,224][root][INFO] - Epoch: 72, loss: 0.6228
[2026-05-28 14:50:42,291][root][INFO] - Epoch: 73, loss: 0.6148
[2026-05-28 14:50:42,358][root][INFO] - Epoch: 74, loss: 0.6094
[2026-05-28 14:50:42,426][root][INFO] - Epoch: 75, loss: 0.6027
[2026-05-28 14:50:42,495][root][INFO] - Epoch: 76, loss: 0.5965
[2026-05-28 14:50:42,563][root][INFO] - Epoch: 77, loss: 0.5905
[2026-05-28 14:50:42,631][root][INFO] - Epoch: 78, loss: 0.5849
[2026-05-28 14:50:42,699][root][INFO] - Epoch: 79, loss: 0.5806
[2026-05-28 14:50:42,767][root][INFO] - Epoch: 80, loss: 0.5741
[2026-05-28 14:50:42,835][root][INFO] - Epoch: 81, loss: 0.5690
[2026-05-28 14:50:42,903][root][INFO] - Epoch: 82, loss: 0.5633
[2026-05-28 14:50:42,972][root][INFO] - Epoch: 83, loss: 0.5581
[2026-05-28 14:50:43,040][root][INFO] - Epoch: 84, loss: 0.5525
[2026-05-28 14:50:43,108][root][INFO] - Epoch: 85, loss: 0.5466
[2026-05-28 14:50:43,176][root][INFO] - Epoch: 86, loss: 0.5431
[2026-05-28 14:50:43,245][root][INFO] - Epoch: 87, loss: 0.5380
[2026-05-28 14:50:43,313][root][INFO] - Epoch: 88, loss: 0.5325
[2026-05-28 14:50:43,382][root][INFO] - Epoch: 89, loss: 0.5274
[2026-05-28 14:50:43,451][root][INFO] - Epoch: 90, loss: 0.5235
[2026-05-28 14:50:43,519][root][INFO] - Epoch: 91, loss: 0.5182
[2026-05-28 14:50:43,587][root][INFO] - Epoch: 92, loss: 0.5145
[2026-05-28 14:50:43,656][root][INFO] - Epoch: 93, loss: 0.5093
[2026-05-28 14:50:43,724][root][INFO] - Epoch: 94, loss: 0.5051
[2026-05-28 14:50:43,793][root][INFO] - Epoch: 95, loss: 0.5009
[2026-05-28 14:50:43,861][root][INFO] - Epoch: 96, loss: 0.4958
[2026-05-28 14:50:43,929][root][INFO] - Epoch: 97, loss: 0.4914
[2026-05-28 14:50:43,997][root][INFO] - Epoch: 98, loss: 0.4874
[2026-05-28 14:50:44,065][root][INFO] - Epoch: 99, loss: 0.4820
[2026-05-28 14:50:44,133][root][INFO] - Epoch: 100, loss: 0.4791
[2026-05-28 14:50:44,201][root][INFO] - Epoch: 101, loss: 0.4755
[2026-05-28 14:50:44,269][root][INFO] - Epoch: 102, loss: 0.4700
[2026-05-28 14:50:44,337][root][INFO] - Epoch: 103, loss: 0.4651
[2026-05-28 14:50:44,405][root][INFO] - Epoch: 104, loss: 0.4609
[2026-05-28 14:50:44,473][root][INFO] - Epoch: 105, loss: 0.4571
[2026-05-28 14:50:44,541][root][INFO] - Epoch: 106, loss: 0.4524
[2026-05-28 14:50:44,610][root][INFO] - Epoch: 107, loss: 0.4482
[2026-05-28 14:50:44,678][root][INFO] - Epoch: 108, loss: 0.4434
[2026-05-28 14:50:44,746][root][INFO] - Epoch: 109, loss: 0.4414
[2026-05-28 14:50:44,814][root][INFO] - Epoch: 110, loss: 0.4355
[2026-05-28 14:50:44,883][root][INFO] - Epoch: 111, loss: 0.4317
[2026-05-28 14:50:44,951][root][INFO] - Epoch: 112, loss: 0.4275
[2026-05-28 14:50:45,019][root][INFO] - Epoch: 113, loss: 0.4230
[2026-05-28 14:50:45,087][root][INFO] - Epoch: 114, loss: 0.4178
[2026-05-28 14:50:45,156][root][INFO] - Epoch: 115, loss: 0.4139
[2026-05-28 14:50:45,224][root][INFO] - Epoch: 116, loss: 0.4105
[2026-05-28 14:50:45,292][root][INFO] - Epoch: 117, loss: 0.4050
[2026-05-28 14:50:45,360][root][INFO] - Epoch: 118, loss: 0.4011
[2026-05-28 14:50:45,428][root][INFO] - Epoch: 119, loss: 0.3963
[2026-05-28 14:50:45,496][root][INFO] - Epoch: 120, loss: 0.3921
[2026-05-28 14:50:45,564][root][INFO] - Epoch: 121, loss: 0.3875
[2026-05-28 14:50:45,631][root][INFO] - Epoch: 122, loss: 0.3832
[2026-05-28 14:50:45,699][root][INFO] - Epoch: 123, loss: 0.3800
[2026-05-28 14:50:45,767][root][INFO] - Epoch: 124, loss: 0.3754
[2026-05-28 14:50:45,835][root][INFO] - Epoch: 125, loss: 0.3711
[2026-05-28 14:50:45,903][root][INFO] - Epoch: 126, loss: 0.3679
[2026-05-28 14:50:45,972][root][INFO] - Epoch: 127, loss: 0.3628
[2026-05-28 14:50:46,040][root][INFO] - Epoch: 128, loss: 0.3590
[2026-05-28 14:50:46,108][root][INFO] - Epoch: 129, loss: 0.3556
[2026-05-28 14:50:46,177][root][INFO] - Epoch: 130, loss: 0.3517
[2026-05-28 14:50:46,245][root][INFO] - Epoch: 131, loss: 0.3474
[2026-05-28 14:50:46,313][root][INFO] - Epoch: 132, loss: 0.3441
[2026-05-28 14:50:46,381][root][INFO] - Epoch: 133, loss: 0.3406
[2026-05-28 14:50:46,450][root][INFO] - Epoch: 134, loss: 0.3374
[2026-05-28 14:50:46,518][root][INFO] - Epoch: 135, loss: 0.3344
[2026-05-28 14:50:46,586][root][INFO] - Epoch: 136, loss: 0.3305
[2026-05-28 14:50:46,654][root][INFO] - Epoch: 137, loss: 0.3267
[2026-05-28 14:50:46,722][root][INFO] - Epoch: 138, loss: 0.3241
[2026-05-28 14:50:46,790][root][INFO] - Epoch: 139, loss: 0.3205
[2026-05-28 14:50:46,858][root][INFO] - Epoch: 140, loss: 0.3186
[2026-05-28 14:50:46,926][root][INFO] - Epoch: 141, loss: 0.3150
[2026-05-28 14:50:46,994][root][INFO] - Epoch: 142, loss: 0.3120
[2026-05-28 14:50:47,062][root][INFO] - Epoch: 143, loss: 0.3090
[2026-05-28 14:50:47,131][root][INFO] - Epoch: 144, loss: 0.3064
[2026-05-28 14:50:47,199][root][INFO] - Epoch: 145, loss: 0.3036
[2026-05-28 14:50:47,267][root][INFO] - Epoch: 146, loss: 0.3010
[2026-05-28 14:50:47,336][root][INFO] - Epoch: 147, loss: 0.2986
[2026-05-28 14:50:47,404][root][INFO] - Epoch: 148, loss: 0.2961
[2026-05-28 14:50:47,473][root][INFO] - Epoch: 149, loss: 0.2934
[2026-05-28 14:50:47,540][root][INFO] - Epoch: 150, loss: 0.2923
[2026-05-28 14:50:47,609][root][INFO] - Epoch: 151, loss: 0.2884
[2026-05-28 14:50:47,678][root][INFO] - Epoch: 152, loss: 0.2873
[2026-05-28 14:50:47,745][root][INFO] - Epoch: 153, loss: 0.2842
[2026-05-28 14:50:47,813][root][INFO] - Epoch: 154, loss: 0.2814
[2026-05-28 14:50:47,881][root][INFO] - Epoch: 155, loss: 0.2790
[2026-05-28 14:50:47,949][root][INFO] - Epoch: 156, loss: 0.2768
[2026-05-28 14:50:48,017][root][INFO] - Epoch: 157, loss: 0.2749
[2026-05-28 14:50:48,085][root][INFO] - Epoch: 158, loss: 0.2725
[2026-05-28 14:50:48,153][root][INFO] - Epoch: 159, loss: 0.2708
[2026-05-28 14:50:48,222][root][INFO] - Epoch: 160, loss: 0.2683
[2026-05-28 14:50:48,289][root][INFO] - Epoch: 161, loss: 0.2661
[2026-05-28 14:50:48,358][root][INFO] - Epoch: 162, loss: 0.2645
[2026-05-28 14:50:48,426][root][INFO] - Epoch: 163, loss: 0.2623
[2026-05-28 14:50:48,494][root][INFO] - Epoch: 164, loss: 0.2605
[2026-05-28 14:50:48,562][root][INFO] - Epoch: 165, loss: 0.2595
[2026-05-28 14:50:48,630][root][INFO] - Epoch: 166, loss: 0.2564
[2026-05-28 14:50:48,698][root][INFO] - Epoch: 167, loss: 0.2556
[2026-05-28 14:50:48,766][root][INFO] - Epoch: 168, loss: 0.2526
[2026-05-28 14:50:48,834][root][INFO] - Epoch: 169, loss: 0.2517
[2026-05-28 14:50:48,902][root][INFO] - Epoch: 170, loss: 0.2493
[2026-05-28 14:50:48,970][root][INFO] - Epoch: 171, loss: 0.2470
[2026-05-28 14:50:49,038][root][INFO] - Epoch: 172, loss: 0.2453
[2026-05-28 14:50:49,106][root][INFO] - Epoch: 173, loss: 0.2439
[2026-05-28 14:50:49,174][root][INFO] - Epoch: 174, loss: 0.2417
[2026-05-28 14:50:49,242][root][INFO] - Epoch: 175, loss: 0.2401
[2026-05-28 14:50:49,310][root][INFO] - Epoch: 176, loss: 0.2382
[2026-05-28 14:50:49,378][root][INFO] - Epoch: 177, loss: 0.2369
[2026-05-28 14:50:49,446][root][INFO] - Epoch: 178, loss: 0.2351
[2026-05-28 14:50:49,514][root][INFO] - Epoch: 179, loss: 0.2338
[2026-05-28 14:50:49,584][root][INFO] - Epoch: 180, loss: 0.2321
[2026-05-28 14:50:49,653][root][INFO] - Epoch: 181, loss: 0.2304
[2026-05-28 14:50:49,721][root][INFO] - Epoch: 182, loss: 0.2290
[2026-05-28 14:50:49,790][root][INFO] - Epoch: 183, loss: 0.2271
[2026-05-28 14:50:49,859][root][INFO] - Epoch: 184, loss: 0.2256
[2026-05-28 14:50:49,927][root][INFO] - Epoch: 185, loss: 0.2244
[2026-05-28 14:50:49,995][root][INFO] - Epoch: 186, loss: 0.2231
[2026-05-28 14:50:50,064][root][INFO] - Epoch: 187, loss: 0.2214
[2026-05-28 14:50:50,132][root][INFO] - Epoch: 188, loss: 0.2198
[2026-05-28 14:50:50,200][root][INFO] - Epoch: 189, loss: 0.2192
[2026-05-28 14:50:50,268][root][INFO] - Epoch: 190, loss: 0.2171
[2026-05-28 14:50:50,337][root][INFO] - Epoch: 191, loss: 0.2158
[2026-05-28 14:50:50,405][root][INFO] - Epoch: 192, loss: 0.2143
[2026-05-28 14:50:50,472][root][INFO] - Epoch: 193, loss: 0.2130
[2026-05-28 14:50:50,540][root][INFO] - Epoch: 194, loss: 0.2115
[2026-05-28 14:50:50,610][root][INFO] - Epoch: 195, loss: 0.2101
[2026-05-28 14:50:50,679][root][INFO] - Epoch: 196, loss: 0.2091
[2026-05-28 14:50:50,747][root][INFO] - Epoch: 197, loss: 0.2075
[2026-05-28 14:50:50,815][root][INFO] - Epoch: 198, loss: 0.2062
[2026-05-28 14:50:50,884][root][INFO] - Epoch: 199, loss: 0.2048
[2026-05-28 14:50:50,952][root][INFO] - Epoch: 200, loss: 0.2039
[2026-05-28 14:50:50,984][root][INFO] - {'model_loss': '0.2039', 'recon_loss': '0.0000', 'triplet_loss': '0.2039'}
[2026-05-28 14:50:50,988][root][INFO] - Generation 272/400 - Time: 0.00 seconds
[2026-05-28 14:50:50,988][root][INFO] - {'coverage': '100.00', 'max_fitness': '0.00', 'passive_coverage': '71.29', 'passive_max_fitness': '0.00', 'passive_mean_fitness': '-63.58', 'passive_qd_score': '56827.62', 'qd_score': '90738.88', 'mean_fitness_top_k': '-34.27'}
[2026-05-28 14:50:51,954][root][INFO] - Generation 273/400 - Time: 0.00 seconds
[2026-05-28 14:50:51,954][root][INFO] - {'coverage': '100.00', 'max_fitness': '0.00', 'passive_coverage': '73.14', 'passive_max_fitness': '0.00', 'passive_mean_fitness': '-63.56', 'passive_qd_score': '58317.71', 'qd_score': '89104.80', 'mean_fitness_top_k': '-15.56'}
[2026-05-28 14:50:52,929][root][INFO] - Generation 274/400 - Time: 0.00 seconds
[2026-05-28 14:50:52,930][root][INFO] - {'coverage': '100.00', 'max_fitness': '0.00', 'passive_coverage': '73.44', 'passive_max_fitness': '0.00', 'passive_mean_fitness': '-63.55', 'passive_qd_score': '58557.91', 'qd_score': '88541.67', 'mean_fitness_top_k': '-17.54'}
[2026-05-28 14:50:53,900][root][INFO] - Generation 275/400 - Time: 0.00 seconds
[2026-05-28 14:50:53,900][root][INFO] - {'coverage': '100.00', 'max_fitness': '0.00', 'passive_coverage': '73.54', 'passive_max_fitness': '0.00', 'passive_mean_fitness': '-63.53', 'passive_qd_score': '58652.40', 'qd_score': '91368.16', 'mean_fitness_top_k': '-16.20'}
[2026-05-28 14:50:54,877][root][INFO] - Generation 276/400 - Time: 0.00 seconds
[2026-05-28 14:50:54,877][root][INFO] - {'coverage': '100.00', 'max_fitness': '0.00', 'passive_coverage': '73.63', 'passive_max_fitness': '0.00', 'passive_mean_fitness': '-63.58', 'passive_qd_score': '58691.09', 'qd_score': '92492.30', 'mean_fitness_top_k': '-15.42'}
[2026-05-28 14:50:55,843][root][INFO] - Generation 277/400 - Time: 0.00 seconds
[2026-05-28 14:50:55,844][root][INFO] - {'coverage': '100.00', 'max_fitness': '0.00', 'passive_coverage': '73.73', 'passive_max_fitness': '0.00', 'passive_mean_fitness': '-63.49', 'passive_qd_score': '58834.78', 'qd_score': '93048.26', 'mean_fitness_top_k': '-15.00'}
[2026-05-28 14:50:55,846][root][INFO] - Saving snapshot to runs/20260528_144015_kheperax_seed13/plots/latent_generation_1385_5_gens_after_ext_gen1360.png
[2026-05-28 14:50:57,924][root][INFO] - Generation 278/400 - Time: 0.00 seconds
[2026-05-28 14:50:57,925][root][INFO] - {'coverage': '100.00', 'max_fitness': '0.00', 'passive_coverage': '73.73', 'passive_max_fitness': '0.00', 'passive_mean_fitness': '-63.49', 'passive_qd_score': '58835.30', 'qd_score': '92943.16', 'mean_fitness_top_k': '-14.31'}
[2026-05-28 14:50:58,886][root][INFO] - Generation 279/400 - Time: 0.00 seconds
[2026-05-28 14:50:58,887][root][INFO] - {'coverage': '100.00', 'max_fitness': '0.00', 'passive_coverage': '73.73', 'passive_max_fitness': '0.00', 'passive_mean_fitness': '-63.49', 'passive_qd_score': '58835.41', 'qd_score': '92894.31', 'mean_fitness_top_k': '-13.94'}
[2026-05-28 14:50:59,853][root][INFO] - Generation 280/400 - Time: 0.00 seconds
[2026-05-28 14:50:59,853][root][INFO] - {'coverage': '100.00', 'max_fitness': '0.00', 'passive_coverage': '73.73', 'passive_max_fitness': '0.00', 'passive_mean_fitness': '-63.49', 'passive_qd_score': '58837.55', 'qd_score': '92121.08', 'mean_fitness_top_k': '-14.18'}
[2026-05-28 14:51:00,819][root][INFO] - Generation 281/400 - Time: 0.00 seconds
[2026-05-28 14:51:00,820][root][INFO] - {'coverage': '100.00', 'max_fitness': '0.00', 'passive_coverage': '73.73', 'passive_max_fitness': '0.00', 'passive_mean_fitness': '-63.49', 'passive_qd_score': '58838.40', 'qd_score': '91832.02', 'mean_fitness_top_k': '-14.19'}
[2026-05-28 14:51:01,790][root][INFO] - Generation 282/400 - Time: 0.00 seconds
[2026-05-28 14:51:01,791][root][INFO] - {'coverage': '100.00', 'max_fitness': '0.00', 'passive_coverage': '73.73', 'passive_max_fitness': '0.00', 'passive_mean_fitness': '-63.49', 'passive_qd_score': '58838.40', 'qd_score': '90882.24', 'mean_fitness_top_k': '-14.18'}
[2026-05-28 14:51:02,758][root][INFO] - Generation 283/400 - Time: 0.00 seconds
[2026-05-28 14:51:02,759][root][INFO] - {'coverage': '100.00', 'max_fitness': '0.00', 'passive_coverage': '73.73', 'passive_max_fitness': '0.00', 'passive_mean_fitness': '-63.49', 'passive_qd_score': '58838.40', 'qd_score': '90032.10', 'mean_fitness_top_k': '-14.65'}
[2026-05-28 14:51:03,718][root][INFO] - Generation 284/400 - Time: 0.00 seconds
[2026-05-28 14:51:03,718][root][INFO] - {'coverage': '100.00', 'max_fitness': '0.00', 'passive_coverage': '73.83', 'passive_max_fitness': '0.00', 'passive_mean_fitness': '-63.40', 'passive_qd_score': '58980.97', 'qd_score': '89399.12', 'mean_fitness_top_k': '-14.71'}
[2026-05-28 14:51:04,682][root][INFO] - Generation 285/400 - Time: 0.00 seconds
[2026-05-28 14:51:04,682][root][INFO] - {'coverage': '100.00', 'max_fitness': '0.00', 'passive_coverage': '74.02', 'passive_max_fitness': '0.00', 'passive_mean_fitness': '-63.35', 'passive_qd_score': '59179.96', 'qd_score': '88326.73', 'mean_fitness_top_k': '-15.46'}
[2026-05-28 14:51:05,646][root][INFO] - Generation 286/400 - Time: 0.00 seconds
[2026-05-28 14:51:05,647][root][INFO] - {'coverage': '100.00', 'max_fitness': '0.00', 'passive_coverage': '74.12', 'passive_max_fitness': '0.00', 'passive_mean_fitness': '-63.27', 'passive_qd_score': '59314.21', 'qd_score': '88462.81', 'mean_fitness_top_k': '-15.00'}
[2026-05-28 14:51:06,614][root][INFO] - Generation 287/400 - Time: 0.00 seconds
[2026-05-28 14:51:06,615][root][INFO] - {'coverage': '100.00', 'max_fitness': '0.00', 'passive_coverage': '74.12', 'passive_max_fitness': '0.00', 'passive_mean_fitness': '-63.27', 'passive_qd_score': '59314.50', 'qd_score': '87886.91', 'mean_fitness_top_k': '-14.86'}
[2026-05-28 14:51:07,591][root][INFO] - Generation 288/400 - Time: 0.00 seconds
[2026-05-28 14:51:07,592][root][INFO] - {'coverage': '100.00', 'max_fitness': '0.00', 'passive_coverage': '74.12', 'passive_max_fitness': '0.00', 'passive_mean_fitness': '-63.27', 'passive_qd_score': '59314.55', 'qd_score': '87183.66', 'mean_fitness_top_k': '-15.10'}
[2026-05-28 14:51:08,558][root][INFO] - Generation 289/400 - Time: 0.00 seconds
[2026-05-28 14:51:08,559][root][INFO] - {'coverage': '100.00', 'max_fitness': '0.00', 'passive_coverage': '74.12', 'passive_max_fitness': '0.00', 'passive_mean_fitness': '-63.27', 'passive_qd_score': '59314.55', 'qd_score': '87100.70', 'mean_fitness_top_k': '-14.29'}
[2026-05-28 14:51:09,522][root][INFO] - Generation 290/400 - Time: 0.00 seconds
[2026-05-28 14:51:09,523][root][INFO] - {'coverage': '100.00', 'max_fitness': '0.00', 'passive_coverage': '74.12', 'passive_max_fitness': '0.00', 'passive_mean_fitness': '-63.27', 'passive_qd_score': '59314.75', 'qd_score': '87061.91', 'mean_fitness_top_k': '-14.49'}
[2026-05-28 14:51:10,504][root][INFO] - Generation 291/400 - Time: 0.00 seconds
[2026-05-28 14:51:10,504][root][INFO] - {'coverage': '100.00', 'max_fitness': '0.00', 'passive_coverage': '74.22', 'passive_max_fitness': '0.00', 'passive_mean_fitness': '-63.19', 'passive_qd_score': '59456.68', 'qd_score': '86928.55', 'mean_fitness_top_k': '-14.07'}
[2026-05-28 14:51:11,475][root][INFO] - Generation 292/400 - Time: 0.00 seconds
[2026-05-28 14:51:11,475][root][INFO] - {'coverage': '100.00', 'max_fitness': '0.00', 'passive_coverage': '74.22', 'passive_max_fitness': '0.00', 'passive_mean_fitness': '-63.19', 'passive_qd_score': '59456.85', 'qd_score': '86776.42', 'mean_fitness_top_k': '-14.33'}
[2026-05-28 14:51:12,439][root][INFO] - Generation 293/400 - Time: 0.00 seconds
[2026-05-28 14:51:12,440][root][INFO] - {'coverage': '100.00', 'max_fitness': '0.00', 'passive_coverage': '74.22', 'passive_max_fitness': '0.00', 'passive_mean_fitness': '-63.19', 'passive_qd_score': '59457.69', 'qd_score': '86480.41', 'mean_fitness_top_k': '-14.41'}
[2026-05-28 14:51:13,401][root][INFO] - Generation 294/400 - Time: 0.00 seconds
[2026-05-28 14:51:13,402][root][INFO] - {'coverage': '100.00', 'max_fitness': '0.00', 'passive_coverage': '74.32', 'passive_max_fitness': '0.00', 'passive_mean_fitness': '-63.21', 'passive_qd_score': '59517.74', 'qd_score': '86551.17', 'mean_fitness_top_k': '-13.95'}
[2026-05-28 14:51:14,368][root][INFO] - Generation 295/400 - Time: 0.00 seconds
[2026-05-28 14:51:14,369][root][INFO] - {'coverage': '100.00', 'max_fitness': '0.00', 'passive_coverage': '74.32', 'passive_max_fitness': '0.00', 'passive_mean_fitness': '-63.21', 'passive_qd_score': '59517.74', 'qd_score': '86461.93', 'mean_fitness_top_k': '-14.44'}
[2026-05-28 14:51:15,338][root][INFO] - Generation 296/400 - Time: 0.00 seconds
[2026-05-28 14:51:15,338][root][INFO] - {'coverage': '100.00', 'max_fitness': '0.00', 'passive_coverage': '74.32', 'passive_max_fitness': '0.00', 'passive_mean_fitness': '-63.21', 'passive_qd_score': '59517.74', 'qd_score': '86119.33', 'mean_fitness_top_k': '-14.92'}
[2026-05-28 14:51:16,303][root][INFO] - Generation 297/400 - Time: 0.00 seconds
[2026-05-28 14:51:16,304][root][INFO] - {'coverage': '100.00', 'max_fitness': '0.00', 'passive_coverage': '74.41', 'passive_max_fitness': '0.00', 'passive_mean_fitness': '-63.23', 'passive_qd_score': '59578.20', 'qd_score': '86356.88', 'mean_fitness_top_k': '-13.73'}
[2026-05-28 14:51:17,277][root][INFO] - Generation 298/400 - Time: 0.00 seconds
[2026-05-28 14:51:17,278][root][INFO] - {'coverage': '100.00', 'max_fitness': '0.00', 'passive_coverage': '74.41', 'passive_max_fitness': '0.00', 'passive_mean_fitness': '-63.23', 'passive_qd_score': '59578.69', 'qd_score': '86111.66', 'mean_fitness_top_k': '-13.72'}
[2026-05-28 14:51:18,241][root][INFO] - Generation 299/400 - Time: 0.00 seconds
[2026-05-28 14:51:18,242][root][INFO] - {'coverage': '100.00', 'max_fitness': '0.00', 'passive_coverage': '74.41', 'passive_max_fitness': '0.00', 'passive_mean_fitness': '-63.23', 'passive_qd_score': '59578.69', 'qd_score': '86040.70', 'mean_fitness_top_k': '-13.28'}
[2026-05-28 14:51:19,208][root][INFO] - Generation 300/400 - Time: 0.00 seconds
[2026-05-28 14:51:19,208][root][INFO] - {'coverage': '100.00', 'max_fitness': '0.00', 'passive_coverage': '74.41', 'passive_max_fitness': '0.00', 'passive_mean_fitness': '-63.23', 'passive_qd_score': '59578.69', 'qd_score': '86039.48', 'mean_fitness_top_k': '-12.65'}
[2026-05-28 14:51:20,167][root][INFO] - Generation 301/400 - Time: 0.00 seconds
[2026-05-28 14:51:20,167][root][INFO] - {'coverage': '100.00', 'max_fitness': '0.00', 'passive_coverage': '74.41', 'passive_max_fitness': '0.00', 'passive_mean_fitness': '-63.23', 'passive_qd_score': '59578.69', 'qd_score': '86116.34', 'mean_fitness_top_k': '-12.13'}
[2026-05-28 14:51:21,130][root][INFO] - Generation 302/400 - Time: 0.00 seconds
[2026-05-28 14:51:21,131][root][INFO] - {'coverage': '100.00', 'max_fitness': '0.00', 'passive_coverage': '74.41', 'passive_max_fitness': '0.00', 'passive_mean_fitness': '-63.23', 'passive_qd_score': '59578.69', 'qd_score': '86252.31', 'mean_fitness_top_k': '-12.08'}
[2026-05-28 14:51:22,090][root][INFO] - Generation 303/400 - Time: 0.00 seconds
[2026-05-28 14:51:22,091][root][INFO] - {'coverage': '100.00', 'max_fitness': '0.00', 'passive_coverage': '74.41', 'passive_max_fitness': '0.00', 'passive_mean_fitness': '-63.23', 'passive_qd_score': '59578.69', 'qd_score': '86426.70', 'mean_fitness_top_k': '-11.87'}
[2026-05-28 14:51:23,053][root][INFO] - Generation 304/400 - Time: 0.00 seconds
[2026-05-28 14:51:23,054][root][INFO] - {'coverage': '100.00', 'max_fitness': '0.00', 'passive_coverage': '74.41', 'passive_max_fitness': '0.00', 'passive_mean_fitness': '-63.23', 'passive_qd_score': '59578.69', 'qd_score': '86395.44', 'mean_fitness_top_k': '-11.08'}
[2026-05-28 14:51:24,013][root][INFO] - Generation 305/400 - Time: 0.00 seconds
[2026-05-28 14:51:24,014][root][INFO] - {'coverage': '100.00', 'max_fitness': '0.00', 'passive_coverage': '74.41', 'passive_max_fitness': '0.00', 'passive_mean_fitness': '-63.23', 'passive_qd_score': '59579.28', 'qd_score': '86481.51', 'mean_fitness_top_k': '-10.64'}
[2026-05-28 14:51:24,972][root][INFO] - Updating AE...
[2026-05-28 14:51:25,680][root][INFO] - Epoch: 1, loss: 6424.3701
[2026-05-28 14:51:25,751][root][INFO] - Epoch: 2, loss: 913.0929
[2026-05-28 14:51:25,822][root][INFO] - Epoch: 3, loss: 760.5729
[2026-05-28 14:51:25,893][root][INFO] - Epoch: 4, loss: 677.0180
[2026-05-28 14:51:25,961][root][INFO] - Epoch: 5, loss: 648.9595
[2026-05-28 14:51:26,032][root][INFO] - Epoch: 6, loss: 637.6927
[2026-05-28 14:51:26,101][root][INFO] - Epoch: 7, loss: 652.7795
[2026-05-28 14:51:26,170][root][INFO] - Epoch: 8, loss: 656.4323
[2026-05-28 14:51:26,239][root][INFO] - Epoch: 9, loss: 647.3882
[2026-05-28 14:51:26,307][root][INFO] - Epoch: 10, loss: 644.7280
[2026-05-28 14:51:26,376][root][INFO] - Epoch: 11, loss: 640.9271
[2026-05-28 14:51:26,445][root][INFO] - Epoch: 12, loss: 650.5559
[2026-05-28 14:51:26,513][root][INFO] - Epoch: 13, loss: 651.0749
[2026-05-28 14:51:26,581][root][INFO] - Epoch: 14, loss: 646.7517
[2026-05-28 14:51:26,649][root][INFO] - Epoch: 15, loss: 643.7723
[2026-05-28 14:51:26,727][root][INFO] - Epoch: 16, loss: 641.5361
[2026-05-28 14:51:26,803][root][INFO] - Epoch: 17, loss: 641.3578
[2026-05-28 14:51:26,803][root][INFO] - Early stopping at epoch: 16
[2026-05-28 14:51:26,831][root][INFO] - {'model_loss': '641.3578', 'recon_loss': '0.0000', 'triplet_loss': '641.3578'}
[2026-05-28 14:51:26,835][root][INFO] - Extinction event (pre-encoder)...
[2026-05-28 14:51:26,835][root][INFO] - Saving snapshot to runs/20260528_144015_kheperax_seed13/plots/latent_generation_1530_before_ext.png
[2026-05-28 14:51:27,953][root][INFO] - Saving snapshot to runs/20260528_144015_kheperax_seed13/plots/latent_generation_1530_after_ext.png
[2026-05-28 14:51:28,828][root][INFO] - Updating AE...
[2026-05-28 14:51:29,529][root][INFO] - Epoch: 1, loss: 36.3110
[2026-05-28 14:51:29,600][root][INFO] - Epoch: 2, loss: 17.3352
[2026-05-28 14:51:29,671][root][INFO] - Epoch: 3, loss: 12.3206
[2026-05-28 14:51:29,741][root][INFO] - Epoch: 4, loss: 9.8991
[2026-05-28 14:51:29,809][root][INFO] - Epoch: 5, loss: 8.5393
[2026-05-28 14:51:29,877][root][INFO] - Epoch: 6, loss: 8.2194
[2026-05-28 14:51:29,945][root][INFO] - Epoch: 7, loss: 7.8541
[2026-05-28 14:51:30,013][root][INFO] - Epoch: 8, loss: 7.6647
[2026-05-28 14:51:30,081][root][INFO] - Epoch: 9, loss: 7.4957
[2026-05-28 14:51:30,149][root][INFO] - Epoch: 10, loss: 7.3498
[2026-05-28 14:51:30,217][root][INFO] - Epoch: 11, loss: 7.2342
[2026-05-28 14:51:30,285][root][INFO] - Epoch: 12, loss: 7.1184
[2026-05-28 14:51:30,353][root][INFO] - Epoch: 13, loss: 7.0165
[2026-05-28 14:51:30,421][root][INFO] - Epoch: 14, loss: 6.8877
[2026-05-28 14:51:30,489][root][INFO] - Epoch: 15, loss: 6.7325
[2026-05-28 14:51:30,557][root][INFO] - Epoch: 16, loss: 6.5115
[2026-05-28 14:51:30,627][root][INFO] - Epoch: 17, loss: 6.1509
[2026-05-28 14:51:30,694][root][INFO] - Epoch: 18, loss: 5.8156
[2026-05-28 14:51:30,763][root][INFO] - Epoch: 19, loss: 5.6621
[2026-05-28 14:51:30,830][root][INFO] - Epoch: 20, loss: 5.4959
[2026-05-28 14:51:30,899][root][INFO] - Epoch: 21, loss: 5.3727
[2026-05-28 14:51:30,968][root][INFO] - Epoch: 22, loss: 5.2361
[2026-05-28 14:51:31,036][root][INFO] - Epoch: 23, loss: 5.1120
[2026-05-28 14:51:31,104][root][INFO] - Epoch: 24, loss: 4.9985
[2026-05-28 14:51:31,172][root][INFO] - Epoch: 25, loss: 4.8904
[2026-05-28 14:51:31,239][root][INFO] - Epoch: 26, loss: 4.7747
[2026-05-28 14:51:31,311][root][INFO] - Epoch: 27, loss: 4.6372
[2026-05-28 14:51:31,380][root][INFO] - Epoch: 28, loss: 4.5594
[2026-05-28 14:51:31,448][root][INFO] - Epoch: 29, loss: 4.2969
[2026-05-28 14:51:31,516][root][INFO] - Epoch: 30, loss: 4.1390
[2026-05-28 14:51:31,584][root][INFO] - Epoch: 31, loss: 4.2269
[2026-05-28 14:51:31,652][root][INFO] - Epoch: 32, loss: 4.0565
[2026-05-28 14:51:31,720][root][INFO] - Epoch: 33, loss: 3.8420
[2026-05-28 14:51:31,787][root][INFO] - Epoch: 34, loss: 3.7667
[2026-05-28 14:51:31,855][root][INFO] - Epoch: 35, loss: 3.6567
[2026-05-28 14:51:31,923][root][INFO] - Epoch: 36, loss: 3.6191
[2026-05-28 14:51:31,991][root][INFO] - Epoch: 37, loss: 3.5175
[2026-05-28 14:51:32,058][root][INFO] - Epoch: 38, loss: 3.4376
[2026-05-28 14:51:32,127][root][INFO] - Epoch: 39, loss: 3.2301
[2026-05-28 14:51:32,194][root][INFO] - Epoch: 40, loss: 3.2018
[2026-05-28 14:51:32,261][root][INFO] - Epoch: 41, loss: 3.0812
[2026-05-28 14:51:32,329][root][INFO] - Epoch: 42, loss: 3.0805
[2026-05-28 14:51:32,396][root][INFO] - Epoch: 43, loss: 2.9607
[2026-05-28 14:51:32,463][root][INFO] - Epoch: 44, loss: 2.8615
[2026-05-28 14:51:32,531][root][INFO] - Epoch: 45, loss: 2.8304
[2026-05-28 14:51:32,598][root][INFO] - Epoch: 46, loss: 2.7458
[2026-05-28 14:51:32,665][root][INFO] - Epoch: 47, loss: 2.6943
[2026-05-28 14:51:32,732][root][INFO] - Epoch: 48, loss: 2.6327
[2026-05-28 14:51:32,799][root][INFO] - Epoch: 49, loss: 2.6052
[2026-05-28 14:51:32,866][root][INFO] - Epoch: 50, loss: 2.6672
[2026-05-28 14:51:32,934][root][INFO] - Epoch: 51, loss: 2.5876
[2026-05-28 14:51:33,001][root][INFO] - Epoch: 52, loss: 2.5494
[2026-05-28 14:51:33,068][root][INFO] - Epoch: 53, loss: 2.6476
[2026-05-28 14:51:33,136][root][INFO] - Epoch: 54, loss: 2.5624
[2026-05-28 14:51:33,203][root][INFO] - Epoch: 55, loss: 2.5843
[2026-05-28 14:51:33,270][root][INFO] - Epoch: 56, loss: 2.4966
[2026-05-28 14:51:33,337][root][INFO] - Epoch: 57, loss: 2.4782
[2026-05-28 14:51:33,404][root][INFO] - Epoch: 58, loss: 2.4756
[2026-05-28 14:51:33,471][root][INFO] - Epoch: 59, loss: 2.4643
[2026-05-28 14:51:33,538][root][INFO] - Epoch: 60, loss: 2.3421
[2026-05-28 14:51:33,605][root][INFO] - Epoch: 61, loss: 2.4275
[2026-05-28 14:51:33,672][root][INFO] - Epoch: 62, loss: 2.3416
[2026-05-28 14:51:33,739][root][INFO] - Epoch: 63, loss: 2.3805
[2026-05-28 14:51:33,806][root][INFO] - Epoch: 64, loss: 2.4351
[2026-05-28 14:51:33,873][root][INFO] - Epoch: 65, loss: 2.4013
[2026-05-28 14:51:33,941][root][INFO] - Epoch: 66, loss: 2.3882
[2026-05-28 14:51:34,008][root][INFO] - Epoch: 67, loss: 2.4075
[2026-05-28 14:51:34,076][root][INFO] - Epoch: 68, loss: 2.2948
[2026-05-28 14:51:34,143][root][INFO] - Epoch: 69, loss: 2.3352
[2026-05-28 14:51:34,212][root][INFO] - Epoch: 70, loss: 2.2646
[2026-05-28 14:51:34,279][root][INFO] - Epoch: 71, loss: 2.2993
[2026-05-28 14:51:34,346][root][INFO] - Epoch: 72, loss: 2.3322
[2026-05-28 14:51:34,414][root][INFO] - Epoch: 73, loss: 2.2707
[2026-05-28 14:51:34,481][root][INFO] - Epoch: 74, loss: 2.2230
[2026-05-28 14:51:34,549][root][INFO] - Epoch: 75, loss: 2.1721
[2026-05-28 14:51:34,616][root][INFO] - Epoch: 76, loss: 2.1802
[2026-05-28 14:51:34,683][root][INFO] - Epoch: 77, loss: 2.1399
[2026-05-28 14:51:34,750][root][INFO] - Epoch: 78, loss: 2.1401
[2026-05-28 14:51:34,818][root][INFO] - Epoch: 79, loss: 2.0950
[2026-05-28 14:51:34,885][root][INFO] - Epoch: 80, loss: 2.0692
[2026-05-28 14:51:34,952][root][INFO] - Epoch: 81, loss: 2.1369
[2026-05-28 14:51:35,020][root][INFO] - Epoch: 82, loss: 2.1169
[2026-05-28 14:51:35,088][root][INFO] - Epoch: 83, loss: 2.0502
[2026-05-28 14:51:35,155][root][INFO] - Epoch: 84, loss: 2.0962
[2026-05-28 14:51:35,222][root][INFO] - Epoch: 85, loss: 2.1961
[2026-05-28 14:51:35,290][root][INFO] - Epoch: 86, loss: 2.1168
[2026-05-28 14:51:35,357][root][INFO] - Epoch: 87, loss: 2.0802
[2026-05-28 14:51:35,425][root][INFO] - Epoch: 88, loss: 2.0573
[2026-05-28 14:51:35,492][root][INFO] - Epoch: 89, loss: 2.0185
[2026-05-28 14:51:35,559][root][INFO] - Epoch: 90, loss: 1.9847
[2026-05-28 14:51:35,626][root][INFO] - Epoch: 91, loss: 1.9877
[2026-05-28 14:51:35,694][root][INFO] - Epoch: 92, loss: 1.9902
[2026-05-28 14:51:35,761][root][INFO] - Epoch: 93, loss: 1.9632
[2026-05-28 14:51:35,828][root][INFO] - Epoch: 94, loss: 2.0020
[2026-05-28 14:51:35,895][root][INFO] - Epoch: 95, loss: 2.0168
[2026-05-28 14:51:35,962][root][INFO] - Epoch: 96, loss: 1.9897
[2026-05-28 14:51:36,033][root][INFO] - Epoch: 97, loss: 1.9314
[2026-05-28 14:51:36,107][root][INFO] - Epoch: 98, loss: 1.9418
[2026-05-28 14:51:36,178][root][INFO] - Epoch: 99, loss: 1.9120
[2026-05-28 14:51:36,251][root][INFO] - Epoch: 100, loss: 1.9451
[2026-05-28 14:51:36,321][root][INFO] - Epoch: 101, loss: 2.0389
[2026-05-28 14:51:36,391][root][INFO] - Epoch: 102, loss: 1.9098
[2026-05-28 14:51:36,461][root][INFO] - Epoch: 103, loss: 1.9787
[2026-05-28 14:51:36,528][root][INFO] - Epoch: 104, loss: 2.0780
[2026-05-28 14:51:36,596][root][INFO] - Epoch: 105, loss: 2.0526
[2026-05-28 14:51:36,663][root][INFO] - Epoch: 106, loss: 2.0053
[2026-05-28 14:51:36,731][root][INFO] - Epoch: 107, loss: 1.9149
[2026-05-28 14:51:36,798][root][INFO] - Epoch: 108, loss: 1.9614
[2026-05-28 14:51:36,866][root][INFO] - Epoch: 109, loss: 1.8557
[2026-05-28 14:51:36,934][root][INFO] - Epoch: 110, loss: 1.9668
[2026-05-28 14:51:37,001][root][INFO] - Epoch: 111, loss: 1.8284
[2026-05-28 14:51:37,068][root][INFO] - Epoch: 112, loss: 1.9274
[2026-05-28 14:51:37,136][root][INFO] - Epoch: 113, loss: 1.9832
[2026-05-28 14:51:37,203][root][INFO] - Epoch: 114, loss: 1.8821
[2026-05-28 14:51:37,275][root][INFO] - Epoch: 115, loss: 2.1084
[2026-05-28 14:51:37,346][root][INFO] - Epoch: 116, loss: 2.1209
[2026-05-28 14:51:37,413][root][INFO] - Epoch: 117, loss: 1.9676
[2026-05-28 14:51:37,481][root][INFO] - Epoch: 118, loss: 1.9281
[2026-05-28 14:51:37,548][root][INFO] - Epoch: 119, loss: 1.9405
[2026-05-28 14:51:37,616][root][INFO] - Epoch: 120, loss: 1.8168
[2026-05-28 14:51:37,683][root][INFO] - Epoch: 121, loss: 1.8339
[2026-05-28 14:51:37,750][root][INFO] - Epoch: 122, loss: 1.8659
[2026-05-28 14:51:37,818][root][INFO] - Epoch: 123, loss: 1.8394
[2026-05-28 14:51:37,885][root][INFO] - Epoch: 124, loss: 1.8002
[2026-05-28 14:51:37,953][root][INFO] - Epoch: 125, loss: 1.7892
[2026-05-28 14:51:38,020][root][INFO] - Epoch: 126, loss: 1.7818
[2026-05-28 14:51:38,087][root][INFO] - Epoch: 127, loss: 1.7511
[2026-05-28 14:51:38,155][root][INFO] - Epoch: 128, loss: 1.7757
[2026-05-28 14:51:38,222][root][INFO] - Epoch: 129, loss: 1.7543
[2026-05-28 14:51:38,290][root][INFO] - Epoch: 130, loss: 1.8406
[2026-05-28 14:51:38,357][root][INFO] - Epoch: 131, loss: 1.7990
[2026-05-28 14:51:38,424][root][INFO] - Epoch: 132, loss: 1.8610
[2026-05-28 14:51:38,491][root][INFO] - Epoch: 133, loss: 2.0379
[2026-05-28 14:51:38,559][root][INFO] - Epoch: 134, loss: 2.0169
[2026-05-28 14:51:38,625][root][INFO] - Epoch: 135, loss: 2.0648
[2026-05-28 14:51:38,693][root][INFO] - Epoch: 136, loss: 1.9461
[2026-05-28 14:51:38,760][root][INFO] - Epoch: 137, loss: 1.9303
[2026-05-28 14:51:38,827][root][INFO] - Epoch: 138, loss: 1.8458
[2026-05-28 14:51:38,827][root][INFO] - Early stopping at epoch: 137
[2026-05-28 14:51:38,864][root][INFO] - {'model_loss': '1.8458', 'recon_loss': '0.0000', 'triplet_loss': '1.8458'}
[2026-05-28 14:51:38,868][root][INFO] - Generation 306/400 - Time: 0.00 seconds
[2026-05-28 14:51:38,868][root][INFO] - {'coverage': '100.00', 'max_fitness': '0.00', 'passive_coverage': '74.41', 'passive_max_fitness': '0.00', 'passive_mean_fitness': '-63.23', 'passive_qd_score': '59579.28', 'qd_score': '86558.23', 'mean_fitness_top_k': '-10.29'}
[2026-05-28 14:51:39,839][root][INFO] - Generation 307/400 - Time: 0.00 seconds
[2026-05-28 14:51:39,840][root][INFO] - {'coverage': '100.00', 'max_fitness': '0.00', 'passive_coverage': '75.29', 'passive_max_fitness': '0.00', 'passive_mean_fitness': '-63.09', 'passive_qd_score': '60393.05', 'qd_score': '82736.15', 'mean_fitness_top_k': '-25.53'}
[2026-05-28 14:51:40,803][root][INFO] - Generation 308/400 - Time: 0.00 seconds
[2026-05-28 14:51:40,804][root][INFO] - {'coverage': '100.00', 'max_fitness': '0.00', 'passive_coverage': '75.78', 'passive_max_fitness': '0.00', 'passive_mean_fitness': '-62.91', 'passive_qd_score': '60925.96', 'qd_score': '84598.70', 'mean_fitness_top_k': '-25.57'}
[2026-05-28 14:51:41,783][root][INFO] - Generation 309/400 - Time: 0.00 seconds
[2026-05-28 14:51:41,784][root][INFO] - {'coverage': '100.00', 'max_fitness': '0.00', 'passive_coverage': '76.17', 'passive_max_fitness': '0.00', 'passive_mean_fitness': '-62.82', 'passive_qd_score': '61307.67', 'qd_score': '85929.53', 'mean_fitness_top_k': '-24.48'}
[2026-05-28 14:51:42,749][root][INFO] - Generation 310/400 - Time: 0.00 seconds
[2026-05-28 14:51:42,750][root][INFO] - {'coverage': '100.00', 'max_fitness': '0.00', 'passive_coverage': '76.27', 'passive_max_fitness': '0.00', 'passive_mean_fitness': '-62.74', 'passive_qd_score': '61448.25', 'qd_score': '86401.23', 'mean_fitness_top_k': '-23.74'}
[2026-05-28 14:51:43,717][root][INFO] - Generation 311/400 - Time: 0.00 seconds
[2026-05-28 14:51:43,718][root][INFO] - {'coverage': '100.00', 'max_fitness': '0.00', 'passive_coverage': '76.76', 'passive_max_fitness': '0.00', 'passive_mean_fitness': '-62.77', 'passive_qd_score': '61820.87', 'qd_score': '87152.73', 'mean_fitness_top_k': '-22.42'}
[2026-05-28 14:51:43,720][root][INFO] - Saving snapshot to runs/20260528_144015_kheperax_seed13/plots/latent_generation_1555_5_gens_after_ext_gen1530.png
[2026-05-28 14:51:45,768][root][INFO] - Generation 312/400 - Time: 0.00 seconds
[2026-05-28 14:51:45,768][root][INFO] - {'coverage': '100.00', 'max_fitness': '0.00', 'passive_coverage': '76.95', 'passive_max_fitness': '0.00', 'passive_mean_fitness': '-62.70', 'passive_qd_score': '62028.49', 'qd_score': '88198.15', 'mean_fitness_top_k': '-19.50'}
[2026-05-28 14:51:46,728][root][INFO] - Generation 313/400 - Time: 0.00 seconds
[2026-05-28 14:51:46,729][root][INFO] - {'coverage': '100.00', 'max_fitness': '0.00', 'passive_coverage': '76.95', 'passive_max_fitness': '0.00', 'passive_mean_fitness': '-62.70', 'passive_qd_score': '62030.31', 'qd_score': '88566.64', 'mean_fitness_top_k': '-18.88'}
[2026-05-28 14:51:47,693][root][INFO] - Generation 314/400 - Time: 0.00 seconds
[2026-05-28 14:51:47,694][root][INFO] - {'coverage': '100.00', 'max_fitness': '0.00', 'passive_coverage': '77.15', 'passive_max_fitness': '0.00', 'passive_mean_fitness': '-62.70', 'passive_qd_score': '62193.11', 'qd_score': '89149.94', 'mean_fitness_top_k': '-16.99'}
[2026-05-28 14:51:48,658][root][INFO] - Generation 315/400 - Time: 0.00 seconds
[2026-05-28 14:51:48,658][root][INFO] - {'coverage': '100.00', 'max_fitness': '0.00', 'passive_coverage': '77.54', 'passive_max_fitness': '0.00', 'passive_mean_fitness': '-62.58', 'passive_qd_score': '62598.41', 'qd_score': '89004.08', 'mean_fitness_top_k': '-16.22'}
[2026-05-28 14:51:49,626][root][INFO] - Generation 316/400 - Time: 0.00 seconds
[2026-05-28 14:51:49,627][root][INFO] - {'coverage': '100.00', 'max_fitness': '0.00', 'passive_coverage': '77.54', 'passive_max_fitness': '0.00', 'passive_mean_fitness': '-62.58', 'passive_qd_score': '62600.32', 'qd_score': '89311.61', 'mean_fitness_top_k': '-14.89'}
[2026-05-28 14:51:50,591][root][INFO] - Generation 317/400 - Time: 0.00 seconds
[2026-05-28 14:51:50,592][root][INFO] - {'coverage': '100.00', 'max_fitness': '0.00', 'passive_coverage': '77.54', 'passive_max_fitness': '0.00', 'passive_mean_fitness': '-62.58', 'passive_qd_score': '62603.68', 'qd_score': '89412.55', 'mean_fitness_top_k': '-14.05'}
[2026-05-28 14:51:51,557][root][INFO] - Generation 318/400 - Time: 0.00 seconds
[2026-05-28 14:51:51,558][root][INFO] - {'coverage': '100.00', 'max_fitness': '0.00', 'passive_coverage': '77.73', 'passive_max_fitness': '0.00', 'passive_mean_fitness': '-62.58', 'passive_qd_score': '62756.75', 'qd_score': '89394.81', 'mean_fitness_top_k': '-13.83'}
[2026-05-28 14:51:52,525][root][INFO] - Generation 319/400 - Time: 0.00 seconds
[2026-05-28 14:51:52,526][root][INFO] - {'coverage': '100.00', 'max_fitness': '0.00', 'passive_coverage': '77.73', 'passive_max_fitness': '0.00', 'passive_mean_fitness': '-62.58', 'passive_qd_score': '62757.95', 'qd_score': '89674.59', 'mean_fitness_top_k': '-11.95'}
[2026-05-28 14:51:53,502][root][INFO] - Generation 320/400 - Time: 0.00 seconds
[2026-05-28 14:51:53,503][root][INFO] - {'coverage': '100.00', 'max_fitness': '0.00', 'passive_coverage': '77.93', 'passive_max_fitness': '0.00', 'passive_mean_fitness': '-62.51', 'passive_qd_score': '62973.20', 'qd_score': '89769.99', 'mean_fitness_top_k': '-11.49'}
[2026-05-28 14:51:54,478][root][INFO] - Generation 321/400 - Time: 0.00 seconds
[2026-05-28 14:51:54,478][root][INFO] - {'coverage': '100.00', 'max_fitness': '0.00', 'passive_coverage': '78.22', 'passive_max_fitness': '0.00', 'passive_mean_fitness': '-62.53', 'passive_qd_score': '63193.13', 'qd_score': '90559.66', 'mean_fitness_top_k': '-9.48'}
[2026-05-28 14:51:55,442][root][INFO] - Generation 322/400 - Time: 0.00 seconds
[2026-05-28 14:51:55,443][root][INFO] - {'coverage': '100.00', 'max_fitness': '0.00', 'passive_coverage': '78.22', 'passive_max_fitness': '0.00', 'passive_mean_fitness': '-62.53', 'passive_qd_score': '63194.66', 'qd_score': '91072.80', 'mean_fitness_top_k': '-7.90'}
[2026-05-28 14:51:56,408][root][INFO] - Generation 323/400 - Time: 0.00 seconds
[2026-05-28 14:51:56,409][root][INFO] - {'coverage': '100.00', 'max_fitness': '0.00', 'passive_coverage': '78.22', 'passive_max_fitness': '0.00', 'passive_mean_fitness': '-62.52', 'passive_qd_score': '63201.56', 'qd_score': '91137.08', 'mean_fitness_top_k': '-7.17'}
[2026-05-28 14:51:57,374][root][INFO] - Generation 324/400 - Time: 0.00 seconds
[2026-05-28 14:51:57,375][root][INFO] - {'coverage': '100.00', 'max_fitness': '0.00', 'passive_coverage': '78.22', 'passive_max_fitness': '0.00', 'passive_mean_fitness': '-62.52', 'passive_qd_score': '63203.34', 'qd_score': '91422.67', 'mean_fitness_top_k': '-5.25'}
[2026-05-28 14:51:58,337][root][INFO] - Generation 325/400 - Time: 0.00 seconds
[2026-05-28 14:51:58,337][root][INFO] - {'coverage': '100.00', 'max_fitness': '0.00', 'passive_coverage': '78.22', 'passive_max_fitness': '0.00', 'passive_mean_fitness': '-62.52', 'passive_qd_score': '63203.82', 'qd_score': '91708.94', 'mean_fitness_top_k': '-4.31'}
[2026-05-28 14:51:59,297][root][INFO] - Generation 326/400 - Time: 0.00 seconds
[2026-05-28 14:51:59,298][root][INFO] - {'coverage': '100.00', 'max_fitness': '0.00', 'passive_coverage': '78.22', 'passive_max_fitness': '0.00', 'passive_mean_fitness': '-62.52', 'passive_qd_score': '63203.82', 'qd_score': '92389.30', 'mean_fitness_top_k': '-3.35'}
[2026-05-28 14:52:00,264][root][INFO] - Generation 327/400 - Time: 0.00 seconds
[2026-05-28 14:52:00,265][root][INFO] - {'coverage': '100.00', 'max_fitness': '0.00', 'passive_coverage': '78.22', 'passive_max_fitness': '0.00', 'passive_mean_fitness': '-62.52', 'passive_qd_score': '63203.91', 'qd_score': '93243.33', 'mean_fitness_top_k': '-2.38'}
[2026-05-28 14:52:01,229][root][INFO] - Generation 328/400 - Time: 0.00 seconds
[2026-05-28 14:52:01,230][root][INFO] - {'coverage': '100.00', 'max_fitness': '0.00', 'passive_coverage': '78.22', 'passive_max_fitness': '0.00', 'passive_mean_fitness': '-62.51', 'passive_qd_score': '63205.38', 'qd_score': '93990.58', 'mean_fitness_top_k': '-1.31'}
[2026-05-28 14:52:02,204][root][INFO] - Generation 329/400 - Time: 0.00 seconds
[2026-05-28 14:52:02,205][root][INFO] - {'coverage': '100.00', 'max_fitness': '0.00', 'passive_coverage': '78.32', 'passive_max_fitness': '0.00', 'passive_mean_fitness': '-62.46', 'passive_qd_score': '63326.59', 'qd_score': '94509.89', 'mean_fitness_top_k': '-0.70'}
[2026-05-28 14:52:03,177][root][INFO] - Generation 330/400 - Time: 0.00 seconds
[2026-05-28 14:52:03,177][root][INFO] - {'coverage': '100.00', 'max_fitness': '0.00', 'passive_coverage': '78.42', 'passive_max_fitness': '0.00', 'passive_mean_fitness': '-62.39', 'passive_qd_score': '63460.55', 'qd_score': '95036.70', 'mean_fitness_top_k': '-0.06'}
[2026-05-28 14:52:04,138][root][INFO] - Generation 331/400 - Time: 0.00 seconds
[2026-05-28 14:52:04,139][root][INFO] - {'coverage': '100.00', 'max_fitness': '0.00', 'passive_coverage': '78.42', 'passive_max_fitness': '0.00', 'passive_mean_fitness': '-62.39', 'passive_qd_score': '63464.62', 'qd_score': '95199.34', 'mean_fitness_top_k': '0.00'}
[2026-05-28 14:52:05,110][root][INFO] - Generation 332/400 - Time: 0.00 seconds
[2026-05-28 14:52:05,111][root][INFO] - {'coverage': '100.00', 'max_fitness': '0.00', 'passive_coverage': '78.42', 'passive_max_fitness': '0.00', 'passive_mean_fitness': '-62.39', 'passive_qd_score': '63465.46', 'qd_score': '95576.80', 'mean_fitness_top_k': '0.00'}
[2026-05-28 14:52:06,088][root][INFO] - Generation 333/400 - Time: 0.00 seconds
[2026-05-28 14:52:06,089][root][INFO] - {'coverage': '100.00', 'max_fitness': '0.00', 'passive_coverage': '78.52', 'passive_max_fitness': '0.00', 'passive_mean_fitness': '-62.31', 'passive_qd_score': '63606.91', 'qd_score': '96120.15', 'mean_fitness_top_k': '0.00'}
[2026-05-28 14:52:07,053][root][INFO] - Generation 334/400 - Time: 0.00 seconds
[2026-05-28 14:52:07,054][root][INFO] - {'coverage': '100.00', 'max_fitness': '0.00', 'passive_coverage': '78.52', 'passive_max_fitness': '0.00', 'passive_mean_fitness': '-62.31', 'passive_qd_score': '63606.91', 'qd_score': '96563.07', 'mean_fitness_top_k': '0.00'}
[2026-05-28 14:52:08,014][root][INFO] - Generation 335/400 - Time: 0.00 seconds
[2026-05-28 14:52:08,014][root][INFO] - {'coverage': '100.00', 'max_fitness': '0.00', 'passive_coverage': '78.52', 'passive_max_fitness': '0.00', 'passive_mean_fitness': '-62.31', 'passive_qd_score': '63608.91', 'qd_score': '97413.23', 'mean_fitness_top_k': '0.00'}
[2026-05-28 14:52:08,993][root][INFO] - Generation 336/400 - Time: 0.00 seconds
[2026-05-28 14:52:08,994][root][INFO] - {'coverage': '100.00', 'max_fitness': '0.00', 'passive_coverage': '78.52', 'passive_max_fitness': '0.00', 'passive_mean_fitness': '-62.31', 'passive_qd_score': '63608.91', 'qd_score': '97963.87', 'mean_fitness_top_k': '0.00'}
[2026-05-28 14:52:09,963][root][INFO] - Generation 337/400 - Time: 0.00 seconds
[2026-05-28 14:52:09,964][root][INFO] - {'coverage': '100.00', 'max_fitness': '0.00', 'passive_coverage': '78.52', 'passive_max_fitness': '0.00', 'passive_mean_fitness': '-62.30', 'passive_qd_score': '63609.97', 'qd_score': '98759.73', 'mean_fitness_top_k': '0.00'}
[2026-05-28 14:52:10,931][root][INFO] - Generation 338/400 - Time: 0.00 seconds
[2026-05-28 14:52:10,932][root][INFO] - {'coverage': '100.00', 'max_fitness': '0.00', 'passive_coverage': '78.52', 'passive_max_fitness': '0.00', 'passive_mean_fitness': '-62.30', 'passive_qd_score': '63609.97', 'qd_score': '99069.08', 'mean_fitness_top_k': '0.00'}
[2026-05-28 14:52:11,895][root][INFO] - Generation 339/400 - Time: 0.00 seconds
[2026-05-28 14:52:11,896][root][INFO] - {'coverage': '100.00', 'max_fitness': '0.00', 'passive_coverage': '78.61', 'passive_max_fitness': '0.00', 'passive_mean_fitness': '-62.23', 'passive_qd_score': '63751.39', 'qd_score': '99723.25', 'mean_fitness_top_k': '0.00'}
[2026-05-28 14:52:12,904][root][INFO] - Generation 340/400 - Time: 0.00 seconds
[2026-05-28 14:52:12,905][root][INFO] - {'coverage': '100.00', 'max_fitness': '0.00', 'passive_coverage': '78.61', 'passive_max_fitness': '0.00', 'passive_mean_fitness': '-62.23', 'passive_qd_score': '63751.39', 'qd_score': '100660.58', 'mean_fitness_top_k': '0.00'}
[2026-05-28 14:52:13,871][root][INFO] - Generation 341/400 - Time: 0.00 seconds
[2026-05-28 14:52:13,872][root][INFO] - {'coverage': '100.00', 'max_fitness': '0.00', 'passive_coverage': '78.71', 'passive_max_fitness': '0.00', 'passive_mean_fitness': '-62.17', 'passive_qd_score': '63878.88', 'qd_score': '101656.59', 'mean_fitness_top_k': '0.00'}
[2026-05-28 14:52:14,833][root][INFO] - Updating AE...
[2026-05-28 14:52:15,529][root][INFO] - Epoch: 1, loss: 10404.1191
[2026-05-28 14:52:15,600][root][INFO] - Epoch: 2, loss: 2238.7646
[2026-05-28 14:52:15,669][root][INFO] - Epoch: 3, loss: 1281.7240
[2026-05-28 14:52:15,739][root][INFO] - Epoch: 4, loss: 1010.9591
[2026-05-28 14:52:15,808][root][INFO] - Epoch: 5, loss: 919.2052
[2026-05-28 14:52:15,876][root][INFO] - Epoch: 6, loss: 867.8890
[2026-05-28 14:52:15,944][root][INFO] - Epoch: 7, loss: 843.0745
[2026-05-28 14:52:16,013][root][INFO] - Epoch: 8, loss: 820.9528
[2026-05-28 14:52:16,080][root][INFO] - Epoch: 9, loss: 802.4710
[2026-05-28 14:52:16,148][root][INFO] - Epoch: 10, loss: 788.4838
[2026-05-28 14:52:16,217][root][INFO] - Epoch: 11, loss: 777.9484
[2026-05-28 14:52:16,285][root][INFO] - Epoch: 12, loss: 767.0577
[2026-05-28 14:52:16,354][root][INFO] - Epoch: 13, loss: 759.9174
[2026-05-28 14:52:16,422][root][INFO] - Epoch: 14, loss: 752.2743
[2026-05-28 14:52:16,490][root][INFO] - Epoch: 15, loss: 746.0643
[2026-05-28 14:52:16,559][root][INFO] - Epoch: 16, loss: 740.8542
[2026-05-28 14:52:16,627][root][INFO] - Epoch: 17, loss: 736.3109
[2026-05-28 14:52:16,695][root][INFO] - Epoch: 18, loss: 731.9805
[2026-05-28 14:52:16,763][root][INFO] - Epoch: 19, loss: 728.3342
[2026-05-28 14:52:16,831][root][INFO] - Epoch: 20, loss: 724.3862
[2026-05-28 14:52:16,899][root][INFO] - Epoch: 21, loss: 721.1678
[2026-05-28 14:52:16,968][root][INFO] - Epoch: 22, loss: 717.7960
[2026-05-28 14:52:17,037][root][INFO] - Epoch: 23, loss: 714.4852
[2026-05-28 14:52:17,105][root][INFO] - Epoch: 24, loss: 711.3597
[2026-05-28 14:52:17,173][root][INFO] - Epoch: 25, loss: 710.5853
[2026-05-28 14:52:17,241][root][INFO] - Epoch: 26, loss: 708.0476
[2026-05-28 14:52:17,310][root][INFO] - Epoch: 27, loss: 705.4539
[2026-05-28 14:52:17,378][root][INFO] - Epoch: 28, loss: 703.4960
[2026-05-28 14:52:17,445][root][INFO] - Epoch: 29, loss: 701.2641
[2026-05-28 14:52:17,513][root][INFO] - Epoch: 30, loss: 699.4922
[2026-05-28 14:52:17,582][root][INFO] - Epoch: 31, loss: 696.8396
[2026-05-28 14:52:17,650][root][INFO] - Epoch: 32, loss: 695.0981
[2026-05-28 14:52:17,718][root][INFO] - Epoch: 33, loss: 692.4540
[2026-05-28 14:52:17,787][root][INFO] - Epoch: 34, loss: 691.2792
[2026-05-28 14:52:17,855][root][INFO] - Epoch: 35, loss: 689.7111
[2026-05-28 14:52:17,923][root][INFO] - Epoch: 36, loss: 688.4924
[2026-05-28 14:52:17,991][root][INFO] - Epoch: 37, loss: 686.9952
[2026-05-28 14:52:18,059][root][INFO] - Epoch: 38, loss: 685.4953
[2026-05-28 14:52:18,128][root][INFO] - Epoch: 39, loss: 684.2438
[2026-05-28 14:52:18,196][root][INFO] - Epoch: 40, loss: 682.9147
[2026-05-28 14:52:18,264][root][INFO] - Epoch: 41, loss: 681.5595
[2026-05-28 14:52:18,332][root][INFO] - Epoch: 42, loss: 680.4907
[2026-05-28 14:52:18,400][root][INFO] - Epoch: 43, loss: 679.1289
[2026-05-28 14:52:18,468][root][INFO] - Epoch: 44, loss: 677.8646
[2026-05-28 14:52:18,536][root][INFO] - Epoch: 45, loss: 676.8313
[2026-05-28 14:52:18,603][root][INFO] - Epoch: 46, loss: 675.7609
[2026-05-28 14:52:18,671][root][INFO] - Epoch: 47, loss: 674.5992
[2026-05-28 14:52:18,739][root][INFO] - Epoch: 48, loss: 673.7607
[2026-05-28 14:52:18,808][root][INFO] - Epoch: 49, loss: 672.4882
[2026-05-28 14:52:18,876][root][INFO] - Epoch: 50, loss: 671.4823
[2026-05-28 14:52:18,944][root][INFO] - Epoch: 51, loss: 670.4711
[2026-05-28 14:52:19,011][root][INFO] - Epoch: 52, loss: 669.5853
[2026-05-28 14:52:19,080][root][INFO] - Epoch: 53, loss: 668.6605
[2026-05-28 14:52:19,148][root][INFO] - Epoch: 54, loss: 667.7970
[2026-05-28 14:52:19,216][root][INFO] - Epoch: 55, loss: 667.0552
[2026-05-28 14:52:19,283][root][INFO] - Epoch: 56, loss: 666.6002
[2026-05-28 14:52:19,350][root][INFO] - Epoch: 57, loss: 665.9875
[2026-05-28 14:52:19,418][root][INFO] - Epoch: 58, loss: 665.3697
[2026-05-28 14:52:19,487][root][INFO] - Epoch: 59, loss: 664.8997
[2026-05-28 14:52:19,555][root][INFO] - Epoch: 60, loss: 664.4135
[2026-05-28 14:52:19,624][root][INFO] - Epoch: 61, loss: 663.9074
[2026-05-28 14:52:19,695][root][INFO] - Epoch: 62, loss: 663.5640
[2026-05-28 14:52:19,763][root][INFO] - Epoch: 63, loss: 663.1271
[2026-05-28 14:52:19,832][root][INFO] - Epoch: 64, loss: 662.6428
[2026-05-28 14:52:19,900][root][INFO] - Epoch: 65, loss: 662.0912
[2026-05-28 14:52:19,968][root][INFO] - Epoch: 66, loss: 661.8047
[2026-05-28 14:52:20,037][root][INFO] - Epoch: 67, loss: 661.3718
[2026-05-28 14:52:20,105][root][INFO] - Epoch: 68, loss: 660.9953
[2026-05-28 14:52:20,173][root][INFO] - Epoch: 69, loss: 660.7231
[2026-05-28 14:52:20,242][root][INFO] - Epoch: 70, loss: 660.4156
[2026-05-28 14:52:20,310][root][INFO] - Epoch: 71, loss: 660.1812
[2026-05-28 14:52:20,378][root][INFO] - Epoch: 72, loss: 659.8843
[2026-05-28 14:52:20,446][root][INFO] - Epoch: 73, loss: 659.6221
[2026-05-28 14:52:20,515][root][INFO] - Epoch: 74, loss: 659.6325
[2026-05-28 14:52:20,583][root][INFO] - Epoch: 75, loss: 659.1230
[2026-05-28 14:52:20,652][root][INFO] - Epoch: 76, loss: 658.8964
[2026-05-28 14:52:20,720][root][INFO] - Epoch: 77, loss: 658.6826
[2026-05-28 14:52:20,788][root][INFO] - Epoch: 78, loss: 658.5003
[2026-05-28 14:52:20,856][root][INFO] - Epoch: 79, loss: 658.2550
[2026-05-28 14:52:20,924][root][INFO] - Epoch: 80, loss: 658.0283
[2026-05-28 14:52:20,993][root][INFO] - Epoch: 81, loss: 657.9882
[2026-05-28 14:52:21,060][root][INFO] - Epoch: 82, loss: 657.5937
[2026-05-28 14:52:21,128][root][INFO] - Epoch: 83, loss: 657.4220
[2026-05-28 14:52:21,197][root][INFO] - Epoch: 84, loss: 657.2820
[2026-05-28 14:52:21,264][root][INFO] - Epoch: 85, loss: 657.2220
[2026-05-28 14:52:21,333][root][INFO] - Epoch: 86, loss: 656.8761
[2026-05-28 14:52:21,401][root][INFO] - Epoch: 87, loss: 656.7071
[2026-05-28 14:52:21,469][root][INFO] - Epoch: 88, loss: 656.4692
[2026-05-28 14:52:21,537][root][INFO] - Epoch: 89, loss: 656.2778
[2026-05-28 14:52:21,605][root][INFO] - Epoch: 90, loss: 656.1067
[2026-05-28 14:52:21,673][root][INFO] - Epoch: 91, loss: 655.9885
[2026-05-28 14:52:21,742][root][INFO] - Epoch: 92, loss: 655.7897
[2026-05-28 14:52:21,810][root][INFO] - Epoch: 93, loss: 655.9104
[2026-05-28 14:52:21,878][root][INFO] - Epoch: 94, loss: 655.7010
[2026-05-28 14:52:21,946][root][INFO] - Epoch: 95, loss: 655.4965
[2026-05-28 14:52:22,014][root][INFO] - Epoch: 96, loss: 655.3715
[2026-05-28 14:52:22,082][root][INFO] - Epoch: 97, loss: 655.1137
[2026-05-28 14:52:22,151][root][INFO] - Epoch: 98, loss: 655.0537
[2026-05-28 14:52:22,219][root][INFO] - Epoch: 99, loss: 654.7188
[2026-05-28 14:52:22,287][root][INFO] - Epoch: 100, loss: 654.4226
[2026-05-28 14:52:22,355][root][INFO] - Epoch: 101, loss: 654.1928
[2026-05-28 14:52:22,423][root][INFO] - Epoch: 102, loss: 653.8823
[2026-05-28 14:52:22,491][root][INFO] - Epoch: 103, loss: 653.5809
[2026-05-28 14:52:22,559][root][INFO] - Epoch: 104, loss: 653.3228
[2026-05-28 14:52:22,627][root][INFO] - Epoch: 105, loss: 652.9492
[2026-05-28 14:52:22,695][root][INFO] - Epoch: 106, loss: 652.7123
[2026-05-28 14:52:22,763][root][INFO] - Epoch: 107, loss: 652.3514
[2026-05-28 14:52:22,831][root][INFO] - Epoch: 108, loss: 652.0759
[2026-05-28 14:52:22,899][root][INFO] - Epoch: 109, loss: 652.1274
[2026-05-28 14:52:22,967][root][INFO] - Epoch: 110, loss: 652.3168
[2026-05-28 14:52:23,035][root][INFO] - Epoch: 111, loss: 651.8607
[2026-05-28 14:52:23,103][root][INFO] - Epoch: 112, loss: 651.5445
[2026-05-28 14:52:23,171][root][INFO] - Epoch: 113, loss: 651.5030
[2026-05-28 14:52:23,239][root][INFO] - Epoch: 114, loss: 651.1868
[2026-05-28 14:52:23,308][root][INFO] - Epoch: 115, loss: 650.8929
[2026-05-28 14:52:23,376][root][INFO] - Epoch: 116, loss: 650.6702
[2026-05-28 14:52:23,444][root][INFO] - Epoch: 117, loss: 650.3970
[2026-05-28 14:52:23,513][root][INFO] - Epoch: 118, loss: 650.0202
[2026-05-28 14:52:23,581][root][INFO] - Epoch: 119, loss: 649.8710
[2026-05-28 14:52:23,649][root][INFO] - Epoch: 120, loss: 649.7214
[2026-05-28 14:52:23,718][root][INFO] - Epoch: 121, loss: 649.4655
[2026-05-28 14:52:23,786][root][INFO] - Epoch: 122, loss: 649.2823
[2026-05-28 14:52:23,854][root][INFO] - Epoch: 123, loss: 649.2518
[2026-05-28 14:52:23,922][root][INFO] - Epoch: 124, loss: 648.8608
[2026-05-28 14:52:23,991][root][INFO] - Epoch: 125, loss: 648.7458
[2026-05-28 14:52:24,059][root][INFO] - Epoch: 126, loss: 648.5216
[2026-05-28 14:52:24,127][root][INFO] - Epoch: 127, loss: 648.3043
[2026-05-28 14:52:24,195][root][INFO] - Epoch: 128, loss: 647.9594
[2026-05-28 14:52:24,263][root][INFO] - Epoch: 129, loss: 647.6514
[2026-05-28 14:52:24,331][root][INFO] - Epoch: 130, loss: 647.3300
[2026-05-28 14:52:24,400][root][INFO] - Epoch: 131, loss: 647.2819
[2026-05-28 14:52:24,468][root][INFO] - Epoch: 132, loss: 647.0570
[2026-05-28 14:52:24,536][root][INFO] - Epoch: 133, loss: 647.0372
[2026-05-28 14:52:24,604][root][INFO] - Epoch: 134, loss: 646.8143
[2026-05-28 14:52:24,672][root][INFO] - Epoch: 135, loss: 646.6827
[2026-05-28 14:52:24,741][root][INFO] - Epoch: 136, loss: 646.2870
[2026-05-28 14:52:24,809][root][INFO] - Epoch: 137, loss: 646.1458
[2026-05-28 14:52:24,877][root][INFO] - Epoch: 138, loss: 646.5664
[2026-05-28 14:52:24,945][root][INFO] - Epoch: 139, loss: 646.9679
[2026-05-28 14:52:25,013][root][INFO] - Epoch: 140, loss: 646.2170
[2026-05-28 14:52:25,081][root][INFO] - Epoch: 141, loss: 645.8027
[2026-05-28 14:52:25,149][root][INFO] - Epoch: 142, loss: 645.7234
[2026-05-28 14:52:25,217][root][INFO] - Epoch: 143, loss: 645.4468
[2026-05-28 14:52:25,285][root][INFO] - Epoch: 144, loss: 645.7914
[2026-05-28 14:52:25,353][root][INFO] - Epoch: 145, loss: 645.2854
[2026-05-28 14:52:25,422][root][INFO] - Epoch: 146, loss: 645.2683
[2026-05-28 14:52:25,490][root][INFO] - Epoch: 147, loss: 645.5576
[2026-05-28 14:52:25,558][root][INFO] - Epoch: 148, loss: 664.2870
[2026-05-28 14:52:25,626][root][INFO] - Epoch: 149, loss: 651.1442
[2026-05-28 14:52:25,695][root][INFO] - Epoch: 150, loss: 647.4160
[2026-05-28 14:52:25,763][root][INFO] - Epoch: 151, loss: 646.4656
[2026-05-28 14:52:25,831][root][INFO] - Epoch: 152, loss: 646.0253
[2026-05-28 14:52:25,899][root][INFO] - Epoch: 153, loss: 645.6785
[2026-05-28 14:52:25,967][root][INFO] - Epoch: 154, loss: 645.1437
[2026-05-28 14:52:26,037][root][INFO] - Epoch: 155, loss: 644.9083
[2026-05-28 14:52:26,105][root][INFO] - Epoch: 156, loss: 644.4581
[2026-05-28 14:52:26,173][root][INFO] - Epoch: 157, loss: 644.4133
[2026-05-28 14:52:26,242][root][INFO] - Epoch: 158, loss: 644.0433
[2026-05-28 14:52:26,310][root][INFO] - Epoch: 159, loss: 644.1089
[2026-05-28 14:52:26,378][root][INFO] - Epoch: 160, loss: 646.3298
[2026-05-28 14:52:26,446][root][INFO] - Epoch: 161, loss: 652.3728
[2026-05-28 14:52:26,514][root][INFO] - Epoch: 162, loss: 665.1326
[2026-05-28 14:52:26,581][root][INFO] - Epoch: 163, loss: 667.6092
[2026-05-28 14:52:26,649][root][INFO] - Epoch: 164, loss: 665.9366
[2026-05-28 14:52:26,717][root][INFO] - Epoch: 165, loss: 664.0549
[2026-05-28 14:52:26,785][root][INFO] - Epoch: 166, loss: 660.4543
[2026-05-28 14:52:26,853][root][INFO] - Epoch: 167, loss: 658.8945
[2026-05-28 14:52:26,922][root][INFO] - Epoch: 168, loss: 656.7308
[2026-05-28 14:52:26,989][root][INFO] - Epoch: 169, loss: 655.0430
[2026-05-28 14:52:26,990][root][INFO] - Early stopping at epoch: 168
[2026-05-28 14:52:27,029][root][INFO] - {'model_loss': '655.0430', 'recon_loss': '0.0000', 'triplet_loss': '655.0430'}
[2026-05-28 14:52:27,033][root][INFO] - Extinction event (pre-encoder)...
[2026-05-28 14:52:27,033][root][INFO] - Saving snapshot to runs/20260528_144015_kheperax_seed13/plots/latent_generation_1710_before_ext.png
[2026-05-28 14:52:28,125][root][INFO] - Saving snapshot to runs/20260528_144015_kheperax_seed13/plots/latent_generation_1710_after_ext.png
[2026-05-28 14:52:29,033][root][INFO] - Updating AE...
[2026-05-28 14:52:29,696][root][INFO] - Epoch: 1, loss: 566.3905
[2026-05-28 14:52:29,767][root][INFO] - Epoch: 2, loss: 270.6430
[2026-05-28 14:52:29,838][root][INFO] - Epoch: 3, loss: 254.0709
[2026-05-28 14:52:29,908][root][INFO] - Epoch: 4, loss: 224.9996
[2026-05-28 14:52:29,975][root][INFO] - Epoch: 5, loss: 224.6215
[2026-05-28 14:52:30,044][root][INFO] - Epoch: 6, loss: 223.2330
[2026-05-28 14:52:30,112][root][INFO] - Epoch: 7, loss: 221.7670
[2026-05-28 14:52:30,181][root][INFO] - Epoch: 8, loss: 220.2236
[2026-05-28 14:52:30,250][root][INFO] - Epoch: 9, loss: 218.6791
[2026-05-28 14:52:30,317][root][INFO] - Epoch: 10, loss: 217.1485
[2026-05-28 14:52:30,386][root][INFO] - Epoch: 11, loss: 215.4879
[2026-05-28 14:52:30,453][root][INFO] - Epoch: 12, loss: 213.8342
[2026-05-28 14:52:30,521][root][INFO] - Epoch: 13, loss: 212.0472
[2026-05-28 14:52:30,589][root][INFO] - Epoch: 14, loss: 210.2677
[2026-05-28 14:52:30,658][root][INFO] - Epoch: 15, loss: 208.4006
[2026-05-28 14:52:30,726][root][INFO] - Epoch: 16, loss: 206.5056
[2026-05-28 14:52:30,794][root][INFO] - Epoch: 17, loss: 204.6731
[2026-05-28 14:52:30,863][root][INFO] - Epoch: 18, loss: 202.7044
[2026-05-28 14:52:30,931][root][INFO] - Epoch: 19, loss: 200.7010
[2026-05-28 14:52:31,000][root][INFO] - Epoch: 20, loss: 198.6244
[2026-05-28 14:52:31,068][root][INFO] - Epoch: 21, loss: 196.5022
[2026-05-28 14:52:31,136][root][INFO] - Epoch: 22, loss: 194.0988
[2026-05-28 14:52:31,205][root][INFO] - Epoch: 23, loss: 191.8295
[2026-05-28 14:52:31,272][root][INFO] - Epoch: 24, loss: 189.1682
[2026-05-28 14:52:31,341][root][INFO] - Epoch: 25, loss: 186.4360
[2026-05-28 14:52:31,409][root][INFO] - Epoch: 26, loss: 183.2362
[2026-05-28 14:52:31,477][root][INFO] - Epoch: 27, loss: 179.9131
[2026-05-28 14:52:31,545][root][INFO] - Epoch: 28, loss: 176.2514
[2026-05-28 14:52:31,613][root][INFO] - Epoch: 29, loss: 171.9687
[2026-05-28 14:52:31,682][root][INFO] - Epoch: 30, loss: 166.8753
[2026-05-28 14:52:31,751][root][INFO] - Epoch: 31, loss: 160.4202
[2026-05-28 14:52:31,818][root][INFO] - Epoch: 32, loss: 153.1968
[2026-05-28 14:52:31,886][root][INFO] - Epoch: 33, loss: 151.3307
[2026-05-28 14:52:31,954][root][INFO] - Epoch: 34, loss: 149.1364
[2026-05-28 14:52:32,022][root][INFO] - Epoch: 35, loss: 148.1257
[2026-05-28 14:52:32,089][root][INFO] - Epoch: 36, loss: 146.7596
[2026-05-28 14:52:32,156][root][INFO] - Epoch: 37, loss: 145.7270
[2026-05-28 14:52:32,223][root][INFO] - Epoch: 38, loss: 144.8149
[2026-05-28 14:52:32,291][root][INFO] - Epoch: 39, loss: 143.9225
[2026-05-28 14:52:32,358][root][INFO] - Epoch: 40, loss: 143.1111
[2026-05-28 14:52:32,427][root][INFO] - Epoch: 41, loss: 142.3812
[2026-05-28 14:52:32,495][root][INFO] - Epoch: 42, loss: 141.7649
[2026-05-28 14:52:32,564][root][INFO] - Epoch: 43, loss: 141.1598
[2026-05-28 14:52:32,632][root][INFO] - Epoch: 44, loss: 140.5415
[2026-05-28 14:52:32,701][root][INFO] - Epoch: 45, loss: 139.9718
[2026-05-28 14:52:32,769][root][INFO] - Epoch: 46, loss: 139.4286
[2026-05-28 14:52:32,839][root][INFO] - Epoch: 47, loss: 138.9097
[2026-05-28 14:52:32,907][root][INFO] - Epoch: 48, loss: 138.4528
[2026-05-28 14:52:32,975][root][INFO] - Epoch: 49, loss: 138.0176
[2026-05-28 14:52:33,044][root][INFO] - Epoch: 50, loss: 137.3196
[2026-05-28 14:52:33,112][root][INFO] - Epoch: 51, loss: 136.8506
[2026-05-28 14:52:33,181][root][INFO] - Epoch: 52, loss: 136.2658
[2026-05-28 14:52:33,249][root][INFO] - Epoch: 53, loss: 135.7280
[2026-05-28 14:52:33,317][root][INFO] - Epoch: 54, loss: 135.1629
[2026-05-28 14:52:33,386][root][INFO] - Epoch: 55, loss: 134.5958
[2026-05-28 14:52:33,455][root][INFO] - Epoch: 56, loss: 133.9586
[2026-05-28 14:52:33,523][root][INFO] - Epoch: 57, loss: 133.3548
[2026-05-28 14:52:33,591][root][INFO] - Epoch: 58, loss: 132.7047
[2026-05-28 14:52:33,660][root][INFO] - Epoch: 59, loss: 132.0378
[2026-05-28 14:52:33,729][root][INFO] - Epoch: 60, loss: 131.2771
[2026-05-28 14:52:33,797][root][INFO] - Epoch: 61, loss: 130.5002
[2026-05-28 14:52:33,866][root][INFO] - Epoch: 62, loss: 129.6362
[2026-05-28 14:52:33,935][root][INFO] - Epoch: 63, loss: 128.7638
[2026-05-28 14:52:34,003][root][INFO] - Epoch: 64, loss: 127.7813
[2026-05-28 14:52:34,071][root][INFO] - Epoch: 65, loss: 126.6989
[2026-05-28 14:52:34,139][root][INFO] - Epoch: 66, loss: 125.6668
[2026-05-28 14:52:34,207][root][INFO] - Epoch: 67, loss: 124.2741
[2026-05-28 14:52:34,275][root][INFO] - Epoch: 68, loss: 122.8312
[2026-05-28 14:52:34,343][root][INFO] - Epoch: 69, loss: 121.1956
[2026-05-28 14:52:34,411][root][INFO] - Epoch: 70, loss: 119.3667
[2026-05-28 14:52:34,479][root][INFO] - Epoch: 71, loss: 117.3361
[2026-05-28 14:52:34,546][root][INFO] - Epoch: 72, loss: 115.0809
[2026-05-28 14:52:34,614][root][INFO] - Epoch: 73, loss: 112.3701
[2026-05-28 14:52:34,682][root][INFO] - Epoch: 74, loss: 109.5631
[2026-05-28 14:52:34,750][root][INFO] - Epoch: 75, loss: 106.4661
[2026-05-28 14:52:34,818][root][INFO] - Epoch: 76, loss: 102.9487
[2026-05-28 14:52:34,887][root][INFO] - Epoch: 77, loss: 99.4772
[2026-05-28 14:52:34,956][root][INFO] - Epoch: 78, loss: 96.0738
[2026-05-28 14:52:35,025][root][INFO] - Epoch: 79, loss: 92.8742
[2026-05-28 14:52:35,094][root][INFO] - Epoch: 80, loss: 89.6769
[2026-05-28 14:52:35,162][root][INFO] - Epoch: 81, loss: 86.9418
[2026-05-28 14:52:35,230][root][INFO] - Epoch: 82, loss: 84.3785
[2026-05-28 14:52:35,298][root][INFO] - Epoch: 83, loss: 82.0099
[2026-05-28 14:52:35,367][root][INFO] - Epoch: 84, loss: 80.0332
[2026-05-28 14:52:35,436][root][INFO] - Epoch: 85, loss: 78.0069
[2026-05-28 14:52:35,504][root][INFO] - Epoch: 86, loss: 76.0663
[2026-05-28 14:52:35,572][root][INFO] - Epoch: 87, loss: 74.3034
[2026-05-28 14:52:35,641][root][INFO] - Epoch: 88, loss: 72.4518
[2026-05-28 14:52:35,708][root][INFO] - Epoch: 89, loss: 70.5004
[2026-05-28 14:52:35,776][root][INFO] - Epoch: 90, loss: 68.3388
[2026-05-28 14:52:35,845][root][INFO] - Epoch: 91, loss: 65.5338
[2026-05-28 14:52:35,913][root][INFO] - Epoch: 92, loss: 61.7894
[2026-05-28 14:52:35,982][root][INFO] - Epoch: 93, loss: 57.2091
[2026-05-28 14:52:36,050][root][INFO] - Epoch: 94, loss: 52.3718
[2026-05-28 14:52:36,119][root][INFO] - Epoch: 95, loss: 48.2719
[2026-05-28 14:52:36,187][root][INFO] - Epoch: 96, loss: 45.8142
[2026-05-28 14:52:36,257][root][INFO] - Epoch: 97, loss: 44.7238
[2026-05-28 14:52:36,329][root][INFO] - Epoch: 98, loss: 44.2072
[2026-05-28 14:52:36,401][root][INFO] - Epoch: 99, loss: 43.9300
[2026-05-28 14:52:36,469][root][INFO] - Epoch: 100, loss: 43.6746
[2026-05-28 14:52:36,539][root][INFO] - Epoch: 101, loss: 43.4471
[2026-05-28 14:52:36,609][root][INFO] - Epoch: 102, loss: 43.2454
[2026-05-28 14:52:36,680][root][INFO] - Epoch: 103, loss: 43.0603
[2026-05-28 14:52:36,751][root][INFO] - Epoch: 104, loss: 42.8662
[2026-05-28 14:52:36,821][root][INFO] - Epoch: 105, loss: 42.7093
[2026-05-28 14:52:36,891][root][INFO] - Epoch: 106, loss: 42.5175
[2026-05-28 14:52:36,960][root][INFO] - Epoch: 107, loss: 42.3577
[2026-05-28 14:52:37,028][root][INFO] - Epoch: 108, loss: 42.1840
[2026-05-28 14:52:37,096][root][INFO] - Epoch: 109, loss: 42.0253
[2026-05-28 14:52:37,164][root][INFO] - Epoch: 110, loss: 41.8736
[2026-05-28 14:52:37,233][root][INFO] - Epoch: 111, loss: 41.7129
[2026-05-28 14:52:37,301][root][INFO] - Epoch: 112, loss: 41.5657
[2026-05-28 14:52:37,369][root][INFO] - Epoch: 113, loss: 41.3708
[2026-05-28 14:52:37,438][root][INFO] - Epoch: 114, loss: 41.2348
[2026-05-28 14:52:37,507][root][INFO] - Epoch: 115, loss: 41.0546
[2026-05-28 14:52:37,575][root][INFO] - Epoch: 116, loss: 40.9044
[2026-05-28 14:52:37,644][root][INFO] - Epoch: 117, loss: 40.7514
[2026-05-28 14:52:37,714][root][INFO] - Epoch: 118, loss: 40.6096
[2026-05-28 14:52:37,784][root][INFO] - Epoch: 119, loss: 40.4499
[2026-05-28 14:52:37,854][root][INFO] - Epoch: 120, loss: 40.3407
[2026-05-28 14:52:37,924][root][INFO] - Epoch: 121, loss: 40.1576
[2026-05-28 14:52:37,993][root][INFO] - Epoch: 122, loss: 40.0121
[2026-05-28 14:52:38,060][root][INFO] - Epoch: 123, loss: 39.8715
[2026-05-28 14:52:38,129][root][INFO] - Epoch: 124, loss: 39.7380
[2026-05-28 14:52:38,197][root][INFO] - Epoch: 125, loss: 39.5800
[2026-05-28 14:52:38,265][root][INFO] - Epoch: 126, loss: 39.4415
[2026-05-28 14:52:38,333][root][INFO] - Epoch: 127, loss: 39.3092
[2026-05-28 14:52:38,402][root][INFO] - Epoch: 128, loss: 39.1672
[2026-05-28 14:52:38,471][root][INFO] - Epoch: 129, loss: 39.0258
[2026-05-28 14:52:38,539][root][INFO] - Epoch: 130, loss: 38.8981
[2026-05-28 14:52:38,608][root][INFO] - Epoch: 131, loss: 38.7567
[2026-05-28 14:52:38,677][root][INFO] - Epoch: 132, loss: 38.6277
[2026-05-28 14:52:38,745][root][INFO] - Epoch: 133, loss: 38.4969
[2026-05-28 14:52:38,814][root][INFO] - Epoch: 134, loss: 38.3564
[2026-05-28 14:52:38,882][root][INFO] - Epoch: 135, loss: 38.2328
[2026-05-28 14:52:38,950][root][INFO] - Epoch: 136, loss: 38.0969
[2026-05-28 14:52:39,018][root][INFO] - Epoch: 137, loss: 37.9659
[2026-05-28 14:52:39,086][root][INFO] - Epoch: 138, loss: 37.8430
[2026-05-28 14:52:39,155][root][INFO] - Epoch: 139, loss: 37.7107
[2026-05-28 14:52:39,223][root][INFO] - Epoch: 140, loss: 37.5774
[2026-05-28 14:52:39,291][root][INFO] - Epoch: 141, loss: 37.4532
[2026-05-28 14:52:39,359][root][INFO] - Epoch: 142, loss: 37.3281
[2026-05-28 14:52:39,428][root][INFO] - Epoch: 143, loss: 37.2108
[2026-05-28 14:52:39,496][root][INFO] - Epoch: 144, loss: 37.0876
[2026-05-28 14:52:39,564][root][INFO] - Epoch: 145, loss: 36.9498
[2026-05-28 14:52:39,634][root][INFO] - Epoch: 146, loss: 36.8249
[2026-05-28 14:52:39,704][root][INFO] - Epoch: 147, loss: 36.7126
[2026-05-28 14:52:39,773][root][INFO] - Epoch: 148, loss: 36.5745
[2026-05-28 14:52:39,842][root][INFO] - Epoch: 149, loss: 36.4623
[2026-05-28 14:52:39,910][root][INFO] - Epoch: 150, loss: 36.3354
[2026-05-28 14:52:39,979][root][INFO] - Epoch: 151, loss: 36.2024
[2026-05-28 14:52:40,048][root][INFO] - Epoch: 152, loss: 36.0949
[2026-05-28 14:52:40,116][root][INFO] - Epoch: 153, loss: 35.9733
[2026-05-28 14:52:40,185][root][INFO] - Epoch: 154, loss: 35.8488
[2026-05-28 14:52:40,253][root][INFO] - Epoch: 155, loss: 35.7287
[2026-05-28 14:52:40,321][root][INFO] - Epoch: 156, loss: 35.6198
[2026-05-28 14:52:40,390][root][INFO] - Epoch: 157, loss: 35.4912
[2026-05-28 14:52:40,458][root][INFO] - Epoch: 158, loss: 35.3843
[2026-05-28 14:52:40,526][root][INFO] - Epoch: 159, loss: 35.2543
[2026-05-28 14:52:40,595][root][INFO] - Epoch: 160, loss: 35.1465
[2026-05-28 14:52:40,664][root][INFO] - Epoch: 161, loss: 35.0219
[2026-05-28 14:52:40,732][root][INFO] - Epoch: 162, loss: 34.9009
[2026-05-28 14:52:40,801][root][INFO] - Epoch: 163, loss: 34.7793
[2026-05-28 14:52:40,869][root][INFO] - Epoch: 164, loss: 34.6768
[2026-05-28 14:52:40,938][root][INFO] - Epoch: 165, loss: 34.5614
[2026-05-28 14:52:41,006][root][INFO] - Epoch: 166, loss: 34.4436
[2026-05-28 14:52:41,075][root][INFO] - Epoch: 167, loss: 34.3222
[2026-05-28 14:52:41,143][root][INFO] - Epoch: 168, loss: 34.2049
[2026-05-28 14:52:41,212][root][INFO] - Epoch: 169, loss: 34.1030
[2026-05-28 14:52:41,280][root][INFO] - Epoch: 170, loss: 33.9807
[2026-05-28 14:52:41,348][root][INFO] - Epoch: 171, loss: 33.8708
[2026-05-28 14:52:41,417][root][INFO] - Epoch: 172, loss: 33.7539
[2026-05-28 14:52:41,485][root][INFO] - Epoch: 173, loss: 33.6425
[2026-05-28 14:52:41,553][root][INFO] - Epoch: 174, loss: 33.5246
[2026-05-28 14:52:41,622][root][INFO] - Epoch: 175, loss: 33.4227
[2026-05-28 14:52:41,690][root][INFO] - Epoch: 176, loss: 33.3000
[2026-05-28 14:52:41,758][root][INFO] - Epoch: 177, loss: 33.1905
[2026-05-28 14:52:41,827][root][INFO] - Epoch: 178, loss: 33.0749
[2026-05-28 14:52:41,895][root][INFO] - Epoch: 179, loss: 32.9646
[2026-05-28 14:52:41,964][root][INFO] - Epoch: 180, loss: 32.8521
[2026-05-28 14:52:42,032][root][INFO] - Epoch: 181, loss: 32.7424
[2026-05-28 14:52:42,100][root][INFO] - Epoch: 182, loss: 32.6298
[2026-05-28 14:52:42,168][root][INFO] - Epoch: 183, loss: 32.5173
[2026-05-28 14:52:42,237][root][INFO] - Epoch: 184, loss: 32.4077
[2026-05-28 14:52:42,305][root][INFO] - Epoch: 185, loss: 32.3113
[2026-05-28 14:52:42,373][root][INFO] - Epoch: 186, loss: 32.1906
[2026-05-28 14:52:42,442][root][INFO] - Epoch: 187, loss: 32.0912
[2026-05-28 14:52:42,511][root][INFO] - Epoch: 188, loss: 31.9799
[2026-05-28 14:52:42,579][root][INFO] - Epoch: 189, loss: 31.8790
[2026-05-28 14:52:42,648][root][INFO] - Epoch: 190, loss: 31.7542
[2026-05-28 14:52:42,716][root][INFO] - Epoch: 191, loss: 31.6531
[2026-05-28 14:52:42,785][root][INFO] - Epoch: 192, loss: 31.5534
[2026-05-28 14:52:42,854][root][INFO] - Epoch: 193, loss: 31.4297
[2026-05-28 14:52:42,923][root][INFO] - Epoch: 194, loss: 31.3285
[2026-05-28 14:52:42,990][root][INFO] - Epoch: 195, loss: 31.2261
[2026-05-28 14:52:43,059][root][INFO] - Epoch: 196, loss: 31.1333
[2026-05-28 14:52:43,127][root][INFO] - Epoch: 197, loss: 31.0129
[2026-05-28 14:52:43,195][root][INFO] - Epoch: 198, loss: 30.9107
[2026-05-28 14:52:43,264][root][INFO] - Epoch: 199, loss: 30.8072
[2026-05-28 14:52:43,332][root][INFO] - Epoch: 200, loss: 30.6971
[2026-05-28 14:52:43,364][root][INFO] - {'model_loss': '30.6971', 'recon_loss': '0.0000', 'triplet_loss': '30.6971'}
[2026-05-28 14:52:43,368][root][INFO] - Generation 342/400 - Time: 0.00 seconds
[2026-05-28 14:52:43,368][root][INFO] - {'coverage': '100.00', 'max_fitness': '0.00', 'passive_coverage': '78.71', 'passive_max_fitness': '0.00', 'passive_mean_fitness': '-62.17', 'passive_qd_score': '63878.88', 'qd_score': '102900.30', 'mean_fitness_top_k': '0.00'}
[2026-05-28 14:52:44,345][root][INFO] - Generation 343/400 - Time: 0.00 seconds
[2026-05-28 14:52:44,346][root][INFO] - {'coverage': '100.00', 'max_fitness': '0.00', 'passive_coverage': '79.98', 'passive_max_fitness': '0.00', 'passive_mean_fitness': '-61.96', 'passive_qd_score': '65078.83', 'qd_score': '90468.98', 'mean_fitness_top_k': '-18.27'}
[2026-05-28 14:52:45,317][root][INFO] - Generation 344/400 - Time: 0.00 seconds
[2026-05-28 14:52:45,318][root][INFO] - {'coverage': '100.00', 'max_fitness': '0.00', 'passive_coverage': '80.37', 'passive_max_fitness': '0.00', 'passive_mean_fitness': '-61.96', 'passive_qd_score': '65398.78', 'qd_score': '92898.93', 'mean_fitness_top_k': '-15.37'}
[2026-05-28 14:52:46,287][root][INFO] - Generation 345/400 - Time: 0.00 seconds
[2026-05-28 14:52:46,288][root][INFO] - {'coverage': '100.00', 'max_fitness': '0.00', 'passive_coverage': '80.66', 'passive_max_fitness': '0.00', 'passive_mean_fitness': '-61.82', 'passive_qd_score': '65748.20', 'qd_score': '93780.83', 'mean_fitness_top_k': '-12.70'}
[2026-05-28 14:52:47,256][root][INFO] - Generation 346/400 - Time: 0.00 seconds
[2026-05-28 14:52:47,257][root][INFO] - {'coverage': '100.00', 'max_fitness': '0.00', 'passive_coverage': '80.76', 'passive_max_fitness': '0.00', 'passive_mean_fitness': '-61.84', 'passive_qd_score': '65813.09', 'qd_score': '93527.00', 'mean_fitness_top_k': '-11.70'}
[2026-05-28 14:52:48,289][root][INFO] - Generation 347/400 - Time: 0.00 seconds
[2026-05-28 14:52:48,290][root][INFO] - {'coverage': '100.00', 'max_fitness': '0.00', 'passive_coverage': '80.86', 'passive_max_fitness': '0.00', 'passive_mean_fitness': '-61.77', 'passive_qd_score': '65955.21', 'qd_score': '94083.02', 'mean_fitness_top_k': '-10.22'}
[2026-05-28 14:52:48,292][root][INFO] - Saving snapshot to runs/20260528_144015_kheperax_seed13/plots/latent_generation_1735_5_gens_after_ext_gen1710.png
[2026-05-28 14:52:50,324][root][INFO] - Generation 348/400 - Time: 0.00 seconds
[2026-05-28 14:52:50,325][root][INFO] - {'coverage': '100.00', 'max_fitness': '0.00', 'passive_coverage': '80.86', 'passive_max_fitness': '0.00', 'passive_mean_fitness': '-61.77', 'passive_qd_score': '65955.21', 'qd_score': '94155.27', 'mean_fitness_top_k': '-9.51'}
[2026-05-28 14:52:51,291][root][INFO] - Generation 349/400 - Time: 0.00 seconds
[2026-05-28 14:52:51,292][root][INFO] - {'coverage': '100.00', 'max_fitness': '0.00', 'passive_coverage': '80.86', 'passive_max_fitness': '0.00', 'passive_mean_fitness': '-61.76', 'passive_qd_score': '65956.15', 'qd_score': '94876.34', 'mean_fitness_top_k': '-8.68'}
[2026-05-28 14:52:52,261][root][INFO] - Generation 350/400 - Time: 0.00 seconds
[2026-05-28 14:52:52,262][root][INFO] - {'coverage': '100.00', 'max_fitness': '0.00', 'passive_coverage': '80.86', 'passive_max_fitness': '0.00', 'passive_mean_fitness': '-61.76', 'passive_qd_score': '65956.32', 'qd_score': '95453.40', 'mean_fitness_top_k': '-8.24'}
[2026-05-28 14:52:53,284][root][INFO] - Generation 351/400 - Time: 0.00 seconds
[2026-05-28 14:52:53,285][root][INFO] - {'coverage': '100.00', 'max_fitness': '0.00', 'passive_coverage': '80.86', 'passive_max_fitness': '0.00', 'passive_mean_fitness': '-61.76', 'passive_qd_score': '65956.32', 'qd_score': '95496.09', 'mean_fitness_top_k': '-7.60'}
[2026-05-28 14:52:54,272][root][INFO] - Generation 352/400 - Time: 0.00 seconds
[2026-05-28 14:52:54,273][root][INFO] - {'coverage': '100.00', 'max_fitness': '0.00', 'passive_coverage': '80.86', 'passive_max_fitness': '0.00', 'passive_mean_fitness': '-61.76', 'passive_qd_score': '65956.32', 'qd_score': '95910.19', 'mean_fitness_top_k': '-6.91'}
[2026-05-28 14:52:55,264][root][INFO] - Generation 353/400 - Time: 0.00 seconds
[2026-05-28 14:52:55,265][root][INFO] - {'coverage': '100.00', 'max_fitness': '0.00', 'passive_coverage': '80.86', 'passive_max_fitness': '0.00', 'passive_mean_fitness': '-61.76', 'passive_qd_score': '65956.32', 'qd_score': '96938.75', 'mean_fitness_top_k': '-5.85'}
[2026-05-28 14:52:56,257][root][INFO] - Generation 354/400 - Time: 0.00 seconds
[2026-05-28 14:52:56,258][root][INFO] - {'coverage': '100.00', 'max_fitness': '0.00', 'passive_coverage': '80.86', 'passive_max_fitness': '0.00', 'passive_mean_fitness': '-61.76', 'passive_qd_score': '65956.34', 'qd_score': '97076.35', 'mean_fitness_top_k': '-5.27'}
[2026-05-28 14:52:57,252][root][INFO] - Generation 355/400 - Time: 0.00 seconds
[2026-05-28 14:52:57,253][root][INFO] - {'coverage': '100.00', 'max_fitness': '0.00', 'passive_coverage': '80.86', 'passive_max_fitness': '0.00', 'passive_mean_fitness': '-61.76', 'passive_qd_score': '65956.42', 'qd_score': '97923.98', 'mean_fitness_top_k': '-4.46'}
[2026-05-28 14:52:58,218][root][INFO] - Generation 356/400 - Time: 0.00 seconds
[2026-05-28 14:52:58,219][root][INFO] - {'coverage': '100.00', 'max_fitness': '0.00', 'passive_coverage': '80.86', 'passive_max_fitness': '0.00', 'passive_mean_fitness': '-61.76', 'passive_qd_score': '65957.94', 'qd_score': '98249.27', 'mean_fitness_top_k': '-3.63'}
[2026-05-28 14:52:59,247][root][INFO] - Generation 357/400 - Time: 0.00 seconds
[2026-05-28 14:52:59,247][root][INFO] - {'coverage': '100.00', 'max_fitness': '0.00', 'passive_coverage': '80.86', 'passive_max_fitness': '0.00', 'passive_mean_fitness': '-61.75', 'passive_qd_score': '65966.79', 'qd_score': '99615.82', 'mean_fitness_top_k': '-2.69'}
[2026-05-28 14:53:00,210][root][INFO] - Generation 358/400 - Time: 0.00 seconds
[2026-05-28 14:53:00,211][root][INFO] - {'coverage': '100.00', 'max_fitness': '0.00', 'passive_coverage': '80.86', 'passive_max_fitness': '0.00', 'passive_mean_fitness': '-61.74', 'passive_qd_score': '65972.47', 'qd_score': '100312.09', 'mean_fitness_top_k': '-1.54'}
[2026-05-28 14:53:01,174][root][INFO] - Generation 359/400 - Time: 0.00 seconds
[2026-05-28 14:53:01,175][root][INFO] - {'coverage': '100.00', 'max_fitness': '0.00', 'passive_coverage': '80.86', 'passive_max_fitness': '0.00', 'passive_mean_fitness': '-61.74', 'passive_qd_score': '65972.47', 'qd_score': '101382.15', 'mean_fitness_top_k': '-0.52'}
[2026-05-28 14:53:02,137][root][INFO] - Generation 360/400 - Time: 0.00 seconds
[2026-05-28 14:53:02,138][root][INFO] - {'coverage': '100.00', 'max_fitness': '0.00', 'passive_coverage': '80.86', 'passive_max_fitness': '0.00', 'passive_mean_fitness': '-61.74', 'passive_qd_score': '65975.20', 'qd_score': '102492.09', 'mean_fitness_top_k': '0.00'}
[2026-05-28 14:53:03,101][root][INFO] - Generation 361/400 - Time: 0.00 seconds
[2026-05-28 14:53:03,102][root][INFO] - {'coverage': '100.00', 'max_fitness': '0.00', 'passive_coverage': '80.86', 'passive_max_fitness': '0.00', 'passive_mean_fitness': '-61.74', 'passive_qd_score': '65975.20', 'qd_score': '103174.73', 'mean_fitness_top_k': '0.00'}
[2026-05-28 14:53:04,126][root][INFO] - Generation 362/400 - Time: 0.00 seconds
[2026-05-28 14:53:04,127][root][INFO] - {'coverage': '100.00', 'max_fitness': '0.00', 'passive_coverage': '80.86', 'passive_max_fitness': '0.00', 'passive_mean_fitness': '-61.74', 'passive_qd_score': '65975.20', 'qd_score': '103761.02', 'mean_fitness_top_k': '0.00'}
[2026-05-28 14:53:05,094][root][INFO] - Generation 363/400 - Time: 0.00 seconds
[2026-05-28 14:53:05,095][root][INFO] - {'coverage': '100.00', 'max_fitness': '0.00', 'passive_coverage': '80.96', 'passive_max_fitness': '0.00', 'passive_mean_fitness': '-61.67', 'passive_qd_score': '66116.61', 'qd_score': '105186.58', 'mean_fitness_top_k': '0.00'}
[2026-05-28 14:53:06,061][root][INFO] - Generation 364/400 - Time: 0.00 seconds
[2026-05-28 14:53:06,062][root][INFO] - {'coverage': '100.00', 'max_fitness': '0.00', 'passive_coverage': '81.05', 'passive_max_fitness': '0.00', 'passive_mean_fitness': '-61.60', 'passive_qd_score': '66249.08', 'qd_score': '106343.17', 'mean_fitness_top_k': '0.00'}
[2026-05-28 14:53:07,026][root][INFO] - Generation 365/400 - Time: 0.00 seconds
[2026-05-28 14:53:07,027][root][INFO] - {'coverage': '100.00', 'max_fitness': '0.00', 'passive_coverage': '81.05', 'passive_max_fitness': '0.00', 'passive_mean_fitness': '-61.60', 'passive_qd_score': '66249.08', 'qd_score': '107428.39', 'mean_fitness_top_k': '0.00'}
[2026-05-28 14:53:07,993][root][INFO] - Generation 366/400 - Time: 0.00 seconds
[2026-05-28 14:53:07,993][root][INFO] - {'coverage': '100.00', 'max_fitness': '0.00', 'passive_coverage': '81.05', 'passive_max_fitness': '0.00', 'passive_mean_fitness': '-61.60', 'passive_qd_score': '66249.08', 'qd_score': '107969.38', 'mean_fitness_top_k': '0.00'}
[2026-05-28 14:53:08,960][root][INFO] - Generation 367/400 - Time: 0.00 seconds
[2026-05-28 14:53:08,960][root][INFO] - {'coverage': '100.00', 'max_fitness': '0.00', 'passive_coverage': '81.05', 'passive_max_fitness': '0.00', 'passive_mean_fitness': '-61.60', 'passive_qd_score': '66249.08', 'qd_score': '109383.30', 'mean_fitness_top_k': '0.00'}
[2026-05-28 14:53:09,988][root][INFO] - Generation 368/400 - Time: 0.00 seconds
[2026-05-28 14:53:09,988][root][INFO] - {'coverage': '100.00', 'max_fitness': '0.00', 'passive_coverage': '81.05', 'passive_max_fitness': '0.00', 'passive_mean_fitness': '-61.60', 'passive_qd_score': '66255.24', 'qd_score': '110282.58', 'mean_fitness_top_k': '0.00'}
[2026-05-28 14:53:10,961][root][INFO] - Generation 369/400 - Time: 0.00 seconds
[2026-05-28 14:53:10,961][root][INFO] - {'coverage': '100.00', 'max_fitness': '0.00', 'passive_coverage': '81.05', 'passive_max_fitness': '0.00', 'passive_mean_fitness': '-61.60', 'passive_qd_score': '66255.24', 'qd_score': '111470.17', 'mean_fitness_top_k': '0.00'}
[2026-05-28 14:53:11,925][root][INFO] - Generation 370/400 - Time: 0.00 seconds
[2026-05-28 14:53:11,926][root][INFO] - {'coverage': '100.00', 'max_fitness': '0.00', 'passive_coverage': '81.05', 'passive_max_fitness': '0.00', 'passive_mean_fitness': '-61.60', 'passive_qd_score': '66255.24', 'qd_score': '112251.34', 'mean_fitness_top_k': '0.00'}
[2026-05-28 14:53:12,889][root][INFO] - Generation 371/400 - Time: 0.00 seconds
[2026-05-28 14:53:12,890][root][INFO] - {'coverage': '100.00', 'max_fitness': '0.00', 'passive_coverage': '81.05', 'passive_max_fitness': '0.00', 'passive_mean_fitness': '-61.60', 'passive_qd_score': '66255.25', 'qd_score': '113384.39', 'mean_fitness_top_k': '0.00'}
[2026-05-28 14:53:13,854][root][INFO] - Generation 372/400 - Time: 0.00 seconds
[2026-05-28 14:53:13,854][root][INFO] - {'coverage': '100.00', 'max_fitness': '0.00', 'passive_coverage': '81.05', 'passive_max_fitness': '0.00', 'passive_mean_fitness': '-61.60', 'passive_qd_score': '66255.25', 'qd_score': '114963.08', 'mean_fitness_top_k': '0.00'}
[2026-05-28 14:53:14,818][root][INFO] - Generation 373/400 - Time: 0.00 seconds
[2026-05-28 14:53:14,819][root][INFO] - {'coverage': '100.00', 'max_fitness': '0.00', 'passive_coverage': '81.05', 'passive_max_fitness': '0.00', 'passive_mean_fitness': '-61.60', 'passive_qd_score': '66255.25', 'qd_score': '116271.02', 'mean_fitness_top_k': '0.00'}
[2026-05-28 14:53:15,782][root][INFO] - Generation 374/400 - Time: 0.00 seconds
[2026-05-28 14:53:15,783][root][INFO] - {'coverage': '100.00', 'max_fitness': '0.00', 'passive_coverage': '81.05', 'passive_max_fitness': '0.00', 'passive_mean_fitness': '-61.60', 'passive_qd_score': '66255.25', 'qd_score': '117960.96', 'mean_fitness_top_k': '0.00'}
[2026-05-28 14:53:16,746][root][INFO] - Generation 375/400 - Time: 0.00 seconds
[2026-05-28 14:53:16,747][root][INFO] - {'coverage': '100.00', 'max_fitness': '0.00', 'passive_coverage': '81.05', 'passive_max_fitness': '0.00', 'passive_mean_fitness': '-61.60', 'passive_qd_score': '66255.25', 'qd_score': '119183.34', 'mean_fitness_top_k': '0.00'}
[2026-05-28 14:53:17,709][root][INFO] - Generation 376/400 - Time: 0.00 seconds
[2026-05-28 14:53:17,710][root][INFO] - {'coverage': '100.00', 'max_fitness': '0.00', 'passive_coverage': '81.05', 'passive_max_fitness': '0.00', 'passive_mean_fitness': '-61.60', 'passive_qd_score': '66255.25', 'qd_score': '120823.80', 'mean_fitness_top_k': '0.00'}
[2026-05-28 14:53:18,674][root][INFO] - Generation 377/400 - Time: 0.00 seconds
[2026-05-28 14:53:18,675][root][INFO] - {'coverage': '100.00', 'max_fitness': '0.00', 'passive_coverage': '81.05', 'passive_max_fitness': '0.00', 'passive_mean_fitness': '-61.60', 'passive_qd_score': '66255.25', 'qd_score': '122663.44', 'mean_fitness_top_k': '0.00'}
[2026-05-28 14:53:19,643][root][INFO] - Generation 378/400 - Time: 0.00 seconds
[2026-05-28 14:53:19,643][root][INFO] - {'coverage': '100.00', 'max_fitness': '0.00', 'passive_coverage': '81.05', 'passive_max_fitness': '0.00', 'passive_mean_fitness': '-61.60', 'passive_qd_score': '66255.25', 'qd_score': '124208.11', 'mean_fitness_top_k': '0.00'}
[2026-05-28 14:53:20,607][root][INFO] - Generation 379/400 - Time: 0.00 seconds
[2026-05-28 14:53:20,608][root][INFO] - {'coverage': '100.00', 'max_fitness': '0.00', 'passive_coverage': '81.05', 'passive_max_fitness': '0.00', 'passive_mean_fitness': '-61.60', 'passive_qd_score': '66255.70', 'qd_score': '126328.41', 'mean_fitness_top_k': '0.00'}
[2026-05-28 14:53:21,564][root][INFO] - Updating AE...
[2026-05-28 14:53:22,554][root][INFO] - Epoch: 1, loss: 1277.6636
[2026-05-28 14:53:22,624][root][INFO] - Epoch: 2, loss: 1264.0775
[2026-05-28 14:53:22,695][root][INFO] - Epoch: 3, loss: 1299.4409
[2026-05-28 14:53:22,765][root][INFO] - Epoch: 4, loss: 1566.0779
[2026-05-28 14:53:22,834][root][INFO] - Epoch: 5, loss: 1486.5066
[2026-05-28 14:53:22,903][root][INFO] - Epoch: 6, loss: 1328.9553
[2026-05-28 14:53:22,971][root][INFO] - Epoch: 7, loss: 1354.1038
[2026-05-28 14:53:23,039][root][INFO] - Epoch: 8, loss: 1368.3164
[2026-05-28 14:53:23,108][root][INFO] - Epoch: 9, loss: 1313.3911
[2026-05-28 14:53:23,176][root][INFO] - Epoch: 10, loss: 1291.2357
[2026-05-28 14:53:23,245][root][INFO] - Epoch: 11, loss: 1282.0723
[2026-05-28 14:53:23,313][root][INFO] - Epoch: 12, loss: 1279.0414
[2026-05-28 14:53:23,382][root][INFO] - Epoch: 13, loss: 1276.8344
[2026-05-28 14:53:23,382][root][INFO] - Early stopping at epoch: 12
[2026-05-28 14:53:23,401][root][INFO] - {'model_loss': '1276.8344', 'recon_loss': '0.0000', 'triplet_loss': '1276.8344'}
[2026-05-28 14:53:23,405][root][INFO] - Extinction event (pre-encoder)...
[2026-05-28 14:53:23,406][root][INFO] - Saving snapshot to runs/20260528_144015_kheperax_seed13/plots/latent_generation_1900_before_ext.png
[2026-05-28 14:53:24,450][root][INFO] - Saving snapshot to runs/20260528_144015_kheperax_seed13/plots/latent_generation_1900_after_ext.png
[2026-05-28 14:53:25,513][root][INFO] - Updating AE...
[2026-05-28 14:53:26,207][root][INFO] - Epoch: 1, loss: 20.1275
[2026-05-28 14:53:26,277][root][INFO] - Epoch: 2, loss: 16.7698
[2026-05-28 14:53:26,348][root][INFO] - Epoch: 3, loss: 7.0233
[2026-05-28 14:53:26,417][root][INFO] - Epoch: 4, loss: 6.9598
[2026-05-28 14:53:26,484][root][INFO] - Epoch: 5, loss: 17.0828
[2026-05-28 14:53:26,551][root][INFO] - Epoch: 6, loss: 16.2924
[2026-05-28 14:53:26,619][root][INFO] - Epoch: 7, loss: 14.5867
[2026-05-28 14:53:26,686][root][INFO] - Epoch: 8, loss: 15.7897
[2026-05-28 14:53:26,754][root][INFO] - Epoch: 9, loss: 12.5387
[2026-05-28 14:53:26,822][root][INFO] - Epoch: 10, loss: 9.6894
[2026-05-28 14:53:26,890][root][INFO] - Epoch: 11, loss: 9.1890
[2026-05-28 14:53:26,957][root][INFO] - Epoch: 12, loss: 8.9586
[2026-05-28 14:53:27,025][root][INFO] - Epoch: 13, loss: 8.8747
[2026-05-28 14:53:27,094][root][INFO] - Epoch: 14, loss: 8.8425
[2026-05-28 14:53:27,163][root][INFO] - Epoch: 15, loss: 8.8146
[2026-05-28 14:53:27,164][root][INFO] - Early stopping at epoch: 14
[2026-05-28 14:53:27,182][root][INFO] - {'model_loss': '8.8146', 'recon_loss': '0.0000', 'triplet_loss': '8.8146'}
[2026-05-28 14:53:27,186][root][INFO] - Generation 380/400 - Time: 0.00 seconds
[2026-05-28 14:53:27,186][root][INFO] - {'coverage': '100.00', 'max_fitness': '0.00', 'passive_coverage': '81.05', 'passive_max_fitness': '0.00', 'passive_mean_fitness': '-61.60', 'passive_qd_score': '66255.70', 'qd_score': '127692.44', 'mean_fitness_top_k': '0.00'}
[2026-05-28 14:53:28,148][root][INFO] - Generation 381/400 - Time: 0.00 seconds
[2026-05-28 14:53:28,149][root][INFO] - {'coverage': '100.00', 'max_fitness': '0.00', 'passive_coverage': '81.93', 'passive_max_fitness': '0.00', 'passive_mean_fitness': '-61.36', 'passive_qd_score': '67173.61', 'qd_score': '90675.56', 'mean_fitness_top_k': '-17.90'}
[2026-05-28 14:53:29,112][root][INFO] - Generation 382/400 - Time: 0.00 seconds
[2026-05-28 14:53:29,113][root][INFO] - {'coverage': '100.00', 'max_fitness': '0.00', 'passive_coverage': '82.03', 'passive_max_fitness': '0.00', 'passive_mean_fitness': '-61.30', 'passive_qd_score': '67304.95', 'qd_score': '92059.95', 'mean_fitness_top_k': '-16.56'}
[2026-05-28 14:53:30,077][root][INFO] - Generation 383/400 - Time: 0.00 seconds
[2026-05-28 14:53:30,078][root][INFO] - {'coverage': '100.00', 'max_fitness': '0.00', 'passive_coverage': '82.03', 'passive_max_fitness': '0.00', 'passive_mean_fitness': '-61.30', 'passive_qd_score': '67304.97', 'qd_score': '91450.84', 'mean_fitness_top_k': '-15.63'}
[2026-05-28 14:53:31,088][root][INFO] - Generation 384/400 - Time: 0.00 seconds
[2026-05-28 14:53:31,089][root][INFO] - {'coverage': '100.00', 'max_fitness': '0.00', 'passive_coverage': '82.03', 'passive_max_fitness': '0.00', 'passive_mean_fitness': '-61.29', 'passive_qd_score': '67306.48', 'qd_score': '91977.71', 'mean_fitness_top_k': '-14.36'}
[2026-05-28 14:53:32,048][root][INFO] - Generation 385/400 - Time: 0.00 seconds
[2026-05-28 14:53:32,049][root][INFO] - {'coverage': '100.00', 'max_fitness': '0.00', 'passive_coverage': '82.03', 'passive_max_fitness': '0.00', 'passive_mean_fitness': '-61.29', 'passive_qd_score': '67309.34', 'qd_score': '93264.25', 'mean_fitness_top_k': '-12.58'}
[2026-05-28 14:53:32,051][root][INFO] - Saving snapshot to runs/20260528_144015_kheperax_seed13/plots/latent_generation_1925_5_gens_after_ext_gen1900.png
[2026-05-28 14:53:34,018][root][INFO] - Generation 386/400 - Time: 0.00 seconds
[2026-05-28 14:53:34,019][root][INFO] - {'coverage': '100.00', 'max_fitness': '0.00', 'passive_coverage': '82.03', 'passive_max_fitness': '0.00', 'passive_mean_fitness': '-61.29', 'passive_qd_score': '67312.71', 'qd_score': '94156.55', 'mean_fitness_top_k': '-11.49'}
[2026-05-28 14:53:34,982][root][INFO] - Generation 387/400 - Time: 0.00 seconds
[2026-05-28 14:53:34,982][root][INFO] - {'coverage': '100.00', 'max_fitness': '0.00', 'passive_coverage': '82.13', 'passive_max_fitness': '0.00', 'passive_mean_fitness': '-61.22', 'passive_qd_score': '67447.30', 'qd_score': '94642.05', 'mean_fitness_top_k': '-9.50'}
[2026-05-28 14:53:35,942][root][INFO] - Generation 388/400 - Time: 0.00 seconds
[2026-05-28 14:53:35,942][root][INFO] - {'coverage': '100.00', 'max_fitness': '0.00', 'passive_coverage': '82.13', 'passive_max_fitness': '0.00', 'passive_mean_fitness': '-61.22', 'passive_qd_score': '67447.52', 'qd_score': '95410.59', 'mean_fitness_top_k': '-7.81'}
[2026-05-28 14:53:36,917][root][INFO] - Generation 389/400 - Time: 0.00 seconds
[2026-05-28 14:53:36,917][root][INFO] - {'coverage': '100.00', 'max_fitness': '0.00', 'passive_coverage': '82.13', 'passive_max_fitness': '0.00', 'passive_mean_fitness': '-61.22', 'passive_qd_score': '67447.62', 'qd_score': '96627.30', 'mean_fitness_top_k': '-5.56'}
[2026-05-28 14:53:37,883][root][INFO] - Generation 390/400 - Time: 0.00 seconds
[2026-05-28 14:53:37,884][root][INFO] - {'coverage': '100.00', 'max_fitness': '0.00', 'passive_coverage': '82.13', 'passive_max_fitness': '0.00', 'passive_mean_fitness': '-61.22', 'passive_qd_score': '67448.06', 'qd_score': '97610.11', 'mean_fitness_top_k': '-4.31'}
[2026-05-28 14:53:38,848][root][INFO] - Generation 391/400 - Time: 0.00 seconds
[2026-05-28 14:53:38,849][root][INFO] - {'coverage': '100.00', 'max_fitness': '0.00', 'passive_coverage': '82.13', 'passive_max_fitness': '0.00', 'passive_mean_fitness': '-61.22', 'passive_qd_score': '67448.27', 'qd_score': '98680.14', 'mean_fitness_top_k': '-2.91'}
[2026-05-28 14:53:39,815][root][INFO] - Generation 392/400 - Time: 0.00 seconds
[2026-05-28 14:53:39,816][root][INFO] - {'coverage': '100.00', 'max_fitness': '0.00', 'passive_coverage': '82.13', 'passive_max_fitness': '0.00', 'passive_mean_fitness': '-61.22', 'passive_qd_score': '67448.27', 'qd_score': '99522.00', 'mean_fitness_top_k': '-1.81'}
[2026-05-28 14:53:40,794][root][INFO] - Generation 393/400 - Time: 0.00 seconds
[2026-05-28 14:53:40,795][root][INFO] - {'coverage': '100.00', 'max_fitness': '0.00', 'passive_coverage': '82.13', 'passive_max_fitness': '0.00', 'passive_mean_fitness': '-61.22', 'passive_qd_score': '67450.85', 'qd_score': '100940.83', 'mean_fitness_top_k': '-0.68'}
[2026-05-28 14:53:41,757][root][INFO] - Generation 394/400 - Time: 0.00 seconds
[2026-05-28 14:53:41,758][root][INFO] - {'coverage': '100.00', 'max_fitness': '0.00', 'passive_coverage': '82.13', 'passive_max_fitness': '0.00', 'passive_mean_fitness': '-61.22', 'passive_qd_score': '67450.85', 'qd_score': '102057.30', 'mean_fitness_top_k': '0.00'}
[2026-05-28 14:53:42,739][root][INFO] - Generation 395/400 - Time: 0.00 seconds
[2026-05-28 14:53:42,739][root][INFO] - {'coverage': '100.00', 'max_fitness': '0.00', 'passive_coverage': '82.13', 'passive_max_fitness': '0.00', 'passive_mean_fitness': '-61.22', 'passive_qd_score': '67450.85', 'qd_score': '103370.23', 'mean_fitness_top_k': '0.00'}
[2026-05-28 14:53:43,703][root][INFO] - Generation 396/400 - Time: 0.00 seconds
[2026-05-28 14:53:43,704][root][INFO] - {'coverage': '100.00', 'max_fitness': '0.00', 'passive_coverage': '82.13', 'passive_max_fitness': '0.00', 'passive_mean_fitness': '-61.22', 'passive_qd_score': '67452.17', 'qd_score': '104529.26', 'mean_fitness_top_k': '0.00'}
[2026-05-28 14:53:44,664][root][INFO] - Generation 397/400 - Time: 0.00 seconds
[2026-05-28 14:53:44,665][root][INFO] - {'coverage': '100.00', 'max_fitness': '0.00', 'passive_coverage': '82.13', 'passive_max_fitness': '0.00', 'passive_mean_fitness': '-61.22', 'passive_qd_score': '67452.17', 'qd_score': '105703.18', 'mean_fitness_top_k': '0.00'}
[2026-05-28 14:53:45,625][root][INFO] - Generation 398/400 - Time: 0.00 seconds
[2026-05-28 14:53:45,625][root][INFO] - {'coverage': '100.00', 'max_fitness': '0.00', 'passive_coverage': '82.13', 'passive_max_fitness': '0.00', 'passive_mean_fitness': '-61.22', 'passive_qd_score': '67452.17', 'qd_score': '107295.36', 'mean_fitness_top_k': '0.00'}
[2026-05-28 14:53:46,587][root][INFO] - Generation 399/400 - Time: 0.00 seconds
[2026-05-28 14:53:46,588][root][INFO] - {'coverage': '100.00', 'max_fitness': '0.00', 'passive_coverage': '82.13', 'passive_max_fitness': '0.00', 'passive_mean_fitness': '-61.22', 'passive_qd_score': '67452.17', 'qd_score': '107795.57', 'mean_fitness_top_k': '0.00'}
[2026-05-28 14:53:47,553][root][INFO] - Generation 400/400 - Time: 0.00 seconds
[2026-05-28 14:53:47,553][root][INFO] - {'coverage': '100.00', 'max_fitness': '0.00', 'passive_coverage': '82.13', 'passive_max_fitness': '0.00', 'passive_mean_fitness': '-61.22', 'passive_qd_score': '67452.24', 'qd_score': '109447.52', 'mean_fitness_top_k': '0.00'}
[2026-05-28 14:53:47,563][root][INFO] - Trigger signal log saved to runs/20260528_144015_kheperax_seed13
