[2026-05-30 10:21:55,414][root][INFO] - {'wandb': {'project': 'mt-map-elites', 'job_type': 'train', 'name': '${now:%Y_%m_%d_%H_%M_%S}', 'mode': 'offline', 'group': '${env.name}', 'tags': ['${name}', '${env.name}']}, 'env': {'name': 'kheperax', 'reward_type': 'final', 'speed_bonus_factor': 1.0, 'episode_length': 200, 'resolution': [64, 64], 'policy_hidden_layer_size': [5], 'map_name': 'standard', 'lasers_return_minus_one_if_out_of_range': False, 'std_noise_wheel_velocities': 0.0, 'std_noise_sensor_measures': 0.0, 'action_scale': 0.025, 'grid_shape': [40, 40], 'min_bd': 0, 'max_bd': 1, 'num_init_cvt_samples': 50000, 'num_centroids': 1024, 'task': {'bd_extractor': 'xy_pos', 'grid_shape': [40, 40], 'min_bd': 0, 'max_bd': 1, 'num_init_cvt_samples': 50000, 'num_centroids': 1024, 'num_descriptors': 2}, 'vmax': 0, 'vmin': -124, 'observation_extraction': {'subsample': True, 'sampling_freq': 4, 'observation_option': 'sensory_data', 'normalize_obs': True, 'max_obs_size': 25}}, 'name': 'aurora_baseline', 'seed': 7, 'backend': 'jax', 'batch_size': 512, 'num_iterations': 2000, 'num_total_steps': 2000000, 'metrics_log_period': 5, 'log_answer_set_geometry': True, 'save_archive_checkpoints': False, 'archive_checkpoint_interval': 100, 'me_repertoire': False, 'iso_sigma': 0.2, 'line_sigma': 0, 'reinit_params': False, 'reinit_opt': True, 'no_csc': False, 'no_training': False, 'csc_orig': False, 'repertoire': 'adaptive', 'max_size': 1024, 'target_size': 922, 'l_value_init': 0.2, 'prop_gain': 0.0001, 'default_update_base': 10, 'model_batch_size': 128, 'hidden_size': 10, 'features': 8, 'model_epoch_period': 200, 'learning_rate': 0.01, 'min_delta_early_stopping': 0.0005, 'loss_type': 'triplet', 'triplet_margin': 0.2, 'triplet_loss_weight': 1, 'margin_auto_adjust': True, 'extinction': False, 'extinction_freq': 10, 'remaining_prop': 0.05, 'post_extinction_snapshot_offset': 5, 'top_k_percent': 20, 'extinction_mode': 'fixed_generations', 'target_extinction_count': 13, 'safe_keep': {'enabled': True, 'mode': 'fitness_coverage', 'remaining_prop': 0.05, 'fitness_coverage': {'n_bins': 5, 'min_per_bin': 'auto', 'neighbor_dist': 0.15}}, 'fixed_generations': {'generations': [250, 750]}, 'adaptive_extinction': {'warmup': 50, 'patience': 10, 'alpha': 0.2, 'cooldown': 10, 'd_min_patience': 5, 'd_min_alpha': 0.2, 'd_min_warmup': 25, 'd_min_cooldown': 5, 'd_min_window': 10, 'fitness_window': 10, 'd_min_stagnation_threshold': 0.03, 'fitness_improvement_threshold': 0.05, 'high_d_min_threshold': 0.75, 'high_d_min_patience': 12, 'fitness_patience': 5, 'ramped_prop_min': 0.05, 'ramped_prop_max': 0.4}, 'env_params': {'kheperax': {'iso_sigma': 0.2, 'line_sigma': 0}, 'ant_maze': {'iso_sigma': 0.005, 'line_sigma': 0.05}, 'walker': {'iso_sigma': 0.005, 'line_sigma': 0.05}, 'half_cheetah': {'iso_sigma': 0.005, 'line_sigma': 0.05}}}
[2026-05-30 10:21:55,414][root][INFO] - Training
[2026-05-30 10:21:55,805][jax._src.xla_bridge][INFO] - Unable to initialize backend 'rocm': module 'jaxlib.xla_extension' has no attribute 'GpuAllocatorConfig'
[2026-05-30 10:21:55,807][jax._src.xla_bridge][INFO] - Unable to initialize backend 'tpu': INTERNAL: Failed to open libtpu.so: libtpu.so: cannot open shared object file: No such file or directory
[2026-05-30 10:21:56,427][root][INFO] - Policy params count (search space): 42
[2026-05-30 10:21:56,908][root][INFO] - AE params count: 1335
[2026-05-30 10:21:56,909][root][INFO] - Algorithm initialization
[2026-05-30 10:22:00,118][root][INFO] - Repertoire initialized in 3.21 seconds
[2026-05-30 10:22:01,571][root][INFO] - Epoch: 1, loss: 0.0000
[2026-05-30 10:22:01,648][root][INFO] - Epoch: 2, loss: 0.0000
[2026-05-30 10:22:01,730][root][INFO] - Epoch: 3, loss: 0.0000
[2026-05-30 10:22:01,802][root][INFO] - Epoch: 4, loss: 0.0000
[2026-05-30 10:22:01,874][root][INFO] - Epoch: 5, loss: 0.0000
[2026-05-30 10:22:01,945][root][INFO] - Epoch: 6, loss: 0.0000
[2026-05-30 10:22:02,019][root][INFO] - Epoch: 7, loss: 0.0000
[2026-05-30 10:22:02,090][root][INFO] - Epoch: 8, loss: 0.0000
[2026-05-30 10:22:02,161][root][INFO] - Epoch: 9, loss: 0.0000
[2026-05-30 10:22:02,233][root][INFO] - Epoch: 10, loss: 0.0000
[2026-05-30 10:22:02,304][root][INFO] - Epoch: 11, loss: 0.0000
[2026-05-30 10:22:02,375][root][INFO] - Epoch: 12, loss: 0.0000
[2026-05-30 10:22:02,376][root][INFO] - Early stopping at epoch: 11
[2026-05-30 10:22:02,567][root][INFO] - Saving initialization snapshot
[2026-05-30 10:22:03,782][root][INFO] - Trigger signal logger writing to /workspace/src/output/final_fixed_generations_seed7/runs/20260530_102202_kheperax_seed7
[2026-05-30 10:22:07,071][root][INFO] - Generation 1/400 - Time: 1.99 seconds
[2026-05-30 10:22:07,078][root][INFO] - {'coverage': '100.00', 'max_fitness': '-14.12', 'passive_coverage': '12.50', 'passive_max_fitness': '-14.12', 'passive_mean_fitness': '-63.99', 'passive_qd_score': '9910.81', 'qd_score': '71692.36', 'mean_fitness_top_k': '-52.16'}
[2026-05-30 10:22:08,191][root][INFO] - Updating AE...
[2026-05-30 10:22:09,051][root][INFO] - Epoch: 1, loss: 5259.1934
[2026-05-30 10:22:09,124][root][INFO] - Epoch: 2, loss: 1027.5396
[2026-05-30 10:22:09,194][root][INFO] - Epoch: 3, loss: 645.5182
[2026-05-30 10:22:09,267][root][INFO] - Epoch: 4, loss: 531.4262
[2026-05-30 10:22:09,338][root][INFO] - Epoch: 5, loss: 491.1161
[2026-05-30 10:22:09,409][root][INFO] - Epoch: 6, loss: 467.7204
[2026-05-30 10:22:09,480][root][INFO] - Epoch: 7, loss: 451.7863
[2026-05-30 10:22:09,551][root][INFO] - Epoch: 8, loss: 441.9986
[2026-05-30 10:22:09,623][root][INFO] - Epoch: 9, loss: 433.6356
[2026-05-30 10:22:09,694][root][INFO] - Epoch: 10, loss: 426.6488
[2026-05-30 10:22:09,766][root][INFO] - Epoch: 11, loss: 421.1127
[2026-05-30 10:22:09,838][root][INFO] - Epoch: 12, loss: 416.5355
[2026-05-30 10:22:09,909][root][INFO] - Epoch: 13, loss: 411.9370
[2026-05-30 10:22:09,981][root][INFO] - Epoch: 14, loss: 408.0495
[2026-05-30 10:22:10,053][root][INFO] - Epoch: 15, loss: 404.3969
[2026-05-30 10:22:10,125][root][INFO] - Epoch: 16, loss: 400.7842
[2026-05-30 10:22:10,196][root][INFO] - Epoch: 17, loss: 397.3119
[2026-05-30 10:22:10,267][root][INFO] - Epoch: 18, loss: 393.9916
[2026-05-30 10:22:10,339][root][INFO] - Epoch: 19, loss: 391.0916
[2026-05-30 10:22:10,411][root][INFO] - Epoch: 20, loss: 388.1453
[2026-05-30 10:22:10,482][root][INFO] - Epoch: 21, loss: 385.4598
[2026-05-30 10:22:10,554][root][INFO] - Epoch: 22, loss: 383.4257
[2026-05-30 10:22:10,625][root][INFO] - Epoch: 23, loss: 380.9143
[2026-05-30 10:22:10,696][root][INFO] - Epoch: 24, loss: 379.1151
[2026-05-30 10:22:10,768][root][INFO] - Epoch: 25, loss: 377.2626
[2026-05-30 10:22:10,839][root][INFO] - Epoch: 26, loss: 375.7634
[2026-05-30 10:22:10,911][root][INFO] - Epoch: 27, loss: 374.2534
[2026-05-30 10:22:10,983][root][INFO] - Epoch: 28, loss: 373.0039
[2026-05-30 10:22:11,054][root][INFO] - Epoch: 29, loss: 371.9051
[2026-05-30 10:22:11,126][root][INFO] - Epoch: 30, loss: 370.9068
[2026-05-30 10:22:11,198][root][INFO] - Epoch: 31, loss: 369.6973
[2026-05-30 10:22:11,270][root][INFO] - Epoch: 32, loss: 368.2417
[2026-05-30 10:22:11,341][root][INFO] - Epoch: 33, loss: 367.1293
[2026-05-30 10:22:11,413][root][INFO] - Epoch: 34, loss: 366.0375
[2026-05-30 10:22:11,484][root][INFO] - Epoch: 35, loss: 364.9126
[2026-05-30 10:22:11,555][root][INFO] - Epoch: 36, loss: 364.0340
[2026-05-30 10:22:11,627][root][INFO] - Epoch: 37, loss: 362.8903
[2026-05-30 10:22:11,698][root][INFO] - Epoch: 38, loss: 361.9182
[2026-05-30 10:22:11,770][root][INFO] - Epoch: 39, loss: 361.0919
[2026-05-30 10:22:11,841][root][INFO] - Epoch: 40, loss: 360.1412
[2026-05-30 10:22:11,912][root][INFO] - Epoch: 41, loss: 358.8403
[2026-05-30 10:22:11,984][root][INFO] - Epoch: 42, loss: 358.1564
[2026-05-30 10:22:12,055][root][INFO] - Epoch: 43, loss: 357.0853
[2026-05-30 10:22:12,127][root][INFO] - Epoch: 44, loss: 356.1498
[2026-05-30 10:22:12,200][root][INFO] - Epoch: 45, loss: 354.8229
[2026-05-30 10:22:12,272][root][INFO] - Epoch: 46, loss: 354.0609
[2026-05-30 10:22:12,344][root][INFO] - Epoch: 47, loss: 353.6666
[2026-05-30 10:22:12,417][root][INFO] - Epoch: 48, loss: 352.1452
[2026-05-30 10:22:12,488][root][INFO] - Epoch: 49, loss: 351.2855
[2026-05-30 10:22:12,560][root][INFO] - Epoch: 50, loss: 349.9175
[2026-05-30 10:22:12,632][root][INFO] - Epoch: 51, loss: 349.0227
[2026-05-30 10:22:12,706][root][INFO] - Epoch: 52, loss: 348.9031
[2026-05-30 10:22:12,780][root][INFO] - Epoch: 53, loss: 346.8603
[2026-05-30 10:22:12,853][root][INFO] - Epoch: 54, loss: 345.9832
[2026-05-30 10:22:12,927][root][INFO] - Epoch: 55, loss: 344.6172
[2026-05-30 10:22:12,999][root][INFO] - Epoch: 56, loss: 344.7276
[2026-05-30 10:22:13,070][root][INFO] - Epoch: 57, loss: 344.8171
[2026-05-30 10:22:13,142][root][INFO] - Epoch: 58, loss: 342.5194
[2026-05-30 10:22:13,214][root][INFO] - Epoch: 59, loss: 340.5562
[2026-05-30 10:22:13,286][root][INFO] - Epoch: 60, loss: 341.7958
[2026-05-30 10:22:13,357][root][INFO] - Epoch: 61, loss: 338.4534
[2026-05-30 10:22:13,428][root][INFO] - Epoch: 62, loss: 338.8854
[2026-05-30 10:22:13,499][root][INFO] - Epoch: 63, loss: 338.4548
[2026-05-30 10:22:13,570][root][INFO] - Epoch: 64, loss: 337.7232
[2026-05-30 10:22:13,642][root][INFO] - Epoch: 65, loss: 338.0113
[2026-05-30 10:22:13,713][root][INFO] - Epoch: 66, loss: 337.4608
[2026-05-30 10:22:13,785][root][INFO] - Epoch: 67, loss: 335.7266
[2026-05-30 10:22:13,855][root][INFO] - Epoch: 68, loss: 336.4578
[2026-05-30 10:22:13,926][root][INFO] - Epoch: 69, loss: 334.7261
[2026-05-30 10:22:13,999][root][INFO] - Epoch: 70, loss: 333.9005
[2026-05-30 10:22:14,070][root][INFO] - Epoch: 71, loss: 334.6304
[2026-05-30 10:22:14,142][root][INFO] - Epoch: 72, loss: 332.7410
[2026-05-30 10:22:14,215][root][INFO] - Epoch: 73, loss: 331.6574
[2026-05-30 10:22:14,286][root][INFO] - Epoch: 74, loss: 332.7017
[2026-05-30 10:22:14,359][root][INFO] - Epoch: 75, loss: 331.5121
[2026-05-30 10:22:14,430][root][INFO] - Epoch: 76, loss: 333.0266
[2026-05-30 10:22:14,501][root][INFO] - Epoch: 77, loss: 330.8825
[2026-05-30 10:22:14,574][root][INFO] - Epoch: 78, loss: 330.8188
[2026-05-30 10:22:14,645][root][INFO] - Epoch: 79, loss: 328.0835
[2026-05-30 10:22:14,717][root][INFO] - Epoch: 80, loss: 329.7270
[2026-05-30 10:22:14,788][root][INFO] - Epoch: 81, loss: 326.6714
[2026-05-30 10:22:14,860][root][INFO] - Epoch: 82, loss: 326.2360
[2026-05-30 10:22:14,931][root][INFO] - Epoch: 83, loss: 324.4676
[2026-05-30 10:22:15,004][root][INFO] - Epoch: 84, loss: 323.6594
[2026-05-30 10:22:15,075][root][INFO] - Epoch: 85, loss: 323.4508
[2026-05-30 10:22:15,147][root][INFO] - Epoch: 86, loss: 322.0443
[2026-05-30 10:22:15,218][root][INFO] - Epoch: 87, loss: 322.3360
[2026-05-30 10:22:15,291][root][INFO] - Epoch: 88, loss: 320.7020
[2026-05-30 10:22:15,363][root][INFO] - Epoch: 89, loss: 319.5790
[2026-05-30 10:22:15,434][root][INFO] - Epoch: 90, loss: 319.8092
[2026-05-30 10:22:15,505][root][INFO] - Epoch: 91, loss: 318.8899
[2026-05-30 10:22:15,577][root][INFO] - Epoch: 92, loss: 317.2322
[2026-05-30 10:22:15,649][root][INFO] - Epoch: 93, loss: 316.3707
[2026-05-30 10:22:15,720][root][INFO] - Epoch: 94, loss: 315.2644
[2026-05-30 10:22:15,792][root][INFO] - Epoch: 95, loss: 316.2398
[2026-05-30 10:22:15,864][root][INFO] - Epoch: 96, loss: 316.1550
[2026-05-30 10:22:15,936][root][INFO] - Epoch: 97, loss: 314.5280
[2026-05-30 10:22:16,008][root][INFO] - Epoch: 98, loss: 312.1214
[2026-05-30 10:22:16,079][root][INFO] - Epoch: 99, loss: 311.4280
[2026-05-30 10:22:16,151][root][INFO] - Epoch: 100, loss: 311.9430
[2026-05-30 10:22:16,223][root][INFO] - Epoch: 101, loss: 307.5261
[2026-05-30 10:22:16,294][root][INFO] - Epoch: 102, loss: 310.3859
[2026-05-30 10:22:16,366][root][INFO] - Epoch: 103, loss: 312.9484
[2026-05-30 10:22:16,437][root][INFO] - Epoch: 104, loss: 314.9188
[2026-05-30 10:22:16,509][root][INFO] - Epoch: 105, loss: 320.3937
[2026-05-30 10:22:16,580][root][INFO] - Epoch: 106, loss: 308.7952
[2026-05-30 10:22:16,652][root][INFO] - Epoch: 107, loss: 309.1029
[2026-05-30 10:22:16,724][root][INFO] - Epoch: 108, loss: 305.7943
[2026-05-30 10:22:16,794][root][INFO] - Epoch: 109, loss: 302.4835
[2026-05-30 10:22:16,866][root][INFO] - Epoch: 110, loss: 302.5815
[2026-05-30 10:22:16,937][root][INFO] - Epoch: 111, loss: 304.0137
[2026-05-30 10:22:17,008][root][INFO] - Epoch: 112, loss: 300.6568
[2026-05-30 10:22:17,080][root][INFO] - Epoch: 113, loss: 301.7395
[2026-05-30 10:22:17,152][root][INFO] - Epoch: 114, loss: 300.4050
[2026-05-30 10:22:17,224][root][INFO] - Epoch: 115, loss: 298.8045
[2026-05-30 10:22:17,295][root][INFO] - Epoch: 116, loss: 298.3032
[2026-05-30 10:22:17,367][root][INFO] - Epoch: 117, loss: 296.1608
[2026-05-30 10:22:17,438][root][INFO] - Epoch: 118, loss: 300.3419
[2026-05-30 10:22:17,510][root][INFO] - Epoch: 119, loss: 301.4226
[2026-05-30 10:22:17,581][root][INFO] - Epoch: 120, loss: 313.7551
[2026-05-30 10:22:17,652][root][INFO] - Epoch: 121, loss: 295.5388
[2026-05-30 10:22:17,724][root][INFO] - Epoch: 122, loss: 298.1891
[2026-05-30 10:22:17,796][root][INFO] - Epoch: 123, loss: 294.6861
[2026-05-30 10:22:17,868][root][INFO] - Epoch: 124, loss: 293.0885
[2026-05-30 10:22:17,939][root][INFO] - Epoch: 125, loss: 292.6746
[2026-05-30 10:22:18,011][root][INFO] - Epoch: 126, loss: 295.0966
[2026-05-30 10:22:18,082][root][INFO] - Epoch: 127, loss: 290.4481
[2026-05-30 10:22:18,154][root][INFO] - Epoch: 128, loss: 295.8291
[2026-05-30 10:22:18,226][root][INFO] - Epoch: 129, loss: 292.0036
[2026-05-30 10:22:18,297][root][INFO] - Epoch: 130, loss: 291.6185
[2026-05-30 10:22:18,368][root][INFO] - Epoch: 131, loss: 293.6068
[2026-05-30 10:22:18,439][root][INFO] - Epoch: 132, loss: 289.0858
[2026-05-30 10:22:18,511][root][INFO] - Epoch: 133, loss: 287.7986
[2026-05-30 10:22:18,582][root][INFO] - Epoch: 134, loss: 287.5074
[2026-05-30 10:22:18,654][root][INFO] - Epoch: 135, loss: 293.7775
[2026-05-30 10:22:18,725][root][INFO] - Epoch: 136, loss: 288.3051
[2026-05-30 10:22:18,796][root][INFO] - Epoch: 137, loss: 290.6156
[2026-05-30 10:22:18,868][root][INFO] - Epoch: 138, loss: 288.6262
[2026-05-30 10:22:18,940][root][INFO] - Epoch: 139, loss: 286.4213
[2026-05-30 10:22:19,012][root][INFO] - Epoch: 140, loss: 284.4866
[2026-05-30 10:22:19,084][root][INFO] - Epoch: 141, loss: 282.0407
[2026-05-30 10:22:19,155][root][INFO] - Epoch: 142, loss: 283.9367
[2026-05-30 10:22:19,227][root][INFO] - Epoch: 143, loss: 284.5130
[2026-05-30 10:22:19,298][root][INFO] - Epoch: 144, loss: 280.1621
[2026-05-30 10:22:19,369][root][INFO] - Epoch: 145, loss: 277.9571
[2026-05-30 10:22:19,441][root][INFO] - Epoch: 146, loss: 278.8014
[2026-05-30 10:22:19,514][root][INFO] - Epoch: 147, loss: 279.8547
[2026-05-30 10:22:19,585][root][INFO] - Epoch: 148, loss: 275.6077
[2026-05-30 10:22:19,657][root][INFO] - Epoch: 149, loss: 281.3763
[2026-05-30 10:22:19,728][root][INFO] - Epoch: 150, loss: 283.9789
[2026-05-30 10:22:19,800][root][INFO] - Epoch: 151, loss: 280.3022
[2026-05-30 10:22:19,871][root][INFO] - Epoch: 152, loss: 278.2108
[2026-05-30 10:22:19,944][root][INFO] - Epoch: 153, loss: 279.3951
[2026-05-30 10:22:20,016][root][INFO] - Epoch: 154, loss: 274.2198
[2026-05-30 10:22:20,088][root][INFO] - Epoch: 155, loss: 274.1044
[2026-05-30 10:22:20,160][root][INFO] - Epoch: 156, loss: 271.2931
[2026-05-30 10:22:20,232][root][INFO] - Epoch: 157, loss: 269.5921
[2026-05-30 10:22:20,304][root][INFO] - Epoch: 158, loss: 274.2609
[2026-05-30 10:22:20,375][root][INFO] - Epoch: 159, loss: 280.4207
[2026-05-30 10:22:20,447][root][INFO] - Epoch: 160, loss: 282.9886
[2026-05-30 10:22:20,518][root][INFO] - Epoch: 161, loss: 278.6013
[2026-05-30 10:22:20,589][root][INFO] - Epoch: 162, loss: 279.7890
[2026-05-30 10:22:20,662][root][INFO] - Epoch: 163, loss: 268.7318
[2026-05-30 10:22:20,732][root][INFO] - Epoch: 164, loss: 266.0858
[2026-05-30 10:22:20,803][root][INFO] - Epoch: 165, loss: 267.0953
[2026-05-30 10:22:20,874][root][INFO] - Epoch: 166, loss: 264.1071
[2026-05-30 10:22:20,947][root][INFO] - Epoch: 167, loss: 266.4619
[2026-05-30 10:22:21,018][root][INFO] - Epoch: 168, loss: 265.8765
[2026-05-30 10:22:21,089][root][INFO] - Epoch: 169, loss: 260.7466
[2026-05-30 10:22:21,160][root][INFO] - Epoch: 170, loss: 261.8367
[2026-05-30 10:22:21,231][root][INFO] - Epoch: 171, loss: 264.3436
[2026-05-30 10:22:21,302][root][INFO] - Epoch: 172, loss: 260.7502
[2026-05-30 10:22:21,374][root][INFO] - Epoch: 173, loss: 256.9096
[2026-05-30 10:22:21,445][root][INFO] - Epoch: 174, loss: 252.6446
[2026-05-30 10:22:21,516][root][INFO] - Epoch: 175, loss: 254.4848
[2026-05-30 10:22:21,588][root][INFO] - Epoch: 176, loss: 258.6183
[2026-05-30 10:22:21,660][root][INFO] - Epoch: 177, loss: 254.9724
[2026-05-30 10:22:21,731][root][INFO] - Epoch: 178, loss: 252.2845
[2026-05-30 10:22:21,803][root][INFO] - Epoch: 179, loss: 254.1488
[2026-05-30 10:22:21,874][root][INFO] - Epoch: 180, loss: 256.1524
[2026-05-30 10:22:21,945][root][INFO] - Epoch: 181, loss: 256.8049
[2026-05-30 10:22:22,017][root][INFO] - Epoch: 182, loss: 251.0602
[2026-05-30 10:22:22,089][root][INFO] - Epoch: 183, loss: 257.1788
[2026-05-30 10:22:22,190][root][INFO] - Epoch: 184, loss: 252.3656
[2026-05-30 10:22:22,263][root][INFO] - Epoch: 185, loss: 250.4344
[2026-05-30 10:22:22,337][root][INFO] - Epoch: 186, loss: 251.1072
[2026-05-30 10:22:22,411][root][INFO] - Epoch: 187, loss: 250.6980
[2026-05-30 10:22:22,484][root][INFO] - Epoch: 188, loss: 246.2756
[2026-05-30 10:22:22,566][root][INFO] - Epoch: 189, loss: 245.7738
[2026-05-30 10:22:22,653][root][INFO] - Epoch: 190, loss: 242.4868
[2026-05-30 10:22:22,726][root][INFO] - Epoch: 191, loss: 249.7814
[2026-05-30 10:22:22,799][root][INFO] - Epoch: 192, loss: 263.2942
[2026-05-30 10:22:22,871][root][INFO] - Epoch: 193, loss: 248.3597
[2026-05-30 10:22:22,942][root][INFO] - Epoch: 194, loss: 250.7747
[2026-05-30 10:22:23,013][root][INFO] - Epoch: 195, loss: 246.1732
[2026-05-30 10:22:23,085][root][INFO] - Epoch: 196, loss: 245.0731
[2026-05-30 10:22:23,157][root][INFO] - Epoch: 197, loss: 241.3043
[2026-05-30 10:22:23,229][root][INFO] - Epoch: 198, loss: 246.6764
[2026-05-30 10:22:23,303][root][INFO] - Epoch: 199, loss: 242.2785
[2026-05-30 10:22:23,379][root][INFO] - Epoch: 200, loss: 241.2161
[2026-05-30 10:22:23,442][root][INFO] - {'model_loss': '241.2161', 'recon_loss': '0.0000', 'triplet_loss': '241.2161'}
[2026-05-30 10:22:23,447][root][INFO] - Updating AE...
[2026-05-30 10:22:24,238][root][INFO] - Epoch: 1, loss: 106.7989
[2026-05-30 10:22:24,313][root][INFO] - Epoch: 2, loss: 34.0231
[2026-05-30 10:22:24,396][root][INFO] - Epoch: 3, loss: 21.9392
[2026-05-30 10:22:24,469][root][INFO] - Epoch: 4, loss: 17.9983
[2026-05-30 10:22:24,540][root][INFO] - Epoch: 5, loss: 16.0883
[2026-05-30 10:22:24,612][root][INFO] - Epoch: 6, loss: 15.0423
[2026-05-30 10:22:24,684][root][INFO] - Epoch: 7, loss: 14.4527
[2026-05-30 10:22:24,754][root][INFO] - Epoch: 8, loss: 14.0595
[2026-05-30 10:22:24,828][root][INFO] - Epoch: 9, loss: 13.7882
[2026-05-30 10:22:24,899][root][INFO] - Epoch: 10, loss: 13.5775
[2026-05-30 10:22:24,971][root][INFO] - Epoch: 11, loss: 13.4222
[2026-05-30 10:22:25,042][root][INFO] - Epoch: 12, loss: 13.2861
[2026-05-30 10:22:25,113][root][INFO] - Epoch: 13, loss: 13.1827
[2026-05-30 10:22:25,184][root][INFO] - Epoch: 14, loss: 13.1215
[2026-05-30 10:22:25,256][root][INFO] - Epoch: 15, loss: 13.0196
[2026-05-30 10:22:25,329][root][INFO] - Epoch: 16, loss: 12.9410
[2026-05-30 10:22:25,400][root][INFO] - Epoch: 17, loss: 12.8736
[2026-05-30 10:22:25,472][root][INFO] - Epoch: 18, loss: 12.8155
[2026-05-30 10:22:25,543][root][INFO] - Epoch: 19, loss: 12.7753
[2026-05-30 10:22:25,615][root][INFO] - Epoch: 20, loss: 12.6957
[2026-05-30 10:22:25,686][root][INFO] - Epoch: 21, loss: 12.6132
[2026-05-30 10:22:25,757][root][INFO] - Epoch: 22, loss: 12.5588
[2026-05-30 10:22:25,829][root][INFO] - Epoch: 23, loss: 12.5065
[2026-05-30 10:22:25,901][root][INFO] - Epoch: 24, loss: 12.4749
[2026-05-30 10:22:25,973][root][INFO] - Epoch: 25, loss: 12.4449
[2026-05-30 10:22:26,044][root][INFO] - Epoch: 26, loss: 12.4007
[2026-05-30 10:22:26,116][root][INFO] - Epoch: 27, loss: 12.2749
[2026-05-30 10:22:26,188][root][INFO] - Epoch: 28, loss: 12.2693
[2026-05-30 10:22:26,259][root][INFO] - Epoch: 29, loss: 12.2101
[2026-05-30 10:22:26,331][root][INFO] - Epoch: 30, loss: 12.1898
[2026-05-30 10:22:26,403][root][INFO] - Epoch: 31, loss: 12.0804
[2026-05-30 10:22:26,476][root][INFO] - Epoch: 32, loss: 12.0257
[2026-05-30 10:22:26,548][root][INFO] - Epoch: 33, loss: 12.0230
[2026-05-30 10:22:26,619][root][INFO] - Epoch: 34, loss: 11.9761
[2026-05-30 10:22:26,691][root][INFO] - Epoch: 35, loss: 11.9014
[2026-05-30 10:22:26,764][root][INFO] - Epoch: 36, loss: 12.0052
[2026-05-30 10:22:26,835][root][INFO] - Epoch: 37, loss: 11.8668
[2026-05-30 10:22:26,907][root][INFO] - Epoch: 38, loss: 11.7874
[2026-05-30 10:22:26,979][root][INFO] - Epoch: 39, loss: 11.8258
[2026-05-30 10:22:27,050][root][INFO] - Epoch: 40, loss: 11.7393
[2026-05-30 10:22:27,121][root][INFO] - Epoch: 41, loss: 11.6738
[2026-05-30 10:22:27,193][root][INFO] - Epoch: 42, loss: 11.6081
[2026-05-30 10:22:27,265][root][INFO] - Epoch: 43, loss: 11.5473
[2026-05-30 10:22:27,339][root][INFO] - Epoch: 44, loss: 11.5513
[2026-05-30 10:22:27,413][root][INFO] - Epoch: 45, loss: 11.5224
[2026-05-30 10:22:27,488][root][INFO] - Epoch: 46, loss: 11.4422
[2026-05-30 10:22:27,563][root][INFO] - Epoch: 47, loss: 11.5439
[2026-05-30 10:22:27,636][root][INFO] - Epoch: 48, loss: 11.4069
[2026-05-30 10:22:27,710][root][INFO] - Epoch: 49, loss: 11.3819
[2026-05-30 10:22:27,786][root][INFO] - Epoch: 50, loss: 11.3221
[2026-05-30 10:22:27,862][root][INFO] - Epoch: 51, loss: 11.3125
[2026-05-30 10:22:27,935][root][INFO] - Epoch: 52, loss: 11.2877
[2026-05-30 10:22:28,009][root][INFO] - Epoch: 53, loss: 11.3190
[2026-05-30 10:22:28,081][root][INFO] - Epoch: 54, loss: 11.1950
[2026-05-30 10:22:28,152][root][INFO] - Epoch: 55, loss: 11.1769
[2026-05-30 10:22:28,224][root][INFO] - Epoch: 56, loss: 11.1927
[2026-05-30 10:22:28,296][root][INFO] - Epoch: 57, loss: 11.0318
[2026-05-30 10:22:28,369][root][INFO] - Epoch: 58, loss: 11.0235
[2026-05-30 10:22:28,441][root][INFO] - Epoch: 59, loss: 10.9723
[2026-05-30 10:22:28,512][root][INFO] - Epoch: 60, loss: 10.9639
[2026-05-30 10:22:28,583][root][INFO] - Epoch: 61, loss: 11.0294
[2026-05-30 10:22:28,655][root][INFO] - Epoch: 62, loss: 10.9807
[2026-05-30 10:22:28,727][root][INFO] - Epoch: 63, loss: 10.8973
[2026-05-30 10:22:28,799][root][INFO] - Epoch: 64, loss: 10.8753
[2026-05-30 10:22:28,871][root][INFO] - Epoch: 65, loss: 10.8588
[2026-05-30 10:22:28,947][root][INFO] - Epoch: 66, loss: 10.8061
[2026-05-30 10:22:29,022][root][INFO] - Epoch: 67, loss: 10.7741
[2026-05-30 10:22:29,095][root][INFO] - Epoch: 68, loss: 10.7497
[2026-05-30 10:22:29,168][root][INFO] - Epoch: 69, loss: 10.6701
[2026-05-30 10:22:29,240][root][INFO] - Epoch: 70, loss: 10.5778
[2026-05-30 10:22:29,313][root][INFO] - Epoch: 71, loss: 10.5857
[2026-05-30 10:22:29,385][root][INFO] - Epoch: 72, loss: 10.5885
[2026-05-30 10:22:29,458][root][INFO] - Epoch: 73, loss: 10.5160
[2026-05-30 10:22:29,530][root][INFO] - Epoch: 74, loss: 10.4197
[2026-05-30 10:22:29,602][root][INFO] - Epoch: 75, loss: 10.4468
[2026-05-30 10:22:29,674][root][INFO] - Epoch: 76, loss: 10.4397
[2026-05-30 10:22:29,747][root][INFO] - Epoch: 77, loss: 10.3857
[2026-05-30 10:22:29,818][root][INFO] - Epoch: 78, loss: 10.3098
[2026-05-30 10:22:29,892][root][INFO] - Epoch: 79, loss: 10.4337
[2026-05-30 10:22:29,965][root][INFO] - Epoch: 80, loss: 10.3401
[2026-05-30 10:22:30,037][root][INFO] - Epoch: 81, loss: 10.2066
[2026-05-30 10:22:30,110][root][INFO] - Epoch: 82, loss: 10.1486
[2026-05-30 10:22:30,181][root][INFO] - Epoch: 83, loss: 10.1963
[2026-05-30 10:22:30,252][root][INFO] - Epoch: 84, loss: 10.2518
[2026-05-30 10:22:30,325][root][INFO] - Epoch: 85, loss: 10.3508
[2026-05-30 10:22:30,397][root][INFO] - Epoch: 86, loss: 10.2706
[2026-05-30 10:22:30,468][root][INFO] - Epoch: 87, loss: 10.1901
[2026-05-30 10:22:30,539][root][INFO] - Epoch: 88, loss: 10.1381
[2026-05-30 10:22:30,611][root][INFO] - Epoch: 89, loss: 10.0500
[2026-05-30 10:22:30,682][root][INFO] - Epoch: 90, loss: 9.9905
[2026-05-30 10:22:30,753][root][INFO] - Epoch: 91, loss: 9.8683
[2026-05-30 10:22:30,824][root][INFO] - Epoch: 92, loss: 10.0163
[2026-05-30 10:22:30,896][root][INFO] - Epoch: 93, loss: 9.8673
[2026-05-30 10:22:30,968][root][INFO] - Epoch: 94, loss: 9.7772
[2026-05-30 10:22:31,038][root][INFO] - Epoch: 95, loss: 9.7990
[2026-05-30 10:22:31,110][root][INFO] - Epoch: 96, loss: 9.8404
[2026-05-30 10:22:31,182][root][INFO] - Epoch: 97, loss: 9.6404
[2026-05-30 10:22:31,254][root][INFO] - Epoch: 98, loss: 9.6199
[2026-05-30 10:22:31,325][root][INFO] - Epoch: 99, loss: 9.7022
[2026-05-30 10:22:31,396][root][INFO] - Epoch: 100, loss: 9.5738
[2026-05-30 10:22:31,468][root][INFO] - Epoch: 101, loss: 9.5881
[2026-05-30 10:22:31,539][root][INFO] - Epoch: 102, loss: 9.6046
[2026-05-30 10:22:31,611][root][INFO] - Epoch: 103, loss: 9.4725
[2026-05-30 10:22:31,683][root][INFO] - Epoch: 104, loss: 9.7055
[2026-05-30 10:22:31,755][root][INFO] - Epoch: 105, loss: 9.5473
[2026-05-30 10:22:31,826][root][INFO] - Epoch: 106, loss: 9.5106
[2026-05-30 10:22:31,899][root][INFO] - Epoch: 107, loss: 9.3197
[2026-05-30 10:22:31,971][root][INFO] - Epoch: 108, loss: 9.2657
[2026-05-30 10:22:32,043][root][INFO] - Epoch: 109, loss: 9.1815
[2026-05-30 10:22:32,115][root][INFO] - Epoch: 110, loss: 9.3221
[2026-05-30 10:22:32,186][root][INFO] - Epoch: 111, loss: 9.3458
[2026-05-30 10:22:32,258][root][INFO] - Epoch: 112, loss: 9.1039
[2026-05-30 10:22:32,330][root][INFO] - Epoch: 113, loss: 9.4405
[2026-05-30 10:22:32,401][root][INFO] - Epoch: 114, loss: 9.4987
[2026-05-30 10:22:32,473][root][INFO] - Epoch: 115, loss: 9.6038
[2026-05-30 10:22:32,545][root][INFO] - Epoch: 116, loss: 9.3448
[2026-05-30 10:22:32,617][root][INFO] - Epoch: 117, loss: 9.1500
[2026-05-30 10:22:32,689][root][INFO] - Epoch: 118, loss: 9.0523
[2026-05-30 10:22:32,760][root][INFO] - Epoch: 119, loss: 8.9443
[2026-05-30 10:22:32,832][root][INFO] - Epoch: 120, loss: 8.9224
[2026-05-30 10:22:32,903][root][INFO] - Epoch: 121, loss: 9.0280
[2026-05-30 10:22:32,974][root][INFO] - Epoch: 122, loss: 9.3965
[2026-05-30 10:22:33,046][root][INFO] - Epoch: 123, loss: 9.2422
[2026-05-30 10:22:33,117][root][INFO] - Epoch: 124, loss: 9.0551
[2026-05-30 10:22:33,188][root][INFO] - Epoch: 125, loss: 8.7363
[2026-05-30 10:22:33,260][root][INFO] - Epoch: 126, loss: 8.8091
[2026-05-30 10:22:33,331][root][INFO] - Epoch: 127, loss: 8.7968
[2026-05-30 10:22:33,402][root][INFO] - Epoch: 128, loss: 8.8771
[2026-05-30 10:22:33,475][root][INFO] - Epoch: 129, loss: 8.6383
[2026-05-30 10:22:33,546][root][INFO] - Epoch: 130, loss: 8.5576
[2026-05-30 10:22:33,618][root][INFO] - Epoch: 131, loss: 8.6583
[2026-05-30 10:22:33,690][root][INFO] - Epoch: 132, loss: 8.7906
[2026-05-30 10:22:33,761][root][INFO] - Epoch: 133, loss: 8.8459
[2026-05-30 10:22:33,832][root][INFO] - Epoch: 134, loss: 8.5915
[2026-05-30 10:22:33,904][root][INFO] - Epoch: 135, loss: 8.6794
[2026-05-30 10:22:33,976][root][INFO] - Epoch: 136, loss: 8.6399
[2026-05-30 10:22:34,048][root][INFO] - Epoch: 137, loss: 8.6999
[2026-05-30 10:22:34,119][root][INFO] - Epoch: 138, loss: 8.6051
[2026-05-30 10:22:34,190][root][INFO] - Epoch: 139, loss: 8.8340
[2026-05-30 10:22:34,262][root][INFO] - Epoch: 140, loss: 8.6464
[2026-05-30 10:22:34,334][root][INFO] - Epoch: 141, loss: 8.6471
[2026-05-30 10:22:34,334][root][INFO] - Early stopping at epoch: 140
[2026-05-30 10:22:34,382][root][INFO] - {'model_loss': '8.6471', 'recon_loss': '0.0000', 'triplet_loss': '8.6471'}
[2026-05-30 10:22:34,386][root][INFO] - Generation 2/400 - Time: 0.00 seconds
[2026-05-30 10:22:34,387][root][INFO] - {'coverage': '100.00', 'max_fitness': '-12.87', 'passive_coverage': '15.04', 'passive_max_fitness': '-12.87', 'passive_mean_fitness': '-61.66', 'passive_qd_score': '12283.05', 'qd_score': '74251.47', 'mean_fitness_top_k': '-42.11'}
[2026-05-30 10:22:35,532][root][INFO] - Generation 3/400 - Time: 0.00 seconds
[2026-05-30 10:22:35,533][root][INFO] - {'coverage': '100.00', 'max_fitness': '-12.87', 'passive_coverage': '16.21', 'passive_max_fitness': '-12.87', 'passive_mean_fitness': '-61.47', 'passive_qd_score': '13272.08', 'qd_score': '73159.75', 'mean_fitness_top_k': '-44.88'}
[2026-05-30 10:22:36,670][root][INFO] - Generation 4/400 - Time: 0.00 seconds
[2026-05-30 10:22:36,672][root][INFO] - {'coverage': '100.00', 'max_fitness': '-12.87', 'passive_coverage': '16.70', 'passive_max_fitness': '-12.87', 'passive_mean_fitness': '-61.26', 'passive_qd_score': '13707.03', 'qd_score': '73837.13', 'mean_fitness_top_k': '-44.42'}
[2026-05-30 10:22:37,743][root][INFO] - Generation 5/400 - Time: 0.00 seconds
[2026-05-30 10:22:37,744][root][INFO] - {'coverage': '100.00', 'max_fitness': '-12.87', 'passive_coverage': '17.58', 'passive_max_fitness': '-12.87', 'passive_mean_fitness': '-60.15', 'passive_qd_score': '14628.28', 'qd_score': '74605.03', 'mean_fitness_top_k': '-42.85'}
[2026-05-30 10:22:38,732][root][INFO] - Updating AE...
[2026-05-30 10:22:39,478][root][INFO] - Epoch: 1, loss: 208.9541
[2026-05-30 10:22:39,547][root][INFO] - Epoch: 2, loss: 197.0393
[2026-05-30 10:22:39,618][root][INFO] - Epoch: 3, loss: 192.0159
[2026-05-30 10:22:39,687][root][INFO] - Epoch: 4, loss: 189.0471
[2026-05-30 10:22:39,756][root][INFO] - Epoch: 5, loss: 180.5465
[2026-05-30 10:22:39,826][root][INFO] - Epoch: 6, loss: 175.0710
[2026-05-30 10:22:39,896][root][INFO] - Epoch: 7, loss: 171.5045
[2026-05-30 10:22:39,967][root][INFO] - Epoch: 8, loss: 166.4097
[2026-05-30 10:22:40,036][root][INFO] - Epoch: 9, loss: 164.2591
[2026-05-30 10:22:40,107][root][INFO] - Epoch: 10, loss: 163.0489
[2026-05-30 10:22:40,179][root][INFO] - Epoch: 11, loss: 157.4761
[2026-05-30 10:22:40,249][root][INFO] - Epoch: 12, loss: 152.9971
[2026-05-30 10:22:40,321][root][INFO] - Epoch: 13, loss: 153.0407
[2026-05-30 10:22:40,392][root][INFO] - Epoch: 14, loss: 152.0242
[2026-05-30 10:22:40,462][root][INFO] - Epoch: 15, loss: 148.5311
[2026-05-30 10:22:40,533][root][INFO] - Epoch: 16, loss: 148.3650
[2026-05-30 10:22:40,603][root][INFO] - Epoch: 17, loss: 147.9495
[2026-05-30 10:22:40,673][root][INFO] - Epoch: 18, loss: 153.4685
[2026-05-30 10:22:40,744][root][INFO] - Epoch: 19, loss: 148.7782
[2026-05-30 10:22:40,814][root][INFO] - Epoch: 20, loss: 148.0640
[2026-05-30 10:22:40,885][root][INFO] - Epoch: 21, loss: 145.9349
[2026-05-30 10:22:40,955][root][INFO] - Epoch: 22, loss: 140.8429
[2026-05-30 10:22:41,025][root][INFO] - Epoch: 23, loss: 150.2296
[2026-05-30 10:22:41,096][root][INFO] - Epoch: 24, loss: 148.8302
[2026-05-30 10:22:41,169][root][INFO] - Epoch: 25, loss: 144.1912
[2026-05-30 10:22:41,239][root][INFO] - Epoch: 26, loss: 143.8758
[2026-05-30 10:22:41,309][root][INFO] - Epoch: 27, loss: 136.4816
[2026-05-30 10:22:41,379][root][INFO] - Epoch: 28, loss: 137.0147
[2026-05-30 10:22:41,451][root][INFO] - Epoch: 29, loss: 137.4977
[2026-05-30 10:22:41,521][root][INFO] - Epoch: 30, loss: 134.8462
[2026-05-30 10:22:41,591][root][INFO] - Epoch: 31, loss: 135.1283
[2026-05-30 10:22:41,661][root][INFO] - Epoch: 32, loss: 137.1523
[2026-05-30 10:22:41,731][root][INFO] - Epoch: 33, loss: 135.9718
[2026-05-30 10:22:41,802][root][INFO] - Epoch: 34, loss: 131.4744
[2026-05-30 10:22:41,872][root][INFO] - Epoch: 35, loss: 132.4946
[2026-05-30 10:22:41,942][root][INFO] - Epoch: 36, loss: 129.9902
[2026-05-30 10:22:42,013][root][INFO] - Epoch: 37, loss: 124.7505
[2026-05-30 10:22:42,083][root][INFO] - Epoch: 38, loss: 127.5369
[2026-05-30 10:22:42,154][root][INFO] - Epoch: 39, loss: 128.6727
[2026-05-30 10:22:42,224][root][INFO] - Epoch: 40, loss: 129.4899
[2026-05-30 10:22:42,295][root][INFO] - Epoch: 41, loss: 135.8950
[2026-05-30 10:22:42,366][root][INFO] - Epoch: 42, loss: 128.9854
[2026-05-30 10:22:42,436][root][INFO] - Epoch: 43, loss: 130.1543
[2026-05-30 10:22:42,506][root][INFO] - Epoch: 44, loss: 129.6206
[2026-05-30 10:22:42,576][root][INFO] - Epoch: 45, loss: 128.3113
[2026-05-30 10:22:42,646][root][INFO] - Epoch: 46, loss: 126.3127
[2026-05-30 10:22:42,718][root][INFO] - Epoch: 47, loss: 125.2195
[2026-05-30 10:22:42,788][root][INFO] - Epoch: 48, loss: 125.5864
[2026-05-30 10:22:42,792][root][INFO] - Early stopping at epoch: 47
[2026-05-30 10:22:42,822][root][INFO] - {'model_loss': '125.5864', 'recon_loss': '0.0000', 'triplet_loss': '125.5864'}
[2026-05-30 10:22:42,827][root][INFO] - Updating AE...
[2026-05-30 10:22:43,683][root][INFO] - Epoch: 1, loss: 98.6527
[2026-05-30 10:22:43,752][root][INFO] - Epoch: 2, loss: 76.1350
[2026-05-30 10:22:43,822][root][INFO] - Epoch: 3, loss: 75.1321
[2026-05-30 10:22:43,894][root][INFO] - Epoch: 4, loss: 72.3667
[2026-05-30 10:22:43,964][root][INFO] - Epoch: 5, loss: 69.5548
[2026-05-30 10:22:44,034][root][INFO] - Epoch: 6, loss: 67.9481
[2026-05-30 10:22:44,105][root][INFO] - Epoch: 7, loss: 66.2627
[2026-05-30 10:22:44,175][root][INFO] - Epoch: 8, loss: 64.9144
[2026-05-30 10:22:44,246][root][INFO] - Epoch: 9, loss: 63.9624
[2026-05-30 10:22:44,317][root][INFO] - Epoch: 10, loss: 62.6482
[2026-05-30 10:22:44,387][root][INFO] - Epoch: 11, loss: 62.0437
[2026-05-30 10:22:44,457][root][INFO] - Epoch: 12, loss: 62.4664
[2026-05-30 10:22:44,527][root][INFO] - Epoch: 13, loss: 61.6932
[2026-05-30 10:22:44,598][root][INFO] - Epoch: 14, loss: 60.4601
[2026-05-30 10:22:44,668][root][INFO] - Epoch: 15, loss: 59.1225
[2026-05-30 10:22:44,739][root][INFO] - Epoch: 16, loss: 58.2657
[2026-05-30 10:22:44,811][root][INFO] - Epoch: 17, loss: 57.1028
[2026-05-30 10:22:44,882][root][INFO] - Epoch: 18, loss: 56.8849
[2026-05-30 10:22:44,952][root][INFO] - Epoch: 19, loss: 58.0140
[2026-05-30 10:22:45,022][root][INFO] - Epoch: 20, loss: 57.5050
[2026-05-30 10:22:45,093][root][INFO] - Epoch: 21, loss: 57.4421
[2026-05-30 10:22:45,164][root][INFO] - Epoch: 22, loss: 56.5167
[2026-05-30 10:22:45,235][root][INFO] - Epoch: 23, loss: 55.1315
[2026-05-30 10:22:45,305][root][INFO] - Epoch: 24, loss: 54.7001
[2026-05-30 10:22:45,376][root][INFO] - Epoch: 25, loss: 53.2249
[2026-05-30 10:22:45,446][root][INFO] - Epoch: 26, loss: 52.8181
[2026-05-30 10:22:45,517][root][INFO] - Epoch: 27, loss: 51.7160
[2026-05-30 10:22:45,587][root][INFO] - Epoch: 28, loss: 50.8518
[2026-05-30 10:22:45,657][root][INFO] - Epoch: 29, loss: 50.6755
[2026-05-30 10:22:45,728][root][INFO] - Epoch: 30, loss: 49.3866
[2026-05-30 10:22:45,798][root][INFO] - Epoch: 31, loss: 53.4662
[2026-05-30 10:22:45,869][root][INFO] - Epoch: 32, loss: 67.9739
[2026-05-30 10:22:45,939][root][INFO] - Epoch: 33, loss: 68.1348
[2026-05-30 10:22:46,009][root][INFO] - Epoch: 34, loss: 68.5860
[2026-05-30 10:22:46,078][root][INFO] - Epoch: 35, loss: 65.9893
[2026-05-30 10:22:46,148][root][INFO] - Epoch: 36, loss: 63.1160
[2026-05-30 10:22:46,219][root][INFO] - Epoch: 37, loss: 60.6503
[2026-05-30 10:22:46,290][root][INFO] - Epoch: 38, loss: 60.1655
[2026-05-30 10:22:46,360][root][INFO] - Epoch: 39, loss: 58.7849
[2026-05-30 10:22:46,434][root][INFO] - Epoch: 40, loss: 58.4789
[2026-05-30 10:22:46,504][root][INFO] - Epoch: 41, loss: 57.9329
[2026-05-30 10:22:46,505][root][INFO] - Early stopping at epoch: 40
[2026-05-30 10:22:46,540][root][INFO] - {'model_loss': '57.9329', 'recon_loss': '0.0000', 'triplet_loss': '57.9329'}
[2026-05-30 10:22:46,544][root][INFO] - Generation 6/400 - Time: 0.00 seconds
[2026-05-30 10:22:46,544][root][INFO] - {'coverage': '100.00', 'max_fitness': '-12.87', 'passive_coverage': '18.26', 'passive_max_fitness': '-12.87', 'passive_mean_fitness': '-59.26', 'passive_qd_score': '15363.83', 'qd_score': '75245.64', 'mean_fitness_top_k': '-41.97'}
[2026-05-30 10:22:47,530][root][INFO] - Generation 7/400 - Time: 0.00 seconds
[2026-05-30 10:22:47,531][root][INFO] - {'coverage': '100.00', 'max_fitness': '-12.87', 'passive_coverage': '18.65', 'passive_max_fitness': '-12.87', 'passive_mean_fitness': '-59.01', 'passive_qd_score': '15740.26', 'qd_score': '74133.66', 'mean_fitness_top_k': '-43.40'}
[2026-05-30 10:22:48,501][root][INFO] - Generation 8/400 - Time: 0.00 seconds
[2026-05-30 10:22:48,502][root][INFO] - {'coverage': '100.00', 'max_fitness': '-12.87', 'passive_coverage': '19.04', 'passive_max_fitness': '-12.87', 'passive_mean_fitness': '-58.94', 'passive_qd_score': '16084.42', 'qd_score': '74720.80', 'mean_fitness_top_k': '-42.63'}
[2026-05-30 10:22:49,481][root][INFO] - Generation 9/400 - Time: 0.00 seconds
[2026-05-30 10:22:49,482][root][INFO] - {'coverage': '100.00', 'max_fitness': '-12.87', 'passive_coverage': '19.43', 'passive_max_fitness': '-12.87', 'passive_mean_fitness': '-58.83', 'passive_qd_score': '16435.61', 'qd_score': '75408.18', 'mean_fitness_top_k': '-42.02'}
[2026-05-30 10:22:50,451][root][INFO] - Generation 10/400 - Time: 0.00 seconds
[2026-05-30 10:22:50,452][root][INFO] - {'coverage': '100.00', 'max_fitness': '-12.87', 'passive_coverage': '19.92', 'passive_max_fitness': '-12.87', 'passive_mean_fitness': '-58.81', 'passive_qd_score': '16852.19', 'qd_score': '75795.34', 'mean_fitness_top_k': '-41.55'}
[2026-05-30 10:22:51,416][root][INFO] - Generation 11/400 - Time: 0.00 seconds
[2026-05-30 10:22:51,416][root][INFO] - {'coverage': '100.00', 'max_fitness': '-12.87', 'passive_coverage': '20.12', 'passive_max_fitness': '-12.87', 'passive_mean_fitness': '-58.55', 'passive_qd_score': '17070.77', 'qd_score': '76516.52', 'mean_fitness_top_k': '-40.81'}
[2026-05-30 10:22:52,418][root][INFO] - Updating AE...
[2026-05-30 10:22:53,163][root][INFO] - Epoch: 1, loss: 313.8939
[2026-05-30 10:22:53,233][root][INFO] - Epoch: 2, loss: 296.6862
[2026-05-30 10:22:53,302][root][INFO] - Epoch: 3, loss: 289.6050
[2026-05-30 10:22:53,371][root][INFO] - Epoch: 4, loss: 285.5586
[2026-05-30 10:22:53,440][root][INFO] - Epoch: 5, loss: 282.4713
[2026-05-30 10:22:53,509][root][INFO] - Epoch: 6, loss: 272.4160
[2026-05-30 10:22:53,580][root][INFO] - Epoch: 7, loss: 266.6965
[2026-05-30 10:22:53,652][root][INFO] - Epoch: 8, loss: 260.6926
[2026-05-30 10:22:53,722][root][INFO] - Epoch: 9, loss: 255.4497
[2026-05-30 10:22:53,793][root][INFO] - Epoch: 10, loss: 250.7461
[2026-05-30 10:22:53,863][root][INFO] - Epoch: 11, loss: 248.7409
[2026-05-30 10:22:53,933][root][INFO] - Epoch: 12, loss: 246.6619
[2026-05-30 10:22:54,002][root][INFO] - Epoch: 13, loss: 245.1013
[2026-05-30 10:22:54,072][root][INFO] - Epoch: 14, loss: 243.2993
[2026-05-30 10:22:54,143][root][INFO] - Epoch: 15, loss: 240.6837
[2026-05-30 10:22:54,214][root][INFO] - Epoch: 16, loss: 233.2731
[2026-05-30 10:22:54,285][root][INFO] - Epoch: 17, loss: 233.2388
[2026-05-30 10:22:54,355][root][INFO] - Epoch: 18, loss: 230.9167
[2026-05-30 10:22:54,426][root][INFO] - Epoch: 19, loss: 230.4096
[2026-05-30 10:22:54,497][root][INFO] - Epoch: 20, loss: 227.0894
[2026-05-30 10:22:54,567][root][INFO] - Epoch: 21, loss: 225.6221
[2026-05-30 10:22:54,640][root][INFO] - Epoch: 22, loss: 225.2809
[2026-05-30 10:22:54,711][root][INFO] - Epoch: 23, loss: 223.6697
[2026-05-30 10:22:54,781][root][INFO] - Epoch: 24, loss: 217.0985
[2026-05-30 10:22:54,852][root][INFO] - Epoch: 25, loss: 213.1484
[2026-05-30 10:22:54,922][root][INFO] - Epoch: 26, loss: 212.1267
[2026-05-30 10:22:54,993][root][INFO] - Epoch: 27, loss: 206.1481
[2026-05-30 10:22:55,063][root][INFO] - Epoch: 28, loss: 204.5099
[2026-05-30 10:22:55,134][root][INFO] - Epoch: 29, loss: 201.8706
[2026-05-30 10:22:55,206][root][INFO] - Epoch: 30, loss: 203.1138
[2026-05-30 10:22:55,277][root][INFO] - Epoch: 31, loss: 202.8360
[2026-05-30 10:22:55,348][root][INFO] - Epoch: 32, loss: 200.8120
[2026-05-30 10:22:55,419][root][INFO] - Epoch: 33, loss: 200.5284
[2026-05-30 10:22:55,489][root][INFO] - Epoch: 34, loss: 197.8949
[2026-05-30 10:22:55,561][root][INFO] - Epoch: 35, loss: 195.1734
[2026-05-30 10:22:55,631][root][INFO] - Epoch: 36, loss: 198.2154
[2026-05-30 10:22:55,701][root][INFO] - Epoch: 37, loss: 195.6108
[2026-05-30 10:22:55,772][root][INFO] - Epoch: 38, loss: 195.2243
[2026-05-30 10:22:55,843][root][INFO] - Epoch: 39, loss: 195.6458
[2026-05-30 10:22:55,913][root][INFO] - Epoch: 40, loss: 192.6869
[2026-05-30 10:22:55,986][root][INFO] - Epoch: 41, loss: 188.3615
[2026-05-30 10:22:56,055][root][INFO] - Epoch: 42, loss: 186.4216
[2026-05-30 10:22:56,126][root][INFO] - Epoch: 43, loss: 189.6503
[2026-05-30 10:22:56,196][root][INFO] - Epoch: 44, loss: 182.0909
[2026-05-30 10:22:56,266][root][INFO] - Epoch: 45, loss: 179.5897
[2026-05-30 10:22:56,336][root][INFO] - Epoch: 46, loss: 180.4120
[2026-05-30 10:22:56,407][root][INFO] - Epoch: 47, loss: 177.2661
[2026-05-30 10:22:56,477][root][INFO] - Epoch: 48, loss: 191.0348
[2026-05-30 10:22:56,547][root][INFO] - Epoch: 49, loss: 186.3869
[2026-05-30 10:22:56,618][root][INFO] - Epoch: 50, loss: 178.2748
[2026-05-30 10:22:56,690][root][INFO] - Epoch: 51, loss: 177.2377
[2026-05-30 10:22:56,761][root][INFO] - Epoch: 52, loss: 172.6346
[2026-05-30 10:22:56,831][root][INFO] - Epoch: 53, loss: 172.1008
[2026-05-30 10:22:56,901][root][INFO] - Epoch: 54, loss: 169.8527
[2026-05-30 10:22:56,971][root][INFO] - Epoch: 55, loss: 167.4672
[2026-05-30 10:22:57,042][root][INFO] - Epoch: 56, loss: 165.5454
[2026-05-30 10:22:57,112][root][INFO] - Epoch: 57, loss: 165.1222
[2026-05-30 10:22:57,183][root][INFO] - Epoch: 58, loss: 163.2861
[2026-05-30 10:22:57,255][root][INFO] - Epoch: 59, loss: 166.8260
[2026-05-30 10:22:57,325][root][INFO] - Epoch: 60, loss: 162.4129
[2026-05-30 10:22:57,394][root][INFO] - Epoch: 61, loss: 158.9021
[2026-05-30 10:22:57,465][root][INFO] - Epoch: 62, loss: 167.0998
[2026-05-30 10:22:57,536][root][INFO] - Epoch: 63, loss: 167.1556
[2026-05-30 10:22:57,606][root][INFO] - Epoch: 64, loss: 165.1284
[2026-05-30 10:22:57,677][root][INFO] - Epoch: 65, loss: 165.3729
[2026-05-30 10:22:57,747][root][INFO] - Epoch: 66, loss: 162.1037
[2026-05-30 10:22:57,818][root][INFO] - Epoch: 67, loss: 160.2768
[2026-05-30 10:22:57,889][root][INFO] - Epoch: 68, loss: 154.1389
[2026-05-30 10:22:57,959][root][INFO] - Epoch: 69, loss: 153.0571
[2026-05-30 10:22:58,029][root][INFO] - Epoch: 70, loss: 151.8344
[2026-05-30 10:22:58,099][root][INFO] - Epoch: 71, loss: 147.3592
[2026-05-30 10:22:58,170][root][INFO] - Epoch: 72, loss: 149.1688
[2026-05-30 10:22:58,241][root][INFO] - Epoch: 73, loss: 150.2802
[2026-05-30 10:22:58,311][root][INFO] - Epoch: 74, loss: 149.5376
[2026-05-30 10:22:58,382][root][INFO] - Epoch: 75, loss: 147.3284
[2026-05-30 10:22:58,452][root][INFO] - Epoch: 76, loss: 144.9961
[2026-05-30 10:22:58,523][root][INFO] - Epoch: 77, loss: 144.0912
[2026-05-30 10:22:58,594][root][INFO] - Epoch: 78, loss: 146.0023
[2026-05-30 10:22:58,664][root][INFO] - Epoch: 79, loss: 141.2121
[2026-05-30 10:22:58,735][root][INFO] - Epoch: 80, loss: 141.0219
[2026-05-30 10:22:58,805][root][INFO] - Epoch: 81, loss: 144.8026
[2026-05-30 10:22:58,877][root][INFO] - Epoch: 82, loss: 145.0806
[2026-05-30 10:22:58,947][root][INFO] - Epoch: 83, loss: 144.9342
[2026-05-30 10:22:59,017][root][INFO] - Epoch: 84, loss: 142.7063
[2026-05-30 10:22:59,086][root][INFO] - Epoch: 85, loss: 138.6596
[2026-05-30 10:22:59,155][root][INFO] - Epoch: 86, loss: 135.7328
[2026-05-30 10:22:59,226][root][INFO] - Epoch: 87, loss: 137.2464
[2026-05-30 10:22:59,295][root][INFO] - Epoch: 88, loss: 135.0585
[2026-05-30 10:22:59,366][root][INFO] - Epoch: 89, loss: 133.9165
[2026-05-30 10:22:59,437][root][INFO] - Epoch: 90, loss: 129.2153
[2026-05-30 10:22:59,507][root][INFO] - Epoch: 91, loss: 133.3003
[2026-05-30 10:22:59,577][root][INFO] - Epoch: 92, loss: 130.9520
[2026-05-30 10:22:59,647][root][INFO] - Epoch: 93, loss: 132.9722
[2026-05-30 10:22:59,719][root][INFO] - Epoch: 94, loss: 137.2654
[2026-05-30 10:22:59,790][root][INFO] - Epoch: 95, loss: 138.4332
[2026-05-30 10:22:59,861][root][INFO] - Epoch: 96, loss: 140.1810
[2026-05-30 10:22:59,933][root][INFO] - Epoch: 97, loss: 135.9538
[2026-05-30 10:23:00,003][root][INFO] - Epoch: 98, loss: 134.0139
[2026-05-30 10:23:00,073][root][INFO] - Epoch: 99, loss: 131.2541
[2026-05-30 10:23:00,142][root][INFO] - Epoch: 100, loss: 129.6065
[2026-05-30 10:23:00,212][root][INFO] - Epoch: 101, loss: 129.0316
[2026-05-30 10:23:00,283][root][INFO] - Epoch: 102, loss: 126.7008
[2026-05-30 10:23:00,354][root][INFO] - Epoch: 103, loss: 126.0943
[2026-05-30 10:23:00,425][root][INFO] - Epoch: 104, loss: 121.2571
[2026-05-30 10:23:00,496][root][INFO] - Epoch: 105, loss: 124.5289
[2026-05-30 10:23:00,567][root][INFO] - Epoch: 106, loss: 125.4633
[2026-05-30 10:23:00,638][root][INFO] - Epoch: 107, loss: 120.6024
[2026-05-30 10:23:00,711][root][INFO] - Epoch: 108, loss: 120.5309
[2026-05-30 10:23:00,781][root][INFO] - Epoch: 109, loss: 116.6861
[2026-05-30 10:23:00,852][root][INFO] - Epoch: 110, loss: 124.5753
[2026-05-30 10:23:00,923][root][INFO] - Epoch: 111, loss: 128.9284
[2026-05-30 10:23:00,993][root][INFO] - Epoch: 112, loss: 124.9560
[2026-05-30 10:23:01,063][root][INFO] - Epoch: 113, loss: 125.8610
[2026-05-30 10:23:01,131][root][INFO] - Epoch: 114, loss: 132.4839
[2026-05-30 10:23:01,202][root][INFO] - Epoch: 115, loss: 134.0796
[2026-05-30 10:23:01,272][root][INFO] - Epoch: 116, loss: 121.2562
[2026-05-30 10:23:01,344][root][INFO] - Epoch: 117, loss: 116.2082
[2026-05-30 10:23:01,414][root][INFO] - Epoch: 118, loss: 119.1051
[2026-05-30 10:23:01,486][root][INFO] - Epoch: 119, loss: 120.5425
[2026-05-30 10:23:01,556][root][INFO] - Epoch: 120, loss: 118.2355
[2026-05-30 10:23:01,627][root][INFO] - Epoch: 121, loss: 111.5853
[2026-05-30 10:23:01,698][root][INFO] - Epoch: 122, loss: 110.2505
[2026-05-30 10:23:01,771][root][INFO] - Epoch: 123, loss: 110.1380
[2026-05-30 10:23:01,842][root][INFO] - Epoch: 124, loss: 110.2870
[2026-05-30 10:23:01,914][root][INFO] - Epoch: 125, loss: 116.5832
[2026-05-30 10:23:01,985][root][INFO] - Epoch: 126, loss: 140.1959
[2026-05-30 10:23:02,056][root][INFO] - Epoch: 127, loss: 132.9954
[2026-05-30 10:23:02,127][root][INFO] - Epoch: 128, loss: 142.7511
[2026-05-30 10:23:02,198][root][INFO] - Epoch: 129, loss: 127.9509
[2026-05-30 10:23:02,268][root][INFO] - Epoch: 130, loss: 120.5395
[2026-05-30 10:23:02,340][root][INFO] - Epoch: 131, loss: 109.5255
[2026-05-30 10:23:02,410][root][INFO] - Epoch: 132, loss: 113.4689
[2026-05-30 10:23:02,483][root][INFO] - Epoch: 133, loss: 115.9931
[2026-05-30 10:23:02,557][root][INFO] - Epoch: 134, loss: 105.3919
[2026-05-30 10:23:02,628][root][INFO] - Epoch: 135, loss: 107.4098
[2026-05-30 10:23:02,699][root][INFO] - Epoch: 136, loss: 108.0359
[2026-05-30 10:23:02,769][root][INFO] - Epoch: 137, loss: 112.3673
[2026-05-30 10:23:02,843][root][INFO] - Epoch: 138, loss: 107.0811
[2026-05-30 10:23:02,916][root][INFO] - Epoch: 139, loss: 105.1318
[2026-05-30 10:23:02,986][root][INFO] - Epoch: 140, loss: 103.8212
[2026-05-30 10:23:03,059][root][INFO] - Epoch: 141, loss: 101.5963
[2026-05-30 10:23:03,131][root][INFO] - Epoch: 142, loss: 98.7972
[2026-05-30 10:23:03,201][root][INFO] - Epoch: 143, loss: 99.3819
[2026-05-30 10:23:03,275][root][INFO] - Epoch: 144, loss: 102.6668
[2026-05-30 10:23:03,345][root][INFO] - Epoch: 145, loss: 104.0878
[2026-05-30 10:23:03,414][root][INFO] - Epoch: 146, loss: 100.4751
[2026-05-30 10:23:03,483][root][INFO] - Epoch: 147, loss: 107.5863
[2026-05-30 10:23:03,553][root][INFO] - Epoch: 148, loss: 111.1062
[2026-05-30 10:23:03,623][root][INFO] - Epoch: 149, loss: 114.4232
[2026-05-30 10:23:03,693][root][INFO] - Epoch: 150, loss: 115.7074
[2026-05-30 10:23:03,764][root][INFO] - Epoch: 151, loss: 107.1209
[2026-05-30 10:23:03,836][root][INFO] - Epoch: 152, loss: 100.2697
[2026-05-30 10:23:03,906][root][INFO] - Epoch: 153, loss: 94.0630
[2026-05-30 10:23:03,976][root][INFO] - Epoch: 154, loss: 100.5038
[2026-05-30 10:23:04,046][root][INFO] - Epoch: 155, loss: 146.7959
[2026-05-30 10:23:04,116][root][INFO] - Epoch: 156, loss: 171.8188
[2026-05-30 10:23:04,187][root][INFO] - Epoch: 157, loss: 160.5398
[2026-05-30 10:23:04,258][root][INFO] - Epoch: 158, loss: 139.3571
[2026-05-30 10:23:04,328][root][INFO] - Epoch: 159, loss: 124.6332
[2026-05-30 10:23:04,399][root][INFO] - Epoch: 160, loss: 109.5641
[2026-05-30 10:23:04,471][root][INFO] - Epoch: 161, loss: 108.9858
[2026-05-30 10:23:04,542][root][INFO] - Epoch: 162, loss: 105.3689
[2026-05-30 10:23:04,614][root][INFO] - Epoch: 163, loss: 102.1194
[2026-05-30 10:23:04,685][root][INFO] - Epoch: 164, loss: 96.9362
[2026-05-30 10:23:04,685][root][INFO] - Early stopping at epoch: 163
[2026-05-30 10:23:04,731][root][INFO] - {'model_loss': '96.9362', 'recon_loss': '0.0000', 'triplet_loss': '96.9362'}
[2026-05-30 10:23:04,737][root][INFO] - Updating AE...
[2026-05-30 10:23:05,487][root][INFO] - Epoch: 1, loss: 338.5055
[2026-05-30 10:23:05,557][root][INFO] - Epoch: 2, loss: 176.4949
[2026-05-30 10:23:05,625][root][INFO] - Epoch: 3, loss: 155.8047
[2026-05-30 10:23:05,695][root][INFO] - Epoch: 4, loss: 148.2346
[2026-05-30 10:23:05,765][root][INFO] - Epoch: 5, loss: 142.7249
[2026-05-30 10:23:05,834][root][INFO] - Epoch: 6, loss: 138.4261
[2026-05-30 10:23:05,904][root][INFO] - Epoch: 7, loss: 135.0038
[2026-05-30 10:23:05,974][root][INFO] - Epoch: 8, loss: 131.7237
[2026-05-30 10:23:06,043][root][INFO] - Epoch: 9, loss: 128.6716
[2026-05-30 10:23:06,112][root][INFO] - Epoch: 10, loss: 125.2328
[2026-05-30 10:23:06,183][root][INFO] - Epoch: 11, loss: 120.9569
[2026-05-30 10:23:06,254][root][INFO] - Epoch: 12, loss: 118.2497
[2026-05-30 10:23:06,326][root][INFO] - Epoch: 13, loss: 115.2621
[2026-05-30 10:23:06,397][root][INFO] - Epoch: 14, loss: 112.7142
[2026-05-30 10:23:06,468][root][INFO] - Epoch: 15, loss: 111.1622
[2026-05-30 10:23:06,540][root][INFO] - Epoch: 16, loss: 109.1438
[2026-05-30 10:23:06,611][root][INFO] - Epoch: 17, loss: 107.7078
[2026-05-30 10:23:06,682][root][INFO] - Epoch: 18, loss: 106.4337
[2026-05-30 10:23:06,753][root][INFO] - Epoch: 19, loss: 105.1205
[2026-05-30 10:23:06,824][root][INFO] - Epoch: 20, loss: 103.4699
[2026-05-30 10:23:06,895][root][INFO] - Epoch: 21, loss: 103.1921
[2026-05-30 10:23:06,967][root][INFO] - Epoch: 22, loss: 102.9203
[2026-05-30 10:23:07,041][root][INFO] - Epoch: 23, loss: 103.1792
[2026-05-30 10:23:07,113][root][INFO] - Epoch: 24, loss: 101.7835
[2026-05-30 10:23:07,188][root][INFO] - Epoch: 25, loss: 102.1997
[2026-05-30 10:23:07,260][root][INFO] - Epoch: 26, loss: 98.8621
[2026-05-30 10:23:07,331][root][INFO] - Epoch: 27, loss: 96.5517
[2026-05-30 10:23:07,403][root][INFO] - Epoch: 28, loss: 95.0146
[2026-05-30 10:23:07,474][root][INFO] - Epoch: 29, loss: 95.3755
[2026-05-30 10:23:07,546][root][INFO] - Epoch: 30, loss: 93.9441
[2026-05-30 10:23:07,617][root][INFO] - Epoch: 31, loss: 94.1210
[2026-05-30 10:23:07,689][root][INFO] - Epoch: 32, loss: 92.2244
[2026-05-30 10:23:07,761][root][INFO] - Epoch: 33, loss: 92.2979
[2026-05-30 10:23:07,832][root][INFO] - Epoch: 34, loss: 90.2004
[2026-05-30 10:23:07,904][root][INFO] - Epoch: 35, loss: 89.4165
[2026-05-30 10:23:07,975][root][INFO] - Epoch: 36, loss: 89.1480
[2026-05-30 10:23:08,047][root][INFO] - Epoch: 37, loss: 88.8021
[2026-05-30 10:23:08,120][root][INFO] - Epoch: 38, loss: 89.4725
[2026-05-30 10:23:08,191][root][INFO] - Epoch: 39, loss: 91.0370
[2026-05-30 10:23:08,262][root][INFO] - Epoch: 40, loss: 88.3521
[2026-05-30 10:23:08,334][root][INFO] - Epoch: 41, loss: 86.8914
[2026-05-30 10:23:08,406][root][INFO] - Epoch: 42, loss: 85.1025
[2026-05-30 10:23:08,478][root][INFO] - Epoch: 43, loss: 83.4917
[2026-05-30 10:23:08,550][root][INFO] - Epoch: 44, loss: 82.7636
[2026-05-30 10:23:08,622][root][INFO] - Epoch: 45, loss: 83.2606
[2026-05-30 10:23:08,693][root][INFO] - Epoch: 46, loss: 83.5607
[2026-05-30 10:23:08,765][root][INFO] - Epoch: 47, loss: 82.9273
[2026-05-30 10:23:08,838][root][INFO] - Epoch: 48, loss: 80.5485
[2026-05-30 10:23:08,912][root][INFO] - Epoch: 49, loss: 79.6782
[2026-05-30 10:23:08,985][root][INFO] - Epoch: 50, loss: 79.3693
[2026-05-30 10:23:09,056][root][INFO] - Epoch: 51, loss: 78.1589
[2026-05-30 10:23:09,127][root][INFO] - Epoch: 52, loss: 77.9036
[2026-05-30 10:23:09,198][root][INFO] - Epoch: 53, loss: 77.7906
[2026-05-30 10:23:09,270][root][INFO] - Epoch: 54, loss: 77.1641
[2026-05-30 10:23:09,342][root][INFO] - Epoch: 55, loss: 76.1885
[2026-05-30 10:23:09,414][root][INFO] - Epoch: 56, loss: 77.1141
[2026-05-30 10:23:09,485][root][INFO] - Epoch: 57, loss: 75.7652
[2026-05-30 10:23:09,555][root][INFO] - Epoch: 58, loss: 77.7400
[2026-05-30 10:23:09,626][root][INFO] - Epoch: 59, loss: 77.8771
[2026-05-30 10:23:09,698][root][INFO] - Epoch: 60, loss: 74.7917
[2026-05-30 10:23:09,769][root][INFO] - Epoch: 61, loss: 75.9993
[2026-05-30 10:23:09,841][root][INFO] - Epoch: 62, loss: 74.6265
[2026-05-30 10:23:09,913][root][INFO] - Epoch: 63, loss: 73.4229
[2026-05-30 10:23:09,985][root][INFO] - Epoch: 64, loss: 75.8824
[2026-05-30 10:23:10,056][root][INFO] - Epoch: 65, loss: 72.6236
[2026-05-30 10:23:10,128][root][INFO] - Epoch: 66, loss: 73.0927
[2026-05-30 10:23:10,200][root][INFO] - Epoch: 67, loss: 70.8951
[2026-05-30 10:23:10,272][root][INFO] - Epoch: 68, loss: 69.9191
[2026-05-30 10:23:10,344][root][INFO] - Epoch: 69, loss: 71.4939
[2026-05-30 10:23:10,415][root][INFO] - Epoch: 70, loss: 70.6020
[2026-05-30 10:23:10,487][root][INFO] - Epoch: 71, loss: 69.3954
[2026-05-30 10:23:10,559][root][INFO] - Epoch: 72, loss: 68.3686
[2026-05-30 10:23:10,630][root][INFO] - Epoch: 73, loss: 69.7800
[2026-05-30 10:23:10,702][root][INFO] - Epoch: 74, loss: 72.7235
[2026-05-30 10:23:10,774][root][INFO] - Epoch: 75, loss: 69.8847
[2026-05-30 10:23:10,845][root][INFO] - Epoch: 76, loss: 68.1564
[2026-05-30 10:23:10,916][root][INFO] - Epoch: 77, loss: 67.0532
[2026-05-30 10:23:10,989][root][INFO] - Epoch: 78, loss: 65.7640
[2026-05-30 10:23:11,060][root][INFO] - Epoch: 79, loss: 64.1109
[2026-05-30 10:23:11,131][root][INFO] - Epoch: 80, loss: 67.4084
[2026-05-30 10:23:11,203][root][INFO] - Epoch: 81, loss: 65.2569
[2026-05-30 10:23:11,274][root][INFO] - Epoch: 82, loss: 65.6583
[2026-05-30 10:23:11,347][root][INFO] - Epoch: 83, loss: 65.1113
[2026-05-30 10:23:11,420][root][INFO] - Epoch: 84, loss: 61.9641
[2026-05-30 10:23:11,491][root][INFO] - Epoch: 85, loss: 66.1959
[2026-05-30 10:23:11,563][root][INFO] - Epoch: 86, loss: 63.3603
[2026-05-30 10:23:11,635][root][INFO] - Epoch: 87, loss: 61.0476
[2026-05-30 10:23:11,706][root][INFO] - Epoch: 88, loss: 59.5402
[2026-05-30 10:23:11,778][root][INFO] - Epoch: 89, loss: 63.9558
[2026-05-30 10:23:11,849][root][INFO] - Epoch: 90, loss: 61.3650
[2026-05-30 10:23:11,920][root][INFO] - Epoch: 91, loss: 63.0408
[2026-05-30 10:23:11,991][root][INFO] - Epoch: 92, loss: 58.9094
[2026-05-30 10:23:12,062][root][INFO] - Epoch: 93, loss: 59.5777
[2026-05-30 10:23:12,133][root][INFO] - Epoch: 94, loss: 57.8359
[2026-05-30 10:23:12,205][root][INFO] - Epoch: 95, loss: 57.8460
[2026-05-30 10:23:12,276][root][INFO] - Epoch: 96, loss: 56.2824
[2026-05-30 10:23:12,348][root][INFO] - Epoch: 97, loss: 55.4907
[2026-05-30 10:23:12,419][root][INFO] - Epoch: 98, loss: 56.2648
[2026-05-30 10:23:12,491][root][INFO] - Epoch: 99, loss: 54.5300
[2026-05-30 10:23:12,563][root][INFO] - Epoch: 100, loss: 58.6662
[2026-05-30 10:23:12,634][root][INFO] - Epoch: 101, loss: 59.1630
[2026-05-30 10:23:12,707][root][INFO] - Epoch: 102, loss: 60.2375
[2026-05-30 10:23:12,780][root][INFO] - Epoch: 103, loss: 59.8166
[2026-05-30 10:23:12,851][root][INFO] - Epoch: 104, loss: 57.9841
[2026-05-30 10:23:12,922][root][INFO] - Epoch: 105, loss: 55.5220
[2026-05-30 10:23:13,000][root][INFO] - Epoch: 106, loss: 56.0881
[2026-05-30 10:23:13,072][root][INFO] - Epoch: 107, loss: 58.3877
[2026-05-30 10:23:13,146][root][INFO] - Epoch: 108, loss: 53.4471
[2026-05-30 10:23:13,219][root][INFO] - Epoch: 109, loss: 53.4581
[2026-05-30 10:23:13,291][root][INFO] - Epoch: 110, loss: 53.1041
[2026-05-30 10:23:13,364][root][INFO] - Epoch: 111, loss: 52.8010
[2026-05-30 10:23:13,436][root][INFO] - Epoch: 112, loss: 52.2071
[2026-05-30 10:23:13,507][root][INFO] - Epoch: 113, loss: 49.4215
[2026-05-30 10:23:13,580][root][INFO] - Epoch: 114, loss: 53.0392
[2026-05-30 10:23:13,651][root][INFO] - Epoch: 115, loss: 53.5489
[2026-05-30 10:23:13,723][root][INFO] - Epoch: 116, loss: 53.8996
[2026-05-30 10:23:13,795][root][INFO] - Epoch: 117, loss: 51.2495
[2026-05-30 10:23:13,866][root][INFO] - Epoch: 118, loss: 48.2299
[2026-05-30 10:23:13,937][root][INFO] - Epoch: 119, loss: 48.3645
[2026-05-30 10:23:14,009][root][INFO] - Epoch: 120, loss: 49.8475
[2026-05-30 10:23:14,080][root][INFO] - Epoch: 121, loss: 48.7052
[2026-05-30 10:23:14,152][root][INFO] - Epoch: 122, loss: 47.9198
[2026-05-30 10:23:14,226][root][INFO] - Epoch: 123, loss: 49.6089
[2026-05-30 10:23:14,297][root][INFO] - Epoch: 124, loss: 48.8838
[2026-05-30 10:23:14,369][root][INFO] - Epoch: 125, loss: 46.1591
[2026-05-30 10:23:14,440][root][INFO] - Epoch: 126, loss: 48.2078
[2026-05-30 10:23:14,512][root][INFO] - Epoch: 127, loss: 46.3576
[2026-05-30 10:23:14,583][root][INFO] - Epoch: 128, loss: 46.8427
[2026-05-30 10:23:14,655][root][INFO] - Epoch: 129, loss: 47.7913
[2026-05-30 10:23:14,726][root][INFO] - Epoch: 130, loss: 47.2234
[2026-05-30 10:23:14,797][root][INFO] - Epoch: 131, loss: 48.1348
[2026-05-30 10:23:14,869][root][INFO] - Epoch: 132, loss: 43.5315
[2026-05-30 10:23:14,941][root][INFO] - Epoch: 133, loss: 44.1781
[2026-05-30 10:23:15,012][root][INFO] - Epoch: 134, loss: 46.7605
[2026-05-30 10:23:15,083][root][INFO] - Epoch: 135, loss: 42.9601
[2026-05-30 10:23:15,155][root][INFO] - Epoch: 136, loss: 43.4755
[2026-05-30 10:23:15,226][root][INFO] - Epoch: 137, loss: 42.5163
[2026-05-30 10:23:15,297][root][INFO] - Epoch: 138, loss: 40.8920
[2026-05-30 10:23:15,369][root][INFO] - Epoch: 139, loss: 42.0594
[2026-05-30 10:23:15,441][root][INFO] - Epoch: 140, loss: 44.2497
[2026-05-30 10:23:15,513][root][INFO] - Epoch: 141, loss: 41.8179
[2026-05-30 10:23:15,584][root][INFO] - Epoch: 142, loss: 42.7586
[2026-05-30 10:23:15,656][root][INFO] - Epoch: 143, loss: 46.4412
[2026-05-30 10:23:15,728][root][INFO] - Epoch: 144, loss: 51.6055
[2026-05-30 10:23:15,803][root][INFO] - Epoch: 145, loss: 44.5431
[2026-05-30 10:23:15,874][root][INFO] - Epoch: 146, loss: 45.5728
[2026-05-30 10:23:15,945][root][INFO] - Epoch: 147, loss: 49.0548
[2026-05-30 10:23:16,017][root][INFO] - Epoch: 148, loss: 46.5087
[2026-05-30 10:23:16,089][root][INFO] - Epoch: 149, loss: 43.2303
[2026-05-30 10:23:16,089][root][INFO] - Early stopping at epoch: 148
[2026-05-30 10:23:16,135][root][INFO] - {'model_loss': '43.2303', 'recon_loss': '0.0000', 'triplet_loss': '43.2303'}
[2026-05-30 10:23:16,139][root][INFO] - Generation 12/400 - Time: 0.00 seconds
[2026-05-30 10:23:16,140][root][INFO] - {'coverage': '100.00', 'max_fitness': '-12.87', 'passive_coverage': '20.51', 'passive_max_fitness': '-12.87', 'passive_mean_fitness': '-58.33', 'passive_qd_score': '17448.34', 'qd_score': '77465.86', 'mean_fitness_top_k': '-39.89'}
[2026-05-30 10:23:17,288][root][INFO] - Generation 13/400 - Time: 0.00 seconds
[2026-05-30 10:23:17,289][root][INFO] - {'coverage': '100.00', 'max_fitness': '-12.87', 'passive_coverage': '20.70', 'passive_max_fitness': '-12.87', 'passive_mean_fitness': '-58.18', 'passive_qd_score': '17647.12', 'qd_score': '76311.59', 'mean_fitness_top_k': '-40.38'}
[2026-05-30 10:23:18,421][root][INFO] - Generation 14/400 - Time: 0.00 seconds
[2026-05-30 10:23:18,422][root][INFO] - {'coverage': '100.00', 'max_fitness': '-12.87', 'passive_coverage': '20.90', 'passive_max_fitness': '-12.87', 'passive_mean_fitness': '-57.89', 'passive_qd_score': '17876.69', 'qd_score': '76895.92', 'mean_fitness_top_k': '-39.65'}
[2026-05-30 10:23:19,591][root][INFO] - Generation 15/400 - Time: 0.00 seconds
[2026-05-30 10:23:19,592][root][INFO] - {'coverage': '100.00', 'max_fitness': '-12.87', 'passive_coverage': '21.00', 'passive_max_fitness': '-12.87', 'passive_mean_fitness': '-57.69', 'passive_qd_score': '18002.58', 'qd_score': '77008.91', 'mean_fitness_top_k': '-39.71'}
[2026-05-30 10:23:20,748][root][INFO] - Generation 16/400 - Time: 0.00 seconds
[2026-05-30 10:23:20,749][root][INFO] - {'coverage': '100.00', 'max_fitness': '-12.87', 'passive_coverage': '21.19', 'passive_max_fitness': '-12.87', 'passive_mean_fitness': '-57.34', 'passive_qd_score': '18244.95', 'qd_score': '77728.44', 'mean_fitness_top_k': '-38.77'}
[2026-05-30 10:23:21,888][root][INFO] - Generation 17/400 - Time: 0.00 seconds
[2026-05-30 10:23:21,889][root][INFO] - {'coverage': '100.00', 'max_fitness': '-12.85', 'passive_coverage': '21.39', 'passive_max_fitness': '-12.85', 'passive_mean_fitness': '-57.09', 'passive_qd_score': '18469.39', 'qd_score': '78479.92', 'mean_fitness_top_k': '-38.34'}
[2026-05-30 10:23:23,059][root][INFO] - Generation 18/400 - Time: 0.00 seconds
[2026-05-30 10:23:23,060][root][INFO] - {'coverage': '100.00', 'max_fitness': '-12.85', 'passive_coverage': '21.48', 'passive_max_fitness': '-12.85', 'passive_mean_fitness': '-57.05', 'passive_qd_score': '18561.95', 'qd_score': '79857.69', 'mean_fitness_top_k': '-38.40'}
[2026-05-30 10:23:24,196][root][INFO] - Generation 19/400 - Time: 0.00 seconds
[2026-05-30 10:23:24,197][root][INFO] - {'coverage': '100.00', 'max_fitness': '-12.85', 'passive_coverage': '21.58', 'passive_max_fitness': '-12.85', 'passive_mean_fitness': '-56.91', 'passive_qd_score': '18676.15', 'qd_score': '82494.48', 'mean_fitness_top_k': '-38.11'}
[2026-05-30 10:23:25,327][root][INFO] - Updating AE...
[2026-05-30 10:23:26,206][root][INFO] - Epoch: 1, loss: 786.7979
[2026-05-30 10:23:26,279][root][INFO] - Epoch: 2, loss: 718.1586
[2026-05-30 10:23:26,352][root][INFO] - Epoch: 3, loss: 689.8877
[2026-05-30 10:23:26,424][root][INFO] - Epoch: 4, loss: 659.7197
[2026-05-30 10:23:26,496][root][INFO] - Epoch: 5, loss: 640.2893
[2026-05-30 10:23:26,569][root][INFO] - Epoch: 6, loss: 623.5865
[2026-05-30 10:23:26,641][root][INFO] - Epoch: 7, loss: 602.8569
[2026-05-30 10:23:26,713][root][INFO] - Epoch: 8, loss: 588.2531
[2026-05-30 10:23:26,785][root][INFO] - Epoch: 9, loss: 563.7420
[2026-05-30 10:23:26,857][root][INFO] - Epoch: 10, loss: 543.4503
[2026-05-30 10:23:26,929][root][INFO] - Epoch: 11, loss: 528.1598
[2026-05-30 10:23:27,001][root][INFO] - Epoch: 12, loss: 509.8931
[2026-05-30 10:23:27,074][root][INFO] - Epoch: 13, loss: 496.5948
[2026-05-30 10:23:27,147][root][INFO] - Epoch: 14, loss: 483.7759
[2026-05-30 10:23:27,218][root][INFO] - Epoch: 15, loss: 472.1301
[2026-05-30 10:23:27,291][root][INFO] - Epoch: 16, loss: 463.4828
[2026-05-30 10:23:27,362][root][INFO] - Epoch: 17, loss: 455.7221
[2026-05-30 10:23:27,434][root][INFO] - Epoch: 18, loss: 447.2389
[2026-05-30 10:23:27,507][root][INFO] - Epoch: 19, loss: 449.7429
[2026-05-30 10:23:27,579][root][INFO] - Epoch: 20, loss: 440.6089
[2026-05-30 10:23:27,649][root][INFO] - Epoch: 21, loss: 425.0381
[2026-05-30 10:23:27,721][root][INFO] - Epoch: 22, loss: 417.9568
[2026-05-30 10:23:27,793][root][INFO] - Epoch: 23, loss: 414.2286
[2026-05-30 10:23:27,864][root][INFO] - Epoch: 24, loss: 412.3337
[2026-05-30 10:23:27,936][root][INFO] - Epoch: 25, loss: 407.0243
[2026-05-30 10:23:28,008][root][INFO] - Epoch: 26, loss: 407.9433
[2026-05-30 10:23:28,080][root][INFO] - Epoch: 27, loss: 421.0874
[2026-05-30 10:23:28,150][root][INFO] - Epoch: 28, loss: 402.9442
[2026-05-30 10:23:28,222][root][INFO] - Epoch: 29, loss: 402.6273
[2026-05-30 10:23:28,294][root][INFO] - Epoch: 30, loss: 394.3578
[2026-05-30 10:23:28,365][root][INFO] - Epoch: 31, loss: 384.9289
[2026-05-30 10:23:28,436][root][INFO] - Epoch: 32, loss: 386.0191
[2026-05-30 10:23:28,506][root][INFO] - Epoch: 33, loss: 368.1367
[2026-05-30 10:23:28,577][root][INFO] - Epoch: 34, loss: 362.5670
[2026-05-30 10:23:28,649][root][INFO] - Epoch: 35, loss: 362.7901
[2026-05-30 10:23:28,720][root][INFO] - Epoch: 36, loss: 380.1012
[2026-05-30 10:23:28,793][root][INFO] - Epoch: 37, loss: 389.9700
[2026-05-30 10:23:28,865][root][INFO] - Epoch: 38, loss: 381.3577
[2026-05-30 10:23:28,939][root][INFO] - Epoch: 39, loss: 371.0504
[2026-05-30 10:23:29,016][root][INFO] - Epoch: 40, loss: 355.6302
[2026-05-30 10:23:29,104][root][INFO] - Epoch: 41, loss: 346.2451
[2026-05-30 10:23:29,183][root][INFO] - Epoch: 42, loss: 342.3535
[2026-05-30 10:23:29,253][root][INFO] - Epoch: 43, loss: 338.8142
[2026-05-30 10:23:29,325][root][INFO] - Epoch: 44, loss: 337.9182
[2026-05-30 10:23:29,397][root][INFO] - Epoch: 45, loss: 328.1543
[2026-05-30 10:23:29,467][root][INFO] - Epoch: 46, loss: 322.7538
[2026-05-30 10:23:29,538][root][INFO] - Epoch: 47, loss: 325.8511
[2026-05-30 10:23:29,614][root][INFO] - Epoch: 48, loss: 319.2279
[2026-05-30 10:23:29,687][root][INFO] - Epoch: 49, loss: 305.2098
[2026-05-30 10:23:29,761][root][INFO] - Epoch: 50, loss: 310.7867
[2026-05-30 10:23:29,835][root][INFO] - Epoch: 51, loss: 333.9347
[2026-05-30 10:23:29,907][root][INFO] - Epoch: 52, loss: 311.8003
[2026-05-30 10:23:29,981][root][INFO] - Epoch: 53, loss: 300.4232
[2026-05-30 10:23:30,058][root][INFO] - Epoch: 54, loss: 299.8503
[2026-05-30 10:23:30,132][root][INFO] - Epoch: 55, loss: 289.4949
[2026-05-30 10:23:30,205][root][INFO] - Epoch: 56, loss: 285.5895
[2026-05-30 10:23:30,276][root][INFO] - Epoch: 57, loss: 274.4447
[2026-05-30 10:23:30,346][root][INFO] - Epoch: 58, loss: 282.4899
[2026-05-30 10:23:30,418][root][INFO] - Epoch: 59, loss: 277.6202
[2026-05-30 10:23:30,492][root][INFO] - Epoch: 60, loss: 271.1451
[2026-05-30 10:23:30,563][root][INFO] - Epoch: 61, loss: 264.6612
[2026-05-30 10:23:30,633][root][INFO] - Epoch: 62, loss: 262.5525
[2026-05-30 10:23:30,704][root][INFO] - Epoch: 63, loss: 264.0832
[2026-05-30 10:23:30,775][root][INFO] - Epoch: 64, loss: 262.2823
[2026-05-30 10:23:30,846][root][INFO] - Epoch: 65, loss: 279.6668
[2026-05-30 10:23:30,934][root][INFO] - Epoch: 66, loss: 308.7781
[2026-05-30 10:23:31,006][root][INFO] - Epoch: 67, loss: 327.9832
[2026-05-30 10:23:31,081][root][INFO] - Epoch: 68, loss: 315.8469
[2026-05-30 10:23:31,153][root][INFO] - Epoch: 69, loss: 281.6431
[2026-05-30 10:23:31,233][root][INFO] - Epoch: 70, loss: 296.0342
[2026-05-30 10:23:31,304][root][INFO] - Epoch: 71, loss: 267.3598
[2026-05-30 10:23:31,373][root][INFO] - Epoch: 72, loss: 252.0013
[2026-05-30 10:23:31,446][root][INFO] - Epoch: 73, loss: 251.1696
[2026-05-30 10:23:31,517][root][INFO] - Epoch: 74, loss: 253.4719
[2026-05-30 10:23:31,589][root][INFO] - Epoch: 75, loss: 266.9826
[2026-05-30 10:23:31,660][root][INFO] - Epoch: 76, loss: 265.1396
[2026-05-30 10:23:31,730][root][INFO] - Epoch: 77, loss: 295.3297
[2026-05-30 10:23:31,801][root][INFO] - Epoch: 78, loss: 276.7650
[2026-05-30 10:23:31,873][root][INFO] - Epoch: 79, loss: 268.2599
[2026-05-30 10:23:31,945][root][INFO] - Epoch: 80, loss: 257.4205
[2026-05-30 10:23:32,017][root][INFO] - Epoch: 81, loss: 247.9966
[2026-05-30 10:23:32,087][root][INFO] - Epoch: 82, loss: 233.4749
[2026-05-30 10:23:32,160][root][INFO] - Epoch: 83, loss: 237.5037
[2026-05-30 10:23:32,232][root][INFO] - Epoch: 84, loss: 236.1824
[2026-05-30 10:23:32,303][root][INFO] - Epoch: 85, loss: 233.9073
[2026-05-30 10:23:32,375][root][INFO] - Epoch: 86, loss: 220.2274
[2026-05-30 10:23:32,446][root][INFO] - Epoch: 87, loss: 219.7130
[2026-05-30 10:23:32,517][root][INFO] - Epoch: 88, loss: 218.9257
[2026-05-30 10:23:32,589][root][INFO] - Epoch: 89, loss: 215.0937
[2026-05-30 10:23:32,661][root][INFO] - Epoch: 90, loss: 216.6209
[2026-05-30 10:23:32,732][root][INFO] - Epoch: 91, loss: 215.8576
[2026-05-30 10:23:32,803][root][INFO] - Epoch: 92, loss: 210.8443
[2026-05-30 10:23:32,874][root][INFO] - Epoch: 93, loss: 213.6528
[2026-05-30 10:23:32,945][root][INFO] - Epoch: 94, loss: 209.3312
[2026-05-30 10:23:33,018][root][INFO] - Epoch: 95, loss: 223.9076
[2026-05-30 10:23:33,090][root][INFO] - Epoch: 96, loss: 216.2699
[2026-05-30 10:23:33,161][root][INFO] - Epoch: 97, loss: 222.5153
[2026-05-30 10:23:33,233][root][INFO] - Epoch: 98, loss: 225.2022
[2026-05-30 10:23:33,305][root][INFO] - Epoch: 99, loss: 223.2079
[2026-05-30 10:23:33,376][root][INFO] - Epoch: 100, loss: 226.5603
[2026-05-30 10:23:33,448][root][INFO] - Epoch: 101, loss: 223.4249
[2026-05-30 10:23:33,520][root][INFO] - Epoch: 102, loss: 209.8914
[2026-05-30 10:23:33,591][root][INFO] - Epoch: 103, loss: 214.9362
[2026-05-30 10:23:33,662][root][INFO] - Epoch: 104, loss: 211.2665
[2026-05-30 10:23:33,734][root][INFO] - Epoch: 105, loss: 253.6169
[2026-05-30 10:23:33,734][root][INFO] - Early stopping at epoch: 104
[2026-05-30 10:23:33,770][root][INFO] - {'model_loss': '253.6169', 'recon_loss': '0.0000', 'triplet_loss': '253.6169'}
[2026-05-30 10:23:33,775][root][INFO] - Updating AE...
[2026-05-30 10:23:34,504][root][INFO] - Epoch: 1, loss: 488.9447
[2026-05-30 10:23:34,574][root][INFO] - Epoch: 2, loss: 212.4786
[2026-05-30 10:23:34,645][root][INFO] - Epoch: 3, loss: 151.6959
[2026-05-30 10:23:34,716][root][INFO] - Epoch: 4, loss: 119.5836
[2026-05-30 10:23:34,788][root][INFO] - Epoch: 5, loss: 103.7394
[2026-05-30 10:23:34,858][root][INFO] - Epoch: 6, loss: 96.6122
[2026-05-30 10:23:34,931][root][INFO] - Epoch: 7, loss: 91.3581
[2026-05-30 10:23:35,013][root][INFO] - Epoch: 8, loss: 87.0314
[2026-05-30 10:23:35,102][root][INFO] - Epoch: 9, loss: 83.8954
[2026-05-30 10:23:35,191][root][INFO] - Epoch: 10, loss: 81.0746
[2026-05-30 10:23:35,281][root][INFO] - Epoch: 11, loss: 78.6500
[2026-05-30 10:23:35,373][root][INFO] - Epoch: 12, loss: 76.9389
[2026-05-30 10:23:35,463][root][INFO] - Epoch: 13, loss: 75.1063
[2026-05-30 10:23:35,550][root][INFO] - Epoch: 14, loss: 73.9387
[2026-05-30 10:23:35,627][root][INFO] - Epoch: 15, loss: 72.7197
[2026-05-30 10:23:35,711][root][INFO] - Epoch: 16, loss: 71.3363
[2026-05-30 10:23:35,796][root][INFO] - Epoch: 17, loss: 70.2477
[2026-05-30 10:23:35,884][root][INFO] - Epoch: 18, loss: 69.5807
[2026-05-30 10:23:35,968][root][INFO] - Epoch: 19, loss: 68.4196
[2026-05-30 10:23:36,048][root][INFO] - Epoch: 20, loss: 67.5658
[2026-05-30 10:23:36,131][root][INFO] - Epoch: 21, loss: 66.6914
[2026-05-30 10:23:36,214][root][INFO] - Epoch: 22, loss: 66.0599
[2026-05-30 10:23:36,299][root][INFO] - Epoch: 23, loss: 65.0615
[2026-05-30 10:23:36,379][root][INFO] - Epoch: 24, loss: 64.5508
[2026-05-30 10:23:36,456][root][INFO] - Epoch: 25, loss: 63.5678
[2026-05-30 10:23:36,527][root][INFO] - Epoch: 26, loss: 62.8776
[2026-05-30 10:23:36,599][root][INFO] - Epoch: 27, loss: 62.1804
[2026-05-30 10:23:36,673][root][INFO] - Epoch: 28, loss: 61.3743
[2026-05-30 10:23:36,745][root][INFO] - Epoch: 29, loss: 60.7336
[2026-05-30 10:23:36,818][root][INFO] - Epoch: 30, loss: 60.0018
[2026-05-30 10:23:36,892][root][INFO] - Epoch: 31, loss: 59.1405
[2026-05-30 10:23:36,965][root][INFO] - Epoch: 32, loss: 58.2204
[2026-05-30 10:23:37,038][root][INFO] - Epoch: 33, loss: 57.4169
[2026-05-30 10:23:37,110][root][INFO] - Epoch: 34, loss: 56.7445
[2026-05-30 10:23:37,183][root][INFO] - Epoch: 35, loss: 56.6153
[2026-05-30 10:23:37,255][root][INFO] - Epoch: 36, loss: 57.4650
[2026-05-30 10:23:37,325][root][INFO] - Epoch: 37, loss: 57.1259
[2026-05-30 10:23:37,397][root][INFO] - Epoch: 38, loss: 55.4843
[2026-05-30 10:23:37,469][root][INFO] - Epoch: 39, loss: 54.2609
[2026-05-30 10:23:37,544][root][INFO] - Epoch: 40, loss: 53.1894
[2026-05-30 10:23:37,617][root][INFO] - Epoch: 41, loss: 52.7098
[2026-05-30 10:23:37,690][root][INFO] - Epoch: 42, loss: 52.7176
[2026-05-30 10:23:37,761][root][INFO] - Epoch: 43, loss: 53.6356
[2026-05-30 10:23:37,832][root][INFO] - Epoch: 44, loss: 51.9363
[2026-05-30 10:23:37,904][root][INFO] - Epoch: 45, loss: 50.9164
[2026-05-30 10:23:37,975][root][INFO] - Epoch: 46, loss: 50.6399
[2026-05-30 10:23:38,045][root][INFO] - Epoch: 47, loss: 50.1549
[2026-05-30 10:23:38,118][root][INFO] - Epoch: 48, loss: 49.2480
[2026-05-30 10:23:38,188][root][INFO] - Epoch: 49, loss: 48.5538
[2026-05-30 10:23:38,259][root][INFO] - Epoch: 50, loss: 48.9029
[2026-05-30 10:23:38,331][root][INFO] - Epoch: 51, loss: 48.7729
[2026-05-30 10:23:38,404][root][INFO] - Epoch: 52, loss: 49.5116
[2026-05-30 10:23:38,475][root][INFO] - Epoch: 53, loss: 47.5457
[2026-05-30 10:23:38,546][root][INFO] - Epoch: 54, loss: 48.6811
[2026-05-30 10:23:38,619][root][INFO] - Epoch: 55, loss: 52.4721
[2026-05-30 10:23:38,691][root][INFO] - Epoch: 56, loss: 51.1553
[2026-05-30 10:23:38,762][root][INFO] - Epoch: 57, loss: 48.3947
[2026-05-30 10:23:38,832][root][INFO] - Epoch: 58, loss: 46.8160
[2026-05-30 10:23:38,904][root][INFO] - Epoch: 59, loss: 46.2821
[2026-05-30 10:23:38,978][root][INFO] - Epoch: 60, loss: 45.3944
[2026-05-30 10:23:39,049][root][INFO] - Epoch: 61, loss: 45.0022
[2026-05-30 10:23:39,120][root][INFO] - Epoch: 62, loss: 44.8005
[2026-05-30 10:23:39,192][root][INFO] - Epoch: 63, loss: 45.2355
[2026-05-30 10:23:39,265][root][INFO] - Epoch: 64, loss: 44.0341
[2026-05-30 10:23:39,336][root][INFO] - Epoch: 65, loss: 43.4931
[2026-05-30 10:23:39,407][root][INFO] - Epoch: 66, loss: 43.8339
[2026-05-30 10:23:39,478][root][INFO] - Epoch: 67, loss: 44.3857
[2026-05-30 10:23:39,554][root][INFO] - Epoch: 68, loss: 44.9392
[2026-05-30 10:23:39,626][root][INFO] - Epoch: 69, loss: 44.4506
[2026-05-30 10:23:39,697][root][INFO] - Epoch: 70, loss: 46.2513
[2026-05-30 10:23:39,768][root][INFO] - Epoch: 71, loss: 52.8718
[2026-05-30 10:23:39,838][root][INFO] - Epoch: 72, loss: 50.0552
[2026-05-30 10:23:39,910][root][INFO] - Epoch: 73, loss: 47.6378
[2026-05-30 10:23:39,982][root][INFO] - Epoch: 74, loss: 44.6717
[2026-05-30 10:23:40,053][root][INFO] - Epoch: 75, loss: 44.2187
[2026-05-30 10:23:40,124][root][INFO] - Epoch: 76, loss: 44.3172
[2026-05-30 10:23:40,124][root][INFO] - Early stopping at epoch: 75
[2026-05-30 10:23:40,157][root][INFO] - {'model_loss': '44.3172', 'recon_loss': '0.0000', 'triplet_loss': '44.3172'}
[2026-05-30 10:23:40,161][root][INFO] - Generation 20/400 - Time: 0.00 seconds
[2026-05-30 10:23:40,162][root][INFO] - {'coverage': '100.00', 'max_fitness': '-12.85', 'passive_coverage': '21.58', 'passive_max_fitness': '-12.85', 'passive_mean_fitness': '-56.91', 'passive_qd_score': '18677.07', 'qd_score': '88566.82', 'mean_fitness_top_k': '-39.14'}
[2026-05-30 10:23:41,133][root][INFO] - Generation 21/400 - Time: 0.00 seconds
[2026-05-30 10:23:41,134][root][INFO] - {'coverage': '100.00', 'max_fitness': '-12.85', 'passive_coverage': '21.78', 'passive_max_fitness': '-12.85', 'passive_mean_fitness': '-56.74', 'passive_qd_score': '18884.80', 'qd_score': '79663.97', 'mean_fitness_top_k': '-38.67'}
[2026-05-30 10:23:42,116][root][INFO] - Generation 22/400 - Time: 0.00 seconds
[2026-05-30 10:23:42,117][root][INFO] - {'coverage': '100.00', 'max_fitness': '-12.85', 'passive_coverage': '22.17', 'passive_max_fitness': '-12.85', 'passive_mean_fitness': '-56.93', 'passive_qd_score': '19179.84', 'qd_score': '79836.16', 'mean_fitness_top_k': '-37.85'}
[2026-05-30 10:23:43,250][root][INFO] - Generation 23/400 - Time: 0.00 seconds
[2026-05-30 10:23:43,251][root][INFO] - {'coverage': '100.00', 'max_fitness': '-12.85', 'passive_coverage': '22.27', 'passive_max_fitness': '-12.85', 'passive_mean_fitness': '-56.80', 'passive_qd_score': '19294.43', 'qd_score': '79358.37', 'mean_fitness_top_k': '-37.88'}
[2026-05-30 10:23:44,283][root][INFO] - Generation 24/400 - Time: 0.00 seconds
[2026-05-30 10:23:44,283][root][INFO] - {'coverage': '100.00', 'max_fitness': '-12.85', 'passive_coverage': '22.36', 'passive_max_fitness': '-12.85', 'passive_mean_fitness': '-56.84', 'passive_qd_score': '19368.42', 'qd_score': '79728.34', 'mean_fitness_top_k': '-37.62'}
[2026-05-30 10:23:45,271][root][INFO] - Generation 25/400 - Time: 0.00 seconds
[2026-05-30 10:23:45,272][root][INFO] - {'coverage': '100.00', 'max_fitness': '-12.85', 'passive_coverage': '22.46', 'passive_max_fitness': '-12.85', 'passive_mean_fitness': '-56.93', 'passive_qd_score': '19433.26', 'qd_score': '79285.91', 'mean_fitness_top_k': '-37.75'}
[2026-05-30 10:23:46,252][root][INFO] - Generation 26/400 - Time: 0.00 seconds
[2026-05-30 10:23:46,253][root][INFO] - {'coverage': '100.00', 'max_fitness': '-12.70', 'passive_coverage': '22.56', 'passive_max_fitness': '-12.70', 'passive_mean_fitness': '-57.04', 'passive_qd_score': '19492.71', 'qd_score': '78908.09', 'mean_fitness_top_k': '-37.89'}
[2026-05-30 10:23:47,236][root][INFO] - Generation 27/400 - Time: 0.00 seconds
[2026-05-30 10:23:47,237][root][INFO] - {'coverage': '100.00', 'max_fitness': '-12.70', 'passive_coverage': '22.56', 'passive_max_fitness': '-12.70', 'passive_mean_fitness': '-57.02', 'passive_qd_score': '19496.68', 'qd_score': '78684.51', 'mean_fitness_top_k': '-37.54'}
[2026-05-30 10:23:48,226][root][INFO] - Generation 28/400 - Time: 0.00 seconds
[2026-05-30 10:23:48,227][root][INFO] - {'coverage': '100.00', 'max_fitness': '-12.70', 'passive_coverage': '22.56', 'passive_max_fitness': '-12.70', 'passive_mean_fitness': '-57.01', 'passive_qd_score': '19497.88', 'qd_score': '78549.00', 'mean_fitness_top_k': '-37.30'}
[2026-05-30 10:23:49,196][root][INFO] - Generation 29/400 - Time: 0.00 seconds
[2026-05-30 10:23:49,197][root][INFO] - {'coverage': '100.00', 'max_fitness': '-12.70', 'passive_coverage': '22.56', 'passive_max_fitness': '-12.70', 'passive_mean_fitness': '-57.00', 'passive_qd_score': '19500.57', 'qd_score': '78589.75', 'mean_fitness_top_k': '-37.21'}
[2026-05-30 10:23:50,279][root][INFO] - Updating AE...
[2026-05-30 10:23:51,039][root][INFO] - Epoch: 1, loss: 537.4504
[2026-05-30 10:23:51,110][root][INFO] - Epoch: 2, loss: 493.8759
[2026-05-30 10:23:51,182][root][INFO] - Epoch: 3, loss: 490.4739
[2026-05-30 10:23:51,253][root][INFO] - Epoch: 4, loss: 485.3850
[2026-05-30 10:23:51,326][root][INFO] - Epoch: 5, loss: 480.7014
[2026-05-30 10:23:51,399][root][INFO] - Epoch: 6, loss: 474.0681
[2026-05-30 10:23:51,470][root][INFO] - Epoch: 7, loss: 470.3343
[2026-05-30 10:23:51,543][root][INFO] - Epoch: 8, loss: 462.5258
[2026-05-30 10:23:51,614][root][INFO] - Epoch: 9, loss: 457.6644
[2026-05-30 10:23:51,685][root][INFO] - Epoch: 10, loss: 450.5607
[2026-05-30 10:23:51,755][root][INFO] - Epoch: 11, loss: 439.0862
[2026-05-30 10:23:51,824][root][INFO] - Epoch: 12, loss: 431.1913
[2026-05-30 10:23:51,894][root][INFO] - Epoch: 13, loss: 427.4019
[2026-05-30 10:23:51,964][root][INFO] - Epoch: 14, loss: 417.7430
[2026-05-30 10:23:52,035][root][INFO] - Epoch: 15, loss: 408.5263
[2026-05-30 10:23:52,107][root][INFO] - Epoch: 16, loss: 403.4252
[2026-05-30 10:23:52,177][root][INFO] - Epoch: 17, loss: 394.7415
[2026-05-30 10:23:52,248][root][INFO] - Epoch: 18, loss: 377.1682
[2026-05-30 10:23:52,318][root][INFO] - Epoch: 19, loss: 366.2599
[2026-05-30 10:23:52,398][root][INFO] - Epoch: 20, loss: 366.6622
[2026-05-30 10:23:52,469][root][INFO] - Epoch: 21, loss: 353.2069
[2026-05-30 10:23:52,539][root][INFO] - Epoch: 22, loss: 361.4138
[2026-05-30 10:23:52,609][root][INFO] - Epoch: 23, loss: 348.9283
[2026-05-30 10:23:52,680][root][INFO] - Epoch: 24, loss: 338.9665
[2026-05-30 10:23:52,750][root][INFO] - Epoch: 25, loss: 324.7065
[2026-05-30 10:23:52,821][root][INFO] - Epoch: 26, loss: 316.4132
[2026-05-30 10:23:52,892][root][INFO] - Epoch: 27, loss: 307.5267
[2026-05-30 10:23:52,963][root][INFO] - Epoch: 28, loss: 300.8259
[2026-05-30 10:23:53,034][root][INFO] - Epoch: 29, loss: 293.2976
[2026-05-30 10:23:53,105][root][INFO] - Epoch: 30, loss: 297.3858
[2026-05-30 10:23:53,176][root][INFO] - Epoch: 31, loss: 288.7272
[2026-05-30 10:23:53,246][root][INFO] - Epoch: 32, loss: 285.7843
[2026-05-30 10:23:53,317][root][INFO] - Epoch: 33, loss: 282.4552
[2026-05-30 10:23:53,388][root][INFO] - Epoch: 34, loss: 283.0424
[2026-05-30 10:23:53,460][root][INFO] - Epoch: 35, loss: 274.9406
[2026-05-30 10:23:53,530][root][INFO] - Epoch: 36, loss: 270.0380
[2026-05-30 10:23:53,601][root][INFO] - Epoch: 37, loss: 273.8224
[2026-05-30 10:23:53,671][root][INFO] - Epoch: 38, loss: 268.2723
[2026-05-30 10:23:53,742][root][INFO] - Epoch: 39, loss: 256.0780
[2026-05-30 10:23:53,813][root][INFO] - Epoch: 40, loss: 262.4029
[2026-05-30 10:23:53,883][root][INFO] - Epoch: 41, loss: 251.5583
[2026-05-30 10:23:53,954][root][INFO] - Epoch: 42, loss: 240.2329
[2026-05-30 10:23:54,025][root][INFO] - Epoch: 43, loss: 230.9281
[2026-05-30 10:23:54,095][root][INFO] - Epoch: 44, loss: 227.6008
[2026-05-30 10:23:54,166][root][INFO] - Epoch: 45, loss: 249.2602
[2026-05-30 10:23:54,238][root][INFO] - Epoch: 46, loss: 249.4095
[2026-05-30 10:23:54,308][root][INFO] - Epoch: 47, loss: 227.0843
[2026-05-30 10:23:54,379][root][INFO] - Epoch: 48, loss: 210.6257
[2026-05-30 10:23:54,449][root][INFO] - Epoch: 49, loss: 217.5641
[2026-05-30 10:23:54,520][root][INFO] - Epoch: 50, loss: 225.3497
[2026-05-30 10:23:54,591][root][INFO] - Epoch: 51, loss: 213.0224
[2026-05-30 10:23:54,661][root][INFO] - Epoch: 52, loss: 214.9736
[2026-05-30 10:23:54,731][root][INFO] - Epoch: 53, loss: 227.4709
[2026-05-30 10:23:54,802][root][INFO] - Epoch: 54, loss: 237.1027
[2026-05-30 10:23:54,872][root][INFO] - Epoch: 55, loss: 214.7139
[2026-05-30 10:23:54,943][root][INFO] - Epoch: 56, loss: 224.8632
[2026-05-30 10:23:55,013][root][INFO] - Epoch: 57, loss: 221.9267
[2026-05-30 10:23:55,083][root][INFO] - Epoch: 58, loss: 197.8555
[2026-05-30 10:23:55,154][root][INFO] - Epoch: 59, loss: 190.9115
[2026-05-30 10:23:55,224][root][INFO] - Epoch: 60, loss: 195.3430
[2026-05-30 10:23:55,295][root][INFO] - Epoch: 61, loss: 197.7697
[2026-05-30 10:23:55,367][root][INFO] - Epoch: 62, loss: 208.3139
[2026-05-30 10:23:55,438][root][INFO] - Epoch: 63, loss: 247.9469
[2026-05-30 10:23:55,510][root][INFO] - Epoch: 64, loss: 219.7042
[2026-05-30 10:23:55,584][root][INFO] - Epoch: 65, loss: 199.1884
[2026-05-30 10:23:55,655][root][INFO] - Epoch: 66, loss: 190.0234
[2026-05-30 10:23:55,726][root][INFO] - Epoch: 67, loss: 181.3038
[2026-05-30 10:23:55,797][root][INFO] - Epoch: 68, loss: 189.3450
[2026-05-30 10:23:55,868][root][INFO] - Epoch: 69, loss: 185.3637
[2026-05-30 10:23:55,939][root][INFO] - Epoch: 70, loss: 200.2482
[2026-05-30 10:23:56,009][root][INFO] - Epoch: 71, loss: 182.6500
[2026-05-30 10:23:56,081][root][INFO] - Epoch: 72, loss: 168.6727
[2026-05-30 10:23:56,152][root][INFO] - Epoch: 73, loss: 172.3196
[2026-05-30 10:23:56,222][root][INFO] - Epoch: 74, loss: 179.7831
[2026-05-30 10:23:56,293][root][INFO] - Epoch: 75, loss: 170.6055
[2026-05-30 10:23:56,366][root][INFO] - Epoch: 76, loss: 182.6493
[2026-05-30 10:23:56,437][root][INFO] - Epoch: 77, loss: 207.7532
[2026-05-30 10:23:56,507][root][INFO] - Epoch: 78, loss: 202.9141
[2026-05-30 10:23:56,578][root][INFO] - Epoch: 79, loss: 184.6478
[2026-05-30 10:23:56,648][root][INFO] - Epoch: 80, loss: 209.1857
[2026-05-30 10:23:56,719][root][INFO] - Epoch: 81, loss: 189.3551
[2026-05-30 10:23:56,789][root][INFO] - Epoch: 82, loss: 167.6409
[2026-05-30 10:23:56,860][root][INFO] - Epoch: 83, loss: 161.0073
[2026-05-30 10:23:56,932][root][INFO] - Epoch: 84, loss: 163.6308
[2026-05-30 10:23:57,003][root][INFO] - Epoch: 85, loss: 162.2144
[2026-05-30 10:23:57,075][root][INFO] - Epoch: 86, loss: 161.6709
[2026-05-30 10:23:57,145][root][INFO] - Epoch: 87, loss: 165.7094
[2026-05-30 10:23:57,216][root][INFO] - Epoch: 88, loss: 149.7564
[2026-05-30 10:23:57,287][root][INFO] - Epoch: 89, loss: 146.4138
[2026-05-30 10:23:57,359][root][INFO] - Epoch: 90, loss: 142.3857
[2026-05-30 10:23:57,430][root][INFO] - Epoch: 91, loss: 153.5295
[2026-05-30 10:23:57,500][root][INFO] - Epoch: 92, loss: 153.7640
[2026-05-30 10:23:57,571][root][INFO] - Epoch: 93, loss: 162.5501
[2026-05-30 10:23:57,642][root][INFO] - Epoch: 94, loss: 159.9681
[2026-05-30 10:23:57,712][root][INFO] - Epoch: 95, loss: 164.2562
[2026-05-30 10:23:57,783][root][INFO] - Epoch: 96, loss: 153.7914
[2026-05-30 10:23:57,854][root][INFO] - Epoch: 97, loss: 140.1013
[2026-05-30 10:23:57,924][root][INFO] - Epoch: 98, loss: 139.2768
[2026-05-30 10:23:57,994][root][INFO] - Epoch: 99, loss: 137.8281
[2026-05-30 10:23:58,066][root][INFO] - Epoch: 100, loss: 202.2303
[2026-05-30 10:23:58,136][root][INFO] - Epoch: 101, loss: 187.6494
[2026-05-30 10:23:58,207][root][INFO] - Epoch: 102, loss: 182.8970
[2026-05-30 10:23:58,278][root][INFO] - Epoch: 103, loss: 163.6204
[2026-05-30 10:23:58,349][root][INFO] - Epoch: 104, loss: 160.1778
[2026-05-30 10:23:58,420][root][INFO] - Epoch: 105, loss: 173.0764
[2026-05-30 10:23:58,490][root][INFO] - Epoch: 106, loss: 170.7908
[2026-05-30 10:23:58,561][root][INFO] - Epoch: 107, loss: 161.5916
[2026-05-30 10:23:58,632][root][INFO] - Epoch: 108, loss: 151.9970
[2026-05-30 10:23:58,702][root][INFO] - Epoch: 109, loss: 149.6623
[2026-05-30 10:23:58,773][root][INFO] - Epoch: 110, loss: 146.9879
[2026-05-30 10:23:58,773][root][INFO] - Early stopping at epoch: 109
[2026-05-30 10:23:58,817][root][INFO] - {'model_loss': '146.9879', 'recon_loss': '0.0000', 'triplet_loss': '146.9879'}
[2026-05-30 10:23:58,821][root][INFO] - Updating AE...
[2026-05-30 10:23:59,706][root][INFO] - Epoch: 1, loss: 656.4705
[2026-05-30 10:23:59,776][root][INFO] - Epoch: 2, loss: 237.8714
[2026-05-30 10:23:59,846][root][INFO] - Epoch: 3, loss: 153.2307
[2026-05-30 10:23:59,916][root][INFO] - Epoch: 4, loss: 111.9641
[2026-05-30 10:23:59,986][root][INFO] - Epoch: 5, loss: 92.7648
[2026-05-30 10:24:00,057][root][INFO] - Epoch: 6, loss: 81.2869
[2026-05-30 10:24:00,128][root][INFO] - Epoch: 7, loss: 72.3987
[2026-05-30 10:24:00,197][root][INFO] - Epoch: 8, loss: 66.5693
[2026-05-30 10:24:00,268][root][INFO] - Epoch: 9, loss: 62.1259
[2026-05-30 10:24:00,338][root][INFO] - Epoch: 10, loss: 58.5380
[2026-05-30 10:24:00,408][root][INFO] - Epoch: 11, loss: 55.2791
[2026-05-30 10:24:00,482][root][INFO] - Epoch: 12, loss: 52.7871
[2026-05-30 10:24:00,553][root][INFO] - Epoch: 13, loss: 50.5738
[2026-05-30 10:24:00,624][root][INFO] - Epoch: 14, loss: 48.9179
[2026-05-30 10:24:00,695][root][INFO] - Epoch: 15, loss: 47.2371
[2026-05-30 10:24:00,766][root][INFO] - Epoch: 16, loss: 45.8605
[2026-05-30 10:24:00,838][root][INFO] - Epoch: 17, loss: 44.6956
[2026-05-30 10:24:00,909][root][INFO] - Epoch: 18, loss: 43.5803
[2026-05-30 10:24:00,980][root][INFO] - Epoch: 19, loss: 42.5848
[2026-05-30 10:24:01,051][root][INFO] - Epoch: 20, loss: 41.6709
[2026-05-30 10:24:01,121][root][INFO] - Epoch: 21, loss: 40.6918
[2026-05-30 10:24:01,191][root][INFO] - Epoch: 22, loss: 39.9688
[2026-05-30 10:24:01,262][root][INFO] - Epoch: 23, loss: 39.1788
[2026-05-30 10:24:01,335][root][INFO] - Epoch: 24, loss: 38.4095
[2026-05-30 10:24:01,406][root][INFO] - Epoch: 25, loss: 37.8341
[2026-05-30 10:24:01,478][root][INFO] - Epoch: 26, loss: 37.2549
[2026-05-30 10:24:01,549][root][INFO] - Epoch: 27, loss: 36.7249
[2026-05-30 10:24:01,621][root][INFO] - Epoch: 28, loss: 36.2838
[2026-05-30 10:24:01,692][root][INFO] - Epoch: 29, loss: 35.7190
[2026-05-30 10:24:01,762][root][INFO] - Epoch: 30, loss: 35.4435
[2026-05-30 10:24:01,833][root][INFO] - Epoch: 31, loss: 34.9634
[2026-05-30 10:24:01,906][root][INFO] - Epoch: 32, loss: 34.7307
[2026-05-30 10:24:01,977][root][INFO] - Epoch: 33, loss: 34.3847
[2026-05-30 10:24:02,049][root][INFO] - Epoch: 34, loss: 34.1238
[2026-05-30 10:24:02,119][root][INFO] - Epoch: 35, loss: 34.0659
[2026-05-30 10:24:02,190][root][INFO] - Epoch: 36, loss: 33.7312
[2026-05-30 10:24:02,261][root][INFO] - Epoch: 37, loss: 33.4162
[2026-05-30 10:24:02,333][root][INFO] - Epoch: 38, loss: 33.1775
[2026-05-30 10:24:02,404][root][INFO] - Epoch: 39, loss: 32.8901
[2026-05-30 10:24:02,475][root][INFO] - Epoch: 40, loss: 32.6564
[2026-05-30 10:24:02,546][root][INFO] - Epoch: 41, loss: 32.6249
[2026-05-30 10:24:02,616][root][INFO] - Epoch: 42, loss: 32.5429
[2026-05-30 10:24:02,687][root][INFO] - Epoch: 43, loss: 32.2843
[2026-05-30 10:24:02,758][root][INFO] - Epoch: 44, loss: 32.0283
[2026-05-30 10:24:02,829][root][INFO] - Epoch: 45, loss: 31.9072
[2026-05-30 10:24:02,900][root][INFO] - Epoch: 46, loss: 31.7018
[2026-05-30 10:24:02,971][root][INFO] - Epoch: 47, loss: 31.3762
[2026-05-30 10:24:03,041][root][INFO] - Epoch: 48, loss: 31.2922
[2026-05-30 10:24:03,112][root][INFO] - Epoch: 49, loss: 31.0974
[2026-05-30 10:24:03,184][root][INFO] - Epoch: 50, loss: 31.1149
[2026-05-30 10:24:03,254][root][INFO] - Epoch: 51, loss: 30.8605
[2026-05-30 10:24:03,325][root][INFO] - Epoch: 52, loss: 30.6594
[2026-05-30 10:24:03,397][root][INFO] - Epoch: 53, loss: 30.6439
[2026-05-30 10:24:03,467][root][INFO] - Epoch: 54, loss: 30.5790
[2026-05-30 10:24:03,538][root][INFO] - Epoch: 55, loss: 30.2676
[2026-05-30 10:24:03,608][root][INFO] - Epoch: 56, loss: 30.0625
[2026-05-30 10:24:03,680][root][INFO] - Epoch: 57, loss: 29.9973
[2026-05-30 10:24:03,749][root][INFO] - Epoch: 58, loss: 29.7239
[2026-05-30 10:24:03,820][root][INFO] - Epoch: 59, loss: 29.6791
[2026-05-30 10:24:03,891][root][INFO] - Epoch: 60, loss: 29.6345
[2026-05-30 10:24:03,962][root][INFO] - Epoch: 61, loss: 29.3999
[2026-05-30 10:24:04,033][root][INFO] - Epoch: 62, loss: 29.3457
[2026-05-30 10:24:04,105][root][INFO] - Epoch: 63, loss: 29.1400
[2026-05-30 10:24:04,176][root][INFO] - Epoch: 64, loss: 28.9631
[2026-05-30 10:24:04,247][root][INFO] - Epoch: 65, loss: 28.8646
[2026-05-30 10:24:04,317][root][INFO] - Epoch: 66, loss: 28.6960
[2026-05-30 10:24:04,387][root][INFO] - Epoch: 67, loss: 28.5903
[2026-05-30 10:24:04,456][root][INFO] - Epoch: 68, loss: 28.5803
[2026-05-30 10:24:04,527][root][INFO] - Epoch: 69, loss: 28.3415
[2026-05-30 10:24:04,598][root][INFO] - Epoch: 70, loss: 28.3937
[2026-05-30 10:24:04,669][root][INFO] - Epoch: 71, loss: 28.0912
[2026-05-30 10:24:04,739][root][INFO] - Epoch: 72, loss: 27.9994
[2026-05-30 10:24:04,811][root][INFO] - Epoch: 73, loss: 27.9024
[2026-05-30 10:24:04,881][root][INFO] - Epoch: 74, loss: 27.7724
[2026-05-30 10:24:04,953][root][INFO] - Epoch: 75, loss: 27.6709
[2026-05-30 10:24:05,025][root][INFO] - Epoch: 76, loss: 27.5111
[2026-05-30 10:24:05,096][root][INFO] - Epoch: 77, loss: 27.4585
[2026-05-30 10:24:05,166][root][INFO] - Epoch: 78, loss: 27.2629
[2026-05-30 10:24:05,236][root][INFO] - Epoch: 79, loss: 27.2217
[2026-05-30 10:24:05,307][root][INFO] - Epoch: 80, loss: 27.0906
[2026-05-30 10:24:05,376][root][INFO] - Epoch: 81, loss: 26.9397
[2026-05-30 10:24:05,447][root][INFO] - Epoch: 82, loss: 26.8693
[2026-05-30 10:24:05,517][root][INFO] - Epoch: 83, loss: 26.7341
[2026-05-30 10:24:05,588][root][INFO] - Epoch: 84, loss: 26.5544
[2026-05-30 10:24:05,658][root][INFO] - Epoch: 85, loss: 26.4993
[2026-05-30 10:24:05,730][root][INFO] - Epoch: 86, loss: 26.4588
[2026-05-30 10:24:05,799][root][INFO] - Epoch: 87, loss: 26.3781
[2026-05-30 10:24:05,869][root][INFO] - Epoch: 88, loss: 26.1411
[2026-05-30 10:24:05,939][root][INFO] - Epoch: 89, loss: 26.0249
[2026-05-30 10:24:06,008][root][INFO] - Epoch: 90, loss: 25.9098
[2026-05-30 10:24:06,080][root][INFO] - Epoch: 91, loss: 25.7912
[2026-05-30 10:24:06,151][root][INFO] - Epoch: 92, loss: 25.6502
[2026-05-30 10:24:06,222][root][INFO] - Epoch: 93, loss: 25.5009
[2026-05-30 10:24:06,293][root][INFO] - Epoch: 94, loss: 25.4136
[2026-05-30 10:24:06,364][root][INFO] - Epoch: 95, loss: 25.2511
[2026-05-30 10:24:06,435][root][INFO] - Epoch: 96, loss: 25.1990
[2026-05-30 10:24:06,506][root][INFO] - Epoch: 97, loss: 25.1006
[2026-05-30 10:24:06,577][root][INFO] - Epoch: 98, loss: 24.9067
[2026-05-30 10:24:06,647][root][INFO] - Epoch: 99, loss: 24.9944
[2026-05-30 10:24:06,717][root][INFO] - Epoch: 100, loss: 24.7571
[2026-05-30 10:24:06,787][root][INFO] - Epoch: 101, loss: 24.5630
[2026-05-30 10:24:06,858][root][INFO] - Epoch: 102, loss: 24.3862
[2026-05-30 10:24:06,927][root][INFO] - Epoch: 103, loss: 24.3686
[2026-05-30 10:24:06,996][root][INFO] - Epoch: 104, loss: 24.0697
[2026-05-30 10:24:07,066][root][INFO] - Epoch: 105, loss: 23.9764
[2026-05-30 10:24:07,136][root][INFO] - Epoch: 106, loss: 23.8387
[2026-05-30 10:24:07,206][root][INFO] - Epoch: 107, loss: 23.7284
[2026-05-30 10:24:07,281][root][INFO] - Epoch: 108, loss: 23.5870
[2026-05-30 10:24:07,351][root][INFO] - Epoch: 109, loss: 23.4320
[2026-05-30 10:24:07,421][root][INFO] - Epoch: 110, loss: 23.3228
[2026-05-30 10:24:07,491][root][INFO] - Epoch: 111, loss: 23.3032
[2026-05-30 10:24:07,563][root][INFO] - Epoch: 112, loss: 23.1416
[2026-05-30 10:24:07,633][root][INFO] - Epoch: 113, loss: 23.0304
[2026-05-30 10:24:07,704][root][INFO] - Epoch: 114, loss: 23.1155
[2026-05-30 10:24:07,774][root][INFO] - Epoch: 115, loss: 22.8651
[2026-05-30 10:24:07,846][root][INFO] - Epoch: 116, loss: 22.8095
[2026-05-30 10:24:07,918][root][INFO] - Epoch: 117, loss: 22.6869
[2026-05-30 10:24:07,990][root][INFO] - Epoch: 118, loss: 22.6274
[2026-05-30 10:24:08,061][root][INFO] - Epoch: 119, loss: 22.5086
[2026-05-30 10:24:08,132][root][INFO] - Epoch: 120, loss: 22.3369
[2026-05-30 10:24:08,203][root][INFO] - Epoch: 121, loss: 22.2274
[2026-05-30 10:24:08,274][root][INFO] - Epoch: 122, loss: 22.1139
[2026-05-30 10:24:08,345][root][INFO] - Epoch: 123, loss: 22.0675
[2026-05-30 10:24:08,417][root][INFO] - Epoch: 124, loss: 22.3067
[2026-05-30 10:24:08,489][root][INFO] - Epoch: 125, loss: 22.0858
[2026-05-30 10:24:08,561][root][INFO] - Epoch: 126, loss: 21.8314
[2026-05-30 10:24:08,631][root][INFO] - Epoch: 127, loss: 21.7276
[2026-05-30 10:24:08,702][root][INFO] - Epoch: 128, loss: 21.5670
[2026-05-30 10:24:08,772][root][INFO] - Epoch: 129, loss: 21.2931
[2026-05-30 10:24:08,843][root][INFO] - Epoch: 130, loss: 21.5291
[2026-05-30 10:24:08,914][root][INFO] - Epoch: 131, loss: 21.2019
[2026-05-30 10:24:08,986][root][INFO] - Epoch: 132, loss: 21.3883
[2026-05-30 10:24:09,056][root][INFO] - Epoch: 133, loss: 21.2325
[2026-05-30 10:24:09,127][root][INFO] - Epoch: 134, loss: 21.1398
[2026-05-30 10:24:09,198][root][INFO] - Epoch: 135, loss: 21.1083
[2026-05-30 10:24:09,269][root][INFO] - Epoch: 136, loss: 20.8759
[2026-05-30 10:24:09,339][root][INFO] - Epoch: 137, loss: 20.8853
[2026-05-30 10:24:09,409][root][INFO] - Epoch: 138, loss: 20.7393
[2026-05-30 10:24:09,479][root][INFO] - Epoch: 139, loss: 20.6536
[2026-05-30 10:24:09,552][root][INFO] - Epoch: 140, loss: 20.5107
[2026-05-30 10:24:09,623][root][INFO] - Epoch: 141, loss: 20.3860
[2026-05-30 10:24:09,693][root][INFO] - Epoch: 142, loss: 20.4691
[2026-05-30 10:24:09,764][root][INFO] - Epoch: 143, loss: 20.2642
[2026-05-30 10:24:09,835][root][INFO] - Epoch: 144, loss: 20.2387
[2026-05-30 10:24:09,905][root][INFO] - Epoch: 145, loss: 20.3459
[2026-05-30 10:24:09,978][root][INFO] - Epoch: 146, loss: 20.3621
[2026-05-30 10:24:10,048][root][INFO] - Epoch: 147, loss: 20.8648
[2026-05-30 10:24:10,118][root][INFO] - Epoch: 148, loss: 20.2207
[2026-05-30 10:24:10,188][root][INFO] - Epoch: 149, loss: 19.9426
[2026-05-30 10:24:10,258][root][INFO] - Epoch: 150, loss: 20.0428
[2026-05-30 10:24:10,328][root][INFO] - Epoch: 151, loss: 19.6439
[2026-05-30 10:24:10,398][root][INFO] - Epoch: 152, loss: 19.6185
[2026-05-30 10:24:10,469][root][INFO] - Epoch: 153, loss: 19.5309
[2026-05-30 10:24:10,539][root][INFO] - Epoch: 154, loss: 19.4234
[2026-05-30 10:24:10,610][root][INFO] - Epoch: 155, loss: 19.6662
[2026-05-30 10:24:10,680][root][INFO] - Epoch: 156, loss: 19.7099
[2026-05-30 10:24:10,751][root][INFO] - Epoch: 157, loss: 19.9746
[2026-05-30 10:24:10,822][root][INFO] - Epoch: 158, loss: 19.8392
[2026-05-30 10:24:10,892][root][INFO] - Epoch: 159, loss: 19.7295
[2026-05-30 10:24:10,963][root][INFO] - Epoch: 160, loss: 19.3265
[2026-05-30 10:24:11,033][root][INFO] - Epoch: 161, loss: 19.0173
[2026-05-30 10:24:11,107][root][INFO] - Epoch: 162, loss: 18.7878
[2026-05-30 10:24:11,178][root][INFO] - Epoch: 163, loss: 19.1792
[2026-05-30 10:24:11,251][root][INFO] - Epoch: 164, loss: 18.8290
[2026-05-30 10:24:11,321][root][INFO] - Epoch: 165, loss: 19.2150
[2026-05-30 10:24:11,392][root][INFO] - Epoch: 166, loss: 18.6961
[2026-05-30 10:24:11,464][root][INFO] - Epoch: 167, loss: 18.5245
[2026-05-30 10:24:11,535][root][INFO] - Epoch: 168, loss: 18.4655
[2026-05-30 10:24:11,606][root][INFO] - Epoch: 169, loss: 18.4281
[2026-05-30 10:24:11,678][root][INFO] - Epoch: 170, loss: 18.1498
[2026-05-30 10:24:11,749][root][INFO] - Epoch: 171, loss: 18.4386
[2026-05-30 10:24:11,820][root][INFO] - Epoch: 172, loss: 18.0276
[2026-05-30 10:24:11,892][root][INFO] - Epoch: 173, loss: 18.2223
[2026-05-30 10:24:11,963][root][INFO] - Epoch: 174, loss: 18.2904
[2026-05-30 10:24:12,034][root][INFO] - Epoch: 175, loss: 18.4922
[2026-05-30 10:24:12,105][root][INFO] - Epoch: 176, loss: 18.5183
[2026-05-30 10:24:12,176][root][INFO] - Epoch: 177, loss: 17.7062
[2026-05-30 10:24:12,248][root][INFO] - Epoch: 178, loss: 17.9206
[2026-05-30 10:24:12,319][root][INFO] - Epoch: 179, loss: 18.1416
[2026-05-30 10:24:12,390][root][INFO] - Epoch: 180, loss: 17.7951
[2026-05-30 10:24:12,461][root][INFO] - Epoch: 181, loss: 17.9432
[2026-05-30 10:24:12,532][root][INFO] - Epoch: 182, loss: 17.3418
[2026-05-30 10:24:12,604][root][INFO] - Epoch: 183, loss: 17.4596
[2026-05-30 10:24:12,675][root][INFO] - Epoch: 184, loss: 17.5511
[2026-05-30 10:24:12,746][root][INFO] - Epoch: 185, loss: 17.7016
[2026-05-30 10:24:12,817][root][INFO] - Epoch: 186, loss: 17.8454
[2026-05-30 10:24:12,887][root][INFO] - Epoch: 187, loss: 17.5492
[2026-05-30 10:24:12,960][root][INFO] - Epoch: 188, loss: 17.0219
[2026-05-30 10:24:13,031][root][INFO] - Epoch: 189, loss: 17.8762
[2026-05-30 10:24:13,102][root][INFO] - Epoch: 190, loss: 17.6604
[2026-05-30 10:24:13,177][root][INFO] - Epoch: 191, loss: 17.0515
[2026-05-30 10:24:13,251][root][INFO] - Epoch: 192, loss: 17.1480
[2026-05-30 10:24:13,327][root][INFO] - Epoch: 193, loss: 17.4524
[2026-05-30 10:24:13,399][root][INFO] - Epoch: 194, loss: 16.6981
[2026-05-30 10:24:13,471][root][INFO] - Epoch: 195, loss: 16.4867
[2026-05-30 10:24:13,541][root][INFO] - Epoch: 196, loss: 16.6453
[2026-05-30 10:24:13,612][root][INFO] - Epoch: 197, loss: 16.3646
[2026-05-30 10:24:13,684][root][INFO] - Epoch: 198, loss: 16.5110
[2026-05-30 10:24:13,757][root][INFO] - Epoch: 199, loss: 16.1768
[2026-05-30 10:24:13,830][root][INFO] - Epoch: 200, loss: 16.0368
[2026-05-30 10:24:13,865][root][INFO] - {'model_loss': '16.0368', 'recon_loss': '0.0000', 'triplet_loss': '16.0368'}
[2026-05-30 10:24:13,869][root][INFO] - Generation 30/400 - Time: 0.00 seconds
[2026-05-30 10:24:13,869][root][INFO] - {'coverage': '100.00', 'max_fitness': '-12.70', 'passive_coverage': '22.56', 'passive_max_fitness': '-12.70', 'passive_mean_fitness': '-57.00', 'passive_qd_score': '19501.71', 'qd_score': '78785.26', 'mean_fitness_top_k': '-37.20'}
[2026-05-30 10:24:14,846][root][INFO] - Generation 31/400 - Time: 0.00 seconds
[2026-05-30 10:24:14,847][root][INFO] - {'coverage': '100.00', 'max_fitness': '-12.70', 'passive_coverage': '22.85', 'passive_max_fitness': '-12.70', 'passive_mean_fitness': '-56.63', 'passive_qd_score': '19840.99', 'qd_score': '80045.17', 'mean_fitness_top_k': '-36.40'}
[2026-05-30 10:24:15,807][root][INFO] - Generation 32/400 - Time: 0.00 seconds
[2026-05-30 10:24:15,808][root][INFO] - {'coverage': '100.00', 'max_fitness': '-12.70', 'passive_coverage': '22.95', 'passive_max_fitness': '-12.70', 'passive_mean_fitness': '-56.68', 'passive_qd_score': '19914.85', 'qd_score': '80145.59', 'mean_fitness_top_k': '-36.80'}
[2026-05-30 10:24:16,770][root][INFO] - Generation 33/400 - Time: 0.00 seconds
[2026-05-30 10:24:16,771][root][INFO] - {'coverage': '100.00', 'max_fitness': '-12.70', 'passive_coverage': '23.05', 'passive_max_fitness': '-12.70', 'passive_mean_fitness': '-56.52', 'passive_qd_score': '20037.53', 'qd_score': '80744.59', 'mean_fitness_top_k': '-36.41'}
[2026-05-30 10:24:17,738][root][INFO] - Generation 34/400 - Time: 0.00 seconds
[2026-05-30 10:24:17,739][root][INFO] - {'coverage': '100.00', 'max_fitness': '-12.70', 'passive_coverage': '23.14', 'passive_max_fitness': '-12.70', 'passive_mean_fitness': '-56.68', 'passive_qd_score': '20083.67', 'qd_score': '81017.88', 'mean_fitness_top_k': '-36.30'}
[2026-05-30 10:24:18,717][root][INFO] - Generation 35/400 - Time: 0.00 seconds
[2026-05-30 10:24:18,718][root][INFO] - {'coverage': '100.00', 'max_fitness': '-12.70', 'passive_coverage': '23.34', 'passive_max_fitness': '-12.70', 'passive_mean_fitness': '-56.77', 'passive_qd_score': '20231.95', 'qd_score': '81406.93', 'mean_fitness_top_k': '-36.15'}
[2026-05-30 10:24:19,687][root][INFO] - Generation 36/400 - Time: 0.00 seconds
[2026-05-30 10:24:19,688][root][INFO] - {'coverage': '100.00', 'max_fitness': '-12.70', 'passive_coverage': '23.34', 'passive_max_fitness': '-12.70', 'passive_mean_fitness': '-56.76', 'passive_qd_score': '20232.98', 'qd_score': '81439.12', 'mean_fitness_top_k': '-36.07'}
[2026-05-30 10:24:20,670][root][INFO] - Generation 37/400 - Time: 0.00 seconds
[2026-05-30 10:24:20,670][root][INFO] - {'coverage': '100.00', 'max_fitness': '-12.70', 'passive_coverage': '23.34', 'passive_max_fitness': '-12.70', 'passive_mean_fitness': '-56.76', 'passive_qd_score': '20234.07', 'qd_score': '81198.72', 'mean_fitness_top_k': '-35.85'}
[2026-05-30 10:24:21,652][root][INFO] - Generation 38/400 - Time: 0.00 seconds
[2026-05-30 10:24:21,653][root][INFO] - {'coverage': '100.00', 'max_fitness': '-12.70', 'passive_coverage': '23.44', 'passive_max_fitness': '-12.70', 'passive_mean_fitness': '-56.64', 'passive_qd_score': '20346.71', 'qd_score': '81370.53', 'mean_fitness_top_k': '-35.69'}
[2026-05-30 10:24:22,773][root][INFO] - Generation 39/400 - Time: 0.00 seconds
[2026-05-30 10:24:22,774][root][INFO] - {'coverage': '100.00', 'max_fitness': '-12.70', 'passive_coverage': '23.54', 'passive_max_fitness': '-12.70', 'passive_mean_fitness': '-56.49', 'passive_qd_score': '20468.33', 'qd_score': '81386.60', 'mean_fitness_top_k': '-35.63'}
[2026-05-30 10:24:23,895][root][INFO] - Generation 40/400 - Time: 0.00 seconds
[2026-05-30 10:24:23,896][root][INFO] - {'coverage': '100.00', 'max_fitness': '-12.70', 'passive_coverage': '23.54', 'passive_max_fitness': '-12.70', 'passive_mean_fitness': '-56.49', 'passive_qd_score': '20469.12', 'qd_score': '81511.27', 'mean_fitness_top_k': '-35.18'}
[2026-05-30 10:24:25,008][root][INFO] - Generation 41/400 - Time: 0.00 seconds
[2026-05-30 10:24:25,009][root][INFO] - {'coverage': '100.00', 'max_fitness': '-12.70', 'passive_coverage': '23.54', 'passive_max_fitness': '-12.70', 'passive_mean_fitness': '-56.49', 'passive_qd_score': '20469.34', 'qd_score': '81610.99', 'mean_fitness_top_k': '-34.84'}
[2026-05-30 10:24:26,129][root][INFO] - Updating AE...
[2026-05-30 10:24:26,876][root][INFO] - Epoch: 1, loss: 333.5751
[2026-05-30 10:24:26,946][root][INFO] - Epoch: 2, loss: 289.6806
[2026-05-30 10:24:27,016][root][INFO] - Epoch: 3, loss: 269.7620
[2026-05-30 10:24:27,087][root][INFO] - Epoch: 4, loss: 271.4130
[2026-05-30 10:24:27,157][root][INFO] - Epoch: 5, loss: 257.5019
[2026-05-30 10:24:27,227][root][INFO] - Epoch: 6, loss: 241.7046
[2026-05-30 10:24:27,299][root][INFO] - Epoch: 7, loss: 233.0954
[2026-05-30 10:24:27,370][root][INFO] - Epoch: 8, loss: 223.6500
[2026-05-30 10:24:27,441][root][INFO] - Epoch: 9, loss: 230.1429
[2026-05-30 10:24:27,511][root][INFO] - Epoch: 10, loss: 216.6855
[2026-05-30 10:24:27,584][root][INFO] - Epoch: 11, loss: 217.5138
[2026-05-30 10:24:27,654][root][INFO] - Epoch: 12, loss: 213.3122
[2026-05-30 10:24:27,726][root][INFO] - Epoch: 13, loss: 209.3011
[2026-05-30 10:24:27,796][root][INFO] - Epoch: 14, loss: 216.2408
[2026-05-30 10:24:27,866][root][INFO] - Epoch: 15, loss: 209.2257
[2026-05-30 10:24:27,937][root][INFO] - Epoch: 16, loss: 215.4785
[2026-05-30 10:24:28,007][root][INFO] - Epoch: 17, loss: 223.5659
[2026-05-30 10:24:28,078][root][INFO] - Epoch: 18, loss: 218.1595
[2026-05-30 10:24:28,150][root][INFO] - Epoch: 19, loss: 196.8570
[2026-05-30 10:24:28,221][root][INFO] - Epoch: 20, loss: 200.8930
[2026-05-30 10:24:28,292][root][INFO] - Epoch: 21, loss: 194.7430
[2026-05-30 10:24:28,363][root][INFO] - Epoch: 22, loss: 195.0582
[2026-05-30 10:24:28,433][root][INFO] - Epoch: 23, loss: 193.4544
[2026-05-30 10:24:28,504][root][INFO] - Epoch: 24, loss: 183.1946
[2026-05-30 10:24:28,575][root][INFO] - Epoch: 25, loss: 176.8973
[2026-05-30 10:24:28,645][root][INFO] - Epoch: 26, loss: 174.9267
[2026-05-30 10:24:28,718][root][INFO] - Epoch: 27, loss: 171.0594
[2026-05-30 10:24:28,788][root][INFO] - Epoch: 28, loss: 169.7845
[2026-05-30 10:24:28,858][root][INFO] - Epoch: 29, loss: 168.6533
[2026-05-30 10:24:28,928][root][INFO] - Epoch: 30, loss: 176.1678
[2026-05-30 10:24:29,000][root][INFO] - Epoch: 31, loss: 162.9560
[2026-05-30 10:24:29,071][root][INFO] - Epoch: 32, loss: 157.9907
[2026-05-30 10:24:29,141][root][INFO] - Epoch: 33, loss: 159.5301
[2026-05-30 10:24:29,212][root][INFO] - Epoch: 34, loss: 151.0325
[2026-05-30 10:24:29,282][root][INFO] - Epoch: 35, loss: 153.1584
[2026-05-30 10:24:29,352][root][INFO] - Epoch: 36, loss: 163.1571
[2026-05-30 10:24:29,422][root][INFO] - Epoch: 37, loss: 158.0418
[2026-05-30 10:24:29,493][root][INFO] - Epoch: 38, loss: 148.7728
[2026-05-30 10:24:29,564][root][INFO] - Epoch: 39, loss: 147.1071
[2026-05-30 10:24:29,635][root][INFO] - Epoch: 40, loss: 146.2375
[2026-05-30 10:24:29,706][root][INFO] - Epoch: 41, loss: 145.5358
[2026-05-30 10:24:29,776][root][INFO] - Epoch: 42, loss: 145.1635
[2026-05-30 10:24:29,846][root][INFO] - Epoch: 43, loss: 141.3783
[2026-05-30 10:24:29,916][root][INFO] - Epoch: 44, loss: 142.4959
[2026-05-30 10:24:29,987][root][INFO] - Epoch: 45, loss: 159.6752
[2026-05-30 10:24:30,058][root][INFO] - Epoch: 46, loss: 154.0955
[2026-05-30 10:24:30,128][root][INFO] - Epoch: 47, loss: 146.6746
[2026-05-30 10:24:30,198][root][INFO] - Epoch: 48, loss: 141.6411
[2026-05-30 10:24:30,269][root][INFO] - Epoch: 49, loss: 142.0254
[2026-05-30 10:24:30,340][root][INFO] - Epoch: 50, loss: 148.4041
[2026-05-30 10:24:30,412][root][INFO] - Epoch: 51, loss: 140.8451
[2026-05-30 10:24:30,483][root][INFO] - Epoch: 52, loss: 138.0695
[2026-05-30 10:24:30,553][root][INFO] - Epoch: 53, loss: 140.7621
[2026-05-30 10:24:30,625][root][INFO] - Epoch: 54, loss: 138.0441
[2026-05-30 10:24:30,695][root][INFO] - Epoch: 55, loss: 125.6672
[2026-05-30 10:24:30,766][root][INFO] - Epoch: 56, loss: 125.3275
[2026-05-30 10:24:30,837][root][INFO] - Epoch: 57, loss: 122.6605
[2026-05-30 10:24:30,908][root][INFO] - Epoch: 58, loss: 124.3726
[2026-05-30 10:24:30,979][root][INFO] - Epoch: 59, loss: 123.1359
[2026-05-30 10:24:31,051][root][INFO] - Epoch: 60, loss: 119.9286
[2026-05-30 10:24:31,123][root][INFO] - Epoch: 61, loss: 116.2070
[2026-05-30 10:24:31,194][root][INFO] - Epoch: 62, loss: 112.7365
[2026-05-30 10:24:31,263][root][INFO] - Epoch: 63, loss: 112.2959
[2026-05-30 10:24:31,334][root][INFO] - Epoch: 64, loss: 118.1054
[2026-05-30 10:24:31,404][root][INFO] - Epoch: 65, loss: 145.7213
[2026-05-30 10:24:31,475][root][INFO] - Epoch: 66, loss: 133.4647
[2026-05-30 10:24:31,546][root][INFO] - Epoch: 67, loss: 161.1169
[2026-05-30 10:24:31,618][root][INFO] - Epoch: 68, loss: 140.9629
[2026-05-30 10:24:31,689][root][INFO] - Epoch: 69, loss: 119.8672
[2026-05-30 10:24:31,760][root][INFO] - Epoch: 70, loss: 121.2722
[2026-05-30 10:24:31,832][root][INFO] - Epoch: 71, loss: 129.2173
[2026-05-30 10:24:31,903][root][INFO] - Epoch: 72, loss: 129.9888
[2026-05-30 10:24:31,974][root][INFO] - Epoch: 73, loss: 124.1776
[2026-05-30 10:24:32,045][root][INFO] - Epoch: 74, loss: 128.1553
[2026-05-30 10:24:32,045][root][INFO] - Early stopping at epoch: 73
[2026-05-30 10:24:32,084][root][INFO] - {'model_loss': '128.1553', 'recon_loss': '0.0000', 'triplet_loss': '128.1553'}
[2026-05-30 10:24:32,089][root][INFO] - Updating AE...
[2026-05-30 10:24:32,821][root][INFO] - Epoch: 1, loss: 231.4164
[2026-05-30 10:24:32,891][root][INFO] - Epoch: 2, loss: 98.6693
[2026-05-30 10:24:32,963][root][INFO] - Epoch: 3, loss: 80.7590
[2026-05-30 10:24:33,033][root][INFO] - Epoch: 4, loss: 73.8095
[2026-05-30 10:24:33,104][root][INFO] - Epoch: 5, loss: 71.1391
[2026-05-30 10:24:33,175][root][INFO] - Epoch: 6, loss: 68.5744
[2026-05-30 10:24:33,245][root][INFO] - Epoch: 7, loss: 65.3243
[2026-05-30 10:24:33,315][root][INFO] - Epoch: 8, loss: 62.5879
[2026-05-30 10:24:33,387][root][INFO] - Epoch: 9, loss: 60.7867
[2026-05-30 10:24:33,458][root][INFO] - Epoch: 10, loss: 58.8212
[2026-05-30 10:24:33,528][root][INFO] - Epoch: 11, loss: 56.9336
[2026-05-30 10:24:33,599][root][INFO] - Epoch: 12, loss: 55.2818
[2026-05-30 10:24:33,669][root][INFO] - Epoch: 13, loss: 53.6789
[2026-05-30 10:24:33,741][root][INFO] - Epoch: 14, loss: 51.9397
[2026-05-30 10:24:33,811][root][INFO] - Epoch: 15, loss: 50.7842
[2026-05-30 10:24:33,882][root][INFO] - Epoch: 16, loss: 49.8512
[2026-05-30 10:24:33,953][root][INFO] - Epoch: 17, loss: 48.4008
[2026-05-30 10:24:34,024][root][INFO] - Epoch: 18, loss: 47.6023
[2026-05-30 10:24:34,095][root][INFO] - Epoch: 19, loss: 47.1738
[2026-05-30 10:24:34,166][root][INFO] - Epoch: 20, loss: 46.3636
[2026-05-30 10:24:34,237][root][INFO] - Epoch: 21, loss: 46.0360
[2026-05-30 10:24:34,307][root][INFO] - Epoch: 22, loss: 45.8873
[2026-05-30 10:24:34,378][root][INFO] - Epoch: 23, loss: 44.8083
[2026-05-30 10:24:34,449][root][INFO] - Epoch: 24, loss: 44.0261
[2026-05-30 10:24:34,520][root][INFO] - Epoch: 25, loss: 43.1818
[2026-05-30 10:24:34,591][root][INFO] - Epoch: 26, loss: 42.6698
[2026-05-30 10:24:34,662][root][INFO] - Epoch: 27, loss: 42.7712
[2026-05-30 10:24:34,733][root][INFO] - Epoch: 28, loss: 42.0890
[2026-05-30 10:24:34,804][root][INFO] - Epoch: 29, loss: 42.7356
[2026-05-30 10:24:34,875][root][INFO] - Epoch: 30, loss: 42.5295
[2026-05-30 10:24:34,946][root][INFO] - Epoch: 31, loss: 42.8989
[2026-05-30 10:24:35,017][root][INFO] - Epoch: 32, loss: 41.1824
[2026-05-30 10:24:35,088][root][INFO] - Epoch: 33, loss: 40.5695
[2026-05-30 10:24:35,159][root][INFO] - Epoch: 34, loss: 39.1638
[2026-05-30 10:24:35,229][root][INFO] - Epoch: 35, loss: 38.9819
[2026-05-30 10:24:35,300][root][INFO] - Epoch: 36, loss: 38.8132
[2026-05-30 10:24:35,370][root][INFO] - Epoch: 37, loss: 39.2724
[2026-05-30 10:24:35,441][root][INFO] - Epoch: 38, loss: 39.0852
[2026-05-30 10:24:35,514][root][INFO] - Epoch: 39, loss: 38.0260
[2026-05-30 10:24:35,584][root][INFO] - Epoch: 40, loss: 36.4093
[2026-05-30 10:24:35,655][root][INFO] - Epoch: 41, loss: 36.4322
[2026-05-30 10:24:35,724][root][INFO] - Epoch: 42, loss: 35.7567
[2026-05-30 10:24:35,794][root][INFO] - Epoch: 43, loss: 35.4274
[2026-05-30 10:24:35,864][root][INFO] - Epoch: 44, loss: 35.3503
[2026-05-30 10:24:35,935][root][INFO] - Epoch: 45, loss: 34.6155
[2026-05-30 10:24:36,008][root][INFO] - Epoch: 46, loss: 35.4156
[2026-05-30 10:24:36,077][root][INFO] - Epoch: 47, loss: 34.2429
[2026-05-30 10:24:36,147][root][INFO] - Epoch: 48, loss: 34.0186
[2026-05-30 10:24:36,217][root][INFO] - Epoch: 49, loss: 34.5812
[2026-05-30 10:24:36,287][root][INFO] - Epoch: 50, loss: 34.6663
[2026-05-30 10:24:36,357][root][INFO] - Epoch: 51, loss: 32.8235
[2026-05-30 10:24:36,439][root][INFO] - Epoch: 52, loss: 34.1180
[2026-05-30 10:24:36,510][root][INFO] - Epoch: 53, loss: 32.7862
[2026-05-30 10:24:36,579][root][INFO] - Epoch: 54, loss: 32.1168
[2026-05-30 10:24:36,648][root][INFO] - Epoch: 55, loss: 33.1116
[2026-05-30 10:24:36,718][root][INFO] - Epoch: 56, loss: 33.4521
[2026-05-30 10:24:36,788][root][INFO] - Epoch: 57, loss: 33.0603
[2026-05-30 10:24:36,859][root][INFO] - Epoch: 58, loss: 32.3305
[2026-05-30 10:24:36,929][root][INFO] - Epoch: 59, loss: 32.4284
[2026-05-30 10:24:37,002][root][INFO] - Epoch: 60, loss: 31.6172
[2026-05-30 10:24:37,075][root][INFO] - Epoch: 61, loss: 31.0852
[2026-05-30 10:24:37,145][root][INFO] - Epoch: 62, loss: 30.1505
[2026-05-30 10:24:37,217][root][INFO] - Epoch: 63, loss: 30.1364
[2026-05-30 10:24:37,288][root][INFO] - Epoch: 64, loss: 31.7602
[2026-05-30 10:24:37,359][root][INFO] - Epoch: 65, loss: 34.6254
[2026-05-30 10:24:37,429][root][INFO] - Epoch: 66, loss: 34.5550
[2026-05-30 10:24:37,500][root][INFO] - Epoch: 67, loss: 30.2531
[2026-05-30 10:24:37,571][root][INFO] - Epoch: 68, loss: 30.1368
[2026-05-30 10:24:37,641][root][INFO] - Epoch: 69, loss: 30.2673
[2026-05-30 10:24:37,712][root][INFO] - Epoch: 70, loss: 29.4492
[2026-05-30 10:24:37,782][root][INFO] - Epoch: 71, loss: 30.6468
[2026-05-30 10:24:37,853][root][INFO] - Epoch: 72, loss: 31.5553
[2026-05-30 10:24:37,923][root][INFO] - Epoch: 73, loss: 30.7677
[2026-05-30 10:24:37,994][root][INFO] - Epoch: 74, loss: 30.1824
[2026-05-30 10:24:38,065][root][INFO] - Epoch: 75, loss: 29.0211
[2026-05-30 10:24:38,136][root][INFO] - Epoch: 76, loss: 28.6067
[2026-05-30 10:24:38,206][root][INFO] - Epoch: 77, loss: 28.8891
[2026-05-30 10:24:38,277][root][INFO] - Epoch: 78, loss: 30.0780
[2026-05-30 10:24:38,348][root][INFO] - Epoch: 79, loss: 28.2534
[2026-05-30 10:24:38,418][root][INFO] - Epoch: 80, loss: 28.3453
[2026-05-30 10:24:38,488][root][INFO] - Epoch: 81, loss: 27.1281
[2026-05-30 10:24:38,559][root][INFO] - Epoch: 82, loss: 27.7392
[2026-05-30 10:24:38,630][root][INFO] - Epoch: 83, loss: 28.2759
[2026-05-30 10:24:38,700][root][INFO] - Epoch: 84, loss: 29.8644
[2026-05-30 10:24:38,771][root][INFO] - Epoch: 85, loss: 29.2280
[2026-05-30 10:24:38,843][root][INFO] - Epoch: 86, loss: 28.5798
[2026-05-30 10:24:38,914][root][INFO] - Epoch: 87, loss: 29.0289
[2026-05-30 10:24:38,988][root][INFO] - Epoch: 88, loss: 29.5890
[2026-05-30 10:24:39,058][root][INFO] - Epoch: 89, loss: 27.8846
[2026-05-30 10:24:39,132][root][INFO] - Epoch: 90, loss: 28.6146
[2026-05-30 10:24:39,201][root][INFO] - Epoch: 91, loss: 30.3661
[2026-05-30 10:24:39,270][root][INFO] - Epoch: 92, loss: 30.4626
[2026-05-30 10:24:39,271][root][INFO] - Early stopping at epoch: 91
[2026-05-30 10:24:39,305][root][INFO] - {'model_loss': '30.4626', 'recon_loss': '0.0000', 'triplet_loss': '30.4626'}
[2026-05-30 10:24:39,309][root][INFO] - Generation 42/400 - Time: 0.00 seconds
[2026-05-30 10:24:39,309][root][INFO] - {'coverage': '100.00', 'max_fitness': '-12.70', 'passive_coverage': '23.54', 'passive_max_fitness': '-12.70', 'passive_mean_fitness': '-56.49', 'passive_qd_score': '20469.34', 'qd_score': '81337.62', 'mean_fitness_top_k': '-35.29'}
[2026-05-30 10:24:40,369][root][INFO] - Generation 43/400 - Time: 0.00 seconds
[2026-05-30 10:24:40,370][root][INFO] - {'coverage': '100.00', 'max_fitness': '-12.70', 'passive_coverage': '23.54', 'passive_max_fitness': '-12.70', 'passive_mean_fitness': '-56.47', 'passive_qd_score': '20472.50', 'qd_score': '78742.27', 'mean_fitness_top_k': '-37.62'}
[2026-05-30 10:24:41,339][root][INFO] - Generation 44/400 - Time: 0.00 seconds
[2026-05-30 10:24:41,340][root][INFO] - {'coverage': '100.00', 'max_fitness': '-12.70', 'passive_coverage': '23.54', 'passive_max_fitness': '-12.70', 'passive_mean_fitness': '-56.46', 'passive_qd_score': '20476.85', 'qd_score': '78615.83', 'mean_fitness_top_k': '-38.04'}
[2026-05-30 10:24:42,320][root][INFO] - Generation 45/400 - Time: 0.00 seconds
[2026-05-30 10:24:42,320][root][INFO] - {'coverage': '100.00', 'max_fitness': '-12.70', 'passive_coverage': '23.54', 'passive_max_fitness': '-12.70', 'passive_mean_fitness': '-56.44', 'passive_qd_score': '20481.04', 'qd_score': '79053.30', 'mean_fitness_top_k': '-38.33'}
[2026-05-30 10:24:43,308][root][INFO] - Generation 46/400 - Time: 0.00 seconds
[2026-05-30 10:24:43,309][root][INFO] - {'coverage': '100.00', 'max_fitness': '-12.70', 'passive_coverage': '23.63', 'passive_max_fitness': '-12.70', 'passive_mean_fitness': '-56.29', 'passive_qd_score': '20601.63', 'qd_score': '79765.06', 'mean_fitness_top_k': '-37.73'}
[2026-05-30 10:24:44,300][root][INFO] - Generation 47/400 - Time: 0.00 seconds
[2026-05-30 10:24:44,301][root][INFO] - {'coverage': '100.00', 'max_fitness': '-12.70', 'passive_coverage': '23.63', 'passive_max_fitness': '-12.70', 'passive_mean_fitness': '-56.29', 'passive_qd_score': '20602.54', 'qd_score': '79694.30', 'mean_fitness_top_k': '-37.89'}
[2026-05-30 10:24:45,299][root][INFO] - Generation 48/400 - Time: 0.00 seconds
[2026-05-30 10:24:45,300][root][INFO] - {'coverage': '100.00', 'max_fitness': '-12.70', 'passive_coverage': '23.63', 'passive_max_fitness': '-12.70', 'passive_mean_fitness': '-56.28', 'passive_qd_score': '20603.47', 'qd_score': '79865.12', 'mean_fitness_top_k': '-37.91'}
[2026-05-30 10:24:46,293][root][INFO] - Generation 49/400 - Time: 0.00 seconds
[2026-05-30 10:24:46,294][root][INFO] - {'coverage': '100.00', 'max_fitness': '-12.70', 'passive_coverage': '23.83', 'passive_max_fitness': '-12.70', 'passive_mean_fitness': '-56.34', 'passive_qd_score': '20758.71', 'qd_score': '79487.29', 'mean_fitness_top_k': '-38.36'}
[2026-05-30 10:24:47,298][root][INFO] - Extinction event...
[2026-05-30 10:24:47,298][root][INFO] - Saving snapshot to runs/20260530_102202_kheperax_seed7/plots/latent_generation_250_before_ext.png
[2026-05-30 10:24:49,771][root][INFO] - Saving snapshot to runs/20260530_102202_kheperax_seed7/plots/latent_generation_250_after_ext.png
[2026-05-30 10:24:50,794][root][INFO] - Generation 50/400 - Time: 0.00 seconds
[2026-05-30 10:24:50,795][root][INFO] - {'coverage': '100.00', 'max_fitness': '-12.70', 'passive_coverage': '23.83', 'passive_max_fitness': '-12.70', 'passive_mean_fitness': '-56.34', 'passive_qd_score': '20759.63', 'qd_score': '80153.86', 'mean_fitness_top_k': '-38.18'}
[2026-05-30 10:24:51,930][root][INFO] - Generation 51/400 - Time: 0.00 seconds
[2026-05-30 10:24:51,931][root][INFO] - {'coverage': '100.00', 'max_fitness': '-12.70', 'passive_coverage': '24.32', 'passive_max_fitness': '-12.70', 'passive_mean_fitness': '-56.58', 'passive_qd_score': '21125.58', 'qd_score': '75526.38', 'mean_fitness_top_k': '-46.28'}
[2026-05-30 10:24:53,059][root][INFO] - Generation 52/400 - Time: 0.00 seconds
[2026-05-30 10:24:53,060][root][INFO] - {'coverage': '100.00', 'max_fitness': '-12.70', 'passive_coverage': '24.71', 'passive_max_fitness': '-12.70', 'passive_mean_fitness': '-56.88', 'passive_qd_score': '21389.11', 'qd_score': '76284.80', 'mean_fitness_top_k': '-44.88'}
[2026-05-30 10:24:54,191][root][INFO] - Generation 53/400 - Time: 0.00 seconds
[2026-05-30 10:24:54,192][root][INFO] - {'coverage': '100.00', 'max_fitness': '-12.70', 'passive_coverage': '24.80', 'passive_max_fitness': '-12.70', 'passive_mean_fitness': '-56.97', 'passive_qd_score': '21451.56', 'qd_score': '77124.59', 'mean_fitness_top_k': '-43.61'}
[2026-05-30 10:24:55,191][root][INFO] - Generation 54/400 - Time: 0.00 seconds
[2026-05-30 10:24:55,192][root][INFO] - {'coverage': '100.00', 'max_fitness': '-12.70', 'passive_coverage': '24.90', 'passive_max_fitness': '-12.70', 'passive_mean_fitness': '-57.03', 'passive_qd_score': '21520.20', 'qd_score': '77203.38', 'mean_fitness_top_k': '-43.48'}
[2026-05-30 10:24:56,175][root][INFO] - Generation 55/400 - Time: 0.00 seconds
[2026-05-30 10:24:56,176][root][INFO] - {'coverage': '100.00', 'max_fitness': '-12.70', 'passive_coverage': '24.90', 'passive_max_fitness': '-12.70', 'passive_mean_fitness': '-57.02', 'passive_qd_score': '21521.12', 'qd_score': '77864.59', 'mean_fitness_top_k': '-42.37'}
[2026-05-30 10:24:56,177][root][INFO] - Saving snapshot to runs/20260530_102202_kheperax_seed7/plots/latent_generation_275_5_gens_after_ext_gen250.png
[2026-05-30 10:24:58,037][root][INFO] - Updating AE...
[2026-05-30 10:24:58,953][root][INFO] - Epoch: 1, loss: 279.8431
[2026-05-30 10:24:59,026][root][INFO] - Epoch: 2, loss: 251.4266
[2026-05-30 10:24:59,096][root][INFO] - Epoch: 3, loss: 249.4082
[2026-05-30 10:24:59,166][root][INFO] - Epoch: 4, loss: 235.5887
[2026-05-30 10:24:59,237][root][INFO] - Epoch: 5, loss: 232.4482
[2026-05-30 10:24:59,306][root][INFO] - Epoch: 6, loss: 227.6046
[2026-05-30 10:24:59,376][root][INFO] - Epoch: 7, loss: 222.6522
[2026-05-30 10:24:59,447][root][INFO] - Epoch: 8, loss: 233.3600
[2026-05-30 10:24:59,518][root][INFO] - Epoch: 9, loss: 218.4611
[2026-05-30 10:24:59,589][root][INFO] - Epoch: 10, loss: 211.5581
[2026-05-30 10:24:59,660][root][INFO] - Epoch: 11, loss: 217.6386
[2026-05-30 10:24:59,731][root][INFO] - Epoch: 12, loss: 207.4493
[2026-05-30 10:24:59,802][root][INFO] - Epoch: 13, loss: 201.4290
[2026-05-30 10:24:59,874][root][INFO] - Epoch: 14, loss: 195.5269
[2026-05-30 10:24:59,944][root][INFO] - Epoch: 15, loss: 193.3742
[2026-05-30 10:25:00,016][root][INFO] - Epoch: 16, loss: 193.2273
[2026-05-30 10:25:00,086][root][INFO] - Epoch: 17, loss: 193.0923
[2026-05-30 10:25:00,156][root][INFO] - Epoch: 18, loss: 206.3081
[2026-05-30 10:25:00,226][root][INFO] - Epoch: 19, loss: 188.9275
[2026-05-30 10:25:00,295][root][INFO] - Epoch: 20, loss: 184.0104
[2026-05-30 10:25:00,364][root][INFO] - Epoch: 21, loss: 195.8722
[2026-05-30 10:25:00,435][root][INFO] - Epoch: 22, loss: 198.1301
[2026-05-30 10:25:00,508][root][INFO] - Epoch: 23, loss: 251.9102
[2026-05-30 10:25:00,580][root][INFO] - Epoch: 24, loss: 223.3351
[2026-05-30 10:25:00,652][root][INFO] - Epoch: 25, loss: 210.2063
[2026-05-30 10:25:00,723][root][INFO] - Epoch: 26, loss: 202.7808
[2026-05-30 10:25:00,795][root][INFO] - Epoch: 27, loss: 192.3313
[2026-05-30 10:25:00,866][root][INFO] - Epoch: 28, loss: 186.4243
[2026-05-30 10:25:00,937][root][INFO] - Epoch: 29, loss: 183.9637
[2026-05-30 10:25:01,010][root][INFO] - Epoch: 30, loss: 181.9844
[2026-05-30 10:25:01,080][root][INFO] - Epoch: 31, loss: 189.8264
[2026-05-30 10:25:01,149][root][INFO] - Epoch: 32, loss: 178.5770
[2026-05-30 10:25:01,219][root][INFO] - Epoch: 33, loss: 178.9290
[2026-05-30 10:25:01,291][root][INFO] - Epoch: 34, loss: 174.4589
[2026-05-30 10:25:01,362][root][INFO] - Epoch: 35, loss: 172.1845
[2026-05-30 10:25:01,432][root][INFO] - Epoch: 36, loss: 167.3678
[2026-05-30 10:25:01,504][root][INFO] - Epoch: 37, loss: 169.9923
[2026-05-30 10:25:01,575][root][INFO] - Epoch: 38, loss: 189.8604
[2026-05-30 10:25:01,646][root][INFO] - Epoch: 39, loss: 184.0107
[2026-05-30 10:25:01,717][root][INFO] - Epoch: 40, loss: 180.5787
[2026-05-30 10:25:01,788][root][INFO] - Epoch: 41, loss: 176.6819
[2026-05-30 10:25:01,859][root][INFO] - Epoch: 42, loss: 163.0176
[2026-05-30 10:25:01,931][root][INFO] - Epoch: 43, loss: 161.8721
[2026-05-30 10:25:02,001][root][INFO] - Epoch: 44, loss: 157.8906
[2026-05-30 10:25:02,071][root][INFO] - Epoch: 45, loss: 156.3514
[2026-05-30 10:25:02,140][root][INFO] - Epoch: 46, loss: 156.3939
[2026-05-30 10:25:02,211][root][INFO] - Epoch: 47, loss: 154.8626
[2026-05-30 10:25:02,281][root][INFO] - Epoch: 48, loss: 157.4545
[2026-05-30 10:25:02,350][root][INFO] - Epoch: 49, loss: 157.8680
[2026-05-30 10:25:02,422][root][INFO] - Epoch: 50, loss: 153.7938
[2026-05-30 10:25:02,493][root][INFO] - Epoch: 51, loss: 152.2195
[2026-05-30 10:25:02,569][root][INFO] - Epoch: 52, loss: 146.3977
[2026-05-30 10:25:02,639][root][INFO] - Epoch: 53, loss: 145.4432
[2026-05-30 10:25:02,709][root][INFO] - Epoch: 54, loss: 142.1675
[2026-05-30 10:25:02,780][root][INFO] - Epoch: 55, loss: 166.8036
[2026-05-30 10:25:02,851][root][INFO] - Epoch: 56, loss: 160.8681
[2026-05-30 10:25:02,920][root][INFO] - Epoch: 57, loss: 162.3728
[2026-05-30 10:25:02,991][root][INFO] - Epoch: 58, loss: 153.2401
[2026-05-30 10:25:03,060][root][INFO] - Epoch: 59, loss: 144.6737
[2026-05-30 10:25:03,130][root][INFO] - Epoch: 60, loss: 145.5462
[2026-05-30 10:25:03,201][root][INFO] - Epoch: 61, loss: 144.8233
[2026-05-30 10:25:03,272][root][INFO] - Epoch: 62, loss: 142.4676
[2026-05-30 10:25:03,342][root][INFO] - Epoch: 63, loss: 153.2576
[2026-05-30 10:25:03,412][root][INFO] - Epoch: 64, loss: 146.0490
[2026-05-30 10:25:03,483][root][INFO] - Epoch: 65, loss: 156.4098
[2026-05-30 10:25:03,484][root][INFO] - Early stopping at epoch: 64
[2026-05-30 10:25:03,515][root][INFO] - {'model_loss': '156.4098', 'recon_loss': '0.0000', 'triplet_loss': '156.4098'}
[2026-05-30 10:25:03,520][root][INFO] - Updating AE...
[2026-05-30 10:25:04,263][root][INFO] - Epoch: 1, loss: 143.3065
[2026-05-30 10:25:04,333][root][INFO] - Epoch: 2, loss: 116.3152
[2026-05-30 10:25:04,403][root][INFO] - Epoch: 3, loss: 105.2322
[2026-05-30 10:25:04,474][root][INFO] - Epoch: 4, loss: 97.4665
[2026-05-30 10:25:04,544][root][INFO] - Epoch: 5, loss: 94.1481
[2026-05-30 10:25:04,613][root][INFO] - Epoch: 6, loss: 94.2719
[2026-05-30 10:25:04,684][root][INFO] - Epoch: 7, loss: 87.7966
[2026-05-30 10:25:04,757][root][INFO] - Epoch: 8, loss: 82.9291
[2026-05-30 10:25:04,828][root][INFO] - Epoch: 9, loss: 80.9215
[2026-05-30 10:25:04,901][root][INFO] - Epoch: 10, loss: 80.8676
[2026-05-30 10:25:04,971][root][INFO] - Epoch: 11, loss: 78.1412
[2026-05-30 10:25:05,042][root][INFO] - Epoch: 12, loss: 76.5701
[2026-05-30 10:25:05,114][root][INFO] - Epoch: 13, loss: 75.1311
[2026-05-30 10:25:05,185][root][INFO] - Epoch: 14, loss: 73.6454
[2026-05-30 10:25:05,255][root][INFO] - Epoch: 15, loss: 72.0274
[2026-05-30 10:25:05,325][root][INFO] - Epoch: 16, loss: 71.1264
[2026-05-30 10:25:05,395][root][INFO] - Epoch: 17, loss: 69.9946
[2026-05-30 10:25:05,468][root][INFO] - Epoch: 18, loss: 72.3388
[2026-05-30 10:25:05,538][root][INFO] - Epoch: 19, loss: 71.5921
[2026-05-30 10:25:05,609][root][INFO] - Epoch: 20, loss: 74.5943
[2026-05-30 10:25:05,680][root][INFO] - Epoch: 21, loss: 72.1321
[2026-05-30 10:25:05,750][root][INFO] - Epoch: 22, loss: 71.6330
[2026-05-30 10:25:05,821][root][INFO] - Epoch: 23, loss: 70.1354
[2026-05-30 10:25:05,892][root][INFO] - Epoch: 24, loss: 65.4530
[2026-05-30 10:25:05,963][root][INFO] - Epoch: 25, loss: 68.6225
[2026-05-30 10:25:06,036][root][INFO] - Epoch: 26, loss: 65.7757
[2026-05-30 10:25:06,107][root][INFO] - Epoch: 27, loss: 64.9453
[2026-05-30 10:25:06,178][root][INFO] - Epoch: 28, loss: 62.2678
[2026-05-30 10:25:06,249][root][INFO] - Epoch: 29, loss: 61.7555
[2026-05-30 10:25:06,320][root][INFO] - Epoch: 30, loss: 60.7706
[2026-05-30 10:25:06,391][root][INFO] - Epoch: 31, loss: 59.5686
[2026-05-30 10:25:06,462][root][INFO] - Epoch: 32, loss: 60.4239
[2026-05-30 10:25:06,534][root][INFO] - Epoch: 33, loss: 60.2019
[2026-05-30 10:25:06,604][root][INFO] - Epoch: 34, loss: 59.7222
[2026-05-30 10:25:06,676][root][INFO] - Epoch: 35, loss: 59.9983
[2026-05-30 10:25:06,747][root][INFO] - Epoch: 36, loss: 56.0781
[2026-05-30 10:25:06,818][root][INFO] - Epoch: 37, loss: 55.2270
[2026-05-30 10:25:06,889][root][INFO] - Epoch: 38, loss: 54.6141
[2026-05-30 10:25:06,960][root][INFO] - Epoch: 39, loss: 53.8007
[2026-05-30 10:25:07,032][root][INFO] - Epoch: 40, loss: 58.1300
[2026-05-30 10:25:07,103][root][INFO] - Epoch: 41, loss: 62.0691
[2026-05-30 10:25:07,173][root][INFO] - Epoch: 42, loss: 58.1081
[2026-05-30 10:25:07,243][root][INFO] - Epoch: 43, loss: 56.1769
[2026-05-30 10:25:07,312][root][INFO] - Epoch: 44, loss: 53.8249
[2026-05-30 10:25:07,382][root][INFO] - Epoch: 45, loss: 51.4482
[2026-05-30 10:25:07,451][root][INFO] - Epoch: 46, loss: 49.8637
[2026-05-30 10:25:07,522][root][INFO] - Epoch: 47, loss: 49.4107
[2026-05-30 10:25:07,592][root][INFO] - Epoch: 48, loss: 47.6493
[2026-05-30 10:25:07,663][root][INFO] - Epoch: 49, loss: 47.4325
[2026-05-30 10:25:07,734][root][INFO] - Epoch: 50, loss: 54.7983
[2026-05-30 10:25:07,805][root][INFO] - Epoch: 51, loss: 63.1690
[2026-05-30 10:25:07,875][root][INFO] - Epoch: 52, loss: 60.2428
[2026-05-30 10:25:07,946][root][INFO] - Epoch: 53, loss: 55.0338
[2026-05-30 10:25:08,017][root][INFO] - Epoch: 54, loss: 52.4303
[2026-05-30 10:25:08,088][root][INFO] - Epoch: 55, loss: 49.6789
[2026-05-30 10:25:08,160][root][INFO] - Epoch: 56, loss: 47.8808
[2026-05-30 10:25:08,230][root][INFO] - Epoch: 57, loss: 47.6703
[2026-05-30 10:25:08,301][root][INFO] - Epoch: 58, loss: 47.9878
[2026-05-30 10:25:08,372][root][INFO] - Epoch: 59, loss: 46.4730
[2026-05-30 10:25:08,444][root][INFO] - Epoch: 60, loss: 48.3228
[2026-05-30 10:25:08,514][root][INFO] - Epoch: 61, loss: 46.7341
[2026-05-30 10:25:08,586][root][INFO] - Epoch: 62, loss: 56.7172
[2026-05-30 10:25:08,656][root][INFO] - Epoch: 63, loss: 75.7428
[2026-05-30 10:25:08,726][root][INFO] - Epoch: 64, loss: 66.4920
[2026-05-30 10:25:08,796][root][INFO] - Epoch: 65, loss: 58.9418
[2026-05-30 10:25:08,867][root][INFO] - Epoch: 66, loss: 52.2815
[2026-05-30 10:25:08,938][root][INFO] - Epoch: 67, loss: 49.3660
[2026-05-30 10:25:09,010][root][INFO] - Epoch: 68, loss: 45.0697
[2026-05-30 10:25:09,080][root][INFO] - Epoch: 69, loss: 44.0513
[2026-05-30 10:25:09,150][root][INFO] - Epoch: 70, loss: 40.7613
[2026-05-30 10:25:09,219][root][INFO] - Epoch: 71, loss: 42.4805
[2026-05-30 10:25:09,288][root][INFO] - Epoch: 72, loss: 42.1657
[2026-05-30 10:25:09,360][root][INFO] - Epoch: 73, loss: 39.0928
[2026-05-30 10:25:09,431][root][INFO] - Epoch: 74, loss: 39.4834
[2026-05-30 10:25:09,502][root][INFO] - Epoch: 75, loss: 40.6396
[2026-05-30 10:25:09,572][root][INFO] - Epoch: 76, loss: 43.1441
[2026-05-30 10:25:09,643][root][INFO] - Epoch: 77, loss: 40.1026
[2026-05-30 10:25:09,714][root][INFO] - Epoch: 78, loss: 37.8138
[2026-05-30 10:25:09,787][root][INFO] - Epoch: 79, loss: 41.5384
[2026-05-30 10:25:09,858][root][INFO] - Epoch: 80, loss: 37.8901
[2026-05-30 10:25:09,929][root][INFO] - Epoch: 81, loss: 54.2419
[2026-05-30 10:25:09,998][root][INFO] - Epoch: 82, loss: 71.2719
[2026-05-30 10:25:10,069][root][INFO] - Epoch: 83, loss: 66.6844
[2026-05-30 10:25:10,139][root][INFO] - Epoch: 84, loss: 49.6929
[2026-05-30 10:25:10,208][root][INFO] - Epoch: 85, loss: 45.3717
[2026-05-30 10:25:10,279][root][INFO] - Epoch: 86, loss: 40.0779
[2026-05-30 10:25:10,349][root][INFO] - Epoch: 87, loss: 37.7659
[2026-05-30 10:25:10,419][root][INFO] - Epoch: 88, loss: 37.5488
[2026-05-30 10:25:10,490][root][INFO] - Epoch: 89, loss: 36.1290
[2026-05-30 10:25:10,562][root][INFO] - Epoch: 90, loss: 34.2584
[2026-05-30 10:25:10,633][root][INFO] - Epoch: 91, loss: 33.5726
[2026-05-30 10:25:10,704][root][INFO] - Epoch: 92, loss: 38.9443
[2026-05-30 10:25:10,776][root][INFO] - Epoch: 93, loss: 39.1487
[2026-05-30 10:25:10,848][root][INFO] - Epoch: 94, loss: 35.2659
[2026-05-30 10:25:10,918][root][INFO] - Epoch: 95, loss: 38.2304
[2026-05-30 10:25:10,988][root][INFO] - Epoch: 96, loss: 37.6693
[2026-05-30 10:25:11,057][root][INFO] - Epoch: 97, loss: 35.0431
[2026-05-30 10:25:11,128][root][INFO] - Epoch: 98, loss: 33.3617
[2026-05-30 10:25:11,198][root][INFO] - Epoch: 99, loss: 32.8142
[2026-05-30 10:25:11,267][root][INFO] - Epoch: 100, loss: 31.9934
[2026-05-30 10:25:11,337][root][INFO] - Epoch: 101, loss: 32.9766
[2026-05-30 10:25:11,408][root][INFO] - Epoch: 102, loss: 34.1204
[2026-05-30 10:25:11,478][root][INFO] - Epoch: 103, loss: 35.9506
[2026-05-30 10:25:11,547][root][INFO] - Epoch: 104, loss: 41.1059
[2026-05-30 10:25:11,618][root][INFO] - Epoch: 105, loss: 35.3729
[2026-05-30 10:25:11,690][root][INFO] - Epoch: 106, loss: 34.4446
[2026-05-30 10:25:11,761][root][INFO] - Epoch: 107, loss: 43.4775
[2026-05-30 10:25:11,833][root][INFO] - Epoch: 108, loss: 43.1527
[2026-05-30 10:25:11,903][root][INFO] - Epoch: 109, loss: 41.7742
[2026-05-30 10:25:11,974][root][INFO] - Epoch: 110, loss: 44.0420
[2026-05-30 10:25:12,043][root][INFO] - Epoch: 111, loss: 48.1411
[2026-05-30 10:25:12,044][root][INFO] - Early stopping at epoch: 110
[2026-05-30 10:25:12,089][root][INFO] - {'model_loss': '48.1411', 'recon_loss': '0.0000', 'triplet_loss': '48.1411'}
[2026-05-30 10:25:12,093][root][INFO] - Generation 56/400 - Time: 0.00 seconds
[2026-05-30 10:25:12,094][root][INFO] - {'coverage': '100.00', 'max_fitness': '-12.70', 'passive_coverage': '25.10', 'passive_max_fitness': '-12.70', 'passive_mean_fitness': '-56.78', 'passive_qd_score': '21753.39', 'qd_score': '78318.09', 'mean_fitness_top_k': '-41.75'}
[2026-05-30 10:25:13,086][root][INFO] - Generation 57/400 - Time: 0.00 seconds
[2026-05-30 10:25:13,087][root][INFO] - {'coverage': '100.00', 'max_fitness': '-12.70', 'passive_coverage': '25.49', 'passive_max_fitness': '-12.70', 'passive_mean_fitness': '-56.82', 'passive_qd_score': '22079.81', 'qd_score': '77458.73', 'mean_fitness_top_k': '-40.88'}
[2026-05-30 10:25:14,093][root][INFO] - Generation 58/400 - Time: 0.00 seconds
[2026-05-30 10:25:14,094][root][INFO] - {'coverage': '100.00', 'max_fitness': '-12.70', 'passive_coverage': '25.59', 'passive_max_fitness': '-12.70', 'passive_mean_fitness': '-56.72', 'passive_qd_score': '22191.76', 'qd_score': '77582.77', 'mean_fitness_top_k': '-40.54'}
[2026-05-30 10:25:15,083][root][INFO] - Generation 59/400 - Time: 0.00 seconds
[2026-05-30 10:25:15,084][root][INFO] - {'coverage': '100.00', 'max_fitness': '-12.70', 'passive_coverage': '25.59', 'passive_max_fitness': '-12.70', 'passive_mean_fitness': '-56.71', 'passive_qd_score': '22194.66', 'qd_score': '78096.25', 'mean_fitness_top_k': '-39.25'}
[2026-05-30 10:25:16,082][root][INFO] - Generation 60/400 - Time: 0.00 seconds
[2026-05-30 10:25:16,082][root][INFO] - {'coverage': '100.00', 'max_fitness': '-12.70', 'passive_coverage': '25.68', 'passive_max_fitness': '-12.70', 'passive_mean_fitness': '-56.72', 'passive_qd_score': '22276.73', 'qd_score': '77729.69', 'mean_fitness_top_k': '-39.72'}
[2026-05-30 10:25:17,116][root][INFO] - Generation 61/400 - Time: 0.00 seconds
[2026-05-30 10:25:17,117][root][INFO] - {'coverage': '100.00', 'max_fitness': '-12.70', 'passive_coverage': '25.78', 'passive_max_fitness': '-12.70', 'passive_mean_fitness': '-56.85', 'passive_qd_score': '22326.29', 'qd_score': '77534.45', 'mean_fitness_top_k': '-39.09'}
[2026-05-30 10:25:18,257][root][INFO] - Generation 62/400 - Time: 0.00 seconds
[2026-05-30 10:25:18,258][root][INFO] - {'coverage': '100.00', 'max_fitness': '-12.70', 'passive_coverage': '25.78', 'passive_max_fitness': '-12.70', 'passive_mean_fitness': '-56.85', 'passive_qd_score': '22326.43', 'qd_score': '77663.66', 'mean_fitness_top_k': '-38.76'}
[2026-05-30 10:25:19,401][root][INFO] - Generation 63/400 - Time: 0.00 seconds
[2026-05-30 10:25:19,402][root][INFO] - {'coverage': '100.00', 'max_fitness': '-12.70', 'passive_coverage': '25.78', 'passive_max_fitness': '-12.70', 'passive_mean_fitness': '-56.85', 'passive_qd_score': '22327.18', 'qd_score': '77431.13', 'mean_fitness_top_k': '-38.76'}
[2026-05-30 10:25:20,534][root][INFO] - Generation 64/400 - Time: 0.00 seconds
[2026-05-30 10:25:20,535][root][INFO] - {'coverage': '100.00', 'max_fitness': '-12.70', 'passive_coverage': '25.78', 'passive_max_fitness': '-12.70', 'passive_mean_fitness': '-56.84', 'passive_qd_score': '22329.38', 'qd_score': '77310.43', 'mean_fitness_top_k': '-38.46'}
[2026-05-30 10:25:21,673][root][INFO] - Generation 65/400 - Time: 0.00 seconds
[2026-05-30 10:25:21,674][root][INFO] - {'coverage': '100.00', 'max_fitness': '-12.70', 'passive_coverage': '25.78', 'passive_max_fitness': '-12.70', 'passive_mean_fitness': '-56.83', 'passive_qd_score': '22332.98', 'qd_score': '77661.75', 'mean_fitness_top_k': '-38.35'}
[2026-05-30 10:25:22,813][root][INFO] - Generation 66/400 - Time: 0.00 seconds
[2026-05-30 10:25:22,814][root][INFO] - {'coverage': '100.00', 'max_fitness': '-12.70', 'passive_coverage': '25.98', 'passive_max_fitness': '-12.70', 'passive_mean_fitness': '-56.63', 'passive_qd_score': '22554.05', 'qd_score': '77607.36', 'mean_fitness_top_k': '-38.01'}
[2026-05-30 10:25:23,946][root][INFO] - Generation 67/400 - Time: 0.00 seconds
[2026-05-30 10:25:23,947][root][INFO] - {'coverage': '100.00', 'max_fitness': '-12.70', 'passive_coverage': '26.07', 'passive_max_fitness': '-12.70', 'passive_mean_fitness': '-56.65', 'passive_qd_score': '22634.30', 'qd_score': '77897.21', 'mean_fitness_top_k': '-37.50'}
[2026-05-30 10:25:25,085][root][INFO] - Generation 68/400 - Time: 0.00 seconds
[2026-05-30 10:25:25,085][root][INFO] - {'coverage': '100.00', 'max_fitness': '-12.70', 'passive_coverage': '26.07', 'passive_max_fitness': '-12.70', 'passive_mean_fitness': '-56.64', 'passive_qd_score': '22635.46', 'qd_score': '77990.67', 'mean_fitness_top_k': '-37.32'}
[2026-05-30 10:25:26,199][root][INFO] - Generation 69/400 - Time: 0.00 seconds
[2026-05-30 10:25:26,200][root][INFO] - {'coverage': '100.00', 'max_fitness': '-12.70', 'passive_coverage': '26.07', 'passive_max_fitness': '-12.70', 'passive_mean_fitness': '-56.63', 'passive_qd_score': '22639.00', 'qd_score': '77912.02', 'mean_fitness_top_k': '-37.32'}
[2026-05-30 10:25:27,204][root][INFO] - Generation 70/400 - Time: 0.00 seconds
[2026-05-30 10:25:27,205][root][INFO] - {'coverage': '100.00', 'max_fitness': '-12.70', 'passive_coverage': '26.17', 'passive_max_fitness': '-12.70', 'passive_mean_fitness': '-56.54', 'passive_qd_score': '22748.70', 'qd_score': '78187.50', 'mean_fitness_top_k': '-36.79'}
[2026-05-30 10:25:28,187][root][INFO] - Generation 71/400 - Time: 0.00 seconds
[2026-05-30 10:25:28,188][root][INFO] - {'coverage': '100.00', 'max_fitness': '-12.70', 'passive_coverage': '26.27', 'passive_max_fitness': '-12.70', 'passive_mean_fitness': '-56.47', 'passive_qd_score': '22851.74', 'qd_score': '77565.18', 'mean_fitness_top_k': '-36.80'}
[2026-05-30 10:25:29,174][root][INFO] - Updating AE...
[2026-05-30 10:25:29,926][root][INFO] - Epoch: 1, loss: 632.1094
[2026-05-30 10:25:29,998][root][INFO] - Epoch: 2, loss: 486.6475
[2026-05-30 10:25:30,066][root][INFO] - Epoch: 3, loss: 464.6095
[2026-05-30 10:25:30,136][root][INFO] - Epoch: 4, loss: 444.7655
[2026-05-30 10:25:30,206][root][INFO] - Epoch: 5, loss: 421.6398
[2026-05-30 10:25:30,277][root][INFO] - Epoch: 6, loss: 413.4540
[2026-05-30 10:25:30,348][root][INFO] - Epoch: 7, loss: 399.2928
[2026-05-30 10:25:30,419][root][INFO] - Epoch: 8, loss: 390.8400
[2026-05-30 10:25:30,490][root][INFO] - Epoch: 9, loss: 378.9771
[2026-05-30 10:25:30,562][root][INFO] - Epoch: 10, loss: 365.9879
[2026-05-30 10:25:30,633][root][INFO] - Epoch: 11, loss: 354.0972
[2026-05-30 10:25:30,704][root][INFO] - Epoch: 12, loss: 348.1877
[2026-05-30 10:25:30,776][root][INFO] - Epoch: 13, loss: 353.3346
[2026-05-30 10:25:30,847][root][INFO] - Epoch: 14, loss: 338.7421
[2026-05-30 10:25:30,917][root][INFO] - Epoch: 15, loss: 327.5743
[2026-05-30 10:25:30,987][root][INFO] - Epoch: 16, loss: 333.0574
[2026-05-30 10:25:31,059][root][INFO] - Epoch: 17, loss: 330.0192
[2026-05-30 10:25:31,130][root][INFO] - Epoch: 18, loss: 314.5894
[2026-05-30 10:25:31,200][root][INFO] - Epoch: 19, loss: 334.7080
[2026-05-30 10:25:31,272][root][INFO] - Epoch: 20, loss: 308.2980
[2026-05-30 10:25:31,342][root][INFO] - Epoch: 21, loss: 302.2145
[2026-05-30 10:25:31,414][root][INFO] - Epoch: 22, loss: 300.6118
[2026-05-30 10:25:31,485][root][INFO] - Epoch: 23, loss: 291.7449
[2026-05-30 10:25:31,556][root][INFO] - Epoch: 24, loss: 288.0532
[2026-05-30 10:25:31,627][root][INFO] - Epoch: 25, loss: 282.1035
[2026-05-30 10:25:31,699][root][INFO] - Epoch: 26, loss: 283.4065
[2026-05-30 10:25:31,769][root][INFO] - Epoch: 27, loss: 283.6161
[2026-05-30 10:25:31,840][root][INFO] - Epoch: 28, loss: 275.4241
[2026-05-30 10:25:31,912][root][INFO] - Epoch: 29, loss: 268.2642
[2026-05-30 10:25:31,982][root][INFO] - Epoch: 30, loss: 266.6266
[2026-05-30 10:25:32,053][root][INFO] - Epoch: 31, loss: 265.9523
[2026-05-30 10:25:32,124][root][INFO] - Epoch: 32, loss: 272.3885
[2026-05-30 10:25:32,196][root][INFO] - Epoch: 33, loss: 260.9402
[2026-05-30 10:25:32,266][root][INFO] - Epoch: 34, loss: 253.7006
[2026-05-30 10:25:32,337][root][INFO] - Epoch: 35, loss: 251.4100
[2026-05-30 10:25:32,408][root][INFO] - Epoch: 36, loss: 248.3705
[2026-05-30 10:25:32,479][root][INFO] - Epoch: 37, loss: 265.2708
[2026-05-30 10:25:32,550][root][INFO] - Epoch: 38, loss: 265.8191
[2026-05-30 10:25:32,621][root][INFO] - Epoch: 39, loss: 247.5174
[2026-05-30 10:25:32,691][root][INFO] - Epoch: 40, loss: 242.9619
[2026-05-30 10:25:32,760][root][INFO] - Epoch: 41, loss: 247.5540
[2026-05-30 10:25:32,830][root][INFO] - Epoch: 42, loss: 244.9426
[2026-05-30 10:25:32,900][root][INFO] - Epoch: 43, loss: 755.6788
[2026-05-30 10:25:32,971][root][INFO] - Epoch: 44, loss: 869.1140
[2026-05-30 10:25:33,041][root][INFO] - Epoch: 45, loss: 667.4789
[2026-05-30 10:25:33,111][root][INFO] - Epoch: 46, loss: 603.5032
[2026-05-30 10:25:33,182][root][INFO] - Epoch: 47, loss: 585.9719
[2026-05-30 10:25:33,253][root][INFO] - Epoch: 48, loss: 577.4321
[2026-05-30 10:25:33,324][root][INFO] - Epoch: 49, loss: 572.3212
[2026-05-30 10:25:33,395][root][INFO] - Epoch: 50, loss: 569.1102
[2026-05-30 10:25:33,465][root][INFO] - Epoch: 51, loss: 566.8348
[2026-05-30 10:25:33,466][root][INFO] - Early stopping at epoch: 50
[2026-05-30 10:25:33,502][root][INFO] - {'model_loss': '566.8348', 'recon_loss': '0.0000', 'triplet_loss': '566.8348'}
[2026-05-30 10:25:33,506][root][INFO] - Updating AE...
[2026-05-30 10:25:34,252][root][INFO] - Epoch: 1, loss: 40.6691
[2026-05-30 10:25:34,322][root][INFO] - Epoch: 2, loss: 21.0057
[2026-05-30 10:25:34,392][root][INFO] - Epoch: 3, loss: 17.1612
[2026-05-30 10:25:34,462][root][INFO] - Epoch: 4, loss: 15.8890
[2026-05-30 10:25:34,530][root][INFO] - Epoch: 5, loss: 15.3564
[2026-05-30 10:25:34,600][root][INFO] - Epoch: 6, loss: 15.1909
[2026-05-30 10:25:34,671][root][INFO] - Epoch: 7, loss: 15.0180
[2026-05-30 10:25:34,739][root][INFO] - Epoch: 8, loss: 14.9327
[2026-05-30 10:25:34,809][root][INFO] - Epoch: 9, loss: 14.8249
[2026-05-30 10:25:34,880][root][INFO] - Epoch: 10, loss: 14.7633
[2026-05-30 10:25:34,953][root][INFO] - Epoch: 11, loss: 14.6926
[2026-05-30 10:25:35,024][root][INFO] - Epoch: 12, loss: 14.6216
[2026-05-30 10:25:35,092][root][INFO] - Epoch: 13, loss: 14.5405
[2026-05-30 10:25:35,162][root][INFO] - Epoch: 14, loss: 14.4790
[2026-05-30 10:25:35,231][root][INFO] - Epoch: 15, loss: 14.4257
[2026-05-30 10:25:35,302][root][INFO] - Epoch: 16, loss: 14.3612
[2026-05-30 10:25:35,374][root][INFO] - Epoch: 17, loss: 14.3637
[2026-05-30 10:25:35,445][root][INFO] - Epoch: 18, loss: 14.2390
[2026-05-30 10:25:35,516][root][INFO] - Epoch: 19, loss: 14.2174
[2026-05-30 10:25:35,586][root][INFO] - Epoch: 20, loss: 14.1345
[2026-05-30 10:25:35,657][root][INFO] - Epoch: 21, loss: 14.0245
[2026-05-30 10:25:35,727][root][INFO] - Epoch: 22, loss: 14.0005
[2026-05-30 10:25:35,798][root][INFO] - Epoch: 23, loss: 13.9894
[2026-05-30 10:25:35,868][root][INFO] - Epoch: 24, loss: 13.9242
[2026-05-30 10:25:35,939][root][INFO] - Epoch: 25, loss: 13.8771
[2026-05-30 10:25:36,009][root][INFO] - Epoch: 26, loss: 13.8290
[2026-05-30 10:25:36,079][root][INFO] - Epoch: 27, loss: 13.7570
[2026-05-30 10:25:36,150][root][INFO] - Epoch: 28, loss: 13.6480
[2026-05-30 10:25:36,222][root][INFO] - Epoch: 29, loss: 13.6732
[2026-05-30 10:25:36,293][root][INFO] - Epoch: 30, loss: 13.5920
[2026-05-30 10:25:36,365][root][INFO] - Epoch: 31, loss: 13.5126
[2026-05-30 10:25:36,435][root][INFO] - Epoch: 32, loss: 13.4482
[2026-05-30 10:25:36,506][root][INFO] - Epoch: 33, loss: 13.3474
[2026-05-30 10:25:36,578][root][INFO] - Epoch: 34, loss: 13.3271
[2026-05-30 10:25:36,650][root][INFO] - Epoch: 35, loss: 13.3293
[2026-05-30 10:25:36,721][root][INFO] - Epoch: 36, loss: 13.2491
[2026-05-30 10:25:36,793][root][INFO] - Epoch: 37, loss: 13.1237
[2026-05-30 10:25:36,864][root][INFO] - Epoch: 38, loss: 13.0438
[2026-05-30 10:25:36,936][root][INFO] - Epoch: 39, loss: 12.9751
[2026-05-30 10:25:37,007][root][INFO] - Epoch: 40, loss: 12.9514
[2026-05-30 10:25:37,078][root][INFO] - Epoch: 41, loss: 12.8313
[2026-05-30 10:25:37,150][root][INFO] - Epoch: 42, loss: 12.7648
[2026-05-30 10:25:37,221][root][INFO] - Epoch: 43, loss: 12.8216
[2026-05-30 10:25:37,292][root][INFO] - Epoch: 44, loss: 12.5637
[2026-05-30 10:25:37,363][root][INFO] - Epoch: 45, loss: 12.6070
[2026-05-30 10:25:37,434][root][INFO] - Epoch: 46, loss: 12.5899
[2026-05-30 10:25:37,505][root][INFO] - Epoch: 47, loss: 12.3725
[2026-05-30 10:25:37,578][root][INFO] - Epoch: 48, loss: 12.1002
[2026-05-30 10:25:37,649][root][INFO] - Epoch: 49, loss: 11.9992
[2026-05-30 10:25:37,720][root][INFO] - Epoch: 50, loss: 11.8755
[2026-05-30 10:25:37,792][root][INFO] - Epoch: 51, loss: 11.8346
[2026-05-30 10:25:37,864][root][INFO] - Epoch: 52, loss: 11.7291
[2026-05-30 10:25:37,935][root][INFO] - Epoch: 53, loss: 11.4465
[2026-05-30 10:25:38,006][root][INFO] - Epoch: 54, loss: 11.2507
[2026-05-30 10:25:38,078][root][INFO] - Epoch: 55, loss: 11.1509
[2026-05-30 10:25:38,149][root][INFO] - Epoch: 56, loss: 11.0092
[2026-05-30 10:25:38,221][root][INFO] - Epoch: 57, loss: 10.8527
[2026-05-30 10:25:38,292][root][INFO] - Epoch: 58, loss: 10.7739
[2026-05-30 10:25:38,364][root][INFO] - Epoch: 59, loss: 10.6749
[2026-05-30 10:25:38,435][root][INFO] - Epoch: 60, loss: 10.5172
[2026-05-30 10:25:38,507][root][INFO] - Epoch: 61, loss: 10.3178
[2026-05-30 10:25:38,578][root][INFO] - Epoch: 62, loss: 10.2480
[2026-05-30 10:25:38,650][root][INFO] - Epoch: 63, loss: 10.1660
[2026-05-30 10:25:38,721][root][INFO] - Epoch: 64, loss: 10.0975
[2026-05-30 10:25:38,793][root][INFO] - Epoch: 65, loss: 10.0154
[2026-05-30 10:25:38,864][root][INFO] - Epoch: 66, loss: 9.9431
[2026-05-30 10:25:38,937][root][INFO] - Epoch: 67, loss: 9.7243
[2026-05-30 10:25:39,010][root][INFO] - Epoch: 68, loss: 9.7357
[2026-05-30 10:25:39,082][root][INFO] - Epoch: 69, loss: 9.5986
[2026-05-30 10:25:39,154][root][INFO] - Epoch: 70, loss: 9.5704
[2026-05-30 10:25:39,225][root][INFO] - Epoch: 71, loss: 9.5101
[2026-05-30 10:25:39,296][root][INFO] - Epoch: 72, loss: 9.4519
[2026-05-30 10:25:39,367][root][INFO] - Epoch: 73, loss: 9.2701
[2026-05-30 10:25:39,439][root][INFO] - Epoch: 74, loss: 9.2630
[2026-05-30 10:25:39,510][root][INFO] - Epoch: 75, loss: 9.1440
[2026-05-30 10:25:39,582][root][INFO] - Epoch: 76, loss: 9.2210
[2026-05-30 10:25:39,653][root][INFO] - Epoch: 77, loss: 9.0121
[2026-05-30 10:25:39,724][root][INFO] - Epoch: 78, loss: 9.0191
[2026-05-30 10:25:39,796][root][INFO] - Epoch: 79, loss: 9.0527
[2026-05-30 10:25:39,867][root][INFO] - Epoch: 80, loss: 8.9375
[2026-05-30 10:25:39,939][root][INFO] - Epoch: 81, loss: 8.9408
[2026-05-30 10:25:40,011][root][INFO] - Epoch: 82, loss: 8.7568
[2026-05-30 10:25:40,084][root][INFO] - Epoch: 83, loss: 8.7961
[2026-05-30 10:25:40,155][root][INFO] - Epoch: 84, loss: 8.7395
[2026-05-30 10:25:40,226][root][INFO] - Epoch: 85, loss: 8.6390
[2026-05-30 10:25:40,299][root][INFO] - Epoch: 86, loss: 8.6779
[2026-05-30 10:25:40,371][root][INFO] - Epoch: 87, loss: 8.4562
[2026-05-30 10:25:40,442][root][INFO] - Epoch: 88, loss: 8.6858
[2026-05-30 10:25:40,514][root][INFO] - Epoch: 89, loss: 8.6714
[2026-05-30 10:25:40,586][root][INFO] - Epoch: 90, loss: 8.4024
[2026-05-30 10:25:40,658][root][INFO] - Epoch: 91, loss: 8.4128
[2026-05-30 10:25:40,729][root][INFO] - Epoch: 92, loss: 8.5307
[2026-05-30 10:25:40,802][root][INFO] - Epoch: 93, loss: 8.3534
[2026-05-30 10:25:40,875][root][INFO] - Epoch: 94, loss: 8.2443
[2026-05-30 10:25:40,948][root][INFO] - Epoch: 95, loss: 8.1675
[2026-05-30 10:25:41,022][root][INFO] - Epoch: 96, loss: 8.1218
[2026-05-30 10:25:41,094][root][INFO] - Epoch: 97, loss: 8.2302
[2026-05-30 10:25:41,167][root][INFO] - Epoch: 98, loss: 8.1008
[2026-05-30 10:25:41,238][root][INFO] - Epoch: 99, loss: 8.0839
[2026-05-30 10:25:41,310][root][INFO] - Epoch: 100, loss: 7.9995
[2026-05-30 10:25:41,383][root][INFO] - Epoch: 101, loss: 7.9703
[2026-05-30 10:25:41,454][root][INFO] - Epoch: 102, loss: 7.9784
[2026-05-30 10:25:41,526][root][INFO] - Epoch: 103, loss: 7.9077
[2026-05-30 10:25:41,598][root][INFO] - Epoch: 104, loss: 8.0523
[2026-05-30 10:25:41,670][root][INFO] - Epoch: 105, loss: 8.1637
[2026-05-30 10:25:41,741][root][INFO] - Epoch: 106, loss: 8.0331
[2026-05-30 10:25:41,813][root][INFO] - Epoch: 107, loss: 7.9675
[2026-05-30 10:25:41,884][root][INFO] - Epoch: 108, loss: 7.7290
[2026-05-30 10:25:41,956][root][INFO] - Epoch: 109, loss: 7.7957
[2026-05-30 10:25:42,027][root][INFO] - Epoch: 110, loss: 7.7205
[2026-05-30 10:25:42,098][root][INFO] - Epoch: 111, loss: 7.6287
[2026-05-30 10:25:42,170][root][INFO] - Epoch: 112, loss: 7.4930
[2026-05-30 10:25:42,242][root][INFO] - Epoch: 113, loss: 7.5772
[2026-05-30 10:25:42,314][root][INFO] - Epoch: 114, loss: 7.5872
[2026-05-30 10:25:42,385][root][INFO] - Epoch: 115, loss: 7.3891
[2026-05-30 10:25:42,457][root][INFO] - Epoch: 116, loss: 7.3875
[2026-05-30 10:25:42,530][root][INFO] - Epoch: 117, loss: 7.4572
[2026-05-30 10:25:42,601][root][INFO] - Epoch: 118, loss: 7.3487
[2026-05-30 10:25:42,673][root][INFO] - Epoch: 119, loss: 7.1750
[2026-05-30 10:25:42,745][root][INFO] - Epoch: 120, loss: 7.0687
[2026-05-30 10:25:42,817][root][INFO] - Epoch: 121, loss: 7.2271
[2026-05-30 10:25:42,889][root][INFO] - Epoch: 122, loss: 7.2269
[2026-05-30 10:25:42,961][root][INFO] - Epoch: 123, loss: 6.9178
[2026-05-30 10:25:43,032][root][INFO] - Epoch: 124, loss: 6.8274
[2026-05-30 10:25:43,105][root][INFO] - Epoch: 125, loss: 6.7435
[2026-05-30 10:25:43,177][root][INFO] - Epoch: 126, loss: 6.7990
[2026-05-30 10:25:43,250][root][INFO] - Epoch: 127, loss: 6.9330
[2026-05-30 10:25:43,321][root][INFO] - Epoch: 128, loss: 6.8095
[2026-05-30 10:25:43,393][root][INFO] - Epoch: 129, loss: 7.0407
[2026-05-30 10:25:43,465][root][INFO] - Epoch: 130, loss: 6.7872
[2026-05-30 10:25:43,536][root][INFO] - Epoch: 131, loss: 6.6795
[2026-05-30 10:25:43,608][root][INFO] - Epoch: 132, loss: 6.6812
[2026-05-30 10:25:43,679][root][INFO] - Epoch: 133, loss: 6.5637
[2026-05-30 10:25:43,751][root][INFO] - Epoch: 134, loss: 6.5872
[2026-05-30 10:25:43,823][root][INFO] - Epoch: 135, loss: 6.3633
[2026-05-30 10:25:43,894][root][INFO] - Epoch: 136, loss: 6.6389
[2026-05-30 10:25:43,966][root][INFO] - Epoch: 137, loss: 6.5021
[2026-05-30 10:25:44,038][root][INFO] - Epoch: 138, loss: 6.3238
[2026-05-30 10:25:44,109][root][INFO] - Epoch: 139, loss: 6.1204
[2026-05-30 10:25:44,182][root][INFO] - Epoch: 140, loss: 6.3509
[2026-05-30 10:25:44,252][root][INFO] - Epoch: 141, loss: 6.1861
[2026-05-30 10:25:44,324][root][INFO] - Epoch: 142, loss: 6.1445
[2026-05-30 10:25:44,395][root][INFO] - Epoch: 143, loss: 5.9397
[2026-05-30 10:25:44,467][root][INFO] - Epoch: 144, loss: 5.9376
[2026-05-30 10:25:44,539][root][INFO] - Epoch: 145, loss: 6.0918
[2026-05-30 10:25:44,611][root][INFO] - Epoch: 146, loss: 5.8791
[2026-05-30 10:25:44,682][root][INFO] - Epoch: 147, loss: 6.1137
[2026-05-30 10:25:44,754][root][INFO] - Epoch: 148, loss: 5.8294
[2026-05-30 10:25:44,826][root][INFO] - Epoch: 149, loss: 5.9337
[2026-05-30 10:25:44,896][root][INFO] - Epoch: 150, loss: 5.6758
[2026-05-30 10:25:44,968][root][INFO] - Epoch: 151, loss: 5.7981
[2026-05-30 10:25:45,039][root][INFO] - Epoch: 152, loss: 5.7436
[2026-05-30 10:25:45,111][root][INFO] - Epoch: 153, loss: 5.5754
[2026-05-30 10:25:45,183][root][INFO] - Epoch: 154, loss: 5.4840
[2026-05-30 10:25:45,254][root][INFO] - Epoch: 155, loss: 5.4265
[2026-05-30 10:25:45,326][root][INFO] - Epoch: 156, loss: 5.5576
[2026-05-30 10:25:45,397][root][INFO] - Epoch: 157, loss: 5.6559
[2026-05-30 10:25:45,468][root][INFO] - Epoch: 158, loss: 5.6009
[2026-05-30 10:25:45,540][root][INFO] - Epoch: 159, loss: 5.3560
[2026-05-30 10:25:45,612][root][INFO] - Epoch: 160, loss: 5.1787
[2026-05-30 10:25:45,684][root][INFO] - Epoch: 161, loss: 5.2055
[2026-05-30 10:25:45,755][root][INFO] - Epoch: 162, loss: 5.3111
[2026-05-30 10:25:45,827][root][INFO] - Epoch: 163, loss: 5.2593
[2026-05-30 10:25:45,899][root][INFO] - Epoch: 164, loss: 5.4891
[2026-05-30 10:25:45,970][root][INFO] - Epoch: 165, loss: 5.4654
[2026-05-30 10:25:46,042][root][INFO] - Epoch: 166, loss: 5.4612
[2026-05-30 10:25:46,113][root][INFO] - Epoch: 167, loss: 5.9357
[2026-05-30 10:25:46,185][root][INFO] - Epoch: 168, loss: 5.6906
[2026-05-30 10:25:46,258][root][INFO] - Epoch: 169, loss: 5.4947
[2026-05-30 10:25:46,328][root][INFO] - Epoch: 170, loss: 5.3397
[2026-05-30 10:25:46,398][root][INFO] - Epoch: 171, loss: 5.1649
[2026-05-30 10:25:46,467][root][INFO] - Epoch: 172, loss: 5.1188
[2026-05-30 10:25:46,537][root][INFO] - Epoch: 173, loss: 4.9793
[2026-05-30 10:25:46,608][root][INFO] - Epoch: 174, loss: 4.8266
[2026-05-30 10:25:46,678][root][INFO] - Epoch: 175, loss: 5.0704
[2026-05-30 10:25:46,748][root][INFO] - Epoch: 176, loss: 4.9823
[2026-05-30 10:25:46,819][root][INFO] - Epoch: 177, loss: 4.8438
[2026-05-30 10:25:46,896][root][INFO] - Epoch: 178, loss: 5.0109
[2026-05-30 10:25:46,967][root][INFO] - Epoch: 179, loss: 4.9681
[2026-05-30 10:25:47,037][root][INFO] - Epoch: 180, loss: 5.1222
[2026-05-30 10:25:47,108][root][INFO] - Epoch: 181, loss: 4.9254
[2026-05-30 10:25:47,180][root][INFO] - Epoch: 182, loss: 4.9394
[2026-05-30 10:25:47,249][root][INFO] - Epoch: 183, loss: 4.7122
[2026-05-30 10:25:47,320][root][INFO] - Epoch: 184, loss: 4.9099
[2026-05-30 10:25:47,389][root][INFO] - Epoch: 185, loss: 4.9016
[2026-05-30 10:25:47,460][root][INFO] - Epoch: 186, loss: 4.7055
[2026-05-30 10:25:47,530][root][INFO] - Epoch: 187, loss: 4.5661
[2026-05-30 10:25:47,600][root][INFO] - Epoch: 188, loss: 4.5709
[2026-05-30 10:25:47,671][root][INFO] - Epoch: 189, loss: 4.4490
[2026-05-30 10:25:47,742][root][INFO] - Epoch: 190, loss: 4.4213
[2026-05-30 10:25:47,813][root][INFO] - Epoch: 191, loss: 4.3514
[2026-05-30 10:25:47,884][root][INFO] - Epoch: 192, loss: 4.4014
[2026-05-30 10:25:47,955][root][INFO] - Epoch: 193, loss: 4.3862
[2026-05-30 10:25:48,026][root][INFO] - Epoch: 194, loss: 4.5280
[2026-05-30 10:25:48,097][root][INFO] - Epoch: 195, loss: 4.6056
[2026-05-30 10:25:48,168][root][INFO] - Epoch: 196, loss: 4.6303
[2026-05-30 10:25:48,238][root][INFO] - Epoch: 197, loss: 4.7165
[2026-05-30 10:25:48,308][root][INFO] - Epoch: 198, loss: 4.4513
[2026-05-30 10:25:48,379][root][INFO] - Epoch: 199, loss: 4.5678
[2026-05-30 10:25:48,449][root][INFO] - Epoch: 200, loss: 4.5693
[2026-05-30 10:25:48,483][root][INFO] - {'model_loss': '4.5693', 'recon_loss': '0.0000', 'triplet_loss': '4.5693'}
[2026-05-30 10:25:48,487][root][INFO] - Generation 72/400 - Time: 0.00 seconds
[2026-05-30 10:25:48,488][root][INFO] - {'coverage': '100.00', 'max_fitness': '-12.70', 'passive_coverage': '26.27', 'passive_max_fitness': '-12.70', 'passive_mean_fitness': '-56.47', 'passive_qd_score': '22852.76', 'qd_score': '77343.50', 'mean_fitness_top_k': '-36.87'}
[2026-05-30 10:25:49,480][root][INFO] - Generation 73/400 - Time: 0.00 seconds
[2026-05-30 10:25:49,480][root][INFO] - {'coverage': '100.00', 'max_fitness': '-12.70', 'passive_coverage': '26.46', 'passive_max_fitness': '-12.70', 'passive_mean_fitness': '-56.39', 'passive_qd_score': '23044.32', 'qd_score': '80771.60', 'mean_fitness_top_k': '-35.50'}
[2026-05-30 10:25:50,511][root][INFO] - Generation 74/400 - Time: 0.00 seconds
[2026-05-30 10:25:50,512][root][INFO] - {'coverage': '100.00', 'max_fitness': '-12.70', 'passive_coverage': '26.56', 'passive_max_fitness': '-12.70', 'passive_mean_fitness': '-56.25', 'passive_qd_score': '23165.57', 'qd_score': '82428.75', 'mean_fitness_top_k': '-33.50'}
[2026-05-30 10:25:51,497][root][INFO] - Generation 75/400 - Time: 0.00 seconds
[2026-05-30 10:25:51,497][root][INFO] - {'coverage': '100.00', 'max_fitness': '-12.70', 'passive_coverage': '26.86', 'passive_max_fitness': '-12.70', 'passive_mean_fitness': '-56.37', 'passive_qd_score': '23390.31', 'qd_score': '83387.70', 'mean_fitness_top_k': '-33.00'}
[2026-05-30 10:25:52,478][root][INFO] - Generation 76/400 - Time: 0.00 seconds
[2026-05-30 10:25:52,479][root][INFO] - {'coverage': '100.00', 'max_fitness': '-12.38', 'passive_coverage': '26.86', 'passive_max_fitness': '-12.38', 'passive_mean_fitness': '-56.35', 'passive_qd_score': '23394.42', 'qd_score': '83832.22', 'mean_fitness_top_k': '-32.76'}
[2026-05-30 10:25:53,466][root][INFO] - Generation 77/400 - Time: 0.00 seconds
[2026-05-30 10:25:53,466][root][INFO] - {'coverage': '100.00', 'max_fitness': '-12.38', 'passive_coverage': '27.15', 'passive_max_fitness': '-12.38', 'passive_mean_fitness': '-55.99', 'passive_qd_score': '23749.42', 'qd_score': '85184.53', 'mean_fitness_top_k': '-31.89'}
[2026-05-30 10:25:54,469][root][INFO] - Generation 78/400 - Time: 0.00 seconds
[2026-05-30 10:25:54,470][root][INFO] - {'coverage': '100.00', 'max_fitness': '-12.38', 'passive_coverage': '27.44', 'passive_max_fitness': '-12.38', 'passive_mean_fitness': '-55.75', 'passive_qd_score': '24072.55', 'qd_score': '85170.46', 'mean_fitness_top_k': '-31.69'}
[2026-05-30 10:25:55,469][root][INFO] - Generation 79/400 - Time: 0.00 seconds
[2026-05-30 10:25:55,470][root][INFO] - {'coverage': '100.00', 'max_fitness': '-12.38', 'passive_coverage': '27.44', 'passive_max_fitness': '-12.38', 'passive_mean_fitness': '-55.75', 'passive_qd_score': '24075.00', 'qd_score': '85705.20', 'mean_fitness_top_k': '-30.95'}
[2026-05-30 10:25:56,627][root][INFO] - Generation 80/400 - Time: 0.00 seconds
[2026-05-30 10:25:56,628][root][INFO] - {'coverage': '100.00', 'max_fitness': '-12.38', 'passive_coverage': '27.54', 'passive_max_fitness': '-12.38', 'passive_mean_fitness': '-55.82', 'passive_qd_score': '24140.94', 'qd_score': '86252.30', 'mean_fitness_top_k': '-30.63'}
[2026-05-30 10:25:57,806][root][INFO] - Generation 81/400 - Time: 0.00 seconds
[2026-05-30 10:25:57,807][root][INFO] - {'coverage': '100.00', 'max_fitness': '-12.38', 'passive_coverage': '28.03', 'passive_max_fitness': '-12.38', 'passive_mean_fitness': '-55.70', 'passive_qd_score': '24601.83', 'qd_score': '87124.19', 'mean_fitness_top_k': '-30.20'}
[2026-05-30 10:25:58,959][root][INFO] - Generation 82/400 - Time: 0.00 seconds
[2026-05-30 10:25:58,960][root][INFO] - {'coverage': '100.00', 'max_fitness': '-12.38', 'passive_coverage': '28.12', 'passive_max_fitness': '-12.38', 'passive_mean_fitness': '-55.59', 'passive_qd_score': '24720.09', 'qd_score': '87453.83', 'mean_fitness_top_k': '-30.04'}
[2026-05-30 10:26:00,111][root][INFO] - Generation 83/400 - Time: 0.00 seconds
[2026-05-30 10:26:00,112][root][INFO] - {'coverage': '100.00', 'max_fitness': '-12.38', 'passive_coverage': '28.42', 'passive_max_fitness': '-12.38', 'passive_mean_fitness': '-55.48', 'passive_qd_score': '25007.85', 'qd_score': '88014.47', 'mean_fitness_top_k': '-30.03'}
[2026-05-30 10:26:01,260][root][INFO] - Generation 84/400 - Time: 0.00 seconds
[2026-05-30 10:26:01,261][root][INFO] - {'coverage': '100.00', 'max_fitness': '-12.38', 'passive_coverage': '28.91', 'passive_max_fitness': '-12.38', 'passive_mean_fitness': '-55.53', 'passive_qd_score': '25424.79', 'qd_score': '88629.46', 'mean_fitness_top_k': '-29.59'}
[2026-05-30 10:26:02,416][root][INFO] - Generation 85/400 - Time: 0.00 seconds
[2026-05-30 10:26:02,417][root][INFO] - {'coverage': '100.00', 'max_fitness': '-12.38', 'passive_coverage': '29.30', 'passive_max_fitness': '-12.38', 'passive_mean_fitness': '-55.33', 'passive_qd_score': '25827.33', 'qd_score': '88692.71', 'mean_fitness_top_k': '-29.22'}
[2026-05-30 10:26:03,587][root][INFO] - Generation 86/400 - Time: 0.00 seconds
[2026-05-30 10:26:03,588][root][INFO] - {'coverage': '100.00', 'max_fitness': '-12.38', 'passive_coverage': '29.39', 'passive_max_fitness': '-12.38', 'passive_mean_fitness': '-55.26', 'passive_qd_score': '25934.01', 'qd_score': '88906.90', 'mean_fitness_top_k': '-29.19'}
[2026-05-30 10:26:04,720][root][INFO] - Generation 87/400 - Time: 0.00 seconds
[2026-05-30 10:26:04,721][root][INFO] - {'coverage': '100.00', 'max_fitness': '-12.38', 'passive_coverage': '29.59', 'passive_max_fitness': '-12.38', 'passive_mean_fitness': '-55.25', 'passive_qd_score': '26109.58', 'qd_score': '88899.33', 'mean_fitness_top_k': '-29.43'}
[2026-05-30 10:26:05,900][root][INFO] - Generation 88/400 - Time: 0.00 seconds
[2026-05-30 10:26:05,900][root][INFO] - {'coverage': '100.00', 'max_fitness': '-12.38', 'passive_coverage': '29.59', 'passive_max_fitness': '-12.38', 'passive_mean_fitness': '-55.25', 'passive_qd_score': '26110.71', 'qd_score': '88932.63', 'mean_fitness_top_k': '-28.99'}
[2026-05-30 10:26:07,044][root][INFO] - Generation 89/400 - Time: 0.00 seconds
[2026-05-30 10:26:07,045][root][INFO] - {'coverage': '100.00', 'max_fitness': '-12.38', 'passive_coverage': '29.69', 'passive_max_fitness': '-12.38', 'passive_mean_fitness': '-55.35', 'passive_qd_score': '26164.21', 'qd_score': '89262.83', 'mean_fitness_top_k': '-29.24'}
[2026-05-30 10:26:08,195][root][INFO] - Updating AE...
[2026-05-30 10:26:09,165][root][INFO] - Epoch: 1, loss: 863.5543
[2026-05-30 10:26:09,239][root][INFO] - Epoch: 2, loss: 406.4916
[2026-05-30 10:26:09,309][root][INFO] - Epoch: 3, loss: 398.4646
[2026-05-30 10:26:09,380][root][INFO] - Epoch: 4, loss: 386.0851
[2026-05-30 10:26:09,451][root][INFO] - Epoch: 5, loss: 376.8981
[2026-05-30 10:26:09,523][root][INFO] - Epoch: 6, loss: 372.2264
[2026-05-30 10:26:09,594][root][INFO] - Epoch: 7, loss: 366.4945
[2026-05-30 10:26:09,664][root][INFO] - Epoch: 8, loss: 361.3639
[2026-05-30 10:26:09,735][root][INFO] - Epoch: 9, loss: 355.5043
[2026-05-30 10:26:09,807][root][INFO] - Epoch: 10, loss: 353.7693
[2026-05-30 10:26:09,878][root][INFO] - Epoch: 11, loss: 350.3923
[2026-05-30 10:26:09,955][root][INFO] - Epoch: 12, loss: 346.7649
[2026-05-30 10:26:10,026][root][INFO] - Epoch: 13, loss: 342.6110
[2026-05-30 10:26:10,096][root][INFO] - Epoch: 14, loss: 337.9032
[2026-05-30 10:26:10,167][root][INFO] - Epoch: 15, loss: 333.5713
[2026-05-30 10:26:10,238][root][INFO] - Epoch: 16, loss: 328.1501
[2026-05-30 10:26:10,309][root][INFO] - Epoch: 17, loss: 323.2632
[2026-05-30 10:26:10,379][root][INFO] - Epoch: 18, loss: 315.7821
[2026-05-30 10:26:10,450][root][INFO] - Epoch: 19, loss: 310.3088
[2026-05-30 10:26:10,522][root][INFO] - Epoch: 20, loss: 303.6413
[2026-05-30 10:26:10,594][root][INFO] - Epoch: 21, loss: 298.9692
[2026-05-30 10:26:10,665][root][INFO] - Epoch: 22, loss: 292.9654
[2026-05-30 10:26:10,736][root][INFO] - Epoch: 23, loss: 288.0052
[2026-05-30 10:26:10,808][root][INFO] - Epoch: 24, loss: 284.1055
[2026-05-30 10:26:10,881][root][INFO] - Epoch: 25, loss: 280.4238
[2026-05-30 10:26:10,951][root][INFO] - Epoch: 26, loss: 273.7259
[2026-05-30 10:26:11,021][root][INFO] - Epoch: 27, loss: 272.8475
[2026-05-30 10:26:11,092][root][INFO] - Epoch: 28, loss: 267.8591
[2026-05-30 10:26:11,164][root][INFO] - Epoch: 29, loss: 262.3480
[2026-05-30 10:26:11,235][root][INFO] - Epoch: 30, loss: 264.6475
[2026-05-30 10:26:11,304][root][INFO] - Epoch: 31, loss: 263.3898
[2026-05-30 10:26:11,375][root][INFO] - Epoch: 32, loss: 258.7299
[2026-05-30 10:26:11,447][root][INFO] - Epoch: 33, loss: 250.7663
[2026-05-30 10:26:11,516][root][INFO] - Epoch: 34, loss: 248.4904
[2026-05-30 10:26:11,588][root][INFO] - Epoch: 35, loss: 246.7646
[2026-05-30 10:26:11,659][root][INFO] - Epoch: 36, loss: 241.9429
[2026-05-30 10:26:11,731][root][INFO] - Epoch: 37, loss: 244.0695
[2026-05-30 10:26:11,806][root][INFO] - Epoch: 38, loss: 241.4527
[2026-05-30 10:26:11,877][root][INFO] - Epoch: 39, loss: 260.2103
[2026-05-30 10:26:11,950][root][INFO] - Epoch: 40, loss: 258.9805
[2026-05-30 10:26:12,021][root][INFO] - Epoch: 41, loss: 257.5548
[2026-05-30 10:26:12,091][root][INFO] - Epoch: 42, loss: 252.6818
[2026-05-30 10:26:12,162][root][INFO] - Epoch: 43, loss: 249.4671
[2026-05-30 10:26:12,233][root][INFO] - Epoch: 44, loss: 244.3093
[2026-05-30 10:26:12,306][root][INFO] - Epoch: 45, loss: 238.0852
[2026-05-30 10:26:12,377][root][INFO] - Epoch: 46, loss: 235.2179
[2026-05-30 10:26:12,450][root][INFO] - Epoch: 47, loss: 233.2825
[2026-05-30 10:26:12,522][root][INFO] - Epoch: 48, loss: 231.0705
[2026-05-30 10:26:12,595][root][INFO] - Epoch: 49, loss: 228.1134
[2026-05-30 10:26:12,667][root][INFO] - Epoch: 50, loss: 226.3746
[2026-05-30 10:26:12,737][root][INFO] - Epoch: 51, loss: 227.3015
[2026-05-30 10:26:12,807][root][INFO] - Epoch: 52, loss: 226.1847
[2026-05-30 10:26:12,878][root][INFO] - Epoch: 53, loss: 226.7336
[2026-05-30 10:26:12,949][root][INFO] - Epoch: 54, loss: 222.2316
[2026-05-30 10:26:13,021][root][INFO] - Epoch: 55, loss: 220.1600
[2026-05-30 10:26:13,093][root][INFO] - Epoch: 56, loss: 217.4345
[2026-05-30 10:26:13,164][root][INFO] - Epoch: 57, loss: 220.3775
[2026-05-30 10:26:13,234][root][INFO] - Epoch: 58, loss: 214.5200
[2026-05-30 10:26:13,304][root][INFO] - Epoch: 59, loss: 211.6315
[2026-05-30 10:26:13,375][root][INFO] - Epoch: 60, loss: 211.4984
[2026-05-30 10:26:13,445][root][INFO] - Epoch: 61, loss: 208.5959
[2026-05-30 10:26:13,516][root][INFO] - Epoch: 62, loss: 214.3030
[2026-05-30 10:26:13,590][root][INFO] - Epoch: 63, loss: 216.5647
[2026-05-30 10:26:13,660][root][INFO] - Epoch: 64, loss: 210.1184
[2026-05-30 10:26:13,730][root][INFO] - Epoch: 65, loss: 208.7423
[2026-05-30 10:26:13,799][root][INFO] - Epoch: 66, loss: 205.3887
[2026-05-30 10:26:13,869][root][INFO] - Epoch: 67, loss: 204.1294
[2026-05-30 10:26:13,943][root][INFO] - Epoch: 68, loss: 205.5396
[2026-05-30 10:26:14,016][root][INFO] - Epoch: 69, loss: 202.9864
[2026-05-30 10:26:14,087][root][INFO] - Epoch: 70, loss: 202.7092
[2026-05-30 10:26:14,157][root][INFO] - Epoch: 71, loss: 198.1270
[2026-05-30 10:26:14,227][root][INFO] - Epoch: 72, loss: 197.7189
[2026-05-30 10:26:14,295][root][INFO] - Epoch: 73, loss: 195.3867
[2026-05-30 10:26:14,366][root][INFO] - Epoch: 74, loss: 193.9062
[2026-05-30 10:26:14,436][root][INFO] - Epoch: 75, loss: 192.1679
[2026-05-30 10:26:14,507][root][INFO] - Epoch: 76, loss: 195.1483
[2026-05-30 10:26:14,577][root][INFO] - Epoch: 77, loss: 190.6545
[2026-05-30 10:26:14,646][root][INFO] - Epoch: 78, loss: 202.8931
[2026-05-30 10:26:14,717][root][INFO] - Epoch: 79, loss: 190.9554
[2026-05-30 10:26:14,788][root][INFO] - Epoch: 80, loss: 191.5607
[2026-05-30 10:26:14,860][root][INFO] - Epoch: 81, loss: 189.3365
[2026-05-30 10:26:14,931][root][INFO] - Epoch: 82, loss: 187.7585
[2026-05-30 10:26:15,002][root][INFO] - Epoch: 83, loss: 188.9400
[2026-05-30 10:26:15,074][root][INFO] - Epoch: 84, loss: 192.6231
[2026-05-30 10:26:15,144][root][INFO] - Epoch: 85, loss: 189.3077
[2026-05-30 10:26:15,214][root][INFO] - Epoch: 86, loss: 187.8830
[2026-05-30 10:26:15,284][root][INFO] - Epoch: 87, loss: 186.0925
[2026-05-30 10:26:15,354][root][INFO] - Epoch: 88, loss: 189.3488
[2026-05-30 10:26:15,424][root][INFO] - Epoch: 89, loss: 188.5881
[2026-05-30 10:26:15,494][root][INFO] - Epoch: 90, loss: 182.6239
[2026-05-30 10:26:15,567][root][INFO] - Epoch: 91, loss: 183.8947
[2026-05-30 10:26:15,638][root][INFO] - Epoch: 92, loss: 186.9411
[2026-05-30 10:26:15,710][root][INFO] - Epoch: 93, loss: 182.9379
[2026-05-30 10:26:15,782][root][INFO] - Epoch: 94, loss: 178.4276
[2026-05-30 10:26:15,853][root][INFO] - Epoch: 95, loss: 178.0780
[2026-05-30 10:26:15,924][root][INFO] - Epoch: 96, loss: 179.0595
[2026-05-30 10:26:15,995][root][INFO] - Epoch: 97, loss: 181.3121
[2026-05-30 10:26:16,066][root][INFO] - Epoch: 98, loss: 177.0328
[2026-05-30 10:26:16,138][root][INFO] - Epoch: 99, loss: 170.1870
[2026-05-30 10:26:16,209][root][INFO] - Epoch: 100, loss: 171.2648
[2026-05-30 10:26:16,279][root][INFO] - Epoch: 101, loss: 170.8458
[2026-05-30 10:26:16,350][root][INFO] - Epoch: 102, loss: 171.9388
[2026-05-30 10:26:16,421][root][INFO] - Epoch: 103, loss: 169.5281
[2026-05-30 10:26:16,492][root][INFO] - Epoch: 104, loss: 176.4566
[2026-05-30 10:26:16,563][root][INFO] - Epoch: 105, loss: 175.1053
[2026-05-30 10:26:16,635][root][INFO] - Epoch: 106, loss: 178.4516
[2026-05-30 10:26:16,706][root][INFO] - Epoch: 107, loss: 174.9518
[2026-05-30 10:26:16,778][root][INFO] - Epoch: 108, loss: 175.3733
[2026-05-30 10:26:16,849][root][INFO] - Epoch: 109, loss: 170.7586
[2026-05-30 10:26:16,919][root][INFO] - Epoch: 110, loss: 170.7164
[2026-05-30 10:26:16,988][root][INFO] - Epoch: 111, loss: 172.8132
[2026-05-30 10:26:17,060][root][INFO] - Epoch: 112, loss: 170.6503
[2026-05-30 10:26:17,133][root][INFO] - Epoch: 113, loss: 175.0531
[2026-05-30 10:26:17,204][root][INFO] - Epoch: 114, loss: 177.7519
[2026-05-30 10:26:17,205][root][INFO] - Early stopping at epoch: 113
[2026-05-30 10:26:17,247][root][INFO] - {'model_loss': '177.7519', 'recon_loss': '0.0000', 'triplet_loss': '177.7519'}
[2026-05-30 10:26:17,251][root][INFO] - Updating AE...
[2026-05-30 10:26:18,012][root][INFO] - Epoch: 1, loss: 200.2551
[2026-05-30 10:26:18,082][root][INFO] - Epoch: 2, loss: 98.3365
[2026-05-30 10:26:18,153][root][INFO] - Epoch: 3, loss: 86.9082
[2026-05-30 10:26:18,224][root][INFO] - Epoch: 4, loss: 81.5345
[2026-05-30 10:26:18,294][root][INFO] - Epoch: 5, loss: 79.0462
[2026-05-30 10:26:18,364][root][INFO] - Epoch: 6, loss: 76.7318
[2026-05-30 10:26:18,435][root][INFO] - Epoch: 7, loss: 74.7174
[2026-05-30 10:26:18,518][root][INFO] - Epoch: 8, loss: 73.0714
[2026-05-30 10:26:18,588][root][INFO] - Epoch: 9, loss: 71.8080
[2026-05-30 10:26:18,657][root][INFO] - Epoch: 10, loss: 71.2169
[2026-05-30 10:26:18,727][root][INFO] - Epoch: 11, loss: 70.3472
[2026-05-30 10:26:18,798][root][INFO] - Epoch: 12, loss: 70.1143
[2026-05-30 10:26:18,868][root][INFO] - Epoch: 13, loss: 68.9364
[2026-05-30 10:26:18,938][root][INFO] - Epoch: 14, loss: 68.4567
[2026-05-30 10:26:19,015][root][INFO] - Epoch: 15, loss: 67.6887
[2026-05-30 10:26:19,086][root][INFO] - Epoch: 16, loss: 67.1405
[2026-05-30 10:26:19,157][root][INFO] - Epoch: 17, loss: 66.4907
[2026-05-30 10:26:19,229][root][INFO] - Epoch: 18, loss: 65.7013
[2026-05-30 10:26:19,301][root][INFO] - Epoch: 19, loss: 65.4197
[2026-05-30 10:26:19,372][root][INFO] - Epoch: 20, loss: 64.9227
[2026-05-30 10:26:19,442][root][INFO] - Epoch: 21, loss: 64.2823
[2026-05-30 10:26:19,512][root][INFO] - Epoch: 22, loss: 63.5480
[2026-05-30 10:26:19,582][root][INFO] - Epoch: 23, loss: 63.5171
[2026-05-30 10:26:19,653][root][INFO] - Epoch: 24, loss: 62.8105
[2026-05-30 10:26:19,725][root][INFO] - Epoch: 25, loss: 62.4650
[2026-05-30 10:26:19,796][root][INFO] - Epoch: 26, loss: 62.0115
[2026-05-30 10:26:19,867][root][INFO] - Epoch: 27, loss: 61.6773
[2026-05-30 10:26:19,937][root][INFO] - Epoch: 28, loss: 61.0224
[2026-05-30 10:26:20,008][root][INFO] - Epoch: 29, loss: 60.5355
[2026-05-30 10:26:20,078][root][INFO] - Epoch: 30, loss: 59.6926
[2026-05-30 10:26:20,148][root][INFO] - Epoch: 31, loss: 59.2044
[2026-05-30 10:26:20,218][root][INFO] - Epoch: 32, loss: 58.5691
[2026-05-30 10:26:20,287][root][INFO] - Epoch: 33, loss: 58.2881
[2026-05-30 10:26:20,357][root][INFO] - Epoch: 34, loss: 58.0484
[2026-05-30 10:26:20,426][root][INFO] - Epoch: 35, loss: 56.4942
[2026-05-30 10:26:20,496][root][INFO] - Epoch: 36, loss: 56.6700
[2026-05-30 10:26:20,565][root][INFO] - Epoch: 37, loss: 57.0196
[2026-05-30 10:26:20,635][root][INFO] - Epoch: 38, loss: 56.0692
[2026-05-30 10:26:20,707][root][INFO] - Epoch: 39, loss: 55.6594
[2026-05-30 10:26:20,778][root][INFO] - Epoch: 40, loss: 54.1544
[2026-05-30 10:26:20,849][root][INFO] - Epoch: 41, loss: 53.8119
[2026-05-30 10:26:20,921][root][INFO] - Epoch: 42, loss: 53.8068
[2026-05-30 10:26:20,993][root][INFO] - Epoch: 43, loss: 52.5180
[2026-05-30 10:26:21,064][root][INFO] - Epoch: 44, loss: 52.7138
[2026-05-30 10:26:21,135][root][INFO] - Epoch: 45, loss: 52.2075
[2026-05-30 10:26:21,206][root][INFO] - Epoch: 46, loss: 51.5946
[2026-05-30 10:26:21,277][root][INFO] - Epoch: 47, loss: 51.3267
[2026-05-30 10:26:21,349][root][INFO] - Epoch: 48, loss: 52.5509
[2026-05-30 10:26:21,419][root][INFO] - Epoch: 49, loss: 51.3899
[2026-05-30 10:26:21,493][root][INFO] - Epoch: 50, loss: 50.8707
[2026-05-30 10:26:21,564][root][INFO] - Epoch: 51, loss: 50.0556
[2026-05-30 10:26:21,634][root][INFO] - Epoch: 52, loss: 49.9000
[2026-05-30 10:26:21,705][root][INFO] - Epoch: 53, loss: 48.9625
[2026-05-30 10:26:21,775][root][INFO] - Epoch: 54, loss: 48.4442
[2026-05-30 10:26:21,845][root][INFO] - Epoch: 55, loss: 49.4567
[2026-05-30 10:26:21,917][root][INFO] - Epoch: 56, loss: 50.0007
[2026-05-30 10:26:21,989][root][INFO] - Epoch: 57, loss: 55.6649
[2026-05-30 10:26:22,060][root][INFO] - Epoch: 58, loss: 54.1087
[2026-05-30 10:26:22,133][root][INFO] - Epoch: 59, loss: 53.0080
[2026-05-30 10:26:22,204][root][INFO] - Epoch: 60, loss: 51.2812
[2026-05-30 10:26:22,275][root][INFO] - Epoch: 61, loss: 51.8176
[2026-05-30 10:26:22,346][root][INFO] - Epoch: 62, loss: 48.6583
[2026-05-30 10:26:22,416][root][INFO] - Epoch: 63, loss: 48.7224
[2026-05-30 10:26:22,488][root][INFO] - Epoch: 64, loss: 46.6671
[2026-05-30 10:26:22,560][root][INFO] - Epoch: 65, loss: 46.3704
[2026-05-30 10:26:22,631][root][INFO] - Epoch: 66, loss: 45.1566
[2026-05-30 10:26:22,703][root][INFO] - Epoch: 67, loss: 45.0495
[2026-05-30 10:26:22,774][root][INFO] - Epoch: 68, loss: 43.3220
[2026-05-30 10:26:22,844][root][INFO] - Epoch: 69, loss: 42.4231
[2026-05-30 10:26:22,914][root][INFO] - Epoch: 70, loss: 42.3647
[2026-05-30 10:26:22,983][root][INFO] - Epoch: 71, loss: 43.2083
[2026-05-30 10:26:23,054][root][INFO] - Epoch: 72, loss: 42.2783
[2026-05-30 10:26:23,125][root][INFO] - Epoch: 73, loss: 42.7158
[2026-05-30 10:26:23,195][root][INFO] - Epoch: 74, loss: 40.5186
[2026-05-30 10:26:23,266][root][INFO] - Epoch: 75, loss: 41.4717
[2026-05-30 10:26:23,336][root][INFO] - Epoch: 76, loss: 43.9561
[2026-05-30 10:26:23,407][root][INFO] - Epoch: 77, loss: 45.4836
[2026-05-30 10:26:23,478][root][INFO] - Epoch: 78, loss: 43.0711
[2026-05-30 10:26:23,549][root][INFO] - Epoch: 79, loss: 40.6773
[2026-05-30 10:26:23,619][root][INFO] - Epoch: 80, loss: 39.4587
[2026-05-30 10:26:23,688][root][INFO] - Epoch: 81, loss: 42.6771
[2026-05-30 10:26:23,759][root][INFO] - Epoch: 82, loss: 41.0869
[2026-05-30 10:26:23,828][root][INFO] - Epoch: 83, loss: 39.9742
[2026-05-30 10:26:23,898][root][INFO] - Epoch: 84, loss: 40.6617
[2026-05-30 10:26:23,971][root][INFO] - Epoch: 85, loss: 39.5511
[2026-05-30 10:26:24,042][root][INFO] - Epoch: 86, loss: 40.0642
[2026-05-30 10:26:24,114][root][INFO] - Epoch: 87, loss: 40.8829
[2026-05-30 10:26:24,187][root][INFO] - Epoch: 88, loss: 37.6943
[2026-05-30 10:26:24,259][root][INFO] - Epoch: 89, loss: 37.3523
[2026-05-30 10:26:24,330][root][INFO] - Epoch: 90, loss: 37.0396
[2026-05-30 10:26:24,401][root][INFO] - Epoch: 91, loss: 35.9184
[2026-05-30 10:26:24,472][root][INFO] - Epoch: 92, loss: 35.8959
[2026-05-30 10:26:24,543][root][INFO] - Epoch: 93, loss: 37.0819
[2026-05-30 10:26:24,615][root][INFO] - Epoch: 94, loss: 36.5958
[2026-05-30 10:26:24,685][root][INFO] - Epoch: 95, loss: 35.6852
[2026-05-30 10:26:24,755][root][INFO] - Epoch: 96, loss: 34.4461
[2026-05-30 10:26:24,825][root][INFO] - Epoch: 97, loss: 42.7760
[2026-05-30 10:26:24,896][root][INFO] - Epoch: 98, loss: 47.6637
[2026-05-30 10:26:24,969][root][INFO] - Epoch: 99, loss: 43.0339
[2026-05-30 10:26:25,041][root][INFO] - Epoch: 100, loss: 38.8975
[2026-05-30 10:26:25,111][root][INFO] - Epoch: 101, loss: 36.5009
[2026-05-30 10:26:25,181][root][INFO] - Epoch: 102, loss: 36.2980
[2026-05-30 10:26:25,250][root][INFO] - Epoch: 103, loss: 35.8418
[2026-05-30 10:26:25,321][root][INFO] - Epoch: 104, loss: 36.3136
[2026-05-30 10:26:25,394][root][INFO] - Epoch: 105, loss: 34.5513
[2026-05-30 10:26:25,464][root][INFO] - Epoch: 106, loss: 33.3201
[2026-05-30 10:26:25,535][root][INFO] - Epoch: 107, loss: 32.8654
[2026-05-30 10:26:25,605][root][INFO] - Epoch: 108, loss: 33.7471
[2026-05-30 10:26:25,676][root][INFO] - Epoch: 109, loss: 33.4241
[2026-05-30 10:26:25,746][root][INFO] - Epoch: 110, loss: 34.2778
[2026-05-30 10:26:25,818][root][INFO] - Epoch: 111, loss: 33.7036
[2026-05-30 10:26:25,889][root][INFO] - Epoch: 112, loss: 32.8373
[2026-05-30 10:26:25,960][root][INFO] - Epoch: 113, loss: 30.8380
[2026-05-30 10:26:26,031][root][INFO] - Epoch: 114, loss: 31.9303
[2026-05-30 10:26:26,101][root][INFO] - Epoch: 115, loss: 31.8235
[2026-05-30 10:26:26,171][root][INFO] - Epoch: 116, loss: 29.7753
[2026-05-30 10:26:26,242][root][INFO] - Epoch: 117, loss: 29.0446
[2026-05-30 10:26:26,313][root][INFO] - Epoch: 118, loss: 28.9020
[2026-05-30 10:26:26,384][root][INFO] - Epoch: 119, loss: 30.3633
[2026-05-30 10:26:26,456][root][INFO] - Epoch: 120, loss: 35.7575
[2026-05-30 10:26:26,527][root][INFO] - Epoch: 121, loss: 32.4799
[2026-05-30 10:26:26,599][root][INFO] - Epoch: 122, loss: 30.1046
[2026-05-30 10:26:26,671][root][INFO] - Epoch: 123, loss: 30.5997
[2026-05-30 10:26:26,742][root][INFO] - Epoch: 124, loss: 32.4513
[2026-05-30 10:26:26,812][root][INFO] - Epoch: 125, loss: 31.0008
[2026-05-30 10:26:26,883][root][INFO] - Epoch: 126, loss: 30.2290
[2026-05-30 10:26:26,955][root][INFO] - Epoch: 127, loss: 28.0151
[2026-05-30 10:26:27,027][root][INFO] - Epoch: 128, loss: 28.3512
[2026-05-30 10:26:27,097][root][INFO] - Epoch: 129, loss: 27.2063
[2026-05-30 10:26:27,167][root][INFO] - Epoch: 130, loss: 27.2453
[2026-05-30 10:26:27,235][root][INFO] - Epoch: 131, loss: 28.4148
[2026-05-30 10:26:27,306][root][INFO] - Epoch: 132, loss: 27.8453
[2026-05-30 10:26:27,378][root][INFO] - Epoch: 133, loss: 27.7244
[2026-05-30 10:26:27,450][root][INFO] - Epoch: 134, loss: 29.7624
[2026-05-30 10:26:27,521][root][INFO] - Epoch: 135, loss: 27.2541
[2026-05-30 10:26:27,593][root][INFO] - Epoch: 136, loss: 25.7302
[2026-05-30 10:26:27,666][root][INFO] - Epoch: 137, loss: 25.5656
[2026-05-30 10:26:27,738][root][INFO] - Epoch: 138, loss: 25.6999
[2026-05-30 10:26:27,810][root][INFO] - Epoch: 139, loss: 27.6760
[2026-05-30 10:26:27,881][root][INFO] - Epoch: 140, loss: 32.8203
[2026-05-30 10:26:27,952][root][INFO] - Epoch: 141, loss: 29.1254
[2026-05-30 10:26:28,023][root][INFO] - Epoch: 142, loss: 28.8394
[2026-05-30 10:26:28,093][root][INFO] - Epoch: 143, loss: 26.6249
[2026-05-30 10:26:28,163][root][INFO] - Epoch: 144, loss: 27.5008
[2026-05-30 10:26:28,235][root][INFO] - Epoch: 145, loss: 29.2714
[2026-05-30 10:26:28,307][root][INFO] - Epoch: 146, loss: 27.2986
[2026-05-30 10:26:28,379][root][INFO] - Epoch: 147, loss: 28.5299
[2026-05-30 10:26:28,453][root][INFO] - Epoch: 148, loss: 28.7409
[2026-05-30 10:26:28,453][root][INFO] - Early stopping at epoch: 147
[2026-05-30 10:26:28,496][root][INFO] - {'model_loss': '28.7409', 'recon_loss': '0.0000', 'triplet_loss': '28.7409'}
[2026-05-30 10:26:28,500][root][INFO] - Generation 90/400 - Time: 0.00 seconds
[2026-05-30 10:26:28,501][root][INFO] - {'coverage': '100.00', 'max_fitness': '-12.38', 'passive_coverage': '29.98', 'passive_max_fitness': '-12.38', 'passive_mean_fitness': '-55.52', 'passive_qd_score': '26372.17', 'qd_score': '88935.60', 'mean_fitness_top_k': '-29.36'}
[2026-05-30 10:26:29,650][root][INFO] - Generation 91/400 - Time: 0.00 seconds
[2026-05-30 10:26:29,651][root][INFO] - {'coverage': '100.00', 'max_fitness': '-12.38', 'passive_coverage': '30.57', 'passive_max_fitness': '-12.38', 'passive_mean_fitness': '-55.65', 'passive_qd_score': '26847.92', 'qd_score': '82437.72', 'mean_fitness_top_k': '-29.66'}
[2026-05-30 10:26:30,781][root][INFO] - Generation 92/400 - Time: 0.00 seconds
[2026-05-30 10:26:30,782][root][INFO] - {'coverage': '100.00', 'max_fitness': '-12.38', 'passive_coverage': '30.96', 'passive_max_fitness': '-12.38', 'passive_mean_fitness': '-55.81', 'passive_qd_score': '27138.63', 'qd_score': '81740.01', 'mean_fitness_top_k': '-29.43'}
[2026-05-30 10:26:31,956][root][INFO] - Generation 93/400 - Time: 0.00 seconds
[2026-05-30 10:26:31,957][root][INFO] - {'coverage': '100.00', 'max_fitness': '-12.38', 'passive_coverage': '31.15', 'passive_max_fitness': '-12.38', 'passive_mean_fitness': '-55.79', 'passive_qd_score': '27316.32', 'qd_score': '81433.05', 'mean_fitness_top_k': '-29.76'}
[2026-05-30 10:26:33,144][root][INFO] - Generation 94/400 - Time: 0.00 seconds
[2026-05-30 10:26:33,145][root][INFO] - {'coverage': '100.00', 'max_fitness': '-12.38', 'passive_coverage': '31.15', 'passive_max_fitness': '-12.38', 'passive_mean_fitness': '-55.78', 'passive_qd_score': '27318.99', 'qd_score': '82007.70', 'mean_fitness_top_k': '-29.62'}
[2026-05-30 10:26:34,327][root][INFO] - Generation 95/400 - Time: 0.00 seconds
[2026-05-30 10:26:34,329][root][INFO] - {'coverage': '100.00', 'max_fitness': '-12.38', 'passive_coverage': '31.54', 'passive_max_fitness': '-12.38', 'passive_mean_fitness': '-55.84', 'passive_qd_score': '27641.91', 'qd_score': '82264.41', 'mean_fitness_top_k': '-29.28'}
[2026-05-30 10:26:35,499][root][INFO] - Generation 96/400 - Time: 0.00 seconds
[2026-05-30 10:26:35,500][root][INFO] - {'coverage': '100.00', 'max_fitness': '-12.38', 'passive_coverage': '31.84', 'passive_max_fitness': '-12.38', 'passive_mean_fitness': '-55.78', 'passive_qd_score': '27920.25', 'qd_score': '82393.36', 'mean_fitness_top_k': '-28.96'}
[2026-05-30 10:26:36,663][root][INFO] - Generation 97/400 - Time: 0.00 seconds
[2026-05-30 10:26:36,664][root][INFO] - {'coverage': '100.00', 'max_fitness': '-12.38', 'passive_coverage': '31.93', 'passive_max_fitness': '-12.38', 'passive_mean_fitness': '-55.71', 'passive_qd_score': '28029.01', 'qd_score': '82534.52', 'mean_fitness_top_k': '-28.95'}
[2026-05-30 10:26:37,791][root][INFO] - Generation 98/400 - Time: 0.00 seconds
[2026-05-30 10:26:37,792][root][INFO] - {'coverage': '100.00', 'max_fitness': '-12.38', 'passive_coverage': '32.03', 'passive_max_fitness': '-12.38', 'passive_mean_fitness': '-55.78', 'passive_qd_score': '28091.37', 'qd_score': '82731.67', 'mean_fitness_top_k': '-28.92'}
[2026-05-30 10:26:38,811][root][INFO] - Generation 99/400 - Time: 0.00 seconds
[2026-05-30 10:26:38,812][root][INFO] - {'coverage': '100.00', 'max_fitness': '-12.38', 'passive_coverage': '32.13', 'passive_max_fitness': '-12.38', 'passive_mean_fitness': '-55.85', 'passive_qd_score': '28153.22', 'qd_score': '82460.16', 'mean_fitness_top_k': '-28.83'}
[2026-05-30 10:26:39,802][root][INFO] - Generation 100/400 - Time: 0.00 seconds
[2026-05-30 10:26:39,803][root][INFO] - {'coverage': '100.00', 'max_fitness': '-12.38', 'passive_coverage': '32.23', 'passive_max_fitness': '-12.38', 'passive_mean_fitness': '-55.88', 'passive_qd_score': '28227.79', 'qd_score': '82648.38', 'mean_fitness_top_k': '-29.17'}
[2026-05-30 10:26:40,783][root][INFO] - Generation 101/400 - Time: 0.00 seconds
[2026-05-30 10:26:40,784][root][INFO] - {'coverage': '100.00', 'max_fitness': '-12.38', 'passive_coverage': '32.23', 'passive_max_fitness': '-12.38', 'passive_mean_fitness': '-55.87', 'passive_qd_score': '28231.11', 'qd_score': '82811.75', 'mean_fitness_top_k': '-29.25'}
[2026-05-30 10:26:41,857][root][INFO] - Generation 102/400 - Time: 0.00 seconds
[2026-05-30 10:26:41,858][root][INFO] - {'coverage': '100.00', 'max_fitness': '-12.38', 'passive_coverage': '32.23', 'passive_max_fitness': '-12.38', 'passive_mean_fitness': '-55.87', 'passive_qd_score': '28231.46', 'qd_score': '82785.15', 'mean_fitness_top_k': '-29.26'}
[2026-05-30 10:26:43,003][root][INFO] - Generation 103/400 - Time: 0.00 seconds
[2026-05-30 10:26:43,004][root][INFO] - {'coverage': '100.00', 'max_fitness': '-12.38', 'passive_coverage': '32.23', 'passive_max_fitness': '-12.38', 'passive_mean_fitness': '-55.87', 'passive_qd_score': '28233.02', 'qd_score': '83159.04', 'mean_fitness_top_k': '-29.11'}
[2026-05-30 10:26:44,135][root][INFO] - Generation 104/400 - Time: 0.00 seconds
[2026-05-30 10:26:44,135][root][INFO] - {'coverage': '100.00', 'max_fitness': '-12.38', 'passive_coverage': '32.42', 'passive_max_fitness': '-12.38', 'passive_mean_fitness': '-55.95', 'passive_qd_score': '28377.79', 'qd_score': '82957.59', 'mean_fitness_top_k': '-29.32'}
[2026-05-30 10:26:45,285][root][INFO] - Generation 105/400 - Time: 0.00 seconds
[2026-05-30 10:26:45,286][root][INFO] - {'coverage': '100.00', 'max_fitness': '-12.38', 'passive_coverage': '32.62', 'passive_max_fitness': '-12.38', 'passive_mean_fitness': '-55.86', 'passive_qd_score': '28578.45', 'qd_score': '83758.62', 'mean_fitness_top_k': '-28.97'}
[2026-05-30 10:26:46,431][root][INFO] - Generation 106/400 - Time: 0.00 seconds
[2026-05-30 10:26:46,432][root][INFO] - {'coverage': '100.00', 'max_fitness': '-12.38', 'passive_coverage': '32.62', 'passive_max_fitness': '-12.38', 'passive_mean_fitness': '-55.85', 'passive_qd_score': '28579.38', 'qd_score': '83880.98', 'mean_fitness_top_k': '-29.00'}
[2026-05-30 10:26:47,497][root][INFO] - Generation 107/400 - Time: 0.00 seconds
[2026-05-30 10:26:47,498][root][INFO] - {'coverage': '100.00', 'max_fitness': '-12.38', 'passive_coverage': '32.71', 'passive_max_fitness': '-12.38', 'passive_mean_fitness': '-55.91', 'passive_qd_score': '28646.49', 'qd_score': '84005.52', 'mean_fitness_top_k': '-28.41'}
[2026-05-30 10:26:48,588][root][INFO] - Generation 108/400 - Time: 0.00 seconds
[2026-05-30 10:26:48,589][root][INFO] - {'coverage': '100.00', 'max_fitness': '-12.38', 'passive_coverage': '32.71', 'passive_max_fitness': '-12.38', 'passive_mean_fitness': '-55.90', 'passive_qd_score': '28649.97', 'qd_score': '83914.64', 'mean_fitness_top_k': '-28.64'}
[2026-05-30 10:26:49,634][root][INFO] - Generation 109/400 - Time: 0.00 seconds
[2026-05-30 10:26:49,636][root][INFO] - {'coverage': '100.00', 'max_fitness': '-12.38', 'passive_coverage': '33.11', 'passive_max_fitness': '-12.38', 'passive_mean_fitness': '-55.71', 'passive_qd_score': '29055.82', 'qd_score': '84206.00', 'mean_fitness_top_k': '-29.00'}
[2026-05-30 10:26:50,625][root][INFO] - Updating AE...
[2026-05-30 10:26:51,369][root][INFO] - Epoch: 1, loss: 642.5260
[2026-05-30 10:26:51,439][root][INFO] - Epoch: 2, loss: 562.0865
[2026-05-30 10:26:51,509][root][INFO] - Epoch: 3, loss: 556.0683
[2026-05-30 10:26:51,579][root][INFO] - Epoch: 4, loss: 542.6986
[2026-05-30 10:26:51,650][root][INFO] - Epoch: 5, loss: 532.9830
[2026-05-30 10:26:51,720][root][INFO] - Epoch: 6, loss: 523.1255
[2026-05-30 10:26:51,791][root][INFO] - Epoch: 7, loss: 512.1671
[2026-05-30 10:26:51,863][root][INFO] - Epoch: 8, loss: 504.0486
[2026-05-30 10:26:51,937][root][INFO] - Epoch: 9, loss: 496.1453
[2026-05-30 10:26:52,007][root][INFO] - Epoch: 10, loss: 489.3776
[2026-05-30 10:26:52,079][root][INFO] - Epoch: 11, loss: 476.0785
[2026-05-30 10:26:52,150][root][INFO] - Epoch: 12, loss: 467.2841
[2026-05-30 10:26:52,221][root][INFO] - Epoch: 13, loss: 460.4565
[2026-05-30 10:26:52,292][root][INFO] - Epoch: 14, loss: 466.2439
[2026-05-30 10:26:52,363][root][INFO] - Epoch: 15, loss: 468.9155
[2026-05-30 10:26:52,435][root][INFO] - Epoch: 16, loss: 473.9460
[2026-05-30 10:26:52,507][root][INFO] - Epoch: 17, loss: 459.5525
[2026-05-30 10:26:52,578][root][INFO] - Epoch: 18, loss: 453.4975
[2026-05-30 10:26:52,650][root][INFO] - Epoch: 19, loss: 441.7711
[2026-05-30 10:26:52,720][root][INFO] - Epoch: 20, loss: 444.8599
[2026-05-30 10:26:52,792][root][INFO] - Epoch: 21, loss: 434.8290
[2026-05-30 10:26:52,863][root][INFO] - Epoch: 22, loss: 438.2824
[2026-05-30 10:26:52,934][root][INFO] - Epoch: 23, loss: 429.4187
[2026-05-30 10:26:53,006][root][INFO] - Epoch: 24, loss: 419.8372
[2026-05-30 10:26:53,078][root][INFO] - Epoch: 25, loss: 416.4769
[2026-05-30 10:26:53,149][root][INFO] - Epoch: 26, loss: 410.3609
[2026-05-30 10:26:53,219][root][INFO] - Epoch: 27, loss: 406.2531
[2026-05-30 10:26:53,290][root][INFO] - Epoch: 28, loss: 395.6551
[2026-05-30 10:26:53,361][root][INFO] - Epoch: 29, loss: 389.6520
[2026-05-30 10:26:53,432][root][INFO] - Epoch: 30, loss: 386.4621
[2026-05-30 10:26:53,503][root][INFO] - Epoch: 31, loss: 379.9514
[2026-05-30 10:26:53,575][root][INFO] - Epoch: 32, loss: 381.6123
[2026-05-30 10:26:53,647][root][INFO] - Epoch: 33, loss: 381.4566
[2026-05-30 10:26:53,720][root][INFO] - Epoch: 34, loss: 375.9340
[2026-05-30 10:26:53,792][root][INFO] - Epoch: 35, loss: 366.2413
[2026-05-30 10:26:53,860][root][INFO] - Epoch: 36, loss: 372.5132
[2026-05-30 10:26:53,932][root][INFO] - Epoch: 37, loss: 360.2197
[2026-05-30 10:26:54,002][root][INFO] - Epoch: 38, loss: 357.5201
[2026-05-30 10:26:54,071][root][INFO] - Epoch: 39, loss: 354.3296
[2026-05-30 10:26:54,142][root][INFO] - Epoch: 40, loss: 349.7610
[2026-05-30 10:26:54,212][root][INFO] - Epoch: 41, loss: 345.0942
[2026-05-30 10:26:54,282][root][INFO] - Epoch: 42, loss: 346.7949
[2026-05-30 10:26:54,360][root][INFO] - Epoch: 43, loss: 346.9073
[2026-05-30 10:26:54,431][root][INFO] - Epoch: 44, loss: 341.4962
[2026-05-30 10:26:54,501][root][INFO] - Epoch: 45, loss: 348.9435
[2026-05-30 10:26:54,570][root][INFO] - Epoch: 46, loss: 336.3816
[2026-05-30 10:26:54,640][root][INFO] - Epoch: 47, loss: 336.6425
[2026-05-30 10:26:54,709][root][INFO] - Epoch: 48, loss: 348.5088
[2026-05-30 10:26:54,779][root][INFO] - Epoch: 49, loss: 340.5222
[2026-05-30 10:26:54,850][root][INFO] - Epoch: 50, loss: 331.1678
[2026-05-30 10:26:54,921][root][INFO] - Epoch: 51, loss: 333.9766
[2026-05-30 10:26:54,992][root][INFO] - Epoch: 52, loss: 330.3072
[2026-05-30 10:26:55,063][root][INFO] - Epoch: 53, loss: 326.3338
[2026-05-30 10:26:55,135][root][INFO] - Epoch: 54, loss: 329.7308
[2026-05-30 10:26:55,206][root][INFO] - Epoch: 55, loss: 320.2540
[2026-05-30 10:26:55,277][root][INFO] - Epoch: 56, loss: 326.4507
[2026-05-30 10:26:55,347][root][INFO] - Epoch: 57, loss: 318.0071
[2026-05-30 10:26:55,419][root][INFO] - Epoch: 58, loss: 327.3863
[2026-05-30 10:26:55,489][root][INFO] - Epoch: 59, loss: 317.8470
[2026-05-30 10:26:55,560][root][INFO] - Epoch: 60, loss: 312.9459
[2026-05-30 10:26:55,631][root][INFO] - Epoch: 61, loss: 312.8865
[2026-05-30 10:26:55,704][root][INFO] - Epoch: 62, loss: 308.3730
[2026-05-30 10:26:55,775][root][INFO] - Epoch: 63, loss: 323.0219
[2026-05-30 10:26:55,847][root][INFO] - Epoch: 64, loss: 326.6783
[2026-05-30 10:26:55,918][root][INFO] - Epoch: 65, loss: 322.6646
[2026-05-30 10:26:55,989][root][INFO] - Epoch: 66, loss: 320.3547
[2026-05-30 10:26:56,060][root][INFO] - Epoch: 67, loss: 300.7647
[2026-05-30 10:26:56,132][root][INFO] - Epoch: 68, loss: 303.5473
[2026-05-30 10:26:56,203][root][INFO] - Epoch: 69, loss: 301.5156
[2026-05-30 10:26:56,274][root][INFO] - Epoch: 70, loss: 295.8793
[2026-05-30 10:26:56,346][root][INFO] - Epoch: 71, loss: 288.1219
[2026-05-30 10:26:56,417][root][INFO] - Epoch: 72, loss: 285.7735
[2026-05-30 10:26:56,488][root][INFO] - Epoch: 73, loss: 282.8602
[2026-05-30 10:26:56,559][root][INFO] - Epoch: 74, loss: 289.2173
[2026-05-30 10:26:56,630][root][INFO] - Epoch: 75, loss: 284.1622
[2026-05-30 10:26:56,701][root][INFO] - Epoch: 76, loss: 282.2199
[2026-05-30 10:26:56,772][root][INFO] - Epoch: 77, loss: 284.4692
[2026-05-30 10:26:56,844][root][INFO] - Epoch: 78, loss: 290.7705
[2026-05-30 10:26:56,916][root][INFO] - Epoch: 79, loss: 286.7000
[2026-05-30 10:26:56,987][root][INFO] - Epoch: 80, loss: 287.4487
[2026-05-30 10:26:57,058][root][INFO] - Epoch: 81, loss: 279.1334
[2026-05-30 10:26:57,128][root][INFO] - Epoch: 82, loss: 280.7410
[2026-05-30 10:26:57,199][root][INFO] - Epoch: 83, loss: 280.2200
[2026-05-30 10:26:57,270][root][INFO] - Epoch: 84, loss: 279.4769
[2026-05-30 10:26:57,341][root][INFO] - Epoch: 85, loss: 270.4449
[2026-05-30 10:26:57,413][root][INFO] - Epoch: 86, loss: 276.4030
[2026-05-30 10:26:57,484][root][INFO] - Epoch: 87, loss: 275.4670
[2026-05-30 10:26:57,555][root][INFO] - Epoch: 88, loss: 278.1406
[2026-05-30 10:26:57,626][root][INFO] - Epoch: 89, loss: 288.4339
[2026-05-30 10:26:57,696][root][INFO] - Epoch: 90, loss: 270.1154
[2026-05-30 10:26:57,767][root][INFO] - Epoch: 91, loss: 263.0062
[2026-05-30 10:26:57,837][root][INFO] - Epoch: 92, loss: 259.7751
[2026-05-30 10:26:57,907][root][INFO] - Epoch: 93, loss: 263.8817
[2026-05-30 10:26:57,979][root][INFO] - Epoch: 94, loss: 260.7200
[2026-05-30 10:26:58,052][root][INFO] - Epoch: 95, loss: 261.0682
[2026-05-30 10:26:58,123][root][INFO] - Epoch: 96, loss: 257.2539
[2026-05-30 10:26:58,194][root][INFO] - Epoch: 97, loss: 271.4107
[2026-05-30 10:26:58,264][root][INFO] - Epoch: 98, loss: 271.9901
[2026-05-30 10:26:58,335][root][INFO] - Epoch: 99, loss: 267.5284
[2026-05-30 10:26:58,406][root][INFO] - Epoch: 100, loss: 262.4075
[2026-05-30 10:26:58,480][root][INFO] - Epoch: 101, loss: 254.1784
[2026-05-30 10:26:58,552][root][INFO] - Epoch: 102, loss: 257.6984
[2026-05-30 10:26:58,623][root][INFO] - Epoch: 103, loss: 269.3331
[2026-05-30 10:26:58,695][root][INFO] - Epoch: 104, loss: 277.7619
[2026-05-30 10:26:58,771][root][INFO] - Epoch: 105, loss: 259.1288
[2026-05-30 10:26:58,844][root][INFO] - Epoch: 106, loss: 257.1384
[2026-05-30 10:26:58,915][root][INFO] - Epoch: 107, loss: 257.5005
[2026-05-30 10:26:58,986][root][INFO] - Epoch: 108, loss: 266.5792
[2026-05-30 10:26:59,056][root][INFO] - Epoch: 109, loss: 264.1205
[2026-05-30 10:26:59,127][root][INFO] - Epoch: 110, loss: 269.0665
[2026-05-30 10:26:59,197][root][INFO] - Epoch: 111, loss: 252.1212
[2026-05-30 10:26:59,267][root][INFO] - Epoch: 112, loss: 257.7755
[2026-05-30 10:26:59,337][root][INFO] - Epoch: 113, loss: 249.2155
[2026-05-30 10:26:59,408][root][INFO] - Epoch: 114, loss: 311.4233
[2026-05-30 10:26:59,479][root][INFO] - Epoch: 115, loss: 370.8754
[2026-05-30 10:26:59,551][root][INFO] - Epoch: 116, loss: 348.8384
[2026-05-30 10:26:59,622][root][INFO] - Epoch: 117, loss: 332.8654
[2026-05-30 10:26:59,692][root][INFO] - Epoch: 118, loss: 319.0056
[2026-05-30 10:26:59,763][root][INFO] - Epoch: 119, loss: 305.4747
[2026-05-30 10:26:59,835][root][INFO] - Epoch: 120, loss: 292.1184
[2026-05-30 10:26:59,905][root][INFO] - Epoch: 121, loss: 283.3534
[2026-05-30 10:26:59,976][root][INFO] - Epoch: 122, loss: 271.4839
[2026-05-30 10:27:00,048][root][INFO] - Epoch: 123, loss: 265.6190
[2026-05-30 10:27:00,118][root][INFO] - Epoch: 124, loss: 258.6883
[2026-05-30 10:27:00,119][root][INFO] - Early stopping at epoch: 123
[2026-05-30 10:27:00,158][root][INFO] - {'model_loss': '258.6883', 'recon_loss': '0.0000', 'triplet_loss': '258.6883'}
[2026-05-30 10:27:00,162][root][INFO] - Updating AE...
[2026-05-30 10:27:00,915][root][INFO] - Epoch: 1, loss: 332.7099
[2026-05-30 10:27:00,983][root][INFO] - Epoch: 2, loss: 178.3481
[2026-05-30 10:27:01,052][root][INFO] - Epoch: 3, loss: 126.1183
[2026-05-30 10:27:01,122][root][INFO] - Epoch: 4, loss: 99.3419
[2026-05-30 10:27:01,193][root][INFO] - Epoch: 5, loss: 90.8142
[2026-05-30 10:27:01,262][root][INFO] - Epoch: 6, loss: 86.0595
[2026-05-30 10:27:01,333][root][INFO] - Epoch: 7, loss: 83.0819
[2026-05-30 10:27:01,404][root][INFO] - Epoch: 8, loss: 80.8844
[2026-05-30 10:27:01,476][root][INFO] - Epoch: 9, loss: 79.4963
[2026-05-30 10:27:01,546][root][INFO] - Epoch: 10, loss: 78.4309
[2026-05-30 10:27:01,618][root][INFO] - Epoch: 11, loss: 77.3678
[2026-05-30 10:27:01,689][root][INFO] - Epoch: 12, loss: 76.5110
[2026-05-30 10:27:01,760][root][INFO] - Epoch: 13, loss: 75.5811
[2026-05-30 10:27:01,831][root][INFO] - Epoch: 14, loss: 74.8331
[2026-05-30 10:27:01,905][root][INFO] - Epoch: 15, loss: 73.8734
[2026-05-30 10:27:01,976][root][INFO] - Epoch: 16, loss: 73.1592
[2026-05-30 10:27:02,047][root][INFO] - Epoch: 17, loss: 72.2688
[2026-05-30 10:27:02,118][root][INFO] - Epoch: 18, loss: 71.6347
[2026-05-30 10:27:02,189][root][INFO] - Epoch: 19, loss: 71.0660
[2026-05-30 10:27:02,262][root][INFO] - Epoch: 20, loss: 70.6391
[2026-05-30 10:27:02,333][root][INFO] - Epoch: 21, loss: 69.9777
[2026-05-30 10:27:02,405][root][INFO] - Epoch: 22, loss: 69.4408
[2026-05-30 10:27:02,476][root][INFO] - Epoch: 23, loss: 68.9324
[2026-05-30 10:27:02,548][root][INFO] - Epoch: 24, loss: 68.6147
[2026-05-30 10:27:02,620][root][INFO] - Epoch: 25, loss: 68.2378
[2026-05-30 10:27:02,691][root][INFO] - Epoch: 26, loss: 67.7520
[2026-05-30 10:27:02,764][root][INFO] - Epoch: 27, loss: 67.3608
[2026-05-30 10:27:02,835][root][INFO] - Epoch: 28, loss: 67.0361
[2026-05-30 10:27:02,907][root][INFO] - Epoch: 29, loss: 66.7729
[2026-05-30 10:27:02,977][root][INFO] - Epoch: 30, loss: 66.4427
[2026-05-30 10:27:03,049][root][INFO] - Epoch: 31, loss: 66.0448
[2026-05-30 10:27:03,121][root][INFO] - Epoch: 32, loss: 65.7749
[2026-05-30 10:27:03,192][root][INFO] - Epoch: 33, loss: 65.3703
[2026-05-30 10:27:03,264][root][INFO] - Epoch: 34, loss: 64.9417
[2026-05-30 10:27:03,335][root][INFO] - Epoch: 35, loss: 64.8680
[2026-05-30 10:27:03,406][root][INFO] - Epoch: 36, loss: 64.4049
[2026-05-30 10:27:03,477][root][INFO] - Epoch: 37, loss: 64.1407
[2026-05-30 10:27:03,549][root][INFO] - Epoch: 38, loss: 63.8662
[2026-05-30 10:27:03,621][root][INFO] - Epoch: 39, loss: 63.5928
[2026-05-30 10:27:03,692][root][INFO] - Epoch: 40, loss: 63.4448
[2026-05-30 10:27:03,763][root][INFO] - Epoch: 41, loss: 63.3114
[2026-05-30 10:27:03,835][root][INFO] - Epoch: 42, loss: 63.1124
[2026-05-30 10:27:03,907][root][INFO] - Epoch: 43, loss: 63.3165
[2026-05-30 10:27:03,979][root][INFO] - Epoch: 44, loss: 62.4790
[2026-05-30 10:27:04,050][root][INFO] - Epoch: 45, loss: 62.4005
[2026-05-30 10:27:04,121][root][INFO] - Epoch: 46, loss: 62.1080
[2026-05-30 10:27:04,193][root][INFO] - Epoch: 47, loss: 61.9006
[2026-05-30 10:27:04,265][root][INFO] - Epoch: 48, loss: 61.8653
[2026-05-30 10:27:04,337][root][INFO] - Epoch: 49, loss: 61.6167
[2026-05-30 10:27:04,408][root][INFO] - Epoch: 50, loss: 61.2426
[2026-05-30 10:27:04,480][root][INFO] - Epoch: 51, loss: 61.0498
[2026-05-30 10:27:04,552][root][INFO] - Epoch: 52, loss: 60.6859
[2026-05-30 10:27:04,624][root][INFO] - Epoch: 53, loss: 60.5805
[2026-05-30 10:27:04,695][root][INFO] - Epoch: 54, loss: 60.1938
[2026-05-30 10:27:04,766][root][INFO] - Epoch: 55, loss: 60.0392
[2026-05-30 10:27:04,838][root][INFO] - Epoch: 56, loss: 59.8432
[2026-05-30 10:27:04,909][root][INFO] - Epoch: 57, loss: 59.6577
[2026-05-30 10:27:04,981][root][INFO] - Epoch: 58, loss: 59.6049
[2026-05-30 10:27:05,052][root][INFO] - Epoch: 59, loss: 59.3777
[2026-05-30 10:27:05,124][root][INFO] - Epoch: 60, loss: 58.7898
[2026-05-30 10:27:05,195][root][INFO] - Epoch: 61, loss: 58.7214
[2026-05-30 10:27:05,268][root][INFO] - Epoch: 62, loss: 58.5497
[2026-05-30 10:27:05,340][root][INFO] - Epoch: 63, loss: 58.3825
[2026-05-30 10:27:05,412][root][INFO] - Epoch: 64, loss: 57.9703
[2026-05-30 10:27:05,482][root][INFO] - Epoch: 65, loss: 57.9620
[2026-05-30 10:27:05,554][root][INFO] - Epoch: 66, loss: 57.8144
[2026-05-30 10:27:05,625][root][INFO] - Epoch: 67, loss: 57.6761
[2026-05-30 10:27:05,696][root][INFO] - Epoch: 68, loss: 57.4048
[2026-05-30 10:27:05,768][root][INFO] - Epoch: 69, loss: 58.0561
[2026-05-30 10:27:05,840][root][INFO] - Epoch: 70, loss: 58.3082
[2026-05-30 10:27:05,912][root][INFO] - Epoch: 71, loss: 57.3468
[2026-05-30 10:27:05,984][root][INFO] - Epoch: 72, loss: 57.4433
[2026-05-30 10:27:06,056][root][INFO] - Epoch: 73, loss: 56.9109
[2026-05-30 10:27:06,128][root][INFO] - Epoch: 74, loss: 56.7668
[2026-05-30 10:27:06,199][root][INFO] - Epoch: 75, loss: 56.1145
[2026-05-30 10:27:06,272][root][INFO] - Epoch: 76, loss: 56.2733
[2026-05-30 10:27:06,344][root][INFO] - Epoch: 77, loss: 56.0051
[2026-05-30 10:27:06,415][root][INFO] - Epoch: 78, loss: 55.7716
[2026-05-30 10:27:06,486][root][INFO] - Epoch: 79, loss: 55.4646
[2026-05-30 10:27:06,558][root][INFO] - Epoch: 80, loss: 55.6894
[2026-05-30 10:27:06,629][root][INFO] - Epoch: 81, loss: 55.8872
[2026-05-30 10:27:06,700][root][INFO] - Epoch: 82, loss: 55.1499
[2026-05-30 10:27:06,771][root][INFO] - Epoch: 83, loss: 54.9848
[2026-05-30 10:27:06,843][root][INFO] - Epoch: 84, loss: 55.3281
[2026-05-30 10:27:06,914][root][INFO] - Epoch: 85, loss: 55.3884
[2026-05-30 10:27:06,986][root][INFO] - Epoch: 86, loss: 55.0783
[2026-05-30 10:27:07,057][root][INFO] - Epoch: 87, loss: 55.1503
[2026-05-30 10:27:07,129][root][INFO] - Epoch: 88, loss: 54.5659
[2026-05-30 10:27:07,201][root][INFO] - Epoch: 89, loss: 54.3062
[2026-05-30 10:27:07,273][root][INFO] - Epoch: 90, loss: 54.8907
[2026-05-30 10:27:07,344][root][INFO] - Epoch: 91, loss: 53.9431
[2026-05-30 10:27:07,415][root][INFO] - Epoch: 92, loss: 54.0173
[2026-05-30 10:27:07,487][root][INFO] - Epoch: 93, loss: 53.4272
[2026-05-30 10:27:07,558][root][INFO] - Epoch: 94, loss: 53.5751
[2026-05-30 10:27:07,630][root][INFO] - Epoch: 95, loss: 53.4466
[2026-05-30 10:27:07,701][root][INFO] - Epoch: 96, loss: 53.4683
[2026-05-30 10:27:07,773][root][INFO] - Epoch: 97, loss: 53.3600
[2026-05-30 10:27:07,844][root][INFO] - Epoch: 98, loss: 53.2481
[2026-05-30 10:27:07,916][root][INFO] - Epoch: 99, loss: 53.6777
[2026-05-30 10:27:07,987][root][INFO] - Epoch: 100, loss: 52.6955
[2026-05-30 10:27:08,058][root][INFO] - Epoch: 101, loss: 52.6699
[2026-05-30 10:27:08,130][root][INFO] - Epoch: 102, loss: 52.5386
[2026-05-30 10:27:08,201][root][INFO] - Epoch: 103, loss: 52.3042
[2026-05-30 10:27:08,273][root][INFO] - Epoch: 104, loss: 52.2196
[2026-05-30 10:27:08,343][root][INFO] - Epoch: 105, loss: 52.1990
[2026-05-30 10:27:08,415][root][INFO] - Epoch: 106, loss: 52.0052
[2026-05-30 10:27:08,487][root][INFO] - Epoch: 107, loss: 52.0754
[2026-05-30 10:27:08,559][root][INFO] - Epoch: 108, loss: 51.8508
[2026-05-30 10:27:08,631][root][INFO] - Epoch: 109, loss: 51.4502
[2026-05-30 10:27:08,703][root][INFO] - Epoch: 110, loss: 51.4847
[2026-05-30 10:27:08,775][root][INFO] - Epoch: 111, loss: 51.3619
[2026-05-30 10:27:08,847][root][INFO] - Epoch: 112, loss: 51.4364
[2026-05-30 10:27:08,918][root][INFO] - Epoch: 113, loss: 52.1739
[2026-05-30 10:27:08,991][root][INFO] - Epoch: 114, loss: 52.3448
[2026-05-30 10:27:09,064][root][INFO] - Epoch: 115, loss: 51.9354
[2026-05-30 10:27:09,137][root][INFO] - Epoch: 116, loss: 51.1611
[2026-05-30 10:27:09,209][root][INFO] - Epoch: 117, loss: 50.9566
[2026-05-30 10:27:09,281][root][INFO] - Epoch: 118, loss: 51.5562
[2026-05-30 10:27:09,352][root][INFO] - Epoch: 119, loss: 51.5662
[2026-05-30 10:27:09,424][root][INFO] - Epoch: 120, loss: 51.6210
[2026-05-30 10:27:09,495][root][INFO] - Epoch: 121, loss: 51.3664
[2026-05-30 10:27:09,567][root][INFO] - Epoch: 122, loss: 50.2101
[2026-05-30 10:27:09,639][root][INFO] - Epoch: 123, loss: 50.2029
[2026-05-30 10:27:09,711][root][INFO] - Epoch: 124, loss: 50.0606
[2026-05-30 10:27:09,782][root][INFO] - Epoch: 125, loss: 50.3963
[2026-05-30 10:27:09,853][root][INFO] - Epoch: 126, loss: 49.6993
[2026-05-30 10:27:09,924][root][INFO] - Epoch: 127, loss: 49.5962
[2026-05-30 10:27:09,996][root][INFO] - Epoch: 128, loss: 49.3320
[2026-05-30 10:27:10,068][root][INFO] - Epoch: 129, loss: 49.5845
[2026-05-30 10:27:10,140][root][INFO] - Epoch: 130, loss: 49.5299
[2026-05-30 10:27:10,212][root][INFO] - Epoch: 131, loss: 49.3886
[2026-05-30 10:27:10,283][root][INFO] - Epoch: 132, loss: 49.1870
[2026-05-30 10:27:10,355][root][INFO] - Epoch: 133, loss: 49.8745
[2026-05-30 10:27:10,426][root][INFO] - Epoch: 134, loss: 49.6281
[2026-05-30 10:27:10,498][root][INFO] - Epoch: 135, loss: 48.9610
[2026-05-30 10:27:10,570][root][INFO] - Epoch: 136, loss: 48.6924
[2026-05-30 10:27:10,641][root][INFO] - Epoch: 137, loss: 50.5683
[2026-05-30 10:27:10,712][root][INFO] - Epoch: 138, loss: 49.2588
[2026-05-30 10:27:10,784][root][INFO] - Epoch: 139, loss: 48.8682
[2026-05-30 10:27:10,855][root][INFO] - Epoch: 140, loss: 49.2146
[2026-05-30 10:27:10,926][root][INFO] - Epoch: 141, loss: 47.7115
[2026-05-30 10:27:10,998][root][INFO] - Epoch: 142, loss: 48.2231
[2026-05-30 10:27:11,069][root][INFO] - Epoch: 143, loss: 48.4702
[2026-05-30 10:27:11,141][root][INFO] - Epoch: 144, loss: 48.2371
[2026-05-30 10:27:11,212][root][INFO] - Epoch: 145, loss: 47.9721
[2026-05-30 10:27:11,284][root][INFO] - Epoch: 146, loss: 47.4401
[2026-05-30 10:27:11,355][root][INFO] - Epoch: 147, loss: 47.5515
[2026-05-30 10:27:11,426][root][INFO] - Epoch: 148, loss: 47.6091
[2026-05-30 10:27:11,497][root][INFO] - Epoch: 149, loss: 47.0913
[2026-05-30 10:27:11,569][root][INFO] - Epoch: 150, loss: 47.2295
[2026-05-30 10:27:11,640][root][INFO] - Epoch: 151, loss: 47.2016
[2026-05-30 10:27:11,712][root][INFO] - Epoch: 152, loss: 47.6516
[2026-05-30 10:27:11,785][root][INFO] - Epoch: 153, loss: 47.2115
[2026-05-30 10:27:11,857][root][INFO] - Epoch: 154, loss: 47.2696
[2026-05-30 10:27:11,928][root][INFO] - Epoch: 155, loss: 46.6001
[2026-05-30 10:27:12,000][root][INFO] - Epoch: 156, loss: 46.1726
[2026-05-30 10:27:12,072][root][INFO] - Epoch: 157, loss: 46.1777
[2026-05-30 10:27:12,143][root][INFO] - Epoch: 158, loss: 47.3062
[2026-05-30 10:27:12,214][root][INFO] - Epoch: 159, loss: 46.4636
[2026-05-30 10:27:12,286][root][INFO] - Epoch: 160, loss: 46.1910
[2026-05-30 10:27:12,358][root][INFO] - Epoch: 161, loss: 46.3304
[2026-05-30 10:27:12,429][root][INFO] - Epoch: 162, loss: 45.7173
[2026-05-30 10:27:12,500][root][INFO] - Epoch: 163, loss: 46.0698
[2026-05-30 10:27:12,571][root][INFO] - Epoch: 164, loss: 45.9970
[2026-05-30 10:27:12,643][root][INFO] - Epoch: 165, loss: 45.5551
[2026-05-30 10:27:12,714][root][INFO] - Epoch: 166, loss: 45.7610
[2026-05-30 10:27:12,785][root][INFO] - Epoch: 167, loss: 47.1556
[2026-05-30 10:27:12,856][root][INFO] - Epoch: 168, loss: 47.1270
[2026-05-30 10:27:12,928][root][INFO] - Epoch: 169, loss: 47.3043
[2026-05-30 10:27:13,000][root][INFO] - Epoch: 170, loss: 45.6361
[2026-05-30 10:27:13,072][root][INFO] - Epoch: 171, loss: 44.6435
[2026-05-30 10:27:13,143][root][INFO] - Epoch: 172, loss: 44.9550
[2026-05-30 10:27:13,215][root][INFO] - Epoch: 173, loss: 44.6489
[2026-05-30 10:27:13,287][root][INFO] - Epoch: 174, loss: 46.1130
[2026-05-30 10:27:13,358][root][INFO] - Epoch: 175, loss: 46.2816
[2026-05-30 10:27:13,430][root][INFO] - Epoch: 176, loss: 45.6994
[2026-05-30 10:27:13,501][root][INFO] - Epoch: 177, loss: 45.3496
[2026-05-30 10:27:13,572][root][INFO] - Epoch: 178, loss: 45.0726
[2026-05-30 10:27:13,645][root][INFO] - Epoch: 179, loss: 46.8360
[2026-05-30 10:27:13,716][root][INFO] - Epoch: 180, loss: 44.5994
[2026-05-30 10:27:13,788][root][INFO] - Epoch: 181, loss: 44.3381
[2026-05-30 10:27:13,859][root][INFO] - Epoch: 182, loss: 44.3794
[2026-05-30 10:27:13,931][root][INFO] - Epoch: 183, loss: 43.8034
[2026-05-30 10:27:14,003][root][INFO] - Epoch: 184, loss: 44.9126
[2026-05-30 10:27:14,079][root][INFO] - Epoch: 185, loss: 43.8204
[2026-05-30 10:27:14,153][root][INFO] - Epoch: 186, loss: 43.0176
[2026-05-30 10:27:14,227][root][INFO] - Epoch: 187, loss: 43.0609
[2026-05-30 10:27:14,299][root][INFO] - Epoch: 188, loss: 43.2668
[2026-05-30 10:27:14,371][root][INFO] - Epoch: 189, loss: 43.0437
[2026-05-30 10:27:14,443][root][INFO] - Epoch: 190, loss: 43.7866
[2026-05-30 10:27:14,514][root][INFO] - Epoch: 191, loss: 43.1482
[2026-05-30 10:27:14,585][root][INFO] - Epoch: 192, loss: 43.0489
[2026-05-30 10:27:14,657][root][INFO] - Epoch: 193, loss: 41.9353
[2026-05-30 10:27:14,729][root][INFO] - Epoch: 194, loss: 41.7713
[2026-05-30 10:27:14,800][root][INFO] - Epoch: 195, loss: 42.3644
[2026-05-30 10:27:14,872][root][INFO] - Epoch: 196, loss: 42.0166
[2026-05-30 10:27:14,943][root][INFO] - Epoch: 197, loss: 43.5187
[2026-05-30 10:27:15,014][root][INFO] - Epoch: 198, loss: 43.5479
[2026-05-30 10:27:15,087][root][INFO] - Epoch: 199, loss: 43.3960
[2026-05-30 10:27:15,157][root][INFO] - Epoch: 200, loss: 41.8982
[2026-05-30 10:27:15,193][root][INFO] - {'model_loss': '41.8982', 'recon_loss': '0.0000', 'triplet_loss': '41.8982'}
[2026-05-30 10:27:15,197][root][INFO] - Generation 110/400 - Time: 0.00 seconds
[2026-05-30 10:27:15,197][root][INFO] - {'coverage': '100.00', 'max_fitness': '-12.38', 'passive_coverage': '33.30', 'passive_max_fitness': '-12.38', 'passive_mean_fitness': '-55.71', 'passive_qd_score': '29226.86', 'qd_score': '84272.99', 'mean_fitness_top_k': '-28.60'}
[2026-05-30 10:27:16,434][root][INFO] - Generation 111/400 - Time: 0.00 seconds
[2026-05-30 10:27:16,435][root][INFO] - {'coverage': '100.00', 'max_fitness': '-12.38', 'passive_coverage': '33.59', 'passive_max_fitness': '-12.38', 'passive_mean_fitness': '-55.86', 'passive_qd_score': '29433.85', 'qd_score': '85116.96', 'mean_fitness_top_k': '-27.64'}
[2026-05-30 10:27:17,572][root][INFO] - Generation 112/400 - Time: 0.00 seconds
[2026-05-30 10:27:17,573][root][INFO] - {'coverage': '100.00', 'max_fitness': '-12.38', 'passive_coverage': '33.89', 'passive_max_fitness': '-12.38', 'passive_mean_fitness': '-55.88', 'passive_qd_score': '29681.37', 'qd_score': '85803.54', 'mean_fitness_top_k': '-27.55'}
[2026-05-30 10:27:18,686][root][INFO] - Generation 113/400 - Time: 0.00 seconds
[2026-05-30 10:27:18,687][root][INFO] - {'coverage': '100.00', 'max_fitness': '-12.38', 'passive_coverage': '34.08', 'passive_max_fitness': '-12.38', 'passive_mean_fitness': '-55.98', 'passive_qd_score': '29820.38', 'qd_score': '85559.02', 'mean_fitness_top_k': '-27.45'}
[2026-05-30 10:27:19,789][root][INFO] - Generation 114/400 - Time: 0.00 seconds
[2026-05-30 10:27:19,790][root][INFO] - {'coverage': '100.00', 'max_fitness': '-12.38', 'passive_coverage': '34.38', 'passive_max_fitness': '-12.38', 'passive_mean_fitness': '-56.02', 'passive_qd_score': '30062.45', 'qd_score': '85665.53', 'mean_fitness_top_k': '-27.14'}
[2026-05-30 10:27:20,776][root][INFO] - Generation 115/400 - Time: 0.00 seconds
[2026-05-30 10:27:20,777][root][INFO] - {'coverage': '100.00', 'max_fitness': '-12.38', 'passive_coverage': '34.77', 'passive_max_fitness': '-12.38', 'passive_mean_fitness': '-55.77', 'passive_qd_score': '30490.30', 'qd_score': '86133.11', 'mean_fitness_top_k': '-27.14'}
[2026-05-30 10:27:21,758][root][INFO] - Generation 116/400 - Time: 0.00 seconds
[2026-05-30 10:27:21,758][root][INFO] - {'coverage': '100.00', 'max_fitness': '-12.38', 'passive_coverage': '35.06', 'passive_max_fitness': '-12.38', 'passive_mean_fitness': '-55.63', 'passive_qd_score': '30800.47', 'qd_score': '86231.61', 'mean_fitness_top_k': '-27.07'}
[2026-05-30 10:27:22,739][root][INFO] - Generation 117/400 - Time: 0.00 seconds
[2026-05-30 10:27:22,740][root][INFO] - {'coverage': '100.00', 'max_fitness': '-12.38', 'passive_coverage': '35.35', 'passive_max_fitness': '-12.38', 'passive_mean_fitness': '-55.57', 'passive_qd_score': '31079.76', 'qd_score': '86705.02', 'mean_fitness_top_k': '-26.70'}
[2026-05-30 10:27:23,729][root][INFO] - Generation 118/400 - Time: 0.00 seconds
[2026-05-30 10:27:23,730][root][INFO] - {'coverage': '100.00', 'max_fitness': '-12.38', 'passive_coverage': '35.45', 'passive_max_fitness': '-12.38', 'passive_mean_fitness': '-55.70', 'passive_qd_score': '31116.29', 'qd_score': '86322.98', 'mean_fitness_top_k': '-27.10'}
[2026-05-30 10:27:24,736][root][INFO] - Generation 119/400 - Time: 0.00 seconds
[2026-05-30 10:27:24,736][root][INFO] - {'coverage': '100.00', 'max_fitness': '-12.38', 'passive_coverage': '35.64', 'passive_max_fitness': '-12.38', 'passive_mean_fitness': '-55.78', 'passive_qd_score': '31259.27', 'qd_score': '86566.62', 'mean_fitness_top_k': '-26.83'}
[2026-05-30 10:27:25,722][root][INFO] - Generation 120/400 - Time: 0.00 seconds
[2026-05-30 10:27:25,722][root][INFO] - {'coverage': '100.00', 'max_fitness': '-12.38', 'passive_coverage': '35.74', 'passive_max_fitness': '-12.38', 'passive_mean_fitness': '-55.84', 'passive_qd_score': '31324.04', 'qd_score': '86813.43', 'mean_fitness_top_k': '-26.06'}
[2026-05-30 10:27:26,704][root][INFO] - Generation 121/400 - Time: 0.00 seconds
[2026-05-30 10:27:26,705][root][INFO] - {'coverage': '100.00', 'max_fitness': '-12.38', 'passive_coverage': '35.94', 'passive_max_fitness': '-12.38', 'passive_mean_fitness': '-56.00', 'passive_qd_score': '31436.12', 'qd_score': '87122.41', 'mean_fitness_top_k': '-26.20'}
[2026-05-30 10:27:27,785][root][INFO] - Generation 122/400 - Time: 0.00 seconds
[2026-05-30 10:27:27,785][root][INFO] - {'coverage': '100.00', 'max_fitness': '-12.38', 'passive_coverage': '35.94', 'passive_max_fitness': '-12.38', 'passive_mean_fitness': '-55.99', 'passive_qd_score': '31437.99', 'qd_score': '86928.77', 'mean_fitness_top_k': '-26.04'}
[2026-05-30 10:27:28,762][root][INFO] - Generation 123/400 - Time: 0.00 seconds
[2026-05-30 10:27:28,763][root][INFO] - {'coverage': '100.00', 'max_fitness': '-12.38', 'passive_coverage': '36.04', 'passive_max_fitness': '-12.38', 'passive_mean_fitness': '-55.96', 'passive_qd_score': '31534.60', 'qd_score': '87123.11', 'mean_fitness_top_k': '-25.90'}
[2026-05-30 10:27:29,753][root][INFO] - Generation 124/400 - Time: 0.00 seconds
[2026-05-30 10:27:29,754][root][INFO] - {'coverage': '100.00', 'max_fitness': '-12.38', 'passive_coverage': '36.23', 'passive_max_fitness': '-12.38', 'passive_mean_fitness': '-56.05', 'passive_qd_score': '31673.39', 'qd_score': '86836.48', 'mean_fitness_top_k': '-26.19'}
[2026-05-30 10:27:30,741][root][INFO] - Generation 125/400 - Time: 0.00 seconds
[2026-05-30 10:27:30,742][root][INFO] - {'coverage': '100.00', 'max_fitness': '-12.38', 'passive_coverage': '36.52', 'passive_max_fitness': '-12.38', 'passive_mean_fitness': '-56.18', 'passive_qd_score': '31879.28', 'qd_score': '86594.20', 'mean_fitness_top_k': '-26.14'}
[2026-05-30 10:27:31,722][root][INFO] - Generation 126/400 - Time: 0.00 seconds
[2026-05-30 10:27:31,723][root][INFO] - {'coverage': '100.00', 'max_fitness': '-12.38', 'passive_coverage': '36.72', 'passive_max_fitness': '-12.38', 'passive_mean_fitness': '-56.30', 'passive_qd_score': '32005.90', 'qd_score': '86970.19', 'mean_fitness_top_k': '-26.31'}
[2026-05-30 10:27:32,709][root][INFO] - Generation 127/400 - Time: 0.00 seconds
[2026-05-30 10:27:32,710][root][INFO] - {'coverage': '100.00', 'max_fitness': '-12.38', 'passive_coverage': '36.82', 'passive_max_fitness': '-12.38', 'passive_mean_fitness': '-56.23', 'passive_qd_score': '32115.57', 'qd_score': '86758.36', 'mean_fitness_top_k': '-26.31'}
[2026-05-30 10:27:33,693][root][INFO] - Generation 128/400 - Time: 0.00 seconds
[2026-05-30 10:27:33,694][root][INFO] - {'coverage': '100.00', 'max_fitness': '-12.38', 'passive_coverage': '36.82', 'passive_max_fitness': '-12.38', 'passive_mean_fitness': '-56.23', 'passive_qd_score': '32115.57', 'qd_score': '86854.50', 'mean_fitness_top_k': '-26.34'}
[2026-05-30 10:27:34,677][root][INFO] - Generation 129/400 - Time: 0.00 seconds
[2026-05-30 10:27:34,678][root][INFO] - {'coverage': '100.00', 'max_fitness': '-12.38', 'passive_coverage': '36.82', 'passive_max_fitness': '-12.38', 'passive_mean_fitness': '-56.23', 'passive_qd_score': '32115.57', 'qd_score': '87025.63', 'mean_fitness_top_k': '-26.19'}
[2026-05-30 10:27:35,653][root][INFO] - Generation 130/400 - Time: 0.00 seconds
[2026-05-30 10:27:35,654][root][INFO] - {'coverage': '100.00', 'max_fitness': '-12.38', 'passive_coverage': '36.91', 'passive_max_fitness': '-12.38', 'passive_mean_fitness': '-56.26', 'passive_qd_score': '32191.94', 'qd_score': '86979.32', 'mean_fitness_top_k': '-26.33'}
[2026-05-30 10:27:36,634][root][INFO] - Generation 131/400 - Time: 0.00 seconds
[2026-05-30 10:27:36,635][root][INFO] - {'coverage': '100.00', 'max_fitness': '-12.38', 'passive_coverage': '36.91', 'passive_max_fitness': '-12.38', 'passive_mean_fitness': '-56.25', 'passive_qd_score': '32193.93', 'qd_score': '86783.63', 'mean_fitness_top_k': '-25.98'}
[2026-05-30 10:27:37,616][root][INFO] - Updating AE...
[2026-05-30 10:27:38,374][root][INFO] - Epoch: 1, loss: 662.2482
[2026-05-30 10:27:38,444][root][INFO] - Epoch: 2, loss: 475.3072
[2026-05-30 10:27:38,513][root][INFO] - Epoch: 3, loss: 467.1544
[2026-05-30 10:27:38,582][root][INFO] - Epoch: 4, loss: 463.4690
[2026-05-30 10:27:38,652][root][INFO] - Epoch: 5, loss: 457.6278
[2026-05-30 10:27:38,722][root][INFO] - Epoch: 6, loss: 453.5403
[2026-05-30 10:27:38,794][root][INFO] - Epoch: 7, loss: 446.6156
[2026-05-30 10:27:38,866][root][INFO] - Epoch: 8, loss: 438.7660
[2026-05-30 10:27:38,938][root][INFO] - Epoch: 9, loss: 432.4313
[2026-05-30 10:27:39,011][root][INFO] - Epoch: 10, loss: 426.4182
[2026-05-30 10:27:39,083][root][INFO] - Epoch: 11, loss: 424.3590
[2026-05-30 10:27:39,155][root][INFO] - Epoch: 12, loss: 417.8781
[2026-05-30 10:27:39,227][root][INFO] - Epoch: 13, loss: 410.8398
[2026-05-30 10:27:39,298][root][INFO] - Epoch: 14, loss: 414.8128
[2026-05-30 10:27:39,370][root][INFO] - Epoch: 15, loss: 411.8295
[2026-05-30 10:27:39,441][root][INFO] - Epoch: 16, loss: 410.7230
[2026-05-30 10:27:39,513][root][INFO] - Epoch: 17, loss: 404.5522
[2026-05-30 10:27:39,585][root][INFO] - Epoch: 18, loss: 400.1212
[2026-05-30 10:27:39,657][root][INFO] - Epoch: 19, loss: 397.1658
[2026-05-30 10:27:39,728][root][INFO] - Epoch: 20, loss: 394.9750
[2026-05-30 10:27:39,800][root][INFO] - Epoch: 21, loss: 393.3367
[2026-05-30 10:27:39,872][root][INFO] - Epoch: 22, loss: 391.3274
[2026-05-30 10:27:39,944][root][INFO] - Epoch: 23, loss: 388.5023
[2026-05-30 10:27:40,016][root][INFO] - Epoch: 24, loss: 387.3248
[2026-05-30 10:27:40,089][root][INFO] - Epoch: 25, loss: 385.6966
[2026-05-30 10:27:40,160][root][INFO] - Epoch: 26, loss: 384.3326
[2026-05-30 10:27:40,231][root][INFO] - Epoch: 27, loss: 382.2798
[2026-05-30 10:27:40,303][root][INFO] - Epoch: 28, loss: 384.4135
[2026-05-30 10:27:40,374][root][INFO] - Epoch: 29, loss: 383.1419
[2026-05-30 10:27:40,446][root][INFO] - Epoch: 30, loss: 380.3184
[2026-05-30 10:27:40,519][root][INFO] - Epoch: 31, loss: 378.6420
[2026-05-30 10:27:40,590][root][INFO] - Epoch: 32, loss: 373.3716
[2026-05-30 10:27:40,662][root][INFO] - Epoch: 33, loss: 375.3339
[2026-05-30 10:27:40,733][root][INFO] - Epoch: 34, loss: 372.0983
[2026-05-30 10:27:40,805][root][INFO] - Epoch: 35, loss: 368.1274
[2026-05-30 10:27:40,878][root][INFO] - Epoch: 36, loss: 367.9694
[2026-05-30 10:27:40,949][root][INFO] - Epoch: 37, loss: 367.5092
[2026-05-30 10:27:41,021][root][INFO] - Epoch: 38, loss: 364.8551
[2026-05-30 10:27:41,093][root][INFO] - Epoch: 39, loss: 364.2496
[2026-05-30 10:27:41,164][root][INFO] - Epoch: 40, loss: 360.1509
[2026-05-30 10:27:41,236][root][INFO] - Epoch: 41, loss: 356.7036
[2026-05-30 10:27:41,308][root][INFO] - Epoch: 42, loss: 357.4835
[2026-05-30 10:27:41,379][root][INFO] - Epoch: 43, loss: 354.9832
[2026-05-30 10:27:41,451][root][INFO] - Epoch: 44, loss: 352.5108
[2026-05-30 10:27:41,522][root][INFO] - Epoch: 45, loss: 352.1986
[2026-05-30 10:27:41,594][root][INFO] - Epoch: 46, loss: 349.9786
[2026-05-30 10:27:41,666][root][INFO] - Epoch: 47, loss: 346.2105
[2026-05-30 10:27:41,738][root][INFO] - Epoch: 48, loss: 359.8306
[2026-05-30 10:27:41,809][root][INFO] - Epoch: 49, loss: 353.7482
[2026-05-30 10:27:41,880][root][INFO] - Epoch: 50, loss: 344.2928
[2026-05-30 10:27:41,952][root][INFO] - Epoch: 51, loss: 341.9240
[2026-05-30 10:27:42,024][root][INFO] - Epoch: 52, loss: 336.7208
[2026-05-30 10:27:42,095][root][INFO] - Epoch: 53, loss: 333.7868
[2026-05-30 10:27:42,166][root][INFO] - Epoch: 54, loss: 336.0265
[2026-05-30 10:27:42,238][root][INFO] - Epoch: 55, loss: 332.1778
[2026-05-30 10:27:42,310][root][INFO] - Epoch: 56, loss: 328.3192
[2026-05-30 10:27:42,381][root][INFO] - Epoch: 57, loss: 322.5929
[2026-05-30 10:27:42,452][root][INFO] - Epoch: 58, loss: 319.4092
[2026-05-30 10:27:42,524][root][INFO] - Epoch: 59, loss: 315.6349
[2026-05-30 10:27:42,596][root][INFO] - Epoch: 60, loss: 321.3211
[2026-05-30 10:27:42,668][root][INFO] - Epoch: 61, loss: 324.5968
[2026-05-30 10:27:42,740][root][INFO] - Epoch: 62, loss: 322.4783
[2026-05-30 10:27:42,811][root][INFO] - Epoch: 63, loss: 320.3062
[2026-05-30 10:27:42,883][root][INFO] - Epoch: 64, loss: 310.6985
[2026-05-30 10:27:42,955][root][INFO] - Epoch: 65, loss: 308.6578
[2026-05-30 10:27:43,026][root][INFO] - Epoch: 66, loss: 307.4579
[2026-05-30 10:27:43,098][root][INFO] - Epoch: 67, loss: 305.8295
[2026-05-30 10:27:43,170][root][INFO] - Epoch: 68, loss: 311.9938
[2026-05-30 10:27:43,241][root][INFO] - Epoch: 69, loss: 314.8222
[2026-05-30 10:27:43,313][root][INFO] - Epoch: 70, loss: 305.1745
[2026-05-30 10:27:43,386][root][INFO] - Epoch: 71, loss: 308.7639
[2026-05-30 10:27:43,457][root][INFO] - Epoch: 72, loss: 327.0450
[2026-05-30 10:27:43,529][root][INFO] - Epoch: 73, loss: 365.8313
[2026-05-30 10:27:43,600][root][INFO] - Epoch: 74, loss: 365.3961
[2026-05-30 10:27:43,672][root][INFO] - Epoch: 75, loss: 355.2299
[2026-05-30 10:27:43,744][root][INFO] - Epoch: 76, loss: 353.2340
[2026-05-30 10:27:43,819][root][INFO] - Epoch: 77, loss: 345.4126
[2026-05-30 10:27:43,890][root][INFO] - Epoch: 78, loss: 325.8701
[2026-05-30 10:27:43,963][root][INFO] - Epoch: 79, loss: 321.6057
[2026-05-30 10:27:44,034][root][INFO] - Epoch: 80, loss: 374.1470
[2026-05-30 10:27:44,105][root][INFO] - Epoch: 81, loss: 360.4602
[2026-05-30 10:27:44,106][root][INFO] - Early stopping at epoch: 80
[2026-05-30 10:27:44,140][root][INFO] - {'model_loss': '360.4602', 'recon_loss': '0.0000', 'triplet_loss': '360.4602'}
[2026-05-30 10:27:44,144][root][INFO] - Updating AE...
[2026-05-30 10:27:45,119][root][INFO] - Epoch: 1, loss: 136.7697
[2026-05-30 10:27:45,190][root][INFO] - Epoch: 2, loss: 52.2877
[2026-05-30 10:27:45,262][root][INFO] - Epoch: 3, loss: 38.2881
[2026-05-30 10:27:45,333][root][INFO] - Epoch: 4, loss: 34.5015
[2026-05-30 10:27:45,404][root][INFO] - Epoch: 5, loss: 33.1022
[2026-05-30 10:27:45,476][root][INFO] - Epoch: 6, loss: 31.7205
[2026-05-30 10:27:45,548][root][INFO] - Epoch: 7, loss: 30.8317
[2026-05-30 10:27:45,620][root][INFO] - Epoch: 8, loss: 29.9097
[2026-05-30 10:27:45,691][root][INFO] - Epoch: 9, loss: 29.0146
[2026-05-30 10:27:45,762][root][INFO] - Epoch: 10, loss: 28.2765
[2026-05-30 10:27:45,835][root][INFO] - Epoch: 11, loss: 27.7030
[2026-05-30 10:27:45,908][root][INFO] - Epoch: 12, loss: 27.0886
[2026-05-30 10:27:45,979][root][INFO] - Epoch: 13, loss: 26.5328
[2026-05-30 10:27:46,052][root][INFO] - Epoch: 14, loss: 26.2361
[2026-05-30 10:27:46,123][root][INFO] - Epoch: 15, loss: 25.8621
[2026-05-30 10:27:46,193][root][INFO] - Epoch: 16, loss: 25.4913
[2026-05-30 10:27:46,265][root][INFO] - Epoch: 17, loss: 25.1596
[2026-05-30 10:27:46,336][root][INFO] - Epoch: 18, loss: 24.8648
[2026-05-30 10:27:46,407][root][INFO] - Epoch: 19, loss: 24.5873
[2026-05-30 10:27:46,479][root][INFO] - Epoch: 20, loss: 24.3305
[2026-05-30 10:27:46,550][root][INFO] - Epoch: 21, loss: 24.1489
[2026-05-30 10:27:46,622][root][INFO] - Epoch: 22, loss: 23.9299
[2026-05-30 10:27:46,694][root][INFO] - Epoch: 23, loss: 23.7692
[2026-05-30 10:27:46,766][root][INFO] - Epoch: 24, loss: 23.5946
[2026-05-30 10:27:46,837][root][INFO] - Epoch: 25, loss: 23.3994
[2026-05-30 10:27:46,909][root][INFO] - Epoch: 26, loss: 23.2393
[2026-05-30 10:27:46,981][root][INFO] - Epoch: 27, loss: 23.1061
[2026-05-30 10:27:47,052][root][INFO] - Epoch: 28, loss: 22.9647
[2026-05-30 10:27:47,124][root][INFO] - Epoch: 29, loss: 22.8354
[2026-05-30 10:27:47,195][root][INFO] - Epoch: 30, loss: 22.6737
[2026-05-30 10:27:47,267][root][INFO] - Epoch: 31, loss: 22.5922
[2026-05-30 10:27:47,339][root][INFO] - Epoch: 32, loss: 22.4584
[2026-05-30 10:27:47,410][root][INFO] - Epoch: 33, loss: 22.3772
[2026-05-30 10:27:47,481][root][INFO] - Epoch: 34, loss: 22.2980
[2026-05-30 10:27:47,552][root][INFO] - Epoch: 35, loss: 22.1880
[2026-05-30 10:27:47,624][root][INFO] - Epoch: 36, loss: 22.0989
[2026-05-30 10:27:47,696][root][INFO] - Epoch: 37, loss: 22.0157
[2026-05-30 10:27:47,768][root][INFO] - Epoch: 38, loss: 21.9224
[2026-05-30 10:27:47,840][root][INFO] - Epoch: 39, loss: 21.8529
[2026-05-30 10:27:47,912][root][INFO] - Epoch: 40, loss: 21.7781
[2026-05-30 10:27:47,984][root][INFO] - Epoch: 41, loss: 21.7028
[2026-05-30 10:27:48,056][root][INFO] - Epoch: 42, loss: 21.6357
[2026-05-30 10:27:48,128][root][INFO] - Epoch: 43, loss: 21.5585
[2026-05-30 10:27:48,198][root][INFO] - Epoch: 44, loss: 21.5053
[2026-05-30 10:27:48,270][root][INFO] - Epoch: 45, loss: 21.4125
[2026-05-30 10:27:48,342][root][INFO] - Epoch: 46, loss: 21.3776
[2026-05-30 10:27:48,413][root][INFO] - Epoch: 47, loss: 21.2975
[2026-05-30 10:27:48,484][root][INFO] - Epoch: 48, loss: 21.2789
[2026-05-30 10:27:48,555][root][INFO] - Epoch: 49, loss: 21.1892
[2026-05-30 10:27:48,627][root][INFO] - Epoch: 50, loss: 21.1367
[2026-05-30 10:27:48,698][root][INFO] - Epoch: 51, loss: 21.0792
[2026-05-30 10:27:48,769][root][INFO] - Epoch: 52, loss: 21.0501
[2026-05-30 10:27:48,841][root][INFO] - Epoch: 53, loss: 21.0273
[2026-05-30 10:27:48,913][root][INFO] - Epoch: 54, loss: 20.9468
[2026-05-30 10:27:48,984][root][INFO] - Epoch: 55, loss: 20.9177
[2026-05-30 10:27:49,058][root][INFO] - Epoch: 56, loss: 20.8604
[2026-05-30 10:27:49,130][root][INFO] - Epoch: 57, loss: 20.8280
[2026-05-30 10:27:49,202][root][INFO] - Epoch: 58, loss: 20.7604
[2026-05-30 10:27:49,274][root][INFO] - Epoch: 59, loss: 20.7303
[2026-05-30 10:27:49,346][root][INFO] - Epoch: 60, loss: 20.6807
[2026-05-30 10:27:49,417][root][INFO] - Epoch: 61, loss: 20.6316
[2026-05-30 10:27:49,489][root][INFO] - Epoch: 62, loss: 20.6082
[2026-05-30 10:27:49,560][root][INFO] - Epoch: 63, loss: 20.5456
[2026-05-30 10:27:49,631][root][INFO] - Epoch: 64, loss: 20.5055
[2026-05-30 10:27:49,703][root][INFO] - Epoch: 65, loss: 20.4683
[2026-05-30 10:27:49,776][root][INFO] - Epoch: 66, loss: 20.4247
[2026-05-30 10:27:49,847][root][INFO] - Epoch: 67, loss: 20.3989
[2026-05-30 10:27:49,920][root][INFO] - Epoch: 68, loss: 20.3486
[2026-05-30 10:27:49,991][root][INFO] - Epoch: 69, loss: 20.2971
[2026-05-30 10:27:50,065][root][INFO] - Epoch: 70, loss: 20.3014
[2026-05-30 10:27:50,137][root][INFO] - Epoch: 71, loss: 20.2493
[2026-05-30 10:27:50,209][root][INFO] - Epoch: 72, loss: 20.2154
[2026-05-30 10:27:50,280][root][INFO] - Epoch: 73, loss: 20.1671
[2026-05-30 10:27:50,352][root][INFO] - Epoch: 74, loss: 20.1546
[2026-05-30 10:27:50,424][root][INFO] - Epoch: 75, loss: 20.1037
[2026-05-30 10:27:50,497][root][INFO] - Epoch: 76, loss: 20.0802
[2026-05-30 10:27:50,568][root][INFO] - Epoch: 77, loss: 20.0839
[2026-05-30 10:27:50,640][root][INFO] - Epoch: 78, loss: 20.0321
[2026-05-30 10:27:50,711][root][INFO] - Epoch: 79, loss: 19.9551
[2026-05-30 10:27:50,783][root][INFO] - Epoch: 80, loss: 19.9391
[2026-05-30 10:27:50,854][root][INFO] - Epoch: 81, loss: 19.8908
[2026-05-30 10:27:50,926][root][INFO] - Epoch: 82, loss: 19.8485
[2026-05-30 10:27:50,997][root][INFO] - Epoch: 83, loss: 19.7936
[2026-05-30 10:27:51,069][root][INFO] - Epoch: 84, loss: 19.7356
[2026-05-30 10:27:51,140][root][INFO] - Epoch: 85, loss: 19.6875
[2026-05-30 10:27:51,211][root][INFO] - Epoch: 86, loss: 19.6655
[2026-05-30 10:27:51,283][root][INFO] - Epoch: 87, loss: 19.5796
[2026-05-30 10:27:51,354][root][INFO] - Epoch: 88, loss: 19.5397
[2026-05-30 10:27:51,426][root][INFO] - Epoch: 89, loss: 19.4642
[2026-05-30 10:27:51,498][root][INFO] - Epoch: 90, loss: 19.4188
[2026-05-30 10:27:51,569][root][INFO] - Epoch: 91, loss: 19.4311
[2026-05-30 10:27:51,640][root][INFO] - Epoch: 92, loss: 19.4002
[2026-05-30 10:27:51,713][root][INFO] - Epoch: 93, loss: 19.3586
[2026-05-30 10:27:51,783][root][INFO] - Epoch: 94, loss: 19.3096
[2026-05-30 10:27:51,855][root][INFO] - Epoch: 95, loss: 19.3044
[2026-05-30 10:27:51,927][root][INFO] - Epoch: 96, loss: 19.1889
[2026-05-30 10:27:52,000][root][INFO] - Epoch: 97, loss: 19.1885
[2026-05-30 10:27:52,071][root][INFO] - Epoch: 98, loss: 19.2306
[2026-05-30 10:27:52,142][root][INFO] - Epoch: 99, loss: 19.2149
[2026-05-30 10:27:52,213][root][INFO] - Epoch: 100, loss: 19.3641
[2026-05-30 10:27:52,285][root][INFO] - Epoch: 101, loss: 19.3768
[2026-05-30 10:27:52,355][root][INFO] - Epoch: 102, loss: 19.3384
[2026-05-30 10:27:52,427][root][INFO] - Epoch: 103, loss: 19.2937
[2026-05-30 10:27:52,498][root][INFO] - Epoch: 104, loss: 19.2333
[2026-05-30 10:27:52,569][root][INFO] - Epoch: 105, loss: 19.2201
[2026-05-30 10:27:52,642][root][INFO] - Epoch: 106, loss: 19.1647
[2026-05-30 10:27:52,714][root][INFO] - Epoch: 107, loss: 19.1473
[2026-05-30 10:27:52,784][root][INFO] - Epoch: 108, loss: 19.1540
[2026-05-30 10:27:52,856][root][INFO] - Epoch: 109, loss: 19.1020
[2026-05-30 10:27:52,928][root][INFO] - Epoch: 110, loss: 18.8581
[2026-05-30 10:27:52,999][root][INFO] - Epoch: 111, loss: 18.8008
[2026-05-30 10:27:53,070][root][INFO] - Epoch: 112, loss: 18.7936
[2026-05-30 10:27:53,142][root][INFO] - Epoch: 113, loss: 18.8246
[2026-05-30 10:27:53,213][root][INFO] - Epoch: 114, loss: 18.7245
[2026-05-30 10:27:53,285][root][INFO] - Epoch: 115, loss: 18.6999
[2026-05-30 10:27:53,357][root][INFO] - Epoch: 116, loss: 18.7943
[2026-05-30 10:27:53,429][root][INFO] - Epoch: 117, loss: 18.7641
[2026-05-30 10:27:53,500][root][INFO] - Epoch: 118, loss: 18.7284
[2026-05-30 10:27:53,572][root][INFO] - Epoch: 119, loss: 18.6423
[2026-05-30 10:27:53,644][root][INFO] - Epoch: 120, loss: 18.5562
[2026-05-30 10:27:53,715][root][INFO] - Epoch: 121, loss: 18.5316
[2026-05-30 10:27:53,786][root][INFO] - Epoch: 122, loss: 18.5126
[2026-05-30 10:27:53,859][root][INFO] - Epoch: 123, loss: 18.4027
[2026-05-30 10:27:53,931][root][INFO] - Epoch: 124, loss: 18.4250
[2026-05-30 10:27:54,003][root][INFO] - Epoch: 125, loss: 18.3139
[2026-05-30 10:27:54,073][root][INFO] - Epoch: 126, loss: 18.3679
[2026-05-30 10:27:54,145][root][INFO] - Epoch: 127, loss: 18.2816
[2026-05-30 10:27:54,217][root][INFO] - Epoch: 128, loss: 18.2543
[2026-05-30 10:27:54,289][root][INFO] - Epoch: 129, loss: 18.1560
[2026-05-30 10:27:54,360][root][INFO] - Epoch: 130, loss: 18.2258
[2026-05-30 10:27:54,431][root][INFO] - Epoch: 131, loss: 18.2721
[2026-05-30 10:27:54,504][root][INFO] - Epoch: 132, loss: 18.2174
[2026-05-30 10:27:54,575][root][INFO] - Epoch: 133, loss: 17.9970
[2026-05-30 10:27:54,647][root][INFO] - Epoch: 134, loss: 18.0722
[2026-05-30 10:27:54,719][root][INFO] - Epoch: 135, loss: 17.9936
[2026-05-30 10:27:54,790][root][INFO] - Epoch: 136, loss: 17.9353
[2026-05-30 10:27:54,861][root][INFO] - Epoch: 137, loss: 17.9071
[2026-05-30 10:27:54,932][root][INFO] - Epoch: 138, loss: 17.8487
[2026-05-30 10:27:55,003][root][INFO] - Epoch: 139, loss: 17.8607
[2026-05-30 10:27:55,075][root][INFO] - Epoch: 140, loss: 17.8437
[2026-05-30 10:27:55,147][root][INFO] - Epoch: 141, loss: 17.7321
[2026-05-30 10:27:55,218][root][INFO] - Epoch: 142, loss: 17.7077
[2026-05-30 10:27:55,290][root][INFO] - Epoch: 143, loss: 17.6374
[2026-05-30 10:27:55,361][root][INFO] - Epoch: 144, loss: 17.8497
[2026-05-30 10:27:55,433][root][INFO] - Epoch: 145, loss: 17.7759
[2026-05-30 10:27:55,504][root][INFO] - Epoch: 146, loss: 47.1948
[2026-05-30 10:27:55,575][root][INFO] - Epoch: 147, loss: 27.2100
[2026-05-30 10:27:55,647][root][INFO] - Epoch: 148, loss: 54.9239
[2026-05-30 10:27:55,719][root][INFO] - Epoch: 149, loss: 72.2012
[2026-05-30 10:27:55,790][root][INFO] - Epoch: 150, loss: 63.1032
[2026-05-30 10:27:55,862][root][INFO] - Epoch: 151, loss: 50.8679
[2026-05-30 10:27:55,933][root][INFO] - Epoch: 152, loss: 43.1214
[2026-05-30 10:27:56,005][root][INFO] - Epoch: 153, loss: 37.4775
[2026-05-30 10:27:56,077][root][INFO] - Epoch: 154, loss: 34.3434
[2026-05-30 10:27:56,077][root][INFO] - Early stopping at epoch: 153
[2026-05-30 10:27:56,118][root][INFO] - {'model_loss': '34.3434', 'recon_loss': '0.0000', 'triplet_loss': '34.3434'}
[2026-05-30 10:27:56,122][root][INFO] - Generation 132/400 - Time: 0.00 seconds
[2026-05-30 10:27:56,123][root][INFO] - {'coverage': '100.00', 'max_fitness': '-12.38', 'passive_coverage': '36.91', 'passive_max_fitness': '-12.38', 'passive_mean_fitness': '-56.25', 'passive_qd_score': '32195.06', 'qd_score': '86992.38', 'mean_fitness_top_k': '-25.74'}
[2026-05-30 10:27:57,208][root][INFO] - Generation 133/400 - Time: 0.00 seconds
[2026-05-30 10:27:57,208][root][INFO] - {'coverage': '100.00', 'max_fitness': '-12.38', 'passive_coverage': '38.18', 'passive_max_fitness': '-12.38', 'passive_mean_fitness': '-56.54', 'passive_qd_score': '33190.52', 'qd_score': '87983.73', 'mean_fitness_top_k': '-26.43'}
[2026-05-30 10:27:58,252][root][INFO] - Generation 134/400 - Time: 0.00 seconds
[2026-05-30 10:27:58,253][root][INFO] - {'coverage': '100.00', 'max_fitness': '-12.38', 'passive_coverage': '38.48', 'passive_max_fitness': '-12.38', 'passive_mean_fitness': '-56.57', 'passive_qd_score': '33430.31', 'qd_score': '87963.75', 'mean_fitness_top_k': '-25.84'}
[2026-05-30 10:27:59,292][root][INFO] - Generation 135/400 - Time: 0.00 seconds
[2026-05-30 10:27:59,293][root][INFO] - {'coverage': '100.00', 'max_fitness': '-12.38', 'passive_coverage': '38.87', 'passive_max_fitness': '-12.38', 'passive_mean_fitness': '-56.63', 'passive_qd_score': '33747.98', 'qd_score': '88264.12', 'mean_fitness_top_k': '-25.20'}
[2026-05-30 10:28:00,296][root][INFO] - Generation 136/400 - Time: 0.00 seconds
[2026-05-30 10:28:00,296][root][INFO] - {'coverage': '100.00', 'max_fitness': '-12.38', 'passive_coverage': '39.45', 'passive_max_fitness': '-12.38', 'passive_mean_fitness': '-56.81', 'passive_qd_score': '34181.52', 'qd_score': '88191.69', 'mean_fitness_top_k': '-25.11'}
[2026-05-30 10:28:01,322][root][INFO] - Generation 137/400 - Time: 0.00 seconds
[2026-05-30 10:28:01,323][root][INFO] - {'coverage': '100.00', 'max_fitness': '-12.38', 'passive_coverage': '39.65', 'passive_max_fitness': '-12.38', 'passive_mean_fitness': '-56.80', 'passive_qd_score': '34355.80', 'qd_score': '88497.91', 'mean_fitness_top_k': '-24.54'}
[2026-05-30 10:28:02,349][root][INFO] - Generation 138/400 - Time: 0.00 seconds
[2026-05-30 10:28:02,350][root][INFO] - {'coverage': '100.00', 'max_fitness': '-12.38', 'passive_coverage': '39.75', 'passive_max_fitness': '-12.38', 'passive_mean_fitness': '-56.84', 'passive_qd_score': '34423.41', 'qd_score': '88957.04', 'mean_fitness_top_k': '-24.00'}
[2026-05-30 10:28:03,373][root][INFO] - Generation 139/400 - Time: 0.00 seconds
[2026-05-30 10:28:03,373][root][INFO] - {'coverage': '100.00', 'max_fitness': '-12.38', 'passive_coverage': '39.94', 'passive_max_fitness': '-12.38', 'passive_mean_fitness': '-56.88', 'passive_qd_score': '34578.95', 'qd_score': '88871.66', 'mean_fitness_top_k': '-23.58'}
[2026-05-30 10:28:04,351][root][INFO] - Generation 140/400 - Time: 0.00 seconds
[2026-05-30 10:28:04,352][root][INFO] - {'coverage': '100.00', 'max_fitness': '-9.34', 'passive_coverage': '40.04', 'passive_max_fitness': '-9.34', 'passive_mean_fitness': '-56.76', 'passive_qd_score': '34712.08', 'qd_score': '88831.95', 'mean_fitness_top_k': '-23.34'}
[2026-05-30 10:28:05,332][root][INFO] - Generation 141/400 - Time: 0.00 seconds
[2026-05-30 10:28:05,333][root][INFO] - {'coverage': '100.00', 'max_fitness': '-9.34', 'passive_coverage': '40.33', 'passive_max_fitness': '-9.34', 'passive_mean_fitness': '-56.81', 'passive_qd_score': '34945.43', 'qd_score': '88463.05', 'mean_fitness_top_k': '-23.37'}
[2026-05-30 10:28:06,317][root][INFO] - Generation 142/400 - Time: 0.00 seconds
[2026-05-30 10:28:06,318][root][INFO] - {'coverage': '100.00', 'max_fitness': '-9.34', 'passive_coverage': '40.43', 'passive_max_fitness': '-9.34', 'passive_mean_fitness': '-56.75', 'passive_qd_score': '35054.15', 'qd_score': '88763.42', 'mean_fitness_top_k': '-23.08'}
[2026-05-30 10:28:07,460][root][INFO] - Generation 143/400 - Time: 0.00 seconds
[2026-05-30 10:28:07,461][root][INFO] - {'coverage': '100.00', 'max_fitness': '-9.34', 'passive_coverage': '40.43', 'passive_max_fitness': '-9.34', 'passive_mean_fitness': '-56.74', 'passive_qd_score': '35058.12', 'qd_score': '89133.36', 'mean_fitness_top_k': '-22.54'}
[2026-05-30 10:28:08,602][root][INFO] - Generation 144/400 - Time: 0.00 seconds
[2026-05-30 10:28:08,603][root][INFO] - {'coverage': '100.00', 'max_fitness': '-9.34', 'passive_coverage': '40.72', 'passive_max_fitness': '-9.34', 'passive_mean_fitness': '-56.69', 'passive_qd_score': '35334.96', 'qd_score': '89151.45', 'mean_fitness_top_k': '-22.33'}
[2026-05-30 10:28:09,747][root][INFO] - Generation 145/400 - Time: 0.00 seconds
[2026-05-30 10:28:09,748][root][INFO] - {'coverage': '100.00', 'max_fitness': '-9.34', 'passive_coverage': '41.11', 'passive_max_fitness': '-9.34', 'passive_mean_fitness': '-56.74', 'passive_qd_score': '35651.69', 'qd_score': '88749.35', 'mean_fitness_top_k': '-22.88'}
[2026-05-30 10:28:10,888][root][INFO] - Generation 146/400 - Time: 0.00 seconds
[2026-05-30 10:28:10,889][root][INFO] - {'coverage': '100.00', 'max_fitness': '-9.34', 'passive_coverage': '41.41', 'passive_max_fitness': '-9.34', 'passive_mean_fitness': '-56.84', 'passive_qd_score': '35863.80', 'qd_score': '88785.33', 'mean_fitness_top_k': '-22.57'}
[2026-05-30 10:28:12,030][root][INFO] - Generation 147/400 - Time: 0.00 seconds
[2026-05-30 10:28:12,031][root][INFO] - {'coverage': '100.00', 'max_fitness': '-9.34', 'passive_coverage': '41.50', 'passive_max_fitness': '-9.34', 'passive_mean_fitness': '-56.88', 'passive_qd_score': '35928.54', 'qd_score': '88866.98', 'mean_fitness_top_k': '-22.51'}
[2026-05-30 10:28:13,175][root][INFO] - Generation 148/400 - Time: 0.00 seconds
[2026-05-30 10:28:13,176][root][INFO] - {'coverage': '100.00', 'max_fitness': '-9.34', 'passive_coverage': '41.70', 'passive_max_fitness': '-9.34', 'passive_mean_fitness': '-56.81', 'passive_qd_score': '36130.80', 'qd_score': '88600.81', 'mean_fitness_top_k': '-22.48'}
[2026-05-30 10:28:14,335][root][INFO] - Generation 149/400 - Time: 0.00 seconds
[2026-05-30 10:28:14,335][root][INFO] - {'coverage': '100.00', 'max_fitness': '-9.34', 'passive_coverage': '41.89', 'passive_max_fitness': '-9.34', 'passive_mean_fitness': '-56.80', 'passive_qd_score': '36300.79', 'qd_score': '89048.02', 'mean_fitness_top_k': '-21.73'}
[2026-05-30 10:28:15,490][root][INFO] - Extinction event...
[2026-05-30 10:28:15,491][root][INFO] - Saving snapshot to runs/20260530_102202_kheperax_seed7/plots/latent_generation_750_before_ext.png
[2026-05-30 10:28:17,383][root][INFO] - Saving snapshot to runs/20260530_102202_kheperax_seed7/plots/latent_generation_750_after_ext.png
[2026-05-30 10:28:18,298][root][INFO] - Generation 150/400 - Time: 0.00 seconds
[2026-05-30 10:28:18,299][root][INFO] - {'coverage': '100.00', 'max_fitness': '-9.34', 'passive_coverage': '41.89', 'passive_max_fitness': '-9.34', 'passive_mean_fitness': '-56.80', 'passive_qd_score': '36302.18', 'qd_score': '88457.27', 'mean_fitness_top_k': '-22.65'}
[2026-05-30 10:28:19,441][root][INFO] - Generation 151/400 - Time: 0.00 seconds
[2026-05-30 10:28:19,442][root][INFO] - {'coverage': '100.00', 'max_fitness': '-9.34', 'passive_coverage': '42.87', 'passive_max_fitness': '-9.34', 'passive_mean_fitness': '-57.33', 'passive_qd_score': '36916.61', 'qd_score': '80089.89', 'mean_fitness_top_k': '-34.66'}
[2026-05-30 10:28:20,670][root][INFO] - Generation 152/400 - Time: 0.00 seconds
[2026-05-30 10:28:20,672][root][INFO] - {'coverage': '100.00', 'max_fitness': '-9.34', 'passive_coverage': '43.36', 'passive_max_fitness': '-9.34', 'passive_mean_fitness': '-57.57', 'passive_qd_score': '37227.84', 'qd_score': '82542.36', 'mean_fitness_top_k': '-33.34'}
[2026-05-30 10:28:21,809][root][INFO] - Generation 153/400 - Time: 0.00 seconds
[2026-05-30 10:28:21,810][root][INFO] - {'coverage': '100.00', 'max_fitness': '-9.34', 'passive_coverage': '43.46', 'passive_max_fitness': '-9.34', 'passive_mean_fitness': '-57.60', 'passive_qd_score': '37299.30', 'qd_score': '83453.30', 'mean_fitness_top_k': '-32.28'}
[2026-05-30 10:28:22,986][root][INFO] - Generation 154/400 - Time: 0.00 seconds
[2026-05-30 10:28:22,987][root][INFO] - {'coverage': '100.00', 'max_fitness': '-9.34', 'passive_coverage': '43.55', 'passive_max_fitness': '-9.34', 'passive_mean_fitness': '-57.69', 'passive_qd_score': '37343.89', 'qd_score': '84282.50', 'mean_fitness_top_k': '-30.96'}
[2026-05-30 10:28:24,130][root][INFO] - Generation 155/400 - Time: 0.00 seconds
[2026-05-30 10:28:24,131][root][INFO] - {'coverage': '100.00', 'max_fitness': '-9.34', 'passive_coverage': '43.85', 'passive_max_fitness': '-9.34', 'passive_mean_fitness': '-57.74', 'passive_qd_score': '37572.67', 'qd_score': '85579.52', 'mean_fitness_top_k': '-29.27'}
[2026-05-30 10:28:24,133][root][INFO] - Saving snapshot to runs/20260530_102202_kheperax_seed7/plots/latent_generation_775_5_gens_after_ext_gen750.png
[2026-05-30 10:28:26,253][root][INFO] - Updating AE...
[2026-05-30 10:28:27,027][root][INFO] - Epoch: 1, loss: 182.5163
[2026-05-30 10:28:27,098][root][INFO] - Epoch: 2, loss: 176.8324
[2026-05-30 10:28:27,169][root][INFO] - Epoch: 3, loss: 176.0998
[2026-05-30 10:28:27,241][root][INFO] - Epoch: 4, loss: 171.6159
[2026-05-30 10:28:27,313][root][INFO] - Epoch: 5, loss: 168.9118
[2026-05-30 10:28:27,385][root][INFO] - Epoch: 6, loss: 164.9763
[2026-05-30 10:28:27,456][root][INFO] - Epoch: 7, loss: 159.6191
[2026-05-30 10:28:27,527][root][INFO] - Epoch: 8, loss: 157.9659
[2026-05-30 10:28:27,598][root][INFO] - Epoch: 9, loss: 154.1898
[2026-05-30 10:28:27,671][root][INFO] - Epoch: 10, loss: 152.0742
[2026-05-30 10:28:27,743][root][INFO] - Epoch: 11, loss: 149.7761
[2026-05-30 10:28:27,814][root][INFO] - Epoch: 12, loss: 148.3112
[2026-05-30 10:28:27,886][root][INFO] - Epoch: 13, loss: 146.9436
[2026-05-30 10:28:27,957][root][INFO] - Epoch: 14, loss: 145.0861
[2026-05-30 10:28:28,029][root][INFO] - Epoch: 15, loss: 145.0463
[2026-05-30 10:28:28,101][root][INFO] - Epoch: 16, loss: 143.6721
[2026-05-30 10:28:28,173][root][INFO] - Epoch: 17, loss: 142.5809
[2026-05-30 10:28:28,244][root][INFO] - Epoch: 18, loss: 141.9011
[2026-05-30 10:28:28,315][root][INFO] - Epoch: 19, loss: 141.8390
[2026-05-30 10:28:28,386][root][INFO] - Epoch: 20, loss: 139.6489
[2026-05-30 10:28:28,458][root][INFO] - Epoch: 21, loss: 138.0548
[2026-05-30 10:28:28,528][root][INFO] - Epoch: 22, loss: 136.8537
[2026-05-30 10:28:28,598][root][INFO] - Epoch: 23, loss: 135.5167
[2026-05-30 10:28:28,669][root][INFO] - Epoch: 24, loss: 134.6015
[2026-05-30 10:28:28,739][root][INFO] - Epoch: 25, loss: 133.6973
[2026-05-30 10:28:28,810][root][INFO] - Epoch: 26, loss: 131.2490
[2026-05-30 10:28:28,882][root][INFO] - Epoch: 27, loss: 130.0090
[2026-05-30 10:28:28,953][root][INFO] - Epoch: 28, loss: 129.7923
[2026-05-30 10:28:29,038][root][INFO] - Epoch: 29, loss: 129.2594
[2026-05-30 10:28:29,108][root][INFO] - Epoch: 30, loss: 128.4802
[2026-05-30 10:28:29,179][root][INFO] - Epoch: 31, loss: 127.5193
[2026-05-30 10:28:29,249][root][INFO] - Epoch: 32, loss: 129.1326
[2026-05-30 10:28:29,322][root][INFO] - Epoch: 33, loss: 126.9970
[2026-05-30 10:28:29,392][root][INFO] - Epoch: 34, loss: 124.2608
[2026-05-30 10:28:29,463][root][INFO] - Epoch: 35, loss: 122.9337
[2026-05-30 10:28:29,533][root][INFO] - Epoch: 36, loss: 122.3070
[2026-05-30 10:28:29,604][root][INFO] - Epoch: 37, loss: 121.7768
[2026-05-30 10:28:29,675][root][INFO] - Epoch: 38, loss: 118.7140
[2026-05-30 10:28:29,746][root][INFO] - Epoch: 39, loss: 119.2245
[2026-05-30 10:28:29,818][root][INFO] - Epoch: 40, loss: 122.0092
[2026-05-30 10:28:29,888][root][INFO] - Epoch: 41, loss: 118.4364
[2026-05-30 10:28:29,960][root][INFO] - Epoch: 42, loss: 227.3577
[2026-05-30 10:28:30,033][root][INFO] - Epoch: 43, loss: 146.4330
[2026-05-30 10:28:30,103][root][INFO] - Epoch: 44, loss: 139.1300
[2026-05-30 10:28:30,173][root][INFO] - Epoch: 45, loss: 140.3641
[2026-05-30 10:28:30,243][root][INFO] - Epoch: 46, loss: 137.4186
[2026-05-30 10:28:30,315][root][INFO] - Epoch: 47, loss: 135.4300
[2026-05-30 10:28:30,386][root][INFO] - Epoch: 48, loss: 134.4142
[2026-05-30 10:28:30,456][root][INFO] - Epoch: 49, loss: 132.6082
[2026-05-30 10:28:30,527][root][INFO] - Epoch: 50, loss: 131.4143
[2026-05-30 10:28:30,599][root][INFO] - Epoch: 51, loss: 130.1787
[2026-05-30 10:28:30,671][root][INFO] - Epoch: 52, loss: 129.1656
[2026-05-30 10:28:30,671][root][INFO] - Early stopping at epoch: 51
[2026-05-30 10:28:30,702][root][INFO] - {'model_loss': '129.1656', 'recon_loss': '0.0000', 'triplet_loss': '129.1656'}
[2026-05-30 10:28:30,706][root][INFO] - Updating AE...
[2026-05-30 10:28:31,442][root][INFO] - Epoch: 1, loss: 25.4386
[2026-05-30 10:28:31,511][root][INFO] - Epoch: 2, loss: 8.4156
[2026-05-30 10:28:31,580][root][INFO] - Epoch: 3, loss: 6.1859
[2026-05-30 10:28:31,650][root][INFO] - Epoch: 4, loss: 5.3541
[2026-05-30 10:28:31,721][root][INFO] - Epoch: 5, loss: 4.8250
[2026-05-30 10:28:31,790][root][INFO] - Epoch: 6, loss: 4.5185
[2026-05-30 10:28:31,861][root][INFO] - Epoch: 7, loss: 4.3472
[2026-05-30 10:28:31,931][root][INFO] - Epoch: 8, loss: 4.2061
[2026-05-30 10:28:32,001][root][INFO] - Epoch: 9, loss: 4.0881
[2026-05-30 10:28:32,072][root][INFO] - Epoch: 10, loss: 4.0039
[2026-05-30 10:28:32,143][root][INFO] - Epoch: 11, loss: 3.9282
[2026-05-30 10:28:32,213][root][INFO] - Epoch: 12, loss: 3.8675
[2026-05-30 10:28:32,286][root][INFO] - Epoch: 13, loss: 3.8162
[2026-05-30 10:28:32,357][root][INFO] - Epoch: 14, loss: 3.7657
[2026-05-30 10:28:32,428][root][INFO] - Epoch: 15, loss: 3.7172
[2026-05-30 10:28:32,500][root][INFO] - Epoch: 16, loss: 3.6733
[2026-05-30 10:28:32,571][root][INFO] - Epoch: 17, loss: 3.6407
[2026-05-30 10:28:32,643][root][INFO] - Epoch: 18, loss: 3.6118
[2026-05-30 10:28:32,714][root][INFO] - Epoch: 19, loss: 3.5791
[2026-05-30 10:28:32,785][root][INFO] - Epoch: 20, loss: 3.5451
[2026-05-30 10:28:32,857][root][INFO] - Epoch: 21, loss: 3.5213
[2026-05-30 10:28:32,928][root][INFO] - Epoch: 22, loss: 3.4955
[2026-05-30 10:28:32,999][root][INFO] - Epoch: 23, loss: 3.4797
[2026-05-30 10:28:33,071][root][INFO] - Epoch: 24, loss: 3.4482
[2026-05-30 10:28:33,141][root][INFO] - Epoch: 25, loss: 3.4329
[2026-05-30 10:28:33,212][root][INFO] - Epoch: 26, loss: 3.4183
[2026-05-30 10:28:33,283][root][INFO] - Epoch: 27, loss: 3.4097
[2026-05-30 10:28:33,353][root][INFO] - Epoch: 28, loss: 3.3876
[2026-05-30 10:28:33,425][root][INFO] - Epoch: 29, loss: 3.3716
[2026-05-30 10:28:33,497][root][INFO] - Epoch: 30, loss: 3.3587
[2026-05-30 10:28:33,567][root][INFO] - Epoch: 31, loss: 3.3497
[2026-05-30 10:28:33,638][root][INFO] - Epoch: 32, loss: 3.3313
[2026-05-30 10:28:33,709][root][INFO] - Epoch: 33, loss: 3.3227
[2026-05-30 10:28:33,780][root][INFO] - Epoch: 34, loss: 3.3125
[2026-05-30 10:28:33,851][root][INFO] - Epoch: 35, loss: 3.3006
[2026-05-30 10:28:33,922][root][INFO] - Epoch: 36, loss: 3.2975
[2026-05-30 10:28:33,993][root][INFO] - Epoch: 37, loss: 3.2846
[2026-05-30 10:28:34,064][root][INFO] - Epoch: 38, loss: 3.2761
[2026-05-30 10:28:34,134][root][INFO] - Epoch: 39, loss: 3.2703
[2026-05-30 10:28:34,204][root][INFO] - Epoch: 40, loss: 3.2627
[2026-05-30 10:28:34,275][root][INFO] - Epoch: 41, loss: 3.2477
[2026-05-30 10:28:34,345][root][INFO] - Epoch: 42, loss: 3.2436
[2026-05-30 10:28:34,416][root][INFO] - Epoch: 43, loss: 3.2296
[2026-05-30 10:28:34,486][root][INFO] - Epoch: 44, loss: 3.2249
[2026-05-30 10:28:34,556][root][INFO] - Epoch: 45, loss: 3.2185
[2026-05-30 10:28:34,639][root][INFO] - Epoch: 46, loss: 3.1989
[2026-05-30 10:28:34,709][root][INFO] - Epoch: 47, loss: 3.1948
[2026-05-30 10:28:34,780][root][INFO] - Epoch: 48, loss: 3.1747
[2026-05-30 10:28:34,850][root][INFO] - Epoch: 49, loss: 3.1716
[2026-05-30 10:28:34,919][root][INFO] - Epoch: 50, loss: 3.1646
[2026-05-30 10:28:34,988][root][INFO] - Epoch: 51, loss: 3.1443
[2026-05-30 10:28:35,058][root][INFO] - Epoch: 52, loss: 3.1388
[2026-05-30 10:28:35,129][root][INFO] - Epoch: 53, loss: 3.1239
[2026-05-30 10:28:35,201][root][INFO] - Epoch: 54, loss: 3.1186
[2026-05-30 10:28:35,273][root][INFO] - Epoch: 55, loss: 3.1174
[2026-05-30 10:28:35,344][root][INFO] - Epoch: 56, loss: 3.0950
[2026-05-30 10:28:35,416][root][INFO] - Epoch: 57, loss: 3.0778
[2026-05-30 10:28:35,488][root][INFO] - Epoch: 58, loss: 3.0660
[2026-05-30 10:28:35,558][root][INFO] - Epoch: 59, loss: 3.0634
[2026-05-30 10:28:35,630][root][INFO] - Epoch: 60, loss: 3.0596
[2026-05-30 10:28:35,701][root][INFO] - Epoch: 61, loss: 3.0580
[2026-05-30 10:28:35,775][root][INFO] - Epoch: 62, loss: 3.1465
[2026-05-30 10:28:35,846][root][INFO] - Epoch: 63, loss: 3.1018
[2026-05-30 10:28:35,916][root][INFO] - Epoch: 64, loss: 3.0609
[2026-05-30 10:28:35,988][root][INFO] - Epoch: 65, loss: 3.0360
[2026-05-30 10:28:36,058][root][INFO] - Epoch: 66, loss: 3.0240
[2026-05-30 10:28:36,129][root][INFO] - Epoch: 67, loss: 3.0107
[2026-05-30 10:28:36,201][root][INFO] - Epoch: 68, loss: 2.9794
[2026-05-30 10:28:36,271][root][INFO] - Epoch: 69, loss: 2.9989
[2026-05-30 10:28:36,342][root][INFO] - Epoch: 70, loss: 2.9813
[2026-05-30 10:28:36,414][root][INFO] - Epoch: 71, loss: 2.9684
[2026-05-30 10:28:36,485][root][INFO] - Epoch: 72, loss: 2.9594
[2026-05-30 10:28:36,557][root][INFO] - Epoch: 73, loss: 2.9637
[2026-05-30 10:28:36,627][root][INFO] - Epoch: 74, loss: 2.9404
[2026-05-30 10:28:36,701][root][INFO] - Epoch: 75, loss: 2.9316
[2026-05-30 10:28:36,772][root][INFO] - Epoch: 76, loss: 2.9241
[2026-05-30 10:28:36,842][root][INFO] - Epoch: 77, loss: 2.9221
[2026-05-30 10:28:36,914][root][INFO] - Epoch: 78, loss: 2.9076
[2026-05-30 10:28:36,985][root][INFO] - Epoch: 79, loss: 2.8996
[2026-05-30 10:28:37,056][root][INFO] - Epoch: 80, loss: 2.8904
[2026-05-30 10:28:37,127][root][INFO] - Epoch: 81, loss: 2.8766
[2026-05-30 10:28:37,199][root][INFO] - Epoch: 82, loss: 2.8732
[2026-05-30 10:28:37,270][root][INFO] - Epoch: 83, loss: 2.8615
[2026-05-30 10:28:37,342][root][INFO] - Epoch: 84, loss: 2.8683
[2026-05-30 10:28:37,413][root][INFO] - Epoch: 85, loss: 2.9057
[2026-05-30 10:28:37,484][root][INFO] - Epoch: 86, loss: 2.9083
[2026-05-30 10:28:37,555][root][INFO] - Epoch: 87, loss: 2.9132
[2026-05-30 10:28:37,626][root][INFO] - Epoch: 88, loss: 2.8904
[2026-05-30 10:28:37,696][root][INFO] - Epoch: 89, loss: 2.8774
[2026-05-30 10:28:37,766][root][INFO] - Epoch: 90, loss: 2.8638
[2026-05-30 10:28:37,838][root][INFO] - Epoch: 91, loss: 2.8557
[2026-05-30 10:28:37,908][root][INFO] - Epoch: 92, loss: 2.8334
[2026-05-30 10:28:37,980][root][INFO] - Epoch: 93, loss: 2.8179
[2026-05-30 10:28:38,051][root][INFO] - Epoch: 94, loss: 2.8169
[2026-05-30 10:28:38,122][root][INFO] - Epoch: 95, loss: 2.8145
[2026-05-30 10:28:38,193][root][INFO] - Epoch: 96, loss: 2.8077
[2026-05-30 10:28:38,264][root][INFO] - Epoch: 97, loss: 2.7790
[2026-05-30 10:28:38,335][root][INFO] - Epoch: 98, loss: 2.7627
[2026-05-30 10:28:38,406][root][INFO] - Epoch: 99, loss: 2.7902
[2026-05-30 10:28:38,477][root][INFO] - Epoch: 100, loss: 2.7749
[2026-05-30 10:28:38,549][root][INFO] - Epoch: 101, loss: 2.7657
[2026-05-30 10:28:38,619][root][INFO] - Epoch: 102, loss: 2.7453
[2026-05-30 10:28:38,690][root][INFO] - Epoch: 103, loss: 2.7193
[2026-05-30 10:28:38,759][root][INFO] - Epoch: 104, loss: 2.7302
[2026-05-30 10:28:38,830][root][INFO] - Epoch: 105, loss: 2.7234
[2026-05-30 10:28:38,900][root][INFO] - Epoch: 106, loss: 2.7308
[2026-05-30 10:28:38,971][root][INFO] - Epoch: 107, loss: 2.7361
[2026-05-30 10:28:39,044][root][INFO] - Epoch: 108, loss: 2.7043
[2026-05-30 10:28:39,114][root][INFO] - Epoch: 109, loss: 2.7036
[2026-05-30 10:28:39,185][root][INFO] - Epoch: 110, loss: 2.6906
[2026-05-30 10:28:39,254][root][INFO] - Epoch: 111, loss: 2.6802
[2026-05-30 10:28:39,324][root][INFO] - Epoch: 112, loss: 2.6643
[2026-05-30 10:28:39,393][root][INFO] - Epoch: 113, loss: 2.6556
[2026-05-30 10:28:39,465][root][INFO] - Epoch: 114, loss: 2.6707
[2026-05-30 10:28:39,536][root][INFO] - Epoch: 115, loss: 2.6444
[2026-05-30 10:28:39,607][root][INFO] - Epoch: 116, loss: 2.6440
[2026-05-30 10:28:39,678][root][INFO] - Epoch: 117, loss: 2.6658
[2026-05-30 10:28:39,749][root][INFO] - Epoch: 118, loss: 2.6262
[2026-05-30 10:28:39,821][root][INFO] - Epoch: 119, loss: 2.6022
[2026-05-30 10:28:39,892][root][INFO] - Epoch: 120, loss: 2.6122
[2026-05-30 10:28:39,963][root][INFO] - Epoch: 121, loss: 2.6399
[2026-05-30 10:28:40,034][root][INFO] - Epoch: 122, loss: 2.6458
[2026-05-30 10:28:40,104][root][INFO] - Epoch: 123, loss: 2.6420
[2026-05-30 10:28:40,174][root][INFO] - Epoch: 124, loss: 2.6170
[2026-05-30 10:28:40,244][root][INFO] - Epoch: 125, loss: 2.6172
[2026-05-30 10:28:40,313][root][INFO] - Epoch: 126, loss: 2.6260
[2026-05-30 10:28:40,382][root][INFO] - Epoch: 127, loss: 2.5944
[2026-05-30 10:28:40,453][root][INFO] - Epoch: 128, loss: 2.5939
[2026-05-30 10:28:40,524][root][INFO] - Epoch: 129, loss: 2.5513
[2026-05-30 10:28:40,596][root][INFO] - Epoch: 130, loss: 2.5587
[2026-05-30 10:28:40,668][root][INFO] - Epoch: 131, loss: 2.5747
[2026-05-30 10:28:40,738][root][INFO] - Epoch: 132, loss: 2.5483
[2026-05-30 10:28:40,809][root][INFO] - Epoch: 133, loss: 2.5356
[2026-05-30 10:28:40,880][root][INFO] - Epoch: 134, loss: 2.5346
[2026-05-30 10:28:40,951][root][INFO] - Epoch: 135, loss: 2.5330
[2026-05-30 10:28:41,022][root][INFO] - Epoch: 136, loss: 2.5110
[2026-05-30 10:28:41,094][root][INFO] - Epoch: 137, loss: 2.5086
[2026-05-30 10:28:41,165][root][INFO] - Epoch: 138, loss: 2.5199
[2026-05-30 10:28:41,238][root][INFO] - Epoch: 139, loss: 2.4966
[2026-05-30 10:28:41,308][root][INFO] - Epoch: 140, loss: 2.5036
[2026-05-30 10:28:41,378][root][INFO] - Epoch: 141, loss: 2.4714
[2026-05-30 10:28:41,450][root][INFO] - Epoch: 142, loss: 2.4823
[2026-05-30 10:28:41,521][root][INFO] - Epoch: 143, loss: 2.4692
[2026-05-30 10:28:41,592][root][INFO] - Epoch: 144, loss: 2.4672
[2026-05-30 10:28:41,664][root][INFO] - Epoch: 145, loss: 2.4738
[2026-05-30 10:28:41,735][root][INFO] - Epoch: 146, loss: 2.4538
[2026-05-30 10:28:41,806][root][INFO] - Epoch: 147, loss: 2.4642
[2026-05-30 10:28:41,877][root][INFO] - Epoch: 148, loss: 2.4411
[2026-05-30 10:28:41,947][root][INFO] - Epoch: 149, loss: 2.4331
[2026-05-30 10:28:42,018][root][INFO] - Epoch: 150, loss: 2.4282
[2026-05-30 10:28:42,089][root][INFO] - Epoch: 151, loss: 2.4080
[2026-05-30 10:28:42,160][root][INFO] - Epoch: 152, loss: 2.3967
[2026-05-30 10:28:42,230][root][INFO] - Epoch: 153, loss: 2.4151
[2026-05-30 10:28:42,301][root][INFO] - Epoch: 154, loss: 2.4076
[2026-05-30 10:28:42,373][root][INFO] - Epoch: 155, loss: 2.3829
[2026-05-30 10:28:42,445][root][INFO] - Epoch: 156, loss: 2.3908
[2026-05-30 10:28:42,518][root][INFO] - Epoch: 157, loss: 2.4648
[2026-05-30 10:28:42,588][root][INFO] - Epoch: 158, loss: 2.4448
[2026-05-30 10:28:42,658][root][INFO] - Epoch: 159, loss: 2.4543
[2026-05-30 10:28:42,729][root][INFO] - Epoch: 160, loss: 3.0667
[2026-05-30 10:28:42,800][root][INFO] - Epoch: 161, loss: 2.7506
[2026-05-30 10:28:42,872][root][INFO] - Epoch: 162, loss: 2.6122
[2026-05-30 10:28:42,942][root][INFO] - Epoch: 163, loss: 2.5301
[2026-05-30 10:28:43,013][root][INFO] - Epoch: 164, loss: 2.4653
[2026-05-30 10:28:43,083][root][INFO] - Epoch: 165, loss: 2.5681
[2026-05-30 10:28:43,154][root][INFO] - Epoch: 166, loss: 2.6132
[2026-05-30 10:28:43,155][root][INFO] - Early stopping at epoch: 165
[2026-05-30 10:28:43,202][root][INFO] - {'model_loss': '2.6132', 'recon_loss': '0.0000', 'triplet_loss': '2.6132'}
[2026-05-30 10:28:43,206][root][INFO] - Generation 156/400 - Time: 0.00 seconds
[2026-05-30 10:28:43,207][root][INFO] - {'coverage': '100.00', 'max_fitness': '-9.34', 'passive_coverage': '43.85', 'passive_max_fitness': '-9.34', 'passive_mean_fitness': '-57.72', 'passive_qd_score': '37580.02', 'qd_score': '86022.84', 'mean_fitness_top_k': '-28.68'}
[2026-05-30 10:28:44,302][root][INFO] - Generation 157/400 - Time: 0.00 seconds
[2026-05-30 10:28:44,303][root][INFO] - {'coverage': '100.00', 'max_fitness': '-9.34', 'passive_coverage': '44.43', 'passive_max_fitness': '-9.34', 'passive_mean_fitness': '-57.78', 'passive_qd_score': '38055.55', 'qd_score': '87347.39', 'mean_fitness_top_k': '-28.97'}
[2026-05-30 10:28:45,289][root][INFO] - Generation 158/400 - Time: 0.00 seconds
[2026-05-30 10:28:45,290][root][INFO] - {'coverage': '100.00', 'max_fitness': '-9.34', 'passive_coverage': '44.73', 'passive_max_fitness': '-9.34', 'passive_mean_fitness': '-57.66', 'passive_qd_score': '38362.50', 'qd_score': '86570.38', 'mean_fitness_top_k': '-29.52'}
[2026-05-30 10:28:46,272][root][INFO] - Generation 159/400 - Time: 0.00 seconds
[2026-05-30 10:28:46,273][root][INFO] - {'coverage': '100.00', 'max_fitness': '-9.34', 'passive_coverage': '45.02', 'passive_max_fitness': '-9.34', 'passive_mean_fitness': '-57.57', 'passive_qd_score': '38653.94', 'qd_score': '86389.61', 'mean_fitness_top_k': '-29.49'}
[2026-05-30 10:28:47,502][root][INFO] - Generation 160/400 - Time: 0.00 seconds
[2026-05-30 10:28:47,503][root][INFO] - {'coverage': '100.00', 'max_fitness': '-9.34', 'passive_coverage': '45.02', 'passive_max_fitness': '-9.34', 'passive_mean_fitness': '-57.57', 'passive_qd_score': '38655.38', 'qd_score': '86025.70', 'mean_fitness_top_k': '-29.79'}
[2026-05-30 10:28:48,672][root][INFO] - Generation 161/400 - Time: 0.00 seconds
[2026-05-30 10:28:48,673][root][INFO] - {'coverage': '100.00', 'max_fitness': '-9.34', 'passive_coverage': '45.41', 'passive_max_fitness': '-9.34', 'passive_mean_fitness': '-57.58', 'passive_qd_score': '38987.31', 'qd_score': '85274.49', 'mean_fitness_top_k': '-30.00'}
[2026-05-30 10:28:49,817][root][INFO] - Generation 162/400 - Time: 0.00 seconds
[2026-05-30 10:28:49,818][root][INFO] - {'coverage': '100.00', 'max_fitness': '-9.34', 'passive_coverage': '45.51', 'passive_max_fitness': '-9.34', 'passive_mean_fitness': '-57.52', 'passive_qd_score': '39099.73', 'qd_score': '85257.21', 'mean_fitness_top_k': '-29.59'}
[2026-05-30 10:28:50,961][root][INFO] - Generation 163/400 - Time: 0.00 seconds
[2026-05-30 10:28:50,961][root][INFO] - {'coverage': '100.00', 'max_fitness': '-9.34', 'passive_coverage': '45.61', 'passive_max_fitness': '-9.34', 'passive_mean_fitness': '-57.50', 'passive_qd_score': '39190.92', 'qd_score': '85401.72', 'mean_fitness_top_k': '-29.64'}
[2026-05-30 10:28:52,098][root][INFO] - Generation 164/400 - Time: 0.00 seconds
[2026-05-30 10:28:52,099][root][INFO] - {'coverage': '100.00', 'max_fitness': '-9.34', 'passive_coverage': '45.61', 'passive_max_fitness': '-9.34', 'passive_mean_fitness': '-57.50', 'passive_qd_score': '39193.12', 'qd_score': '85376.16', 'mean_fitness_top_k': '-29.64'}
[2026-05-30 10:28:53,230][root][INFO] - Generation 165/400 - Time: 0.00 seconds
[2026-05-30 10:28:53,231][root][INFO] - {'coverage': '100.00', 'max_fitness': '-9.34', 'passive_coverage': '45.70', 'passive_max_fitness': '-9.34', 'passive_mean_fitness': '-57.49', 'passive_qd_score': '39279.89', 'qd_score': '85296.27', 'mean_fitness_top_k': '-30.10'}
[2026-05-30 10:28:54,466][root][INFO] - Generation 166/400 - Time: 0.00 seconds
[2026-05-30 10:28:54,467][root][INFO] - {'coverage': '100.00', 'max_fitness': '-9.34', 'passive_coverage': '45.70', 'passive_max_fitness': '-9.34', 'passive_mean_fitness': '-57.48', 'passive_qd_score': '39284.20', 'qd_score': '85048.92', 'mean_fitness_top_k': '-30.53'}
[2026-05-30 10:28:55,603][root][INFO] - Generation 167/400 - Time: 0.00 seconds
[2026-05-30 10:28:55,604][root][INFO] - {'coverage': '100.00', 'max_fitness': '-9.34', 'passive_coverage': '45.90', 'passive_max_fitness': '-9.34', 'passive_mean_fitness': '-57.38', 'passive_qd_score': '39498.43', 'qd_score': '84477.05', 'mean_fitness_top_k': '-30.12'}
[2026-05-30 10:28:56,839][root][INFO] - Generation 168/400 - Time: 0.00 seconds
[2026-05-30 10:28:56,840][root][INFO] - {'coverage': '100.00', 'max_fitness': '-9.34', 'passive_coverage': '45.90', 'passive_max_fitness': '-9.34', 'passive_mean_fitness': '-57.38', 'passive_qd_score': '39498.72', 'qd_score': '84322.41', 'mean_fitness_top_k': '-30.48'}
[2026-05-30 10:28:57,979][root][INFO] - Generation 169/400 - Time: 0.00 seconds
[2026-05-30 10:28:57,980][root][INFO] - {'coverage': '100.00', 'max_fitness': '-9.34', 'passive_coverage': '46.00', 'passive_max_fitness': '-9.34', 'passive_mean_fitness': '-57.31', 'passive_qd_score': '39614.19', 'qd_score': '84323.98', 'mean_fitness_top_k': '-30.39'}
[2026-05-30 10:28:59,118][root][INFO] - Generation 170/400 - Time: 0.00 seconds
[2026-05-30 10:28:59,119][root][INFO] - {'coverage': '100.00', 'max_fitness': '-9.34', 'passive_coverage': '46.00', 'passive_max_fitness': '-9.34', 'passive_mean_fitness': '-57.31', 'passive_qd_score': '39614.80', 'qd_score': '84160.14', 'mean_fitness_top_k': '-30.51'}
[2026-05-30 10:29:00,259][root][INFO] - Generation 171/400 - Time: 0.00 seconds
[2026-05-30 10:29:00,260][root][INFO] - {'coverage': '100.00', 'max_fitness': '-9.34', 'passive_coverage': '46.09', 'passive_max_fitness': '-9.34', 'passive_mean_fitness': '-57.25', 'passive_qd_score': '39726.95', 'qd_score': '83668.86', 'mean_fitness_top_k': '-30.61'}
[2026-05-30 10:29:01,400][root][INFO] - Generation 172/400 - Time: 0.00 seconds
[2026-05-30 10:29:01,401][root][INFO] - {'coverage': '100.00', 'max_fitness': '-9.34', 'passive_coverage': '46.09', 'passive_max_fitness': '-9.34', 'passive_mean_fitness': '-57.25', 'passive_qd_score': '39727.01', 'qd_score': '83758.83', 'mean_fitness_top_k': '-30.65'}
[2026-05-30 10:29:02,628][root][INFO] - Generation 173/400 - Time: 0.00 seconds
[2026-05-30 10:29:02,630][root][INFO] - {'coverage': '100.00', 'max_fitness': '-9.34', 'passive_coverage': '46.09', 'passive_max_fitness': '-9.34', 'passive_mean_fitness': '-57.25', 'passive_qd_score': '39728.27', 'qd_score': '83826.80', 'mean_fitness_top_k': '-30.53'}
[2026-05-30 10:29:03,763][root][INFO] - Generation 174/400 - Time: 0.00 seconds
[2026-05-30 10:29:03,763][root][INFO] - {'coverage': '100.00', 'max_fitness': '-9.34', 'passive_coverage': '46.09', 'passive_max_fitness': '-9.34', 'passive_mean_fitness': '-57.25', 'passive_qd_score': '39728.27', 'qd_score': '83666.47', 'mean_fitness_top_k': '-30.81'}
[2026-05-30 10:29:04,905][root][INFO] - Generation 175/400 - Time: 0.00 seconds
[2026-05-30 10:29:04,906][root][INFO] - {'coverage': '100.00', 'max_fitness': '-9.34', 'passive_coverage': '46.09', 'passive_max_fitness': '-9.34', 'passive_mean_fitness': '-57.25', 'passive_qd_score': '39728.27', 'qd_score': '83597.05', 'mean_fitness_top_k': '-31.27'}
[2026-05-30 10:29:06,047][root][INFO] - Generation 176/400 - Time: 0.00 seconds
[2026-05-30 10:29:06,048][root][INFO] - {'coverage': '100.00', 'max_fitness': '-9.34', 'passive_coverage': '46.09', 'passive_max_fitness': '-9.34', 'passive_mean_fitness': '-57.25', 'passive_qd_score': '39728.36', 'qd_score': '83887.03', 'mean_fitness_top_k': '-31.24'}
[2026-05-30 10:29:07,279][root][INFO] - Generation 177/400 - Time: 0.00 seconds
[2026-05-30 10:29:07,280][root][INFO] - {'coverage': '100.00', 'max_fitness': '-9.34', 'passive_coverage': '46.09', 'passive_max_fitness': '-9.34', 'passive_mean_fitness': '-57.25', 'passive_qd_score': '39728.74', 'qd_score': '84109.09', 'mean_fitness_top_k': '-31.70'}
[2026-05-30 10:29:08,419][root][INFO] - Generation 178/400 - Time: 0.00 seconds
[2026-05-30 10:29:08,420][root][INFO] - {'coverage': '100.00', 'max_fitness': '-9.34', 'passive_coverage': '46.09', 'passive_max_fitness': '-9.34', 'passive_mean_fitness': '-57.25', 'passive_qd_score': '39729.51', 'qd_score': '84152.77', 'mean_fitness_top_k': '-31.34'}
[2026-05-30 10:29:09,566][root][INFO] - Generation 179/400 - Time: 0.00 seconds
[2026-05-30 10:29:09,567][root][INFO] - {'coverage': '100.00', 'max_fitness': '-9.34', 'passive_coverage': '46.29', 'passive_max_fitness': '-9.34', 'passive_mean_fitness': '-57.16', 'passive_qd_score': '39939.25', 'qd_score': '83936.65', 'mean_fitness_top_k': '-31.86'}
[2026-05-30 10:29:10,715][root][INFO] - Generation 180/400 - Time: 0.00 seconds
[2026-05-30 10:29:10,716][root][INFO] - {'coverage': '100.00', 'max_fitness': '-9.34', 'passive_coverage': '46.29', 'passive_max_fitness': '-9.34', 'passive_mean_fitness': '-57.16', 'passive_qd_score': '39939.46', 'qd_score': '83780.86', 'mean_fitness_top_k': '-31.32'}
[2026-05-30 10:29:11,769][root][INFO] - Generation 181/400 - Time: 0.00 seconds
[2026-05-30 10:29:11,770][root][INFO] - {'coverage': '100.00', 'max_fitness': '-9.34', 'passive_coverage': '46.29', 'passive_max_fitness': '-9.34', 'passive_mean_fitness': '-57.16', 'passive_qd_score': '39940.04', 'qd_score': '83998.18', 'mean_fitness_top_k': '-31.32'}
[2026-05-30 10:29:12,770][root][INFO] - Updating AE...
[2026-05-30 10:29:13,507][root][INFO] - Epoch: 1, loss: 249.5534
[2026-05-30 10:29:13,578][root][INFO] - Epoch: 2, loss: 244.1557
[2026-05-30 10:29:13,647][root][INFO] - Epoch: 3, loss: 241.5428
[2026-05-30 10:29:13,716][root][INFO] - Epoch: 4, loss: 234.3005
[2026-05-30 10:29:13,786][root][INFO] - Epoch: 5, loss: 229.2617
[2026-05-30 10:29:13,855][root][INFO] - Epoch: 6, loss: 226.0371
[2026-05-30 10:29:13,926][root][INFO] - Epoch: 7, loss: 222.9880
[2026-05-30 10:29:13,998][root][INFO] - Epoch: 8, loss: 221.5887
[2026-05-30 10:29:14,069][root][INFO] - Epoch: 9, loss: 221.7081
[2026-05-30 10:29:14,140][root][INFO] - Epoch: 10, loss: 216.3076
[2026-05-30 10:29:14,211][root][INFO] - Epoch: 11, loss: 215.5444
[2026-05-30 10:29:14,281][root][INFO] - Epoch: 12, loss: 212.0217
[2026-05-30 10:29:14,352][root][INFO] - Epoch: 13, loss: 210.6425
[2026-05-30 10:29:14,423][root][INFO] - Epoch: 14, loss: 209.4796
[2026-05-30 10:29:14,500][root][INFO] - Epoch: 15, loss: 206.2346
[2026-05-30 10:29:14,572][root][INFO] - Epoch: 16, loss: 204.4282
[2026-05-30 10:29:14,646][root][INFO] - Epoch: 17, loss: 202.8811
[2026-05-30 10:29:14,715][root][INFO] - Epoch: 18, loss: 208.0007
[2026-05-30 10:29:14,785][root][INFO] - Epoch: 19, loss: 203.6228
[2026-05-30 10:29:14,854][root][INFO] - Epoch: 20, loss: 201.5605
[2026-05-30 10:29:14,925][root][INFO] - Epoch: 21, loss: 199.2090
[2026-05-30 10:29:14,995][root][INFO] - Epoch: 22, loss: 196.9015
[2026-05-30 10:29:15,064][root][INFO] - Epoch: 23, loss: 194.7664
[2026-05-30 10:29:15,134][root][INFO] - Epoch: 24, loss: 192.5210
[2026-05-30 10:29:15,206][root][INFO] - Epoch: 25, loss: 190.8851
[2026-05-30 10:29:15,277][root][INFO] - Epoch: 26, loss: 188.8318
[2026-05-30 10:29:15,348][root][INFO] - Epoch: 27, loss: 187.3468
[2026-05-30 10:29:15,419][root][INFO] - Epoch: 28, loss: 186.5215
[2026-05-30 10:29:15,489][root][INFO] - Epoch: 29, loss: 185.2624
[2026-05-30 10:29:15,561][root][INFO] - Epoch: 30, loss: 183.8835
[2026-05-30 10:29:15,632][root][INFO] - Epoch: 31, loss: 183.1548
[2026-05-30 10:29:15,705][root][INFO] - Epoch: 32, loss: 240.9127
[2026-05-30 10:29:15,774][root][INFO] - Epoch: 33, loss: 205.7549
[2026-05-30 10:29:15,844][root][INFO] - Epoch: 34, loss: 207.4846
[2026-05-30 10:29:15,914][root][INFO] - Epoch: 35, loss: 202.5033
[2026-05-30 10:29:15,983][root][INFO] - Epoch: 36, loss: 197.9799
[2026-05-30 10:29:16,053][root][INFO] - Epoch: 37, loss: 194.6979
[2026-05-30 10:29:16,125][root][INFO] - Epoch: 38, loss: 191.1926
[2026-05-30 10:29:16,197][root][INFO] - Epoch: 39, loss: 189.8969
[2026-05-30 10:29:16,268][root][INFO] - Epoch: 40, loss: 189.1460
[2026-05-30 10:29:16,341][root][INFO] - Epoch: 41, loss: 187.2387
[2026-05-30 10:29:16,413][root][INFO] - Epoch: 42, loss: 187.3637
[2026-05-30 10:29:16,413][root][INFO] - Early stopping at epoch: 41
[2026-05-30 10:29:16,443][root][INFO] - {'model_loss': '187.3637', 'recon_loss': '0.0000', 'triplet_loss': '187.3637'}
[2026-05-30 10:29:16,447][root][INFO] - Updating AE...
[2026-05-30 10:29:17,185][root][INFO] - Epoch: 1, loss: 77.9638
[2026-05-30 10:29:17,256][root][INFO] - Epoch: 2, loss: 35.7894
[2026-05-30 10:29:17,326][root][INFO] - Epoch: 3, loss: 24.9714
[2026-05-30 10:29:17,395][root][INFO] - Epoch: 4, loss: 20.5284
[2026-05-30 10:29:17,467][root][INFO] - Epoch: 5, loss: 18.4791
[2026-05-30 10:29:17,536][root][INFO] - Epoch: 6, loss: 17.5204
[2026-05-30 10:29:17,606][root][INFO] - Epoch: 7, loss: 17.0259
[2026-05-30 10:29:17,675][root][INFO] - Epoch: 8, loss: 16.7406
[2026-05-30 10:29:17,745][root][INFO] - Epoch: 9, loss: 16.5738
[2026-05-30 10:29:17,815][root][INFO] - Epoch: 10, loss: 16.4416
[2026-05-30 10:29:17,885][root][INFO] - Epoch: 11, loss: 16.3338
[2026-05-30 10:29:17,958][root][INFO] - Epoch: 12, loss: 16.2096
[2026-05-30 10:29:18,029][root][INFO] - Epoch: 13, loss: 16.1166
[2026-05-30 10:29:18,100][root][INFO] - Epoch: 14, loss: 15.9724
[2026-05-30 10:29:18,169][root][INFO] - Epoch: 15, loss: 15.8930
[2026-05-30 10:29:18,240][root][INFO] - Epoch: 16, loss: 15.7835
[2026-05-30 10:29:18,311][root][INFO] - Epoch: 17, loss: 15.6953
[2026-05-30 10:29:18,381][root][INFO] - Epoch: 18, loss: 15.6103
[2026-05-30 10:29:18,451][root][INFO] - Epoch: 19, loss: 15.5340
[2026-05-30 10:29:18,534][root][INFO] - Epoch: 20, loss: 15.4282
[2026-05-30 10:29:18,604][root][INFO] - Epoch: 21, loss: 15.3291
[2026-05-30 10:29:18,673][root][INFO] - Epoch: 22, loss: 15.2510
[2026-05-30 10:29:18,742][root][INFO] - Epoch: 23, loss: 15.1594
[2026-05-30 10:29:18,812][root][INFO] - Epoch: 24, loss: 15.1057
[2026-05-30 10:29:18,882][root][INFO] - Epoch: 25, loss: 15.0058
[2026-05-30 10:29:18,952][root][INFO] - Epoch: 26, loss: 14.9296
[2026-05-30 10:29:19,022][root][INFO] - Epoch: 27, loss: 14.8428
[2026-05-30 10:29:19,096][root][INFO] - Epoch: 28, loss: 14.7426
[2026-05-30 10:29:19,165][root][INFO] - Epoch: 29, loss: 14.6582
[2026-05-30 10:29:19,235][root][INFO] - Epoch: 30, loss: 14.5576
[2026-05-30 10:29:19,305][root][INFO] - Epoch: 31, loss: 14.4797
[2026-05-30 10:29:19,375][root][INFO] - Epoch: 32, loss: 14.3809
[2026-05-30 10:29:19,444][root][INFO] - Epoch: 33, loss: 14.2891
[2026-05-30 10:29:19,514][root][INFO] - Epoch: 34, loss: 14.2051
[2026-05-30 10:29:19,585][root][INFO] - Epoch: 35, loss: 14.1401
[2026-05-30 10:29:19,656][root][INFO] - Epoch: 36, loss: 14.0570
[2026-05-30 10:29:19,727][root][INFO] - Epoch: 37, loss: 14.0000
[2026-05-30 10:29:19,799][root][INFO] - Epoch: 38, loss: 13.9292
[2026-05-30 10:29:19,869][root][INFO] - Epoch: 39, loss: 13.8620
[2026-05-30 10:29:19,940][root][INFO] - Epoch: 40, loss: 13.7979
[2026-05-30 10:29:20,011][root][INFO] - Epoch: 41, loss: 13.7380
[2026-05-30 10:29:20,083][root][INFO] - Epoch: 42, loss: 13.6913
[2026-05-30 10:29:20,153][root][INFO] - Epoch: 43, loss: 13.6191
[2026-05-30 10:29:20,222][root][INFO] - Epoch: 44, loss: 13.5629
[2026-05-30 10:29:20,291][root][INFO] - Epoch: 45, loss: 13.5171
[2026-05-30 10:29:20,361][root][INFO] - Epoch: 46, loss: 13.4628
[2026-05-30 10:29:20,431][root][INFO] - Epoch: 47, loss: 13.3968
[2026-05-30 10:29:20,502][root][INFO] - Epoch: 48, loss: 13.3583
[2026-05-30 10:29:20,574][root][INFO] - Epoch: 49, loss: 13.3036
[2026-05-30 10:29:20,645][root][INFO] - Epoch: 50, loss: 13.2431
[2026-05-30 10:29:20,716][root][INFO] - Epoch: 51, loss: 13.1842
[2026-05-30 10:29:20,787][root][INFO] - Epoch: 52, loss: 13.1037
[2026-05-30 10:29:20,857][root][INFO] - Epoch: 53, loss: 13.0152
[2026-05-30 10:29:20,931][root][INFO] - Epoch: 54, loss: 12.9515
[2026-05-30 10:29:21,002][root][INFO] - Epoch: 55, loss: 12.8791
[2026-05-30 10:29:21,072][root][INFO] - Epoch: 56, loss: 12.7803
[2026-05-30 10:29:21,145][root][INFO] - Epoch: 57, loss: 12.7137
[2026-05-30 10:29:21,215][root][INFO] - Epoch: 58, loss: 12.6330
[2026-05-30 10:29:21,284][root][INFO] - Epoch: 59, loss: 12.5060
[2026-05-30 10:29:21,356][root][INFO] - Epoch: 60, loss: 12.4498
[2026-05-30 10:29:21,427][root][INFO] - Epoch: 61, loss: 12.3816
[2026-05-30 10:29:21,499][root][INFO] - Epoch: 62, loss: 12.2822
[2026-05-30 10:29:21,570][root][INFO] - Epoch: 63, loss: 12.2848
[2026-05-30 10:29:21,641][root][INFO] - Epoch: 64, loss: 12.1995
[2026-05-30 10:29:21,712][root][INFO] - Epoch: 65, loss: 12.1271
[2026-05-30 10:29:21,783][root][INFO] - Epoch: 66, loss: 12.0051
[2026-05-30 10:29:21,854][root][INFO] - Epoch: 67, loss: 11.9683
[2026-05-30 10:29:21,925][root][INFO] - Epoch: 68, loss: 11.8783
[2026-05-30 10:29:21,996][root][INFO] - Epoch: 69, loss: 11.8364
[2026-05-30 10:29:22,066][root][INFO] - Epoch: 70, loss: 11.7425
[2026-05-30 10:29:22,137][root][INFO] - Epoch: 71, loss: 15.3365
[2026-05-30 10:29:22,208][root][INFO] - Epoch: 72, loss: 19.7819
[2026-05-30 10:29:22,279][root][INFO] - Epoch: 73, loss: 16.0398
[2026-05-30 10:29:22,349][root][INFO] - Epoch: 74, loss: 14.8272
[2026-05-30 10:29:22,420][root][INFO] - Epoch: 75, loss: 14.1401
[2026-05-30 10:29:22,492][root][INFO] - Epoch: 76, loss: 13.7386
[2026-05-30 10:29:22,564][root][INFO] - Epoch: 77, loss: 13.4211
[2026-05-30 10:29:22,635][root][INFO] - Epoch: 78, loss: 13.1963
[2026-05-30 10:29:22,706][root][INFO] - Epoch: 79, loss: 13.0690
[2026-05-30 10:29:22,777][root][INFO] - Epoch: 80, loss: 12.9516
[2026-05-30 10:29:22,848][root][INFO] - Epoch: 81, loss: 12.8339
[2026-05-30 10:29:22,848][root][INFO] - Early stopping at epoch: 80
[2026-05-30 10:29:23,121][root][INFO] - {'model_loss': '12.8339', 'recon_loss': '0.0000', 'triplet_loss': '12.8339'}
[2026-05-30 10:29:23,125][root][INFO] - Generation 182/400 - Time: 0.00 seconds
[2026-05-30 10:29:23,125][root][INFO] - {'coverage': '100.00', 'max_fitness': '-9.34', 'passive_coverage': '46.29', 'passive_max_fitness': '-9.34', 'passive_mean_fitness': '-57.16', 'passive_qd_score': '39940.04', 'qd_score': '83912.02', 'mean_fitness_top_k': '-31.23'}
[2026-05-30 10:29:24,119][root][INFO] - Generation 183/400 - Time: 0.00 seconds
[2026-05-30 10:29:24,119][root][INFO] - {'coverage': '100.00', 'max_fitness': '-9.34', 'passive_coverage': '46.39', 'passive_max_fitness': '-9.34', 'passive_mean_fitness': '-57.15', 'passive_qd_score': '40027.55', 'qd_score': '86081.34', 'mean_fitness_top_k': '-31.58'}
[2026-05-30 10:29:25,106][root][INFO] - Generation 184/400 - Time: 0.00 seconds
[2026-05-30 10:29:25,106][root][INFO] - {'coverage': '100.00', 'max_fitness': '-9.34', 'passive_coverage': '46.39', 'passive_max_fitness': '-9.34', 'passive_mean_fitness': '-57.15', 'passive_qd_score': '40028.07', 'qd_score': '87177.20', 'mean_fitness_top_k': '-31.14'}
[2026-05-30 10:29:26,119][root][INFO] - Generation 185/400 - Time: 0.00 seconds
[2026-05-30 10:29:26,120][root][INFO] - {'coverage': '100.00', 'max_fitness': '-9.34', 'passive_coverage': '46.39', 'passive_max_fitness': '-9.34', 'passive_mean_fitness': '-57.15', 'passive_qd_score': '40030.44', 'qd_score': '87428.55', 'mean_fitness_top_k': '-30.82'}
[2026-05-30 10:29:27,100][root][INFO] - Generation 186/400 - Time: 0.00 seconds
[2026-05-30 10:29:27,101][root][INFO] - {'coverage': '100.00', 'max_fitness': '-9.34', 'passive_coverage': '46.48', 'passive_max_fitness': '-9.34', 'passive_mean_fitness': '-57.05', 'passive_qd_score': '40159.07', 'qd_score': '87862.66', 'mean_fitness_top_k': '-30.18'}
[2026-05-30 10:29:28,085][root][INFO] - Generation 187/400 - Time: 0.00 seconds
[2026-05-30 10:29:28,086][root][INFO] - {'coverage': '100.00', 'max_fitness': '-9.34', 'passive_coverage': '46.48', 'passive_max_fitness': '-9.34', 'passive_mean_fitness': '-57.05', 'passive_qd_score': '40159.07', 'qd_score': '87790.66', 'mean_fitness_top_k': '-30.74'}
[2026-05-30 10:29:29,102][root][INFO] - Generation 188/400 - Time: 0.00 seconds
[2026-05-30 10:29:29,103][root][INFO] - {'coverage': '100.00', 'max_fitness': '-9.34', 'passive_coverage': '46.68', 'passive_max_fitness': '-9.34', 'passive_mean_fitness': '-57.01', 'passive_qd_score': '40350.98', 'qd_score': '88107.74', 'mean_fitness_top_k': '-30.64'}
[2026-05-30 10:29:30,088][root][INFO] - Generation 189/400 - Time: 0.00 seconds
[2026-05-30 10:29:30,089][root][INFO] - {'coverage': '100.00', 'max_fitness': '-9.34', 'passive_coverage': '46.68', 'passive_max_fitness': '-9.34', 'passive_mean_fitness': '-57.01', 'passive_qd_score': '40350.98', 'qd_score': '88117.29', 'mean_fitness_top_k': '-30.56'}
[2026-05-30 10:29:31,066][root][INFO] - Generation 190/400 - Time: 0.00 seconds
[2026-05-30 10:29:31,067][root][INFO] - {'coverage': '100.00', 'max_fitness': '-9.34', 'passive_coverage': '46.68', 'passive_max_fitness': '-9.34', 'passive_mean_fitness': '-57.00', 'passive_qd_score': '40351.23', 'qd_score': '88394.38', 'mean_fitness_top_k': '-30.01'}
[2026-05-30 10:29:32,195][root][INFO] - Generation 191/400 - Time: 0.00 seconds
[2026-05-30 10:29:32,196][root][INFO] - {'coverage': '100.00', 'max_fitness': '-9.34', 'passive_coverage': '46.68', 'passive_max_fitness': '-9.34', 'passive_mean_fitness': '-57.00', 'passive_qd_score': '40351.57', 'qd_score': '88988.09', 'mean_fitness_top_k': '-29.49'}
[2026-05-30 10:29:33,333][root][INFO] - Generation 192/400 - Time: 0.00 seconds
[2026-05-30 10:29:33,334][root][INFO] - {'coverage': '100.00', 'max_fitness': '-9.34', 'passive_coverage': '46.88', 'passive_max_fitness': '-9.34', 'passive_mean_fitness': '-56.91', 'passive_qd_score': '40563.52', 'qd_score': '89127.01', 'mean_fitness_top_k': '-28.95'}
[2026-05-30 10:29:34,489][root][INFO] - Generation 193/400 - Time: 0.00 seconds
[2026-05-30 10:29:34,490][root][INFO] - {'coverage': '100.00', 'max_fitness': '-9.34', 'passive_coverage': '46.88', 'passive_max_fitness': '-9.34', 'passive_mean_fitness': '-56.91', 'passive_qd_score': '40563.52', 'qd_score': '88315.05', 'mean_fitness_top_k': '-29.63'}
[2026-05-30 10:29:35,629][root][INFO] - Generation 194/400 - Time: 0.00 seconds
[2026-05-30 10:29:35,630][root][INFO] - {'coverage': '100.00', 'max_fitness': '-9.34', 'passive_coverage': '46.88', 'passive_max_fitness': '-9.34', 'passive_mean_fitness': '-56.91', 'passive_qd_score': '40563.52', 'qd_score': '88343.91', 'mean_fitness_top_k': '-29.72'}
[2026-05-30 10:29:36,773][root][INFO] - Generation 195/400 - Time: 0.00 seconds
[2026-05-30 10:29:36,774][root][INFO] - {'coverage': '100.00', 'max_fitness': '-9.34', 'passive_coverage': '46.97', 'passive_max_fitness': '-9.34', 'passive_mean_fitness': '-56.85', 'passive_qd_score': '40679.41', 'qd_score': '88638.06', 'mean_fitness_top_k': '-29.17'}
[2026-05-30 10:29:37,910][root][INFO] - Generation 196/400 - Time: 0.00 seconds
[2026-05-30 10:29:37,911][root][INFO] - {'coverage': '100.00', 'max_fitness': '-9.34', 'passive_coverage': '46.97', 'passive_max_fitness': '-9.34', 'passive_mean_fitness': '-56.85', 'passive_qd_score': '40679.61', 'qd_score': '88756.13', 'mean_fitness_top_k': '-28.99'}
[2026-05-30 10:29:39,076][root][INFO] - Generation 197/400 - Time: 0.00 seconds
[2026-05-30 10:29:39,078][root][INFO] - {'coverage': '100.00', 'max_fitness': '-9.34', 'passive_coverage': '47.07', 'passive_max_fitness': '-9.34', 'passive_mean_fitness': '-56.81', 'passive_qd_score': '40784.75', 'qd_score': '88745.59', 'mean_fitness_top_k': '-28.77'}
[2026-05-30 10:29:40,237][root][INFO] - Generation 198/400 - Time: 0.00 seconds
[2026-05-30 10:29:40,237][root][INFO] - {'coverage': '100.00', 'max_fitness': '-9.34', 'passive_coverage': '47.07', 'passive_max_fitness': '-9.34', 'passive_mean_fitness': '-56.81', 'passive_qd_score': '40784.92', 'qd_score': '88716.81', 'mean_fitness_top_k': '-29.12'}
[2026-05-30 10:29:41,406][root][INFO] - Generation 199/400 - Time: 0.00 seconds
[2026-05-30 10:29:41,407][root][INFO] - {'coverage': '100.00', 'max_fitness': '0.00', 'passive_coverage': '47.17', 'passive_max_fitness': '0.00', 'passive_mean_fitness': '-56.69', 'passive_qd_score': '40926.60', 'qd_score': '88533.05', 'mean_fitness_top_k': '-29.07'}
[2026-05-30 10:29:42,553][root][INFO] - Generation 200/400 - Time: 0.00 seconds
[2026-05-30 10:29:42,554][root][INFO] - {'coverage': '100.00', 'max_fitness': '0.00', 'passive_coverage': '47.17', 'passive_max_fitness': '0.00', 'passive_mean_fitness': '-56.69', 'passive_qd_score': '40926.60', 'qd_score': '88541.58', 'mean_fitness_top_k': '-29.25'}
[2026-05-30 10:29:43,701][root][INFO] - Generation 201/400 - Time: 0.00 seconds
[2026-05-30 10:29:43,702][root][INFO] - {'coverage': '100.00', 'max_fitness': '0.00', 'passive_coverage': '47.17', 'passive_max_fitness': '0.00', 'passive_mean_fitness': '-56.69', 'passive_qd_score': '40926.60', 'qd_score': '88655.11', 'mean_fitness_top_k': '-29.11'}
[2026-05-30 10:29:44,841][root][INFO] - Generation 202/400 - Time: 0.00 seconds
[2026-05-30 10:29:44,842][root][INFO] - {'coverage': '100.00', 'max_fitness': '0.00', 'passive_coverage': '47.17', 'passive_max_fitness': '0.00', 'passive_mean_fitness': '-56.69', 'passive_qd_score': '40926.60', 'qd_score': '88704.02', 'mean_fitness_top_k': '-28.92'}
[2026-05-30 10:29:45,985][root][INFO] - Generation 203/400 - Time: 0.00 seconds
[2026-05-30 10:29:45,986][root][INFO] - {'coverage': '100.00', 'max_fitness': '0.00', 'passive_coverage': '47.17', 'passive_max_fitness': '0.00', 'passive_mean_fitness': '-56.69', 'passive_qd_score': '40926.60', 'qd_score': '88441.26', 'mean_fitness_top_k': '-29.29'}
[2026-05-30 10:29:47,127][root][INFO] - Generation 204/400 - Time: 0.00 seconds
[2026-05-30 10:29:47,128][root][INFO] - {'coverage': '100.00', 'max_fitness': '0.00', 'passive_coverage': '47.17', 'passive_max_fitness': '0.00', 'passive_mean_fitness': '-56.69', 'passive_qd_score': '40926.65', 'qd_score': '88118.94', 'mean_fitness_top_k': '-29.46'}
[2026-05-30 10:29:48,266][root][INFO] - Generation 205/400 - Time: 0.00 seconds
[2026-05-30 10:29:48,267][root][INFO] - {'coverage': '100.00', 'max_fitness': '0.00', 'passive_coverage': '47.17', 'passive_max_fitness': '0.00', 'passive_mean_fitness': '-56.69', 'passive_qd_score': '40927.62', 'qd_score': '88005.40', 'mean_fitness_top_k': '-29.41'}
[2026-05-30 10:29:49,464][root][INFO] - Generation 206/400 - Time: 0.00 seconds
[2026-05-30 10:29:49,465][root][INFO] - {'coverage': '100.00', 'max_fitness': '0.00', 'passive_coverage': '47.17', 'passive_max_fitness': '0.00', 'passive_mean_fitness': '-56.68', 'passive_qd_score': '40927.72', 'qd_score': '87819.64', 'mean_fitness_top_k': '-29.40'}
[2026-05-30 10:29:50,628][root][INFO] - Generation 207/400 - Time: 0.00 seconds
[2026-05-30 10:29:50,629][root][INFO] - {'coverage': '100.00', 'max_fitness': '0.00', 'passive_coverage': '47.17', 'passive_max_fitness': '0.00', 'passive_mean_fitness': '-56.68', 'passive_qd_score': '40927.72', 'qd_score': '87872.62', 'mean_fitness_top_k': '-29.28'}
[2026-05-30 10:29:51,764][root][INFO] - Generation 208/400 - Time: 0.00 seconds
[2026-05-30 10:29:51,765][root][INFO] - {'coverage': '100.00', 'max_fitness': '0.00', 'passive_coverage': '47.27', 'passive_max_fitness': '0.00', 'passive_mean_fitness': '-56.59', 'passive_qd_score': '41056.70', 'qd_score': '88013.88', 'mean_fitness_top_k': '-29.00'}
[2026-05-30 10:29:52,785][root][INFO] - Generation 209/400 - Time: 0.00 seconds
[2026-05-30 10:29:52,786][root][INFO] - {'coverage': '100.00', 'max_fitness': '0.00', 'passive_coverage': '47.36', 'passive_max_fitness': '0.00', 'passive_mean_fitness': '-56.54', 'passive_qd_score': '41165.64', 'qd_score': '87998.16', 'mean_fitness_top_k': '-28.75'}
[2026-05-30 10:29:53,785][root][INFO] - Updating AE...
[2026-05-30 10:29:54,542][root][INFO] - Epoch: 1, loss: 313.2470
[2026-05-30 10:29:54,613][root][INFO] - Epoch: 2, loss: 216.8951
[2026-05-30 10:29:54,685][root][INFO] - Epoch: 3, loss: 212.5475
[2026-05-30 10:29:54,756][root][INFO] - Epoch: 4, loss: 211.0863
[2026-05-30 10:29:54,827][root][INFO] - Epoch: 5, loss: 208.9758
[2026-05-30 10:29:54,899][root][INFO] - Epoch: 6, loss: 206.4380
[2026-05-30 10:29:54,971][root][INFO] - Epoch: 7, loss: 203.9691
[2026-05-30 10:29:55,042][root][INFO] - Epoch: 8, loss: 202.4605
[2026-05-30 10:29:55,114][root][INFO] - Epoch: 9, loss: 198.1634
[2026-05-30 10:29:55,185][root][INFO] - Epoch: 10, loss: 195.6010
[2026-05-30 10:29:55,256][root][INFO] - Epoch: 11, loss: 194.5469
[2026-05-30 10:29:55,327][root][INFO] - Epoch: 12, loss: 191.8460
[2026-05-30 10:29:55,399][root][INFO] - Epoch: 13, loss: 189.9559
[2026-05-30 10:29:55,470][root][INFO] - Epoch: 14, loss: 184.6258
[2026-05-30 10:29:55,541][root][INFO] - Epoch: 15, loss: 184.7550
[2026-05-30 10:29:55,613][root][INFO] - Epoch: 16, loss: 178.4891
[2026-05-30 10:29:55,685][root][INFO] - Epoch: 17, loss: 180.8951
[2026-05-30 10:29:55,757][root][INFO] - Epoch: 18, loss: 177.3369
[2026-05-30 10:29:55,828][root][INFO] - Epoch: 19, loss: 176.4804
[2026-05-30 10:29:55,900][root][INFO] - Epoch: 20, loss: 172.1795
[2026-05-30 10:29:55,971][root][INFO] - Epoch: 21, loss: 171.8120
[2026-05-30 10:29:56,043][root][INFO] - Epoch: 22, loss: 169.5249
[2026-05-30 10:29:56,115][root][INFO] - Epoch: 23, loss: 169.3083
[2026-05-30 10:29:56,187][root][INFO] - Epoch: 24, loss: 167.1217
[2026-05-30 10:29:56,259][root][INFO] - Epoch: 25, loss: 166.5426
[2026-05-30 10:29:56,331][root][INFO] - Epoch: 26, loss: 164.8305
[2026-05-30 10:29:56,403][root][INFO] - Epoch: 27, loss: 162.8557
[2026-05-30 10:29:56,475][root][INFO] - Epoch: 28, loss: 161.9762
[2026-05-30 10:29:56,547][root][INFO] - Epoch: 29, loss: 159.5387
[2026-05-30 10:29:56,618][root][INFO] - Epoch: 30, loss: 160.7275
[2026-05-30 10:29:56,689][root][INFO] - Epoch: 31, loss: 157.6784
[2026-05-30 10:29:56,760][root][INFO] - Epoch: 32, loss: 157.4044
[2026-05-30 10:29:56,831][root][INFO] - Epoch: 33, loss: 155.9255
[2026-05-30 10:29:56,903][root][INFO] - Epoch: 34, loss: 155.5157
[2026-05-30 10:29:56,975][root][INFO] - Epoch: 35, loss: 153.1258
[2026-05-30 10:29:57,047][root][INFO] - Epoch: 36, loss: 152.3097
[2026-05-30 10:29:57,118][root][INFO] - Epoch: 37, loss: 151.4497
[2026-05-30 10:29:57,190][root][INFO] - Epoch: 38, loss: 149.3211
[2026-05-30 10:29:57,262][root][INFO] - Epoch: 39, loss: 166.9648
[2026-05-30 10:29:57,333][root][INFO] - Epoch: 40, loss: 172.4737
[2026-05-30 10:29:57,405][root][INFO] - Epoch: 41, loss: 169.2175
[2026-05-30 10:29:57,477][root][INFO] - Epoch: 42, loss: 164.2864
[2026-05-30 10:29:57,548][root][INFO] - Epoch: 43, loss: 158.7993
[2026-05-30 10:29:57,620][root][INFO] - Epoch: 44, loss: 157.7076
[2026-05-30 10:29:57,692][root][INFO] - Epoch: 45, loss: 157.4181
[2026-05-30 10:29:57,763][root][INFO] - Epoch: 46, loss: 153.9180
[2026-05-30 10:29:57,835][root][INFO] - Epoch: 47, loss: 151.0825
[2026-05-30 10:29:57,906][root][INFO] - Epoch: 48, loss: 149.6500
[2026-05-30 10:29:57,977][root][INFO] - Epoch: 49, loss: 147.4719
[2026-05-30 10:29:58,048][root][INFO] - Epoch: 50, loss: 145.0388
[2026-05-30 10:29:58,120][root][INFO] - Epoch: 51, loss: 144.2474
[2026-05-30 10:29:58,191][root][INFO] - Epoch: 52, loss: 142.4288
[2026-05-30 10:29:58,263][root][INFO] - Epoch: 53, loss: 144.5116
[2026-05-30 10:29:58,335][root][INFO] - Epoch: 54, loss: 140.9711
[2026-05-30 10:29:58,406][root][INFO] - Epoch: 55, loss: 138.7233
[2026-05-30 10:29:58,477][root][INFO] - Epoch: 56, loss: 138.7543
[2026-05-30 10:29:58,548][root][INFO] - Epoch: 57, loss: 138.1951
[2026-05-30 10:29:58,620][root][INFO] - Epoch: 58, loss: 135.7582
[2026-05-30 10:29:58,692][root][INFO] - Epoch: 59, loss: 133.1702
[2026-05-30 10:29:58,763][root][INFO] - Epoch: 60, loss: 132.0030
[2026-05-30 10:29:58,835][root][INFO] - Epoch: 61, loss: 133.4568
[2026-05-30 10:29:58,909][root][INFO] - Epoch: 62, loss: 133.9375
[2026-05-30 10:29:58,981][root][INFO] - Epoch: 63, loss: 130.4024
[2026-05-30 10:29:59,052][root][INFO] - Epoch: 64, loss: 131.6497
[2026-05-30 10:29:59,124][root][INFO] - Epoch: 65, loss: 131.0511
[2026-05-30 10:29:59,196][root][INFO] - Epoch: 66, loss: 128.7686
[2026-05-30 10:29:59,268][root][INFO] - Epoch: 67, loss: 126.9262
[2026-05-30 10:29:59,339][root][INFO] - Epoch: 68, loss: 127.0539
[2026-05-30 10:29:59,409][root][INFO] - Epoch: 69, loss: 124.8689
[2026-05-30 10:29:59,480][root][INFO] - Epoch: 70, loss: 140.9741
[2026-05-30 10:29:59,550][root][INFO] - Epoch: 71, loss: 141.0184
[2026-05-30 10:29:59,621][root][INFO] - Epoch: 72, loss: 140.2987
[2026-05-30 10:29:59,692][root][INFO] - Epoch: 73, loss: 137.0692
[2026-05-30 10:29:59,763][root][INFO] - Epoch: 74, loss: 130.4612
[2026-05-30 10:29:59,834][root][INFO] - Epoch: 75, loss: 128.8698
[2026-05-30 10:29:59,904][root][INFO] - Epoch: 76, loss: 128.6747
[2026-05-30 10:29:59,974][root][INFO] - Epoch: 77, loss: 123.4788
[2026-05-30 10:30:00,045][root][INFO] - Epoch: 78, loss: 122.2538
[2026-05-30 10:30:00,116][root][INFO] - Epoch: 79, loss: 121.7013
[2026-05-30 10:30:00,186][root][INFO] - Epoch: 80, loss: 118.6270
[2026-05-30 10:30:00,257][root][INFO] - Epoch: 81, loss: 119.6906
[2026-05-30 10:30:00,329][root][INFO] - Epoch: 82, loss: 119.8171
[2026-05-30 10:30:00,401][root][INFO] - Epoch: 83, loss: 118.2786
[2026-05-30 10:30:00,472][root][INFO] - Epoch: 84, loss: 116.6902
[2026-05-30 10:30:00,544][root][INFO] - Epoch: 85, loss: 115.5252
[2026-05-30 10:30:00,615][root][INFO] - Epoch: 86, loss: 115.1257
[2026-05-30 10:30:00,687][root][INFO] - Epoch: 87, loss: 117.9223
[2026-05-30 10:30:00,758][root][INFO] - Epoch: 88, loss: 116.8266
[2026-05-30 10:30:00,830][root][INFO] - Epoch: 89, loss: 118.9702
[2026-05-30 10:30:00,901][root][INFO] - Epoch: 90, loss: 116.8322
[2026-05-30 10:30:00,973][root][INFO] - Epoch: 91, loss: 117.1722
[2026-05-30 10:30:01,044][root][INFO] - Epoch: 92, loss: 114.1973
[2026-05-30 10:30:01,115][root][INFO] - Epoch: 93, loss: 112.6116
[2026-05-30 10:30:01,186][root][INFO] - Epoch: 94, loss: 111.3191
[2026-05-30 10:30:01,258][root][INFO] - Epoch: 95, loss: 110.9012
[2026-05-30 10:30:01,328][root][INFO] - Epoch: 96, loss: 109.3159
[2026-05-30 10:30:01,399][root][INFO] - Epoch: 97, loss: 109.0277
[2026-05-30 10:30:01,469][root][INFO] - Epoch: 98, loss: 108.0129
[2026-05-30 10:30:01,538][root][INFO] - Epoch: 99, loss: 108.4320
[2026-05-30 10:30:01,608][root][INFO] - Epoch: 100, loss: 107.6384
[2026-05-30 10:30:01,679][root][INFO] - Epoch: 101, loss: 106.1417
[2026-05-30 10:30:01,749][root][INFO] - Epoch: 102, loss: 107.1463
[2026-05-30 10:30:01,820][root][INFO] - Epoch: 103, loss: 107.3572
[2026-05-30 10:30:01,902][root][INFO] - Epoch: 104, loss: 107.1293
[2026-05-30 10:30:01,975][root][INFO] - Epoch: 105, loss: 107.0759
[2026-05-30 10:30:02,047][root][INFO] - Epoch: 106, loss: 105.3704
[2026-05-30 10:30:02,116][root][INFO] - Epoch: 107, loss: 107.4291
[2026-05-30 10:30:02,187][root][INFO] - Epoch: 108, loss: 108.6610
[2026-05-30 10:30:02,257][root][INFO] - Epoch: 109, loss: 106.1391
[2026-05-30 10:30:02,327][root][INFO] - Epoch: 110, loss: 105.5899
[2026-05-30 10:30:02,398][root][INFO] - Epoch: 111, loss: 104.6935
[2026-05-30 10:30:02,470][root][INFO] - Epoch: 112, loss: 105.7200
[2026-05-30 10:30:02,541][root][INFO] - Epoch: 113, loss: 109.3606
[2026-05-30 10:30:02,612][root][INFO] - Epoch: 114, loss: 107.7292
[2026-05-30 10:30:02,683][root][INFO] - Epoch: 115, loss: 105.6632
[2026-05-30 10:30:02,755][root][INFO] - Epoch: 116, loss: 106.2745
[2026-05-30 10:30:02,826][root][INFO] - Epoch: 117, loss: 106.5456
[2026-05-30 10:30:02,897][root][INFO] - Epoch: 118, loss: 115.0328
[2026-05-30 10:30:02,970][root][INFO] - Epoch: 119, loss: 111.4548
[2026-05-30 10:30:03,040][root][INFO] - Epoch: 120, loss: 110.6031
[2026-05-30 10:30:03,110][root][INFO] - Epoch: 121, loss: 113.2563
[2026-05-30 10:30:03,181][root][INFO] - Epoch: 122, loss: 107.5929
[2026-05-30 10:30:03,181][root][INFO] - Early stopping at epoch: 121
[2026-05-30 10:30:03,219][root][INFO] - {'model_loss': '107.5929', 'recon_loss': '0.0000', 'triplet_loss': '107.5929'}
[2026-05-30 10:30:03,224][root][INFO] - Updating AE...
[2026-05-30 10:30:03,980][root][INFO] - Epoch: 1, loss: 609.5635
[2026-05-30 10:30:04,054][root][INFO] - Epoch: 2, loss: 99.9192
[2026-05-30 10:30:04,124][root][INFO] - Epoch: 3, loss: 86.3772
[2026-05-30 10:30:04,193][root][INFO] - Epoch: 4, loss: 81.3007
[2026-05-30 10:30:04,263][root][INFO] - Epoch: 5, loss: 75.6329
[2026-05-30 10:30:04,333][root][INFO] - Epoch: 6, loss: 72.2158
[2026-05-30 10:30:04,403][root][INFO] - Epoch: 7, loss: 68.7354
[2026-05-30 10:30:04,474][root][INFO] - Epoch: 8, loss: 66.3943
[2026-05-30 10:30:04,547][root][INFO] - Epoch: 9, loss: 64.3908
[2026-05-30 10:30:04,618][root][INFO] - Epoch: 10, loss: 62.9518
[2026-05-30 10:30:04,689][root][INFO] - Epoch: 11, loss: 61.7063
[2026-05-30 10:30:04,759][root][INFO] - Epoch: 12, loss: 60.6805
[2026-05-30 10:30:04,831][root][INFO] - Epoch: 13, loss: 59.6478
[2026-05-30 10:30:04,903][root][INFO] - Epoch: 14, loss: 58.7564
[2026-05-30 10:30:04,974][root][INFO] - Epoch: 15, loss: 57.9763
[2026-05-30 10:30:05,046][root][INFO] - Epoch: 16, loss: 57.2231
[2026-05-30 10:30:05,117][root][INFO] - Epoch: 17, loss: 56.7343
[2026-05-30 10:30:05,188][root][INFO] - Epoch: 18, loss: 56.3149
[2026-05-30 10:30:05,257][root][INFO] - Epoch: 19, loss: 56.0362
[2026-05-30 10:30:05,328][root][INFO] - Epoch: 20, loss: 55.6540
[2026-05-30 10:30:05,399][root][INFO] - Epoch: 21, loss: 55.3941
[2026-05-30 10:30:05,470][root][INFO] - Epoch: 22, loss: 55.1011
[2026-05-30 10:30:05,543][root][INFO] - Epoch: 23, loss: 54.8278
[2026-05-30 10:30:05,614][root][INFO] - Epoch: 24, loss: 54.5960
[2026-05-30 10:30:05,685][root][INFO] - Epoch: 25, loss: 54.3585
[2026-05-30 10:30:05,757][root][INFO] - Epoch: 26, loss: 54.1758
[2026-05-30 10:30:05,828][root][INFO] - Epoch: 27, loss: 53.9826
[2026-05-30 10:30:05,899][root][INFO] - Epoch: 28, loss: 53.8358
[2026-05-30 10:30:05,971][root][INFO] - Epoch: 29, loss: 53.5807
[2026-05-30 10:30:06,043][root][INFO] - Epoch: 30, loss: 53.3890
[2026-05-30 10:30:06,113][root][INFO] - Epoch: 31, loss: 53.2276
[2026-05-30 10:30:06,185][root][INFO] - Epoch: 32, loss: 53.0180
[2026-05-30 10:30:06,255][root][INFO] - Epoch: 33, loss: 52.8609
[2026-05-30 10:30:06,325][root][INFO] - Epoch: 34, loss: 52.6513
[2026-05-30 10:30:06,396][root][INFO] - Epoch: 35, loss: 52.5019
[2026-05-30 10:30:06,468][root][INFO] - Epoch: 36, loss: 52.3697
[2026-05-30 10:30:06,540][root][INFO] - Epoch: 37, loss: 52.2438
[2026-05-30 10:30:06,610][root][INFO] - Epoch: 38, loss: 52.0724
[2026-05-30 10:30:06,681][root][INFO] - Epoch: 39, loss: 52.0205
[2026-05-30 10:30:06,751][root][INFO] - Epoch: 40, loss: 51.8704
[2026-05-30 10:30:06,823][root][INFO] - Epoch: 41, loss: 51.7764
[2026-05-30 10:30:06,894][root][INFO] - Epoch: 42, loss: 51.6858
[2026-05-30 10:30:06,966][root][INFO] - Epoch: 43, loss: 51.5649
[2026-05-30 10:30:07,036][root][INFO] - Epoch: 44, loss: 51.4557
[2026-05-30 10:30:07,107][root][INFO] - Epoch: 45, loss: 51.3503
[2026-05-30 10:30:07,177][root][INFO] - Epoch: 46, loss: 51.2652
[2026-05-30 10:30:07,246][root][INFO] - Epoch: 47, loss: 51.1949
[2026-05-30 10:30:07,318][root][INFO] - Epoch: 48, loss: 51.0859
[2026-05-30 10:30:07,391][root][INFO] - Epoch: 49, loss: 50.9454
[2026-05-30 10:30:07,461][root][INFO] - Epoch: 50, loss: 50.9619
[2026-05-30 10:30:07,532][root][INFO] - Epoch: 51, loss: 50.8364
[2026-05-30 10:30:07,603][root][INFO] - Epoch: 52, loss: 50.6953
[2026-05-30 10:30:07,674][root][INFO] - Epoch: 53, loss: 50.5894
[2026-05-30 10:30:07,745][root][INFO] - Epoch: 54, loss: 50.4701
[2026-05-30 10:30:07,816][root][INFO] - Epoch: 55, loss: 50.4493
[2026-05-30 10:30:07,886][root][INFO] - Epoch: 56, loss: 50.3486
[2026-05-30 10:30:07,957][root][INFO] - Epoch: 57, loss: 50.2203
[2026-05-30 10:30:08,028][root][INFO] - Epoch: 58, loss: 50.0784
[2026-05-30 10:30:08,098][root][INFO] - Epoch: 59, loss: 49.9981
[2026-05-30 10:30:08,169][root][INFO] - Epoch: 60, loss: 50.0015
[2026-05-30 10:30:08,240][root][INFO] - Epoch: 61, loss: 49.8044
[2026-05-30 10:30:08,310][root][INFO] - Epoch: 62, loss: 49.7110
[2026-05-30 10:30:08,380][root][INFO] - Epoch: 63, loss: 49.6033
[2026-05-30 10:30:08,452][root][INFO] - Epoch: 64, loss: 49.4284
[2026-05-30 10:30:08,522][root][INFO] - Epoch: 65, loss: 49.3462
[2026-05-30 10:30:08,593][root][INFO] - Epoch: 66, loss: 49.2581
[2026-05-30 10:30:08,665][root][INFO] - Epoch: 67, loss: 49.1129
[2026-05-30 10:30:08,735][root][INFO] - Epoch: 68, loss: 49.0105
[2026-05-30 10:30:08,806][root][INFO] - Epoch: 69, loss: 48.9012
[2026-05-30 10:30:08,878][root][INFO] - Epoch: 70, loss: 48.7455
[2026-05-30 10:30:08,949][root][INFO] - Epoch: 71, loss: 48.7107
[2026-05-30 10:30:09,019][root][INFO] - Epoch: 72, loss: 48.5042
[2026-05-30 10:30:09,091][root][INFO] - Epoch: 73, loss: 48.3969
[2026-05-30 10:30:09,160][root][INFO] - Epoch: 74, loss: 48.2637
[2026-05-30 10:30:09,231][root][INFO] - Epoch: 75, loss: 48.2619
[2026-05-30 10:30:09,300][root][INFO] - Epoch: 76, loss: 48.1014
[2026-05-30 10:30:09,369][root][INFO] - Epoch: 77, loss: 47.8803
[2026-05-30 10:30:09,439][root][INFO] - Epoch: 78, loss: 47.8655
[2026-05-30 10:30:09,509][root][INFO] - Epoch: 79, loss: 47.6594
[2026-05-30 10:30:09,580][root][INFO] - Epoch: 80, loss: 47.6657
[2026-05-30 10:30:09,651][root][INFO] - Epoch: 81, loss: 47.3754
[2026-05-30 10:30:09,722][root][INFO] - Epoch: 82, loss: 47.4650
[2026-05-30 10:30:09,793][root][INFO] - Epoch: 83, loss: 47.2043
[2026-05-30 10:30:09,864][root][INFO] - Epoch: 84, loss: 47.1304
[2026-05-30 10:30:09,934][root][INFO] - Epoch: 85, loss: 46.9531
[2026-05-30 10:30:10,004][root][INFO] - Epoch: 86, loss: 46.8991
[2026-05-30 10:30:10,075][root][INFO] - Epoch: 87, loss: 46.7886
[2026-05-30 10:30:10,145][root][INFO] - Epoch: 88, loss: 46.7778
[2026-05-30 10:30:10,214][root][INFO] - Epoch: 89, loss: 46.6193
[2026-05-30 10:30:10,285][root][INFO] - Epoch: 90, loss: 46.5037
[2026-05-30 10:30:10,355][root][INFO] - Epoch: 91, loss: 46.3848
[2026-05-30 10:30:10,425][root][INFO] - Epoch: 92, loss: 46.3093
[2026-05-30 10:30:10,497][root][INFO] - Epoch: 93, loss: 46.0440
[2026-05-30 10:30:10,568][root][INFO] - Epoch: 94, loss: 46.0702
[2026-05-30 10:30:10,639][root][INFO] - Epoch: 95, loss: 46.0249
[2026-05-30 10:30:10,710][root][INFO] - Epoch: 96, loss: 45.7631
[2026-05-30 10:30:10,781][root][INFO] - Epoch: 97, loss: 45.6748
[2026-05-30 10:30:10,852][root][INFO] - Epoch: 98, loss: 45.6582
[2026-05-30 10:30:10,921][root][INFO] - Epoch: 99, loss: 45.6178
[2026-05-30 10:30:10,991][root][INFO] - Epoch: 100, loss: 45.5213
[2026-05-30 10:30:11,061][root][INFO] - Epoch: 101, loss: 45.3645
[2026-05-30 10:30:11,132][root][INFO] - Epoch: 102, loss: 45.2098
[2026-05-30 10:30:11,203][root][INFO] - Epoch: 103, loss: 45.1877
[2026-05-30 10:30:11,273][root][INFO] - Epoch: 104, loss: 45.0691
[2026-05-30 10:30:11,343][root][INFO] - Epoch: 105, loss: 45.0222
[2026-05-30 10:30:11,414][root][INFO] - Epoch: 106, loss: 44.8112
[2026-05-30 10:30:11,485][root][INFO] - Epoch: 107, loss: 44.8026
[2026-05-30 10:30:11,556][root][INFO] - Epoch: 108, loss: 44.6557
[2026-05-30 10:30:11,626][root][INFO] - Epoch: 109, loss: 44.6322
[2026-05-30 10:30:11,696][root][INFO] - Epoch: 110, loss: 44.6525
[2026-05-30 10:30:11,767][root][INFO] - Epoch: 111, loss: 44.5922
[2026-05-30 10:30:11,841][root][INFO] - Epoch: 112, loss: 44.3232
[2026-05-30 10:30:11,911][root][INFO] - Epoch: 113, loss: 44.3050
[2026-05-30 10:30:11,982][root][INFO] - Epoch: 114, loss: 44.2009
[2026-05-30 10:30:12,053][root][INFO] - Epoch: 115, loss: 44.2776
[2026-05-30 10:30:12,124][root][INFO] - Epoch: 116, loss: 44.1833
[2026-05-30 10:30:12,195][root][INFO] - Epoch: 117, loss: 44.1194
[2026-05-30 10:30:12,265][root][INFO] - Epoch: 118, loss: 44.0583
[2026-05-30 10:30:12,336][root][INFO] - Epoch: 119, loss: 43.7827
[2026-05-30 10:30:12,407][root][INFO] - Epoch: 120, loss: 43.7160
[2026-05-30 10:30:12,480][root][INFO] - Epoch: 121, loss: 43.5580
[2026-05-30 10:30:12,551][root][INFO] - Epoch: 122, loss: 43.5526
[2026-05-30 10:30:12,622][root][INFO] - Epoch: 123, loss: 43.3983
[2026-05-30 10:30:12,693][root][INFO] - Epoch: 124, loss: 43.3809
[2026-05-30 10:30:12,763][root][INFO] - Epoch: 125, loss: 43.4105
[2026-05-30 10:30:12,833][root][INFO] - Epoch: 126, loss: 43.3053
[2026-05-30 10:30:12,903][root][INFO] - Epoch: 127, loss: 43.1561
[2026-05-30 10:30:12,974][root][INFO] - Epoch: 128, loss: 43.1166
[2026-05-30 10:30:13,045][root][INFO] - Epoch: 129, loss: 42.9362
[2026-05-30 10:30:13,115][root][INFO] - Epoch: 130, loss: 42.9413
[2026-05-30 10:30:13,186][root][INFO] - Epoch: 131, loss: 42.7974
[2026-05-30 10:30:13,257][root][INFO] - Epoch: 132, loss: 42.8940
[2026-05-30 10:30:13,327][root][INFO] - Epoch: 133, loss: 42.6383
[2026-05-30 10:30:13,399][root][INFO] - Epoch: 134, loss: 42.8414
[2026-05-30 10:30:13,470][root][INFO] - Epoch: 135, loss: 42.4782
[2026-05-30 10:30:13,540][root][INFO] - Epoch: 136, loss: 42.4902
[2026-05-30 10:30:13,612][root][INFO] - Epoch: 137, loss: 42.8094
[2026-05-30 10:30:13,686][root][INFO] - Epoch: 138, loss: 42.2672
[2026-05-30 10:30:13,757][root][INFO] - Epoch: 139, loss: 42.1609
[2026-05-30 10:30:13,827][root][INFO] - Epoch: 140, loss: 42.1708
[2026-05-30 10:30:13,898][root][INFO] - Epoch: 141, loss: 41.9210
[2026-05-30 10:30:13,968][root][INFO] - Epoch: 142, loss: 41.8558
[2026-05-30 10:30:14,039][root][INFO] - Epoch: 143, loss: 41.8041
[2026-05-30 10:30:14,109][root][INFO] - Epoch: 144, loss: 41.7397
[2026-05-30 10:30:14,180][root][INFO] - Epoch: 145, loss: 41.5512
[2026-05-30 10:30:14,252][root][INFO] - Epoch: 146, loss: 41.4167
[2026-05-30 10:30:14,324][root][INFO] - Epoch: 147, loss: 41.6057
[2026-05-30 10:30:14,395][root][INFO] - Epoch: 148, loss: 41.7569
[2026-05-30 10:30:14,466][root][INFO] - Epoch: 149, loss: 41.3203
[2026-05-30 10:30:14,537][root][INFO] - Epoch: 150, loss: 41.3347
[2026-05-30 10:30:14,608][root][INFO] - Epoch: 151, loss: 41.1689
[2026-05-30 10:30:14,684][root][INFO] - Epoch: 152, loss: 41.2066
[2026-05-30 10:30:14,757][root][INFO] - Epoch: 153, loss: 40.8151
[2026-05-30 10:30:14,830][root][INFO] - Epoch: 154, loss: 40.8105
[2026-05-30 10:30:14,900][root][INFO] - Epoch: 155, loss: 40.9019
[2026-05-30 10:30:14,970][root][INFO] - Epoch: 156, loss: 40.6484
[2026-05-30 10:30:15,040][root][INFO] - Epoch: 157, loss: 40.5057
[2026-05-30 10:30:15,108][root][INFO] - Epoch: 158, loss: 40.4617
[2026-05-30 10:30:15,178][root][INFO] - Epoch: 159, loss: 40.3746
[2026-05-30 10:30:15,249][root][INFO] - Epoch: 160, loss: 40.5429
[2026-05-30 10:30:15,320][root][INFO] - Epoch: 161, loss: 40.6706
[2026-05-30 10:30:15,390][root][INFO] - Epoch: 162, loss: 40.3940
[2026-05-30 10:30:15,464][root][INFO] - Epoch: 163, loss: 39.9979
[2026-05-30 10:30:15,536][root][INFO] - Epoch: 164, loss: 39.8535
[2026-05-30 10:30:15,607][root][INFO] - Epoch: 165, loss: 39.8811
[2026-05-30 10:30:15,677][root][INFO] - Epoch: 166, loss: 39.6671
[2026-05-30 10:30:15,751][root][INFO] - Epoch: 167, loss: 39.6052
[2026-05-30 10:30:15,822][root][INFO] - Epoch: 168, loss: 39.5357
[2026-05-30 10:30:15,894][root][INFO] - Epoch: 169, loss: 39.3943
[2026-05-30 10:30:15,963][root][INFO] - Epoch: 170, loss: 39.3675
[2026-05-30 10:30:16,032][root][INFO] - Epoch: 171, loss: 39.2813
[2026-05-30 10:30:16,102][root][INFO] - Epoch: 172, loss: 39.2548
[2026-05-30 10:30:16,170][root][INFO] - Epoch: 173, loss: 39.0731
[2026-05-30 10:30:16,241][root][INFO] - Epoch: 174, loss: 38.9212
[2026-05-30 10:30:16,312][root][INFO] - Epoch: 175, loss: 38.8616
[2026-05-30 10:30:16,384][root][INFO] - Epoch: 176, loss: 38.8529
[2026-05-30 10:30:16,455][root][INFO] - Epoch: 177, loss: 38.7644
[2026-05-30 10:30:16,526][root][INFO] - Epoch: 178, loss: 38.5265
[2026-05-30 10:30:16,597][root][INFO] - Epoch: 179, loss: 38.4602
[2026-05-30 10:30:16,668][root][INFO] - Epoch: 180, loss: 38.3188
[2026-05-30 10:30:16,739][root][INFO] - Epoch: 181, loss: 38.2456
[2026-05-30 10:30:16,810][root][INFO] - Epoch: 182, loss: 38.0237
[2026-05-30 10:30:16,880][root][INFO] - Epoch: 183, loss: 37.9555
[2026-05-30 10:30:16,951][root][INFO] - Epoch: 184, loss: 37.9358
[2026-05-30 10:30:17,022][root][INFO] - Epoch: 185, loss: 37.8465
[2026-05-30 10:30:17,093][root][INFO] - Epoch: 186, loss: 37.6341
[2026-05-30 10:30:17,165][root][INFO] - Epoch: 187, loss: 37.5948
[2026-05-30 10:30:17,237][root][INFO] - Epoch: 188, loss: 37.4570
[2026-05-30 10:30:17,308][root][INFO] - Epoch: 189, loss: 37.4092
[2026-05-30 10:30:17,379][root][INFO] - Epoch: 190, loss: 37.3248
[2026-05-30 10:30:17,451][root][INFO] - Epoch: 191, loss: 37.4414
[2026-05-30 10:30:17,523][root][INFO] - Epoch: 192, loss: 37.2109
[2026-05-30 10:30:17,594][root][INFO] - Epoch: 193, loss: 36.9908
[2026-05-30 10:30:17,665][root][INFO] - Epoch: 194, loss: 37.0712
[2026-05-30 10:30:17,736][root][INFO] - Epoch: 195, loss: 36.9495
[2026-05-30 10:30:17,806][root][INFO] - Epoch: 196, loss: 36.8647
[2026-05-30 10:30:17,877][root][INFO] - Epoch: 197, loss: 36.7035
[2026-05-30 10:30:17,947][root][INFO] - Epoch: 198, loss: 36.6342
[2026-05-30 10:30:18,018][root][INFO] - Epoch: 199, loss: 36.4904
[2026-05-30 10:30:18,089][root][INFO] - Epoch: 200, loss: 36.4592
[2026-05-30 10:30:18,123][root][INFO] - {'model_loss': '36.4592', 'recon_loss': '0.0000', 'triplet_loss': '36.4592'}
[2026-05-30 10:30:18,127][root][INFO] - Generation 210/400 - Time: 0.00 seconds
[2026-05-30 10:30:18,128][root][INFO] - {'coverage': '100.00', 'max_fitness': '0.00', 'passive_coverage': '47.56', 'passive_max_fitness': '0.00', 'passive_mean_fitness': '-56.33', 'passive_qd_score': '41438.16', 'qd_score': '87968.83', 'mean_fitness_top_k': '-28.93'}
[2026-05-30 10:30:19,274][root][INFO] - Generation 211/400 - Time: 0.00 seconds
[2026-05-30 10:30:19,275][root][INFO] - {'coverage': '100.00', 'max_fitness': '0.00', 'passive_coverage': '47.75', 'passive_max_fitness': '0.00', 'passive_mean_fitness': '-56.38', 'passive_qd_score': '41585.97', 'qd_score': '88992.28', 'mean_fitness_top_k': '-27.21'}
[2026-05-30 10:30:20,420][root][INFO] - Generation 212/400 - Time: 0.00 seconds
[2026-05-30 10:30:20,420][root][INFO] - {'coverage': '100.00', 'max_fitness': '0.00', 'passive_coverage': '47.85', 'passive_max_fitness': '0.00', 'passive_mean_fitness': '-56.44', 'passive_qd_score': '41641.19', 'qd_score': '89412.93', 'mean_fitness_top_k': '-28.39'}
[2026-05-30 10:30:21,567][root][INFO] - Generation 213/400 - Time: 0.00 seconds
[2026-05-30 10:30:21,568][root][INFO] - {'coverage': '100.00', 'max_fitness': '0.00', 'passive_coverage': '47.95', 'passive_max_fitness': '0.00', 'passive_mean_fitness': '-56.43', 'passive_qd_score': '41731.86', 'qd_score': '89268.95', 'mean_fitness_top_k': '-27.74'}
[2026-05-30 10:30:22,725][root][INFO] - Generation 214/400 - Time: 0.00 seconds
[2026-05-30 10:30:22,726][root][INFO] - {'coverage': '100.00', 'max_fitness': '0.00', 'passive_coverage': '47.95', 'passive_max_fitness': '0.00', 'passive_mean_fitness': '-56.43', 'passive_qd_score': '41731.86', 'qd_score': '89687.62', 'mean_fitness_top_k': '-27.43'}
[2026-05-30 10:30:23,872][root][INFO] - Generation 215/400 - Time: 0.00 seconds
[2026-05-30 10:30:23,872][root][INFO] - {'coverage': '100.00', 'max_fitness': '0.00', 'passive_coverage': '47.95', 'passive_max_fitness': '0.00', 'passive_mean_fitness': '-56.43', 'passive_qd_score': '41731.91', 'qd_score': '90072.62', 'mean_fitness_top_k': '-26.25'}
[2026-05-30 10:30:25,024][root][INFO] - Generation 216/400 - Time: 0.00 seconds
[2026-05-30 10:30:25,025][root][INFO] - {'coverage': '100.00', 'max_fitness': '0.00', 'passive_coverage': '48.05', 'passive_max_fitness': '0.00', 'passive_mean_fitness': '-56.42', 'passive_qd_score': '41821.71', 'qd_score': '90669.80', 'mean_fitness_top_k': '-25.35'}
[2026-05-30 10:30:26,169][root][INFO] - Generation 217/400 - Time: 0.00 seconds
[2026-05-30 10:30:26,170][root][INFO] - {'coverage': '100.00', 'max_fitness': '0.00', 'passive_coverage': '48.14', 'passive_max_fitness': '0.00', 'passive_mean_fitness': '-56.39', 'passive_qd_score': '41922.21', 'qd_score': '90828.95', 'mean_fitness_top_k': '-24.84'}
[2026-05-30 10:30:27,324][root][INFO] - Generation 218/400 - Time: 0.00 seconds
[2026-05-30 10:30:27,325][root][INFO] - {'coverage': '100.00', 'max_fitness': '0.00', 'passive_coverage': '48.24', 'passive_max_fitness': '0.00', 'passive_mean_fitness': '-56.36', 'passive_qd_score': '42021.40', 'qd_score': '90947.28', 'mean_fitness_top_k': '-24.53'}
[2026-05-30 10:30:28,474][root][INFO] - Generation 219/400 - Time: 0.00 seconds
[2026-05-30 10:30:28,475][root][INFO] - {'coverage': '100.00', 'max_fitness': '0.00', 'passive_coverage': '48.24', 'passive_max_fitness': '0.00', 'passive_mean_fitness': '-56.36', 'passive_qd_score': '42022.55', 'qd_score': '90918.95', 'mean_fitness_top_k': '-24.20'}
[2026-05-30 10:30:29,669][root][INFO] - Generation 220/400 - Time: 0.00 seconds
[2026-05-30 10:30:29,670][root][INFO] - {'coverage': '100.00', 'max_fitness': '0.00', 'passive_coverage': '48.24', 'passive_max_fitness': '0.00', 'passive_mean_fitness': '-56.35', 'passive_qd_score': '42025.54', 'qd_score': '91131.66', 'mean_fitness_top_k': '-24.32'}
[2026-05-30 10:30:30,804][root][INFO] - Generation 221/400 - Time: 0.00 seconds
[2026-05-30 10:30:30,805][root][INFO] - {'coverage': '100.00', 'max_fitness': '0.00', 'passive_coverage': '48.24', 'passive_max_fitness': '0.00', 'passive_mean_fitness': '-56.35', 'passive_qd_score': '42025.54', 'qd_score': '91292.20', 'mean_fitness_top_k': '-24.38'}
[2026-05-30 10:30:31,945][root][INFO] - Generation 222/400 - Time: 0.00 seconds
[2026-05-30 10:30:31,945][root][INFO] - {'coverage': '100.00', 'max_fitness': '0.00', 'passive_coverage': '48.44', 'passive_max_fitness': '0.00', 'passive_mean_fitness': '-56.35', 'passive_qd_score': '42196.09', 'qd_score': '91028.14', 'mean_fitness_top_k': '-24.48'}
[2026-05-30 10:30:33,088][root][INFO] - Generation 223/400 - Time: 0.00 seconds
[2026-05-30 10:30:33,089][root][INFO] - {'coverage': '100.00', 'max_fitness': '0.00', 'passive_coverage': '48.44', 'passive_max_fitness': '0.00', 'passive_mean_fitness': '-56.35', 'passive_qd_score': '42197.49', 'qd_score': '90916.71', 'mean_fitness_top_k': '-24.45'}
[2026-05-30 10:30:34,221][root][INFO] - Generation 224/400 - Time: 0.00 seconds
[2026-05-30 10:30:34,222][root][INFO] - {'coverage': '100.00', 'max_fitness': '0.00', 'passive_coverage': '48.54', 'passive_max_fitness': '0.00', 'passive_mean_fitness': '-56.33', 'passive_qd_score': '42288.27', 'qd_score': '90851.28', 'mean_fitness_top_k': '-24.35'}
[2026-05-30 10:30:35,360][root][INFO] - Generation 225/400 - Time: 0.00 seconds
[2026-05-30 10:30:35,361][root][INFO] - {'coverage': '100.00', 'max_fitness': '0.00', 'passive_coverage': '48.63', 'passive_max_fitness': '0.00', 'passive_mean_fitness': '-56.33', 'passive_qd_score': '42377.20', 'qd_score': '90578.73', 'mean_fitness_top_k': '-23.76'}
[2026-05-30 10:30:36,551][root][INFO] - Generation 226/400 - Time: 0.00 seconds
[2026-05-30 10:30:36,552][root][INFO] - {'coverage': '100.00', 'max_fitness': '0.00', 'passive_coverage': '48.63', 'passive_max_fitness': '0.00', 'passive_mean_fitness': '-56.32', 'passive_qd_score': '42378.17', 'qd_score': '90542.39', 'mean_fitness_top_k': '-23.54'}
[2026-05-30 10:30:37,684][root][INFO] - Generation 227/400 - Time: 0.00 seconds
[2026-05-30 10:30:37,685][root][INFO] - {'coverage': '100.00', 'max_fitness': '0.00', 'passive_coverage': '48.73', 'passive_max_fitness': '0.00', 'passive_mean_fitness': '-56.30', 'passive_qd_score': '42477.68', 'qd_score': '90934.50', 'mean_fitness_top_k': '-23.33'}
[2026-05-30 10:30:38,830][root][INFO] - Generation 228/400 - Time: 0.00 seconds
[2026-05-30 10:30:38,831][root][INFO] - {'coverage': '100.00', 'max_fitness': '0.00', 'passive_coverage': '48.73', 'passive_max_fitness': '0.00', 'passive_mean_fitness': '-56.30', 'passive_qd_score': '42477.81', 'qd_score': '91059.47', 'mean_fitness_top_k': '-23.20'}
[2026-05-30 10:30:39,964][root][INFO] - Generation 229/400 - Time: 0.00 seconds
[2026-05-30 10:30:39,965][root][INFO] - {'coverage': '100.00', 'max_fitness': '0.00', 'passive_coverage': '48.83', 'passive_max_fitness': '0.00', 'passive_mean_fitness': '-56.26', 'passive_qd_score': '42580.01', 'qd_score': '90688.56', 'mean_fitness_top_k': '-23.39'}
[2026-05-30 10:30:41,155][root][INFO] - Generation 230/400 - Time: 0.00 seconds
[2026-05-30 10:30:41,156][root][INFO] - {'coverage': '100.00', 'max_fitness': '0.00', 'passive_coverage': '49.02', 'passive_max_fitness': '0.00', 'passive_mean_fitness': '-56.21', 'passive_qd_score': '42777.70', 'qd_score': '90630.88', 'mean_fitness_top_k': '-23.10'}
[2026-05-30 10:30:42,291][root][INFO] - Generation 231/400 - Time: 0.00 seconds
[2026-05-30 10:30:42,292][root][INFO] - {'coverage': '100.00', 'max_fitness': '0.00', 'passive_coverage': '49.12', 'passive_max_fitness': '0.00', 'passive_mean_fitness': '-56.12', 'passive_qd_score': '42908.42', 'qd_score': '90134.77', 'mean_fitness_top_k': '-22.99'}
[2026-05-30 10:30:43,486][root][INFO] - Generation 232/400 - Time: 0.00 seconds
[2026-05-30 10:30:43,487][root][INFO] - {'coverage': '100.00', 'max_fitness': '0.00', 'passive_coverage': '49.12', 'passive_max_fitness': '0.00', 'passive_mean_fitness': '-56.12', 'passive_qd_score': '42908.45', 'qd_score': '90382.00', 'mean_fitness_top_k': '-22.71'}
[2026-05-30 10:30:44,621][root][INFO] - Generation 233/400 - Time: 0.00 seconds
[2026-05-30 10:30:44,622][root][INFO] - {'coverage': '100.00', 'max_fitness': '0.00', 'passive_coverage': '49.12', 'passive_max_fitness': '0.00', 'passive_mean_fitness': '-56.11', 'passive_qd_score': '42910.21', 'qd_score': '90427.75', 'mean_fitness_top_k': '-22.30'}
[2026-05-30 10:30:45,816][root][INFO] - Generation 234/400 - Time: 0.00 seconds
[2026-05-30 10:30:45,817][root][INFO] - {'coverage': '100.00', 'max_fitness': '0.00', 'passive_coverage': '49.22', 'passive_max_fitness': '0.00', 'passive_mean_fitness': '-56.18', 'passive_qd_score': '42961.57', 'qd_score': '90737.31', 'mean_fitness_top_k': '-21.84'}
[2026-05-30 10:30:46,964][root][INFO] - Generation 235/400 - Time: 0.00 seconds
[2026-05-30 10:30:46,965][root][INFO] - {'coverage': '100.00', 'max_fitness': '0.00', 'passive_coverage': '49.32', 'passive_max_fitness': '0.00', 'passive_mean_fitness': '-56.26', 'passive_qd_score': '43008.53', 'qd_score': '90971.75', 'mean_fitness_top_k': '-21.43'}
[2026-05-30 10:30:48,055][root][INFO] - Generation 236/400 - Time: 0.00 seconds
[2026-05-30 10:30:48,056][root][INFO] - {'coverage': '100.00', 'max_fitness': '0.00', 'passive_coverage': '49.41', 'passive_max_fitness': '0.00', 'passive_mean_fitness': '-56.24', 'passive_qd_score': '43103.78', 'qd_score': '90930.73', 'mean_fitness_top_k': '-21.30'}
[2026-05-30 10:30:49,080][root][INFO] - Generation 237/400 - Time: 0.00 seconds
[2026-05-30 10:30:49,081][root][INFO] - {'coverage': '100.00', 'max_fitness': '0.00', 'passive_coverage': '49.41', 'passive_max_fitness': '0.00', 'passive_mean_fitness': '-56.24', 'passive_qd_score': '43104.23', 'qd_score': '90381.82', 'mean_fitness_top_k': '-21.25'}
[2026-05-30 10:30:50,065][root][INFO] - Generation 238/400 - Time: 0.00 seconds
[2026-05-30 10:30:50,066][root][INFO] - {'coverage': '100.00', 'max_fitness': '0.00', 'passive_coverage': '49.41', 'passive_max_fitness': '0.00', 'passive_mean_fitness': '-56.23', 'passive_qd_score': '43104.72', 'qd_score': '90344.69', 'mean_fitness_top_k': '-21.08'}
[2026-05-30 10:30:51,071][root][INFO] - Generation 239/400 - Time: 0.00 seconds
[2026-05-30 10:30:51,072][root][INFO] - {'coverage': '100.00', 'max_fitness': '0.00', 'passive_coverage': '49.41', 'passive_max_fitness': '0.00', 'passive_mean_fitness': '-56.23', 'passive_qd_score': '43104.72', 'qd_score': '90275.49', 'mean_fitness_top_k': '-20.91'}
[2026-05-30 10:30:52,056][root][INFO] - Updating AE...
[2026-05-30 10:30:52,818][root][INFO] - Epoch: 1, loss: 287.4226
[2026-05-30 10:30:52,888][root][INFO] - Epoch: 2, loss: 266.5529
[2026-05-30 10:30:52,955][root][INFO] - Epoch: 3, loss: 261.6911
[2026-05-30 10:30:53,024][root][INFO] - Epoch: 4, loss: 257.4788
[2026-05-30 10:30:53,093][root][INFO] - Epoch: 5, loss: 251.1571
[2026-05-30 10:30:53,162][root][INFO] - Epoch: 6, loss: 245.4951
[2026-05-30 10:30:53,233][root][INFO] - Epoch: 7, loss: 236.7260
[2026-05-30 10:30:53,303][root][INFO] - Epoch: 8, loss: 232.9024
[2026-05-30 10:30:53,374][root][INFO] - Epoch: 9, loss: 229.2477
[2026-05-30 10:30:53,444][root][INFO] - Epoch: 10, loss: 225.4886
[2026-05-30 10:30:53,515][root][INFO] - Epoch: 11, loss: 221.2799
[2026-05-30 10:30:53,585][root][INFO] - Epoch: 12, loss: 234.7051
[2026-05-30 10:30:53,656][root][INFO] - Epoch: 13, loss: 269.9016
[2026-05-30 10:30:53,726][root][INFO] - Epoch: 14, loss: 267.0891
[2026-05-30 10:30:53,797][root][INFO] - Epoch: 15, loss: 257.3932
[2026-05-30 10:30:53,867][root][INFO] - Epoch: 16, loss: 253.3223
[2026-05-30 10:30:53,938][root][INFO] - Epoch: 17, loss: 250.6979
[2026-05-30 10:30:54,008][root][INFO] - Epoch: 18, loss: 246.6889
[2026-05-30 10:30:54,078][root][INFO] - Epoch: 19, loss: 243.6758
[2026-05-30 10:30:54,149][root][INFO] - Epoch: 20, loss: 239.3230
[2026-05-30 10:30:54,220][root][INFO] - Epoch: 21, loss: 236.3903
[2026-05-30 10:30:54,290][root][INFO] - Epoch: 22, loss: 234.3816
[2026-05-30 10:30:54,290][root][INFO] - Early stopping at epoch: 21
[2026-05-30 10:30:54,318][root][INFO] - {'model_loss': '234.3816', 'recon_loss': '0.0000', 'triplet_loss': '234.3816'}
[2026-05-30 10:30:54,322][root][INFO] - Updating AE...
[2026-05-30 10:30:55,057][root][INFO] - Epoch: 1, loss: 82.7021
[2026-05-30 10:30:55,126][root][INFO] - Epoch: 2, loss: 68.6126
[2026-05-30 10:30:55,196][root][INFO] - Epoch: 3, loss: 66.8147
[2026-05-30 10:30:55,266][root][INFO] - Epoch: 4, loss: 64.5177
[2026-05-30 10:30:55,335][root][INFO] - Epoch: 5, loss: 62.4776
[2026-05-30 10:30:55,405][root][INFO] - Epoch: 6, loss: 61.1772
[2026-05-30 10:30:55,475][root][INFO] - Epoch: 7, loss: 59.9267
[2026-05-30 10:30:55,546][root][INFO] - Epoch: 8, loss: 59.2499
[2026-05-30 10:30:55,617][root][INFO] - Epoch: 9, loss: 57.7985
[2026-05-30 10:30:55,688][root][INFO] - Epoch: 10, loss: 57.2824
[2026-05-30 10:30:55,758][root][INFO] - Epoch: 11, loss: 55.7918
[2026-05-30 10:30:55,829][root][INFO] - Epoch: 12, loss: 56.2393
[2026-05-30 10:30:55,899][root][INFO] - Epoch: 13, loss: 56.9544
[2026-05-30 10:30:55,970][root][INFO] - Epoch: 14, loss: 56.9161
[2026-05-30 10:30:56,040][root][INFO] - Epoch: 15, loss: 55.6404
[2026-05-30 10:30:56,111][root][INFO] - Epoch: 16, loss: 54.5963
[2026-05-30 10:30:56,182][root][INFO] - Epoch: 17, loss: 53.6869
[2026-05-30 10:30:56,253][root][INFO] - Epoch: 18, loss: 53.2292
[2026-05-30 10:30:56,325][root][INFO] - Epoch: 19, loss: 53.1209
[2026-05-30 10:30:56,395][root][INFO] - Epoch: 20, loss: 52.3429
[2026-05-30 10:30:56,466][root][INFO] - Epoch: 21, loss: 51.7458
[2026-05-30 10:30:56,537][root][INFO] - Epoch: 22, loss: 51.2327
[2026-05-30 10:30:56,608][root][INFO] - Epoch: 23, loss: 50.7363
[2026-05-30 10:30:56,679][root][INFO] - Epoch: 24, loss: 49.9953
[2026-05-30 10:30:56,750][root][INFO] - Epoch: 25, loss: 49.7026
[2026-05-30 10:30:56,820][root][INFO] - Epoch: 26, loss: 49.7005
[2026-05-30 10:30:56,891][root][INFO] - Epoch: 27, loss: 49.0388
[2026-05-30 10:30:56,962][root][INFO] - Epoch: 28, loss: 48.6275
[2026-05-30 10:30:57,031][root][INFO] - Epoch: 29, loss: 48.0181
[2026-05-30 10:30:57,102][root][INFO] - Epoch: 30, loss: 47.8534
[2026-05-30 10:30:57,173][root][INFO] - Epoch: 31, loss: 47.6828
[2026-05-30 10:30:57,245][root][INFO] - Epoch: 32, loss: 47.4877
[2026-05-30 10:30:57,316][root][INFO] - Epoch: 33, loss: 46.8906
[2026-05-30 10:30:57,388][root][INFO] - Epoch: 34, loss: 47.3578
[2026-05-30 10:30:57,459][root][INFO] - Epoch: 35, loss: 47.0255
[2026-05-30 10:30:57,530][root][INFO] - Epoch: 36, loss: 47.0199
[2026-05-30 10:30:57,600][root][INFO] - Epoch: 37, loss: 45.8863
[2026-05-30 10:30:57,671][root][INFO] - Epoch: 38, loss: 45.6724
[2026-05-30 10:30:57,740][root][INFO] - Epoch: 39, loss: 45.0043
[2026-05-30 10:30:57,813][root][INFO] - Epoch: 40, loss: 44.5760
[2026-05-30 10:30:57,884][root][INFO] - Epoch: 41, loss: 44.4655
[2026-05-30 10:30:57,954][root][INFO] - Epoch: 42, loss: 43.8379
[2026-05-30 10:30:58,026][root][INFO] - Epoch: 43, loss: 43.5386
[2026-05-30 10:30:58,096][root][INFO] - Epoch: 44, loss: 43.7811
[2026-05-30 10:30:58,167][root][INFO] - Epoch: 45, loss: 43.3545
[2026-05-30 10:30:58,238][root][INFO] - Epoch: 46, loss: 43.9875
[2026-05-30 10:30:58,309][root][INFO] - Epoch: 47, loss: 43.1181
[2026-05-30 10:30:58,380][root][INFO] - Epoch: 48, loss: 42.7783
[2026-05-30 10:30:58,452][root][INFO] - Epoch: 49, loss: 42.5587
[2026-05-30 10:30:58,523][root][INFO] - Epoch: 50, loss: 42.5026
[2026-05-30 10:30:58,594][root][INFO] - Epoch: 51, loss: 41.9296
[2026-05-30 10:30:58,664][root][INFO] - Epoch: 52, loss: 41.4459
[2026-05-30 10:30:58,735][root][INFO] - Epoch: 53, loss: 41.3583
[2026-05-30 10:30:58,806][root][INFO] - Epoch: 54, loss: 41.1912
[2026-05-30 10:30:58,877][root][INFO] - Epoch: 55, loss: 40.4056
[2026-05-30 10:30:58,946][root][INFO] - Epoch: 56, loss: 40.2398
[2026-05-30 10:30:59,015][root][INFO] - Epoch: 57, loss: 40.1805
[2026-05-30 10:30:59,088][root][INFO] - Epoch: 58, loss: 56.9511
[2026-05-30 10:30:59,158][root][INFO] - Epoch: 59, loss: 61.2648
[2026-05-30 10:30:59,228][root][INFO] - Epoch: 60, loss: 55.9369
[2026-05-30 10:30:59,298][root][INFO] - Epoch: 61, loss: 53.0509
[2026-05-30 10:30:59,370][root][INFO] - Epoch: 62, loss: 50.3098
[2026-05-30 10:30:59,440][root][INFO] - Epoch: 63, loss: 47.7902
[2026-05-30 10:30:59,510][root][INFO] - Epoch: 64, loss: 46.9696
[2026-05-30 10:30:59,583][root][INFO] - Epoch: 65, loss: 47.0883
[2026-05-30 10:30:59,653][root][INFO] - Epoch: 66, loss: 55.1684
[2026-05-30 10:30:59,725][root][INFO] - Epoch: 67, loss: 55.6732
[2026-05-30 10:30:59,796][root][INFO] - Epoch: 68, loss: 52.9988
[2026-05-30 10:30:59,797][root][INFO] - Early stopping at epoch: 67
[2026-05-30 10:30:59,829][root][INFO] - {'model_loss': '52.9988', 'recon_loss': '0.0000', 'triplet_loss': '52.9988'}
[2026-05-30 10:30:59,833][root][INFO] - Generation 240/400 - Time: 0.00 seconds
[2026-05-30 10:30:59,833][root][INFO] - {'coverage': '100.00', 'max_fitness': '0.00', 'passive_coverage': '49.51', 'passive_max_fitness': '0.00', 'passive_mean_fitness': '-56.22', 'passive_qd_score': '43197.93', 'qd_score': '90197.06', 'mean_fitness_top_k': '-20.61'}
[2026-05-30 10:31:00,831][root][INFO] - Generation 241/400 - Time: 0.00 seconds
[2026-05-30 10:31:00,832][root][INFO] - {'coverage': '100.00', 'max_fitness': '0.00', 'passive_coverage': '49.80', 'passive_max_fitness': '0.00', 'passive_mean_fitness': '-56.14', 'passive_qd_score': '43494.61', 'qd_score': '86768.73', 'mean_fitness_top_k': '-27.62'}
[2026-05-30 10:31:01,818][root][INFO] - Generation 242/400 - Time: 0.00 seconds
[2026-05-30 10:31:01,819][root][INFO] - {'coverage': '100.00', 'max_fitness': '0.00', 'passive_coverage': '49.80', 'passive_max_fitness': '0.00', 'passive_mean_fitness': '-56.13', 'passive_qd_score': '43497.78', 'qd_score': '86500.20', 'mean_fitness_top_k': '-28.38'}
[2026-05-30 10:31:02,806][root][INFO] - Generation 243/400 - Time: 0.00 seconds
[2026-05-30 10:31:02,806][root][INFO] - {'coverage': '100.00', 'max_fitness': '0.00', 'passive_coverage': '50.00', 'passive_max_fitness': '0.00', 'passive_mean_fitness': '-56.06', 'passive_qd_score': '43703.25', 'qd_score': '85560.18', 'mean_fitness_top_k': '-28.75'}
[2026-05-30 10:31:03,790][root][INFO] - Generation 244/400 - Time: 0.00 seconds
[2026-05-30 10:31:03,791][root][INFO] - {'coverage': '100.00', 'max_fitness': '0.00', 'passive_coverage': '50.10', 'passive_max_fitness': '0.00', 'passive_mean_fitness': '-56.05', 'passive_qd_score': '43796.25', 'qd_score': '85514.45', 'mean_fitness_top_k': '-28.38'}
[2026-05-30 10:31:04,789][root][INFO] - Generation 245/400 - Time: 0.00 seconds
[2026-05-30 10:31:04,789][root][INFO] - {'coverage': '100.00', 'max_fitness': '0.00', 'passive_coverage': '50.10', 'passive_max_fitness': '0.00', 'passive_mean_fitness': '-56.05', 'passive_qd_score': '43797.43', 'qd_score': '85245.73', 'mean_fitness_top_k': '-28.80'}
[2026-05-30 10:31:05,937][root][INFO] - Generation 246/400 - Time: 0.00 seconds
[2026-05-30 10:31:05,938][root][INFO] - {'coverage': '100.00', 'max_fitness': '0.00', 'passive_coverage': '50.20', 'passive_max_fitness': '0.00', 'passive_mean_fitness': '-56.11', 'passive_qd_score': '43852.34', 'qd_score': '85078.48', 'mean_fitness_top_k': '-29.18'}
[2026-05-30 10:31:07,076][root][INFO] - Generation 247/400 - Time: 0.00 seconds
[2026-05-30 10:31:07,076][root][INFO] - {'coverage': '100.00', 'max_fitness': '0.00', 'passive_coverage': '50.20', 'passive_max_fitness': '0.00', 'passive_mean_fitness': '-56.11', 'passive_qd_score': '43852.57', 'qd_score': '85367.12', 'mean_fitness_top_k': '-28.90'}
[2026-05-30 10:31:08,217][root][INFO] - Generation 248/400 - Time: 0.00 seconds
[2026-05-30 10:31:08,218][root][INFO] - {'coverage': '100.00', 'max_fitness': '0.00', 'passive_coverage': '50.39', 'passive_max_fitness': '0.00', 'passive_mean_fitness': '-56.11', 'passive_qd_score': '44021.60', 'qd_score': '85534.74', 'mean_fitness_top_k': '-28.54'}
[2026-05-30 10:31:09,357][root][INFO] - Generation 249/400 - Time: 0.00 seconds
[2026-05-30 10:31:09,358][root][INFO] - {'coverage': '100.00', 'max_fitness': '0.00', 'passive_coverage': '50.39', 'passive_max_fitness': '0.00', 'passive_mean_fitness': '-56.11', 'passive_qd_score': '44021.60', 'qd_score': '85523.18', 'mean_fitness_top_k': '-28.67'}
[2026-05-30 10:31:10,505][root][INFO] - Generation 250/400 - Time: 0.00 seconds
[2026-05-30 10:31:10,506][root][INFO] - {'coverage': '100.00', 'max_fitness': '0.00', 'passive_coverage': '50.39', 'passive_max_fitness': '0.00', 'passive_mean_fitness': '-56.11', 'passive_qd_score': '44021.84', 'qd_score': '85406.91', 'mean_fitness_top_k': '-28.60'}
[2026-05-30 10:31:11,640][root][INFO] - Generation 251/400 - Time: 0.00 seconds
[2026-05-30 10:31:11,641][root][INFO] - {'coverage': '100.00', 'max_fitness': '0.00', 'passive_coverage': '50.39', 'passive_max_fitness': '0.00', 'passive_mean_fitness': '-56.11', 'passive_qd_score': '44021.84', 'qd_score': '85495.56', 'mean_fitness_top_k': '-28.77'}
[2026-05-30 10:31:12,782][root][INFO] - Generation 252/400 - Time: 0.00 seconds
[2026-05-30 10:31:12,782][root][INFO] - {'coverage': '100.00', 'max_fitness': '0.00', 'passive_coverage': '50.39', 'passive_max_fitness': '0.00', 'passive_mean_fitness': '-56.11', 'passive_qd_score': '44022.07', 'qd_score': '85792.32', 'mean_fitness_top_k': '-28.42'}
[2026-05-30 10:31:13,924][root][INFO] - Generation 253/400 - Time: 0.00 seconds
[2026-05-30 10:31:13,925][root][INFO] - {'coverage': '100.00', 'max_fitness': '0.00', 'passive_coverage': '50.39', 'passive_max_fitness': '0.00', 'passive_mean_fitness': '-56.11', 'passive_qd_score': '44022.50', 'qd_score': '85389.00', 'mean_fitness_top_k': '-28.75'}
[2026-05-30 10:31:15,064][root][INFO] - Generation 254/400 - Time: 0.00 seconds
[2026-05-30 10:31:15,065][root][INFO] - {'coverage': '100.00', 'max_fitness': '0.00', 'passive_coverage': '50.49', 'passive_max_fitness': '0.00', 'passive_mean_fitness': '-56.11', 'passive_qd_score': '44106.20', 'qd_score': '85112.52', 'mean_fitness_top_k': '-29.16'}
[2026-05-30 10:31:16,222][root][INFO] - Generation 255/400 - Time: 0.00 seconds
[2026-05-30 10:31:16,223][root][INFO] - {'coverage': '100.00', 'max_fitness': '0.00', 'passive_coverage': '50.49', 'passive_max_fitness': '0.00', 'passive_mean_fitness': '-56.11', 'passive_qd_score': '44106.22', 'qd_score': '85077.61', 'mean_fitness_top_k': '-29.63'}
[2026-05-30 10:31:17,377][root][INFO] - Generation 256/400 - Time: 0.00 seconds
[2026-05-30 10:31:17,378][root][INFO] - {'coverage': '100.00', 'max_fitness': '0.00', 'passive_coverage': '50.49', 'passive_max_fitness': '0.00', 'passive_mean_fitness': '-56.11', 'passive_qd_score': '44106.22', 'qd_score': '84844.62', 'mean_fitness_top_k': '-29.23'}
[2026-05-30 10:31:18,521][root][INFO] - Generation 257/400 - Time: 0.00 seconds
[2026-05-30 10:31:18,522][root][INFO] - {'coverage': '100.00', 'max_fitness': '0.00', 'passive_coverage': '50.49', 'passive_max_fitness': '0.00', 'passive_mean_fitness': '-56.11', 'passive_qd_score': '44106.65', 'qd_score': '84807.67', 'mean_fitness_top_k': '-29.42'}
[2026-05-30 10:31:19,691][root][INFO] - Generation 258/400 - Time: 0.00 seconds
[2026-05-30 10:31:19,692][root][INFO] - {'coverage': '100.00', 'max_fitness': '0.00', 'passive_coverage': '50.49', 'passive_max_fitness': '0.00', 'passive_mean_fitness': '-56.11', 'passive_qd_score': '44106.65', 'qd_score': '85065.05', 'mean_fitness_top_k': '-28.93'}
[2026-05-30 10:31:20,836][root][INFO] - Generation 259/400 - Time: 0.00 seconds
[2026-05-30 10:31:20,837][root][INFO] - {'coverage': '100.00', 'max_fitness': '0.00', 'passive_coverage': '50.59', 'passive_max_fitness': '0.00', 'passive_mean_fitness': '-56.08', 'passive_qd_score': '44206.81', 'qd_score': '85249.28', 'mean_fitness_top_k': '-28.90'}
[2026-05-30 10:31:21,982][root][INFO] - Generation 260/400 - Time: 0.00 seconds
[2026-05-30 10:31:21,983][root][INFO] - {'coverage': '100.00', 'max_fitness': '0.00', 'passive_coverage': '50.59', 'passive_max_fitness': '0.00', 'passive_mean_fitness': '-56.08', 'passive_qd_score': '44206.81', 'qd_score': '85332.76', 'mean_fitness_top_k': '-28.96'}
[2026-05-30 10:31:23,122][root][INFO] - Generation 261/400 - Time: 0.00 seconds
[2026-05-30 10:31:23,123][root][INFO] - {'coverage': '100.00', 'max_fitness': '0.00', 'passive_coverage': '50.78', 'passive_max_fitness': '0.00', 'passive_mean_fitness': '-56.05', 'passive_qd_score': '44392.92', 'qd_score': '85486.19', 'mean_fitness_top_k': '-28.69'}
[2026-05-30 10:31:24,269][root][INFO] - Generation 262/400 - Time: 0.00 seconds
[2026-05-30 10:31:24,270][root][INFO] - {'coverage': '100.00', 'max_fitness': '0.00', 'passive_coverage': '50.78', 'passive_max_fitness': '0.00', 'passive_mean_fitness': '-56.05', 'passive_qd_score': '44393.08', 'qd_score': '84959.90', 'mean_fitness_top_k': '-29.08'}
[2026-05-30 10:31:25,403][root][INFO] - Generation 263/400 - Time: 0.00 seconds
[2026-05-30 10:31:25,404][root][INFO] - {'coverage': '100.00', 'max_fitness': '0.00', 'passive_coverage': '50.88', 'passive_max_fitness': '0.00', 'passive_mean_fitness': '-56.04', 'passive_qd_score': '44485.98', 'qd_score': '85148.94', 'mean_fitness_top_k': '-28.82'}
[2026-05-30 10:31:26,547][root][INFO] - Generation 264/400 - Time: 0.00 seconds
[2026-05-30 10:31:26,548][root][INFO] - {'coverage': '100.00', 'max_fitness': '0.00', 'passive_coverage': '50.88', 'passive_max_fitness': '0.00', 'passive_mean_fitness': '-56.04', 'passive_qd_score': '44485.98', 'qd_score': '85200.03', 'mean_fitness_top_k': '-28.61'}
[2026-05-30 10:31:27,751][root][INFO] - Generation 265/400 - Time: 0.00 seconds
[2026-05-30 10:31:27,752][root][INFO] - {'coverage': '100.00', 'max_fitness': '0.00', 'passive_coverage': '50.88', 'passive_max_fitness': '0.00', 'passive_mean_fitness': '-56.04', 'passive_qd_score': '44485.98', 'qd_score': '85132.66', 'mean_fitness_top_k': '-28.54'}
[2026-05-30 10:31:28,906][root][INFO] - Generation 266/400 - Time: 0.00 seconds
[2026-05-30 10:31:28,907][root][INFO] - {'coverage': '100.00', 'max_fitness': '0.00', 'passive_coverage': '50.88', 'passive_max_fitness': '0.00', 'passive_mean_fitness': '-56.03', 'passive_qd_score': '44487.09', 'qd_score': '85279.11', 'mean_fitness_top_k': '-28.31'}
[2026-05-30 10:31:30,054][root][INFO] - Generation 267/400 - Time: 0.00 seconds
[2026-05-30 10:31:30,055][root][INFO] - {'coverage': '100.00', 'max_fitness': '0.00', 'passive_coverage': '50.88', 'passive_max_fitness': '0.00', 'passive_mean_fitness': '-56.03', 'passive_qd_score': '44487.09', 'qd_score': '85425.44', 'mean_fitness_top_k': '-28.12'}
[2026-05-30 10:31:31,203][root][INFO] - Generation 268/400 - Time: 0.00 seconds
[2026-05-30 10:31:31,203][root][INFO] - {'coverage': '100.00', 'max_fitness': '0.00', 'passive_coverage': '50.88', 'passive_max_fitness': '0.00', 'passive_mean_fitness': '-56.03', 'passive_qd_score': '44489.05', 'qd_score': '85039.94', 'mean_fitness_top_k': '-28.93'}
[2026-05-30 10:31:32,341][root][INFO] - Generation 269/400 - Time: 0.00 seconds
[2026-05-30 10:31:32,342][root][INFO] - {'coverage': '100.00', 'max_fitness': '0.00', 'passive_coverage': '50.88', 'passive_max_fitness': '0.00', 'passive_mean_fitness': '-56.03', 'passive_qd_score': '44489.21', 'qd_score': '85086.23', 'mean_fitness_top_k': '-28.87'}
[2026-05-30 10:31:33,490][root][INFO] - Generation 270/400 - Time: 0.00 seconds
[2026-05-30 10:31:33,491][root][INFO] - {'coverage': '100.00', 'max_fitness': '0.00', 'passive_coverage': '50.98', 'passive_max_fitness': '0.00', 'passive_mean_fitness': '-55.92', 'passive_qd_score': '44630.83', 'qd_score': '85081.68', 'mean_fitness_top_k': '-29.01'}
[2026-05-30 10:31:34,651][root][INFO] - Generation 271/400 - Time: 0.00 seconds
[2026-05-30 10:31:34,652][root][INFO] - {'coverage': '100.00', 'max_fitness': '0.00', 'passive_coverage': '50.98', 'passive_max_fitness': '0.00', 'passive_mean_fitness': '-55.92', 'passive_qd_score': '44630.83', 'qd_score': '85019.86', 'mean_fitness_top_k': '-29.00'}
[2026-05-30 10:31:35,788][root][INFO] - Updating AE...
[2026-05-30 10:31:36,582][root][INFO] - Epoch: 1, loss: 282.6152
[2026-05-30 10:31:36,656][root][INFO] - Epoch: 2, loss: 248.8108
[2026-05-30 10:31:36,726][root][INFO] - Epoch: 3, loss: 245.7695
[2026-05-30 10:31:36,799][root][INFO] - Epoch: 4, loss: 241.6718
[2026-05-30 10:31:36,868][root][INFO] - Epoch: 5, loss: 237.6671
[2026-05-30 10:31:36,938][root][INFO] - Epoch: 6, loss: 233.2041
[2026-05-30 10:31:37,008][root][INFO] - Epoch: 7, loss: 230.1680
[2026-05-30 10:31:37,079][root][INFO] - Epoch: 8, loss: 226.6640
[2026-05-30 10:31:37,150][root][INFO] - Epoch: 9, loss: 222.9208
[2026-05-30 10:31:37,221][root][INFO] - Epoch: 10, loss: 220.0122
[2026-05-30 10:31:37,302][root][INFO] - Epoch: 11, loss: 215.7124
[2026-05-30 10:31:37,376][root][INFO] - Epoch: 12, loss: 215.2296
[2026-05-30 10:31:37,446][root][INFO] - Epoch: 13, loss: 215.0775
[2026-05-30 10:31:37,517][root][INFO] - Epoch: 14, loss: 214.2335
[2026-05-30 10:31:37,586][root][INFO] - Epoch: 15, loss: 207.9021
[2026-05-30 10:31:37,656][root][INFO] - Epoch: 16, loss: 203.8197
[2026-05-30 10:31:37,725][root][INFO] - Epoch: 17, loss: 205.1575
[2026-05-30 10:31:37,795][root][INFO] - Epoch: 18, loss: 203.1595
[2026-05-30 10:31:37,865][root][INFO] - Epoch: 19, loss: 200.3797
[2026-05-30 10:31:37,935][root][INFO] - Epoch: 20, loss: 195.9808
[2026-05-30 10:31:38,007][root][INFO] - Epoch: 21, loss: 192.9006
[2026-05-30 10:31:38,078][root][INFO] - Epoch: 22, loss: 191.0125
[2026-05-30 10:31:38,151][root][INFO] - Epoch: 23, loss: 187.4732
[2026-05-30 10:31:38,220][root][INFO] - Epoch: 24, loss: 184.2653
[2026-05-30 10:31:38,290][root][INFO] - Epoch: 25, loss: 183.6680
[2026-05-30 10:31:38,361][root][INFO] - Epoch: 26, loss: 182.1703
[2026-05-30 10:31:38,432][root][INFO] - Epoch: 27, loss: 179.0407
[2026-05-30 10:31:38,503][root][INFO] - Epoch: 28, loss: 179.1964
[2026-05-30 10:31:38,572][root][INFO] - Epoch: 29, loss: 186.4434
[2026-05-30 10:31:38,642][root][INFO] - Epoch: 30, loss: 180.5751
[2026-05-30 10:31:38,712][root][INFO] - Epoch: 31, loss: 176.7388
[2026-05-30 10:31:38,782][root][INFO] - Epoch: 32, loss: 172.0539
[2026-05-30 10:31:38,851][root][INFO] - Epoch: 33, loss: 172.0990
[2026-05-30 10:31:38,921][root][INFO] - Epoch: 34, loss: 166.3955
[2026-05-30 10:31:38,991][root][INFO] - Epoch: 35, loss: 164.3763
[2026-05-30 10:31:39,063][root][INFO] - Epoch: 36, loss: 163.0320
[2026-05-30 10:31:39,150][root][INFO] - Epoch: 37, loss: 161.0404
[2026-05-30 10:31:39,220][root][INFO] - Epoch: 38, loss: 161.6749
[2026-05-30 10:31:39,292][root][INFO] - Epoch: 39, loss: 158.1974
[2026-05-30 10:31:39,363][root][INFO] - Epoch: 40, loss: 157.6348
[2026-05-30 10:31:39,435][root][INFO] - Epoch: 41, loss: 158.7481
[2026-05-30 10:31:39,504][root][INFO] - Epoch: 42, loss: 157.8243
[2026-05-30 10:31:39,574][root][INFO] - Epoch: 43, loss: 154.6794
[2026-05-30 10:31:39,644][root][INFO] - Epoch: 44, loss: 163.4593
[2026-05-30 10:31:39,715][root][INFO] - Epoch: 45, loss: 153.8710
[2026-05-30 10:31:39,785][root][INFO] - Epoch: 46, loss: 152.5468
[2026-05-30 10:31:39,857][root][INFO] - Epoch: 47, loss: 173.4397
[2026-05-30 10:31:39,928][root][INFO] - Epoch: 48, loss: 173.6363
[2026-05-30 10:31:39,997][root][INFO] - Epoch: 49, loss: 171.6479
[2026-05-30 10:31:40,068][root][INFO] - Epoch: 50, loss: 166.3926
[2026-05-30 10:31:40,139][root][INFO] - Epoch: 51, loss: 160.6482
[2026-05-30 10:31:40,209][root][INFO] - Epoch: 52, loss: 157.4721
[2026-05-30 10:31:40,279][root][INFO] - Epoch: 53, loss: 153.7037
[2026-05-30 10:31:40,348][root][INFO] - Epoch: 54, loss: 153.2294
[2026-05-30 10:31:40,418][root][INFO] - Epoch: 55, loss: 148.9725
[2026-05-30 10:31:40,490][root][INFO] - Epoch: 56, loss: 148.9963
[2026-05-30 10:31:40,561][root][INFO] - Epoch: 57, loss: 145.3008
[2026-05-30 10:31:40,631][root][INFO] - Epoch: 58, loss: 148.4865
[2026-05-30 10:31:40,702][root][INFO] - Epoch: 59, loss: 150.5898
[2026-05-30 10:31:40,773][root][INFO] - Epoch: 60, loss: 148.5493
[2026-05-30 10:31:40,845][root][INFO] - Epoch: 61, loss: 145.7194
[2026-05-30 10:31:40,916][root][INFO] - Epoch: 62, loss: 142.6863
[2026-05-30 10:31:40,989][root][INFO] - Epoch: 63, loss: 139.9911
[2026-05-30 10:31:41,061][root][INFO] - Epoch: 64, loss: 139.0092
[2026-05-30 10:31:41,131][root][INFO] - Epoch: 65, loss: 138.6228
[2026-05-30 10:31:41,202][root][INFO] - Epoch: 66, loss: 137.7497
[2026-05-30 10:31:41,273][root][INFO] - Epoch: 67, loss: 140.6125
[2026-05-30 10:31:41,344][root][INFO] - Epoch: 68, loss: 138.3770
[2026-05-30 10:31:41,415][root][INFO] - Epoch: 69, loss: 144.8100
[2026-05-30 10:31:41,486][root][INFO] - Epoch: 70, loss: 143.3150
[2026-05-30 10:31:41,557][root][INFO] - Epoch: 71, loss: 144.6446
[2026-05-30 10:31:41,629][root][INFO] - Epoch: 72, loss: 142.6264
[2026-05-30 10:31:41,700][root][INFO] - Epoch: 73, loss: 143.3214
[2026-05-30 10:31:41,770][root][INFO] - Epoch: 74, loss: 137.7027
[2026-05-30 10:31:41,841][root][INFO] - Epoch: 75, loss: 143.6918
[2026-05-30 10:31:41,911][root][INFO] - Epoch: 76, loss: 145.9705
[2026-05-30 10:31:41,982][root][INFO] - Epoch: 77, loss: 142.3683
[2026-05-30 10:31:42,053][root][INFO] - Epoch: 78, loss: 136.5693
[2026-05-30 10:31:42,124][root][INFO] - Epoch: 79, loss: 135.1513
[2026-05-30 10:31:42,196][root][INFO] - Epoch: 80, loss: 132.6803
[2026-05-30 10:31:42,267][root][INFO] - Epoch: 81, loss: 132.6924
[2026-05-30 10:31:42,338][root][INFO] - Epoch: 82, loss: 129.1847
[2026-05-30 10:31:42,410][root][INFO] - Epoch: 83, loss: 129.4104
[2026-05-30 10:31:42,481][root][INFO] - Epoch: 84, loss: 128.6463
[2026-05-30 10:31:42,550][root][INFO] - Epoch: 85, loss: 129.0609
[2026-05-30 10:31:42,621][root][INFO] - Epoch: 86, loss: 130.7334
[2026-05-30 10:31:42,692][root][INFO] - Epoch: 87, loss: 134.4716
[2026-05-30 10:31:42,763][root][INFO] - Epoch: 88, loss: 131.1095
[2026-05-30 10:31:42,833][root][INFO] - Epoch: 89, loss: 127.6944
[2026-05-30 10:31:42,903][root][INFO] - Epoch: 90, loss: 125.7514
[2026-05-30 10:31:42,974][root][INFO] - Epoch: 91, loss: 122.8960
[2026-05-30 10:31:43,045][root][INFO] - Epoch: 92, loss: 121.8914
[2026-05-30 10:31:43,115][root][INFO] - Epoch: 93, loss: 121.8312
[2026-05-30 10:31:43,186][root][INFO] - Epoch: 94, loss: 117.3984
[2026-05-30 10:31:43,257][root][INFO] - Epoch: 95, loss: 121.1762
[2026-05-30 10:31:43,327][root][INFO] - Epoch: 96, loss: 121.0406
[2026-05-30 10:31:43,397][root][INFO] - Epoch: 97, loss: 119.8756
[2026-05-30 10:31:43,468][root][INFO] - Epoch: 98, loss: 116.7576
[2026-05-30 10:31:43,539][root][INFO] - Epoch: 99, loss: 118.7603
[2026-05-30 10:31:43,610][root][INFO] - Epoch: 100, loss: 122.2553
[2026-05-30 10:31:43,681][root][INFO] - Epoch: 101, loss: 115.0761
[2026-05-30 10:31:43,752][root][INFO] - Epoch: 102, loss: 117.8132
[2026-05-30 10:31:43,823][root][INFO] - Epoch: 103, loss: 115.5646
[2026-05-30 10:31:43,896][root][INFO] - Epoch: 104, loss: 116.7764
[2026-05-30 10:31:43,967][root][INFO] - Epoch: 105, loss: 117.2583
[2026-05-30 10:31:44,037][root][INFO] - Epoch: 106, loss: 113.1457
[2026-05-30 10:31:44,108][root][INFO] - Epoch: 107, loss: 113.6642
[2026-05-30 10:31:44,180][root][INFO] - Epoch: 108, loss: 113.0892
[2026-05-30 10:31:44,251][root][INFO] - Epoch: 109, loss: 114.5918
[2026-05-30 10:31:44,322][root][INFO] - Epoch: 110, loss: 119.2860
[2026-05-30 10:31:44,393][root][INFO] - Epoch: 111, loss: 114.9428
[2026-05-30 10:31:44,463][root][INFO] - Epoch: 112, loss: 110.6625
[2026-05-30 10:31:44,534][root][INFO] - Epoch: 113, loss: 107.1765
[2026-05-30 10:31:44,606][root][INFO] - Epoch: 114, loss: 108.9869
[2026-05-30 10:31:44,676][root][INFO] - Epoch: 115, loss: 116.3891
[2026-05-30 10:31:44,747][root][INFO] - Epoch: 116, loss: 117.9139
[2026-05-30 10:31:44,818][root][INFO] - Epoch: 117, loss: 110.6085
[2026-05-30 10:31:44,889][root][INFO] - Epoch: 118, loss: 110.1805
[2026-05-30 10:31:44,960][root][INFO] - Epoch: 119, loss: 105.5901
[2026-05-30 10:31:45,030][root][INFO] - Epoch: 120, loss: 109.0939
[2026-05-30 10:31:45,101][root][INFO] - Epoch: 121, loss: 107.8261
[2026-05-30 10:31:45,172][root][INFO] - Epoch: 122, loss: 108.0632
[2026-05-30 10:31:45,242][root][INFO] - Epoch: 123, loss: 103.4051
[2026-05-30 10:31:45,313][root][INFO] - Epoch: 124, loss: 109.4572
[2026-05-30 10:31:45,383][root][INFO] - Epoch: 125, loss: 107.9376
[2026-05-30 10:31:45,455][root][INFO] - Epoch: 126, loss: 112.5777
[2026-05-30 10:31:45,525][root][INFO] - Epoch: 127, loss: 108.3909
[2026-05-30 10:31:45,595][root][INFO] - Epoch: 128, loss: 102.1715
[2026-05-30 10:31:45,665][root][INFO] - Epoch: 129, loss: 100.9017
[2026-05-30 10:31:45,735][root][INFO] - Epoch: 130, loss: 100.8240
[2026-05-30 10:31:45,805][root][INFO] - Epoch: 131, loss: 104.4735
[2026-05-30 10:31:45,876][root][INFO] - Epoch: 132, loss: 104.5646
[2026-05-30 10:31:45,946][root][INFO] - Epoch: 133, loss: 112.0476
[2026-05-30 10:31:46,016][root][INFO] - Epoch: 134, loss: 128.6079
[2026-05-30 10:31:46,087][root][INFO] - Epoch: 135, loss: 132.5131
[2026-05-30 10:31:46,159][root][INFO] - Epoch: 136, loss: 113.4866
[2026-05-30 10:31:46,230][root][INFO] - Epoch: 137, loss: 102.1205
[2026-05-30 10:31:46,300][root][INFO] - Epoch: 138, loss: 99.5838
[2026-05-30 10:31:46,371][root][INFO] - Epoch: 139, loss: 100.0265
[2026-05-30 10:31:46,442][root][INFO] - Epoch: 140, loss: 100.0031
[2026-05-30 10:31:46,513][root][INFO] - Epoch: 141, loss: 100.8675
[2026-05-30 10:31:46,584][root][INFO] - Epoch: 142, loss: 98.8902
[2026-05-30 10:31:46,656][root][INFO] - Epoch: 143, loss: 97.0255
[2026-05-30 10:31:46,727][root][INFO] - Epoch: 144, loss: 101.3103
[2026-05-30 10:31:46,798][root][INFO] - Epoch: 145, loss: 96.8705
[2026-05-30 10:31:46,868][root][INFO] - Epoch: 146, loss: 99.5041
[2026-05-30 10:31:46,939][root][INFO] - Epoch: 147, loss: 95.7647
[2026-05-30 10:31:47,009][root][INFO] - Epoch: 148, loss: 91.7636
[2026-05-30 10:31:47,080][root][INFO] - Epoch: 149, loss: 93.5778
[2026-05-30 10:31:47,151][root][INFO] - Epoch: 150, loss: 95.4911
[2026-05-30 10:31:47,222][root][INFO] - Epoch: 151, loss: 106.1908
[2026-05-30 10:31:47,293][root][INFO] - Epoch: 152, loss: 104.3011
[2026-05-30 10:31:47,364][root][INFO] - Epoch: 153, loss: 96.5737
[2026-05-30 10:31:47,435][root][INFO] - Epoch: 154, loss: 97.0593
[2026-05-30 10:31:47,506][root][INFO] - Epoch: 155, loss: 97.4237
[2026-05-30 10:31:47,578][root][INFO] - Epoch: 156, loss: 97.0171
[2026-05-30 10:31:47,649][root][INFO] - Epoch: 157, loss: 95.0704
[2026-05-30 10:31:47,720][root][INFO] - Epoch: 158, loss: 96.2011
[2026-05-30 10:31:47,790][root][INFO] - Epoch: 159, loss: 102.0692
[2026-05-30 10:31:47,791][root][INFO] - Early stopping at epoch: 158
[2026-05-30 10:31:47,832][root][INFO] - {'model_loss': '102.0692', 'recon_loss': '0.0000', 'triplet_loss': '102.0692'}
[2026-05-30 10:31:47,836][root][INFO] - Updating AE...
[2026-05-30 10:31:48,579][root][INFO] - Epoch: 1, loss: 150.8904
[2026-05-30 10:31:48,648][root][INFO] - Epoch: 2, loss: 48.2120
[2026-05-30 10:31:48,718][root][INFO] - Epoch: 3, loss: 34.8089
[2026-05-30 10:31:48,787][root][INFO] - Epoch: 4, loss: 28.9945
[2026-05-30 10:31:48,856][root][INFO] - Epoch: 5, loss: 26.2993
[2026-05-30 10:31:48,925][root][INFO] - Epoch: 6, loss: 24.7749
[2026-05-30 10:31:48,995][root][INFO] - Epoch: 7, loss: 23.6738
[2026-05-30 10:31:49,065][root][INFO] - Epoch: 8, loss: 22.9188
[2026-05-30 10:31:49,138][root][INFO] - Epoch: 9, loss: 22.2812
[2026-05-30 10:31:49,208][root][INFO] - Epoch: 10, loss: 21.7639
[2026-05-30 10:31:49,278][root][INFO] - Epoch: 11, loss: 21.2917
[2026-05-30 10:31:49,349][root][INFO] - Epoch: 12, loss: 20.8765
[2026-05-30 10:31:49,419][root][INFO] - Epoch: 13, loss: 20.4917
[2026-05-30 10:31:49,490][root][INFO] - Epoch: 14, loss: 20.1719
[2026-05-30 10:31:49,560][root][INFO] - Epoch: 15, loss: 19.8920
[2026-05-30 10:31:49,631][root][INFO] - Epoch: 16, loss: 19.6250
[2026-05-30 10:31:49,702][root][INFO] - Epoch: 17, loss: 19.3879
[2026-05-30 10:31:49,773][root][INFO] - Epoch: 18, loss: 19.1394
[2026-05-30 10:31:49,844][root][INFO] - Epoch: 19, loss: 18.9827
[2026-05-30 10:31:49,916][root][INFO] - Epoch: 20, loss: 18.6921
[2026-05-30 10:31:49,988][root][INFO] - Epoch: 21, loss: 18.5100
[2026-05-30 10:31:50,058][root][INFO] - Epoch: 22, loss: 18.3206
[2026-05-30 10:31:50,129][root][INFO] - Epoch: 23, loss: 18.1562
[2026-05-30 10:31:50,199][root][INFO] - Epoch: 24, loss: 17.9796
[2026-05-30 10:31:50,269][root][INFO] - Epoch: 25, loss: 17.7967
[2026-05-30 10:31:50,338][root][INFO] - Epoch: 26, loss: 17.6690
[2026-05-30 10:31:50,407][root][INFO] - Epoch: 27, loss: 17.5065
[2026-05-30 10:31:50,476][root][INFO] - Epoch: 28, loss: 17.4283
[2026-05-30 10:31:50,546][root][INFO] - Epoch: 29, loss: 17.2552
[2026-05-30 10:31:50,616][root][INFO] - Epoch: 30, loss: 17.1305
[2026-05-30 10:31:50,686][root][INFO] - Epoch: 31, loss: 17.0394
[2026-05-30 10:31:50,758][root][INFO] - Epoch: 32, loss: 16.9136
[2026-05-30 10:31:50,828][root][INFO] - Epoch: 33, loss: 16.7766
[2026-05-30 10:31:50,899][root][INFO] - Epoch: 34, loss: 16.6561
[2026-05-30 10:31:50,969][root][INFO] - Epoch: 35, loss: 16.6000
[2026-05-30 10:31:51,041][root][INFO] - Epoch: 36, loss: 16.4855
[2026-05-30 10:31:51,111][root][INFO] - Epoch: 37, loss: 16.3897
[2026-05-30 10:31:51,182][root][INFO] - Epoch: 38, loss: 16.2681
[2026-05-30 10:31:51,253][root][INFO] - Epoch: 39, loss: 16.2725
[2026-05-30 10:31:51,325][root][INFO] - Epoch: 40, loss: 16.0141
[2026-05-30 10:31:51,395][root][INFO] - Epoch: 41, loss: 15.9468
[2026-05-30 10:31:51,466][root][INFO] - Epoch: 42, loss: 15.8428
[2026-05-30 10:31:51,537][root][INFO] - Epoch: 43, loss: 15.8246
[2026-05-30 10:31:51,609][root][INFO] - Epoch: 44, loss: 15.7813
[2026-05-30 10:31:51,681][root][INFO] - Epoch: 45, loss: 15.6078
[2026-05-30 10:31:51,752][root][INFO] - Epoch: 46, loss: 15.5606
[2026-05-30 10:31:51,824][root][INFO] - Epoch: 47, loss: 15.4861
[2026-05-30 10:31:51,895][root][INFO] - Epoch: 48, loss: 15.4223
[2026-05-30 10:31:51,966][root][INFO] - Epoch: 49, loss: 15.3713
[2026-05-30 10:31:52,036][root][INFO] - Epoch: 50, loss: 15.3028
[2026-05-30 10:31:52,107][root][INFO] - Epoch: 51, loss: 15.2761
[2026-05-30 10:31:52,178][root][INFO] - Epoch: 52, loss: 15.3197
[2026-05-30 10:31:52,249][root][INFO] - Epoch: 53, loss: 15.1941
[2026-05-30 10:31:52,320][root][INFO] - Epoch: 54, loss: 15.0996
[2026-05-30 10:31:52,391][root][INFO] - Epoch: 55, loss: 14.9412
[2026-05-30 10:31:52,462][root][INFO] - Epoch: 56, loss: 14.9519
[2026-05-30 10:31:52,533][root][INFO] - Epoch: 57, loss: 14.8638
[2026-05-30 10:31:52,603][root][INFO] - Epoch: 58, loss: 14.8828
[2026-05-30 10:31:52,674][root][INFO] - Epoch: 59, loss: 14.7480
[2026-05-30 10:31:52,745][root][INFO] - Epoch: 60, loss: 14.6724
[2026-05-30 10:31:52,817][root][INFO] - Epoch: 61, loss: 14.6030
[2026-05-30 10:31:52,888][root][INFO] - Epoch: 62, loss: 14.5681
[2026-05-30 10:31:52,958][root][INFO] - Epoch: 63, loss: 14.6381
[2026-05-30 10:31:53,029][root][INFO] - Epoch: 64, loss: 14.3270
[2026-05-30 10:31:53,099][root][INFO] - Epoch: 65, loss: 14.3443
[2026-05-30 10:31:53,169][root][INFO] - Epoch: 66, loss: 14.3394
[2026-05-30 10:31:53,240][root][INFO] - Epoch: 67, loss: 14.1949
[2026-05-30 10:31:53,311][root][INFO] - Epoch: 68, loss: 14.1019
[2026-05-30 10:31:53,382][root][INFO] - Epoch: 69, loss: 14.0406
[2026-05-30 10:31:53,453][root][INFO] - Epoch: 70, loss: 13.9799
[2026-05-30 10:31:53,525][root][INFO] - Epoch: 71, loss: 13.8934
[2026-05-30 10:31:53,596][root][INFO] - Epoch: 72, loss: 13.8720
[2026-05-30 10:31:53,668][root][INFO] - Epoch: 73, loss: 13.7968
[2026-05-30 10:31:53,739][root][INFO] - Epoch: 74, loss: 13.8422
[2026-05-30 10:31:53,810][root][INFO] - Epoch: 75, loss: 13.6601
[2026-05-30 10:31:53,882][root][INFO] - Epoch: 76, loss: 13.5533
[2026-05-30 10:31:53,954][root][INFO] - Epoch: 77, loss: 13.4962
[2026-05-30 10:31:54,025][root][INFO] - Epoch: 78, loss: 13.4703
[2026-05-30 10:31:54,096][root][INFO] - Epoch: 79, loss: 13.3648
[2026-05-30 10:31:54,168][root][INFO] - Epoch: 80, loss: 13.3250
[2026-05-30 10:31:54,241][root][INFO] - Epoch: 81, loss: 13.3335
[2026-05-30 10:31:54,312][root][INFO] - Epoch: 82, loss: 13.3695
[2026-05-30 10:31:54,384][root][INFO] - Epoch: 83, loss: 13.2909
[2026-05-30 10:31:54,456][root][INFO] - Epoch: 84, loss: 13.4626
[2026-05-30 10:31:54,529][root][INFO] - Epoch: 85, loss: 13.7591
[2026-05-30 10:31:54,600][root][INFO] - Epoch: 86, loss: 13.3658
[2026-05-30 10:31:54,672][root][INFO] - Epoch: 87, loss: 13.0842
[2026-05-30 10:31:54,744][root][INFO] - Epoch: 88, loss: 13.1023
[2026-05-30 10:31:54,815][root][INFO] - Epoch: 89, loss: 12.9267
[2026-05-30 10:31:54,887][root][INFO] - Epoch: 90, loss: 12.8908
[2026-05-30 10:31:54,959][root][INFO] - Epoch: 91, loss: 12.8476
[2026-05-30 10:31:55,030][root][INFO] - Epoch: 92, loss: 12.8208
[2026-05-30 10:31:55,102][root][INFO] - Epoch: 93, loss: 12.7372
[2026-05-30 10:31:55,174][root][INFO] - Epoch: 94, loss: 12.7395
[2026-05-30 10:31:55,246][root][INFO] - Epoch: 95, loss: 12.7027
[2026-05-30 10:31:55,317][root][INFO] - Epoch: 96, loss: 12.7369
[2026-05-30 10:31:55,388][root][INFO] - Epoch: 97, loss: 12.6231
[2026-05-30 10:31:55,460][root][INFO] - Epoch: 98, loss: 12.6436
[2026-05-30 10:31:55,532][root][INFO] - Epoch: 99, loss: 12.6033
[2026-05-30 10:31:55,603][root][INFO] - Epoch: 100, loss: 12.5455
[2026-05-30 10:31:55,675][root][INFO] - Epoch: 101, loss: 12.5132
[2026-05-30 10:31:55,747][root][INFO] - Epoch: 102, loss: 12.6999
[2026-05-30 10:31:55,820][root][INFO] - Epoch: 103, loss: 12.4693
[2026-05-30 10:31:55,891][root][INFO] - Epoch: 104, loss: 12.4441
[2026-05-30 10:31:55,964][root][INFO] - Epoch: 105, loss: 12.3747
[2026-05-30 10:31:56,036][root][INFO] - Epoch: 106, loss: 12.3598
[2026-05-30 10:31:56,107][root][INFO] - Epoch: 107, loss: 12.2966
[2026-05-30 10:31:56,179][root][INFO] - Epoch: 108, loss: 12.3045
[2026-05-30 10:31:56,250][root][INFO] - Epoch: 109, loss: 12.2325
[2026-05-30 10:31:56,322][root][INFO] - Epoch: 110, loss: 12.1366
[2026-05-30 10:31:56,394][root][INFO] - Epoch: 111, loss: 12.1950
[2026-05-30 10:31:56,465][root][INFO] - Epoch: 112, loss: 12.1098
[2026-05-30 10:31:56,536][root][INFO] - Epoch: 113, loss: 12.2492
[2026-05-30 10:31:56,607][root][INFO] - Epoch: 114, loss: 12.3934
[2026-05-30 10:31:56,679][root][INFO] - Epoch: 115, loss: 12.1313
[2026-05-30 10:31:56,752][root][INFO] - Epoch: 116, loss: 12.3145
[2026-05-30 10:31:56,823][root][INFO] - Epoch: 117, loss: 12.1357
[2026-05-30 10:31:56,895][root][INFO] - Epoch: 118, loss: 12.0656
[2026-05-30 10:31:56,967][root][INFO] - Epoch: 119, loss: 11.9007
[2026-05-30 10:31:57,038][root][INFO] - Epoch: 120, loss: 11.9601
[2026-05-30 10:31:57,110][root][INFO] - Epoch: 121, loss: 11.8591
[2026-05-30 10:31:57,181][root][INFO] - Epoch: 122, loss: 11.8012
[2026-05-30 10:31:57,254][root][INFO] - Epoch: 123, loss: 11.7896
[2026-05-30 10:31:57,325][root][INFO] - Epoch: 124, loss: 11.6394
[2026-05-30 10:31:57,396][root][INFO] - Epoch: 125, loss: 11.7241
[2026-05-30 10:31:57,468][root][INFO] - Epoch: 126, loss: 11.5857
[2026-05-30 10:31:57,540][root][INFO] - Epoch: 127, loss: 11.5729
[2026-05-30 10:31:57,612][root][INFO] - Epoch: 128, loss: 11.4600
[2026-05-30 10:31:57,684][root][INFO] - Epoch: 129, loss: 11.5269
[2026-05-30 10:31:57,756][root][INFO] - Epoch: 130, loss: 11.7371
[2026-05-30 10:31:57,827][root][INFO] - Epoch: 131, loss: 11.4987
[2026-05-30 10:31:57,898][root][INFO] - Epoch: 132, loss: 11.6358
[2026-05-30 10:31:57,970][root][INFO] - Epoch: 133, loss: 11.4745
[2026-05-30 10:31:58,042][root][INFO] - Epoch: 134, loss: 11.2709
[2026-05-30 10:31:58,114][root][INFO] - Epoch: 135, loss: 11.3166
[2026-05-30 10:31:58,186][root][INFO] - Epoch: 136, loss: 11.1810
[2026-05-30 10:31:58,258][root][INFO] - Epoch: 137, loss: 11.0704
[2026-05-30 10:31:58,328][root][INFO] - Epoch: 138, loss: 11.1320
[2026-05-30 10:31:58,400][root][INFO] - Epoch: 139, loss: 11.0668
[2026-05-30 10:31:58,473][root][INFO] - Epoch: 140, loss: 11.1609
[2026-05-30 10:31:58,544][root][INFO] - Epoch: 141, loss: 11.1842
[2026-05-30 10:31:58,617][root][INFO] - Epoch: 142, loss: 11.0508
[2026-05-30 10:31:58,688][root][INFO] - Epoch: 143, loss: 10.9323
[2026-05-30 10:31:58,760][root][INFO] - Epoch: 144, loss: 10.7785
[2026-05-30 10:31:58,831][root][INFO] - Epoch: 145, loss: 10.7546
[2026-05-30 10:31:58,905][root][INFO] - Epoch: 146, loss: 10.7432
[2026-05-30 10:31:58,976][root][INFO] - Epoch: 147, loss: 10.6953
[2026-05-30 10:31:59,049][root][INFO] - Epoch: 148, loss: 10.6232
[2026-05-30 10:31:59,124][root][INFO] - Epoch: 149, loss: 10.5998
[2026-05-30 10:31:59,197][root][INFO] - Epoch: 150, loss: 14.0642
[2026-05-30 10:31:59,268][root][INFO] - Epoch: 151, loss: 14.5199
[2026-05-30 10:31:59,340][root][INFO] - Epoch: 152, loss: 14.0050
[2026-05-30 10:31:59,411][root][INFO] - Epoch: 153, loss: 13.4934
[2026-05-30 10:31:59,482][root][INFO] - Epoch: 154, loss: 12.4113
[2026-05-30 10:31:59,553][root][INFO] - Epoch: 155, loss: 12.1237
[2026-05-30 10:31:59,625][root][INFO] - Epoch: 156, loss: 11.4869
[2026-05-30 10:31:59,697][root][INFO] - Epoch: 157, loss: 11.2318
[2026-05-30 10:31:59,769][root][INFO] - Epoch: 158, loss: 10.7403
[2026-05-30 10:31:59,842][root][INFO] - Epoch: 159, loss: 10.8432
[2026-05-30 10:31:59,914][root][INFO] - Epoch: 160, loss: 10.5873
[2026-05-30 10:31:59,985][root][INFO] - Epoch: 161, loss: 10.4711
[2026-05-30 10:32:00,057][root][INFO] - Epoch: 162, loss: 10.4169
[2026-05-30 10:32:00,129][root][INFO] - Epoch: 163, loss: 10.2918
[2026-05-30 10:32:00,201][root][INFO] - Epoch: 164, loss: 10.1529
[2026-05-30 10:32:00,272][root][INFO] - Epoch: 165, loss: 10.1018
[2026-05-30 10:32:00,343][root][INFO] - Epoch: 166, loss: 9.9634
[2026-05-30 10:32:00,416][root][INFO] - Epoch: 167, loss: 9.9825
[2026-05-30 10:32:00,488][root][INFO] - Epoch: 168, loss: 9.8799
[2026-05-30 10:32:00,559][root][INFO] - Epoch: 169, loss: 10.0547
[2026-05-30 10:32:00,631][root][INFO] - Epoch: 170, loss: 10.1331
[2026-05-30 10:32:00,702][root][INFO] - Epoch: 171, loss: 10.1543
[2026-05-30 10:32:00,773][root][INFO] - Epoch: 172, loss: 10.1941
[2026-05-30 10:32:00,844][root][INFO] - Epoch: 173, loss: 10.0387
[2026-05-30 10:32:00,917][root][INFO] - Epoch: 174, loss: 9.7441
[2026-05-30 10:32:00,988][root][INFO] - Epoch: 175, loss: 9.6882
[2026-05-30 10:32:01,059][root][INFO] - Epoch: 176, loss: 9.6071
[2026-05-30 10:32:01,131][root][INFO] - Epoch: 177, loss: 9.6976
[2026-05-30 10:32:01,203][root][INFO] - Epoch: 178, loss: 9.6973
[2026-05-30 10:32:01,275][root][INFO] - Epoch: 179, loss: 9.4767
[2026-05-30 10:32:01,346][root][INFO] - Epoch: 180, loss: 9.4193
[2026-05-30 10:32:01,419][root][INFO] - Epoch: 181, loss: 9.3492
[2026-05-30 10:32:01,491][root][INFO] - Epoch: 182, loss: 9.3589
[2026-05-30 10:32:01,562][root][INFO] - Epoch: 183, loss: 9.2371
[2026-05-30 10:32:01,633][root][INFO] - Epoch: 184, loss: 9.2001
[2026-05-30 10:32:01,705][root][INFO] - Epoch: 185, loss: 9.2801
[2026-05-30 10:32:01,777][root][INFO] - Epoch: 186, loss: 9.2335
[2026-05-30 10:32:01,849][root][INFO] - Epoch: 187, loss: 9.3303
[2026-05-30 10:32:01,921][root][INFO] - Epoch: 188, loss: 9.2747
[2026-05-30 10:32:01,993][root][INFO] - Epoch: 189, loss: 9.1810
[2026-05-30 10:32:02,064][root][INFO] - Epoch: 190, loss: 8.9254
[2026-05-30 10:32:02,136][root][INFO] - Epoch: 191, loss: 9.0359
[2026-05-30 10:32:02,208][root][INFO] - Epoch: 192, loss: 9.3815
[2026-05-30 10:32:02,280][root][INFO] - Epoch: 193, loss: 9.1614
[2026-05-30 10:32:02,351][root][INFO] - Epoch: 194, loss: 9.7066
[2026-05-30 10:32:02,423][root][INFO] - Epoch: 195, loss: 9.5884
[2026-05-30 10:32:02,495][root][INFO] - Epoch: 196, loss: 9.3834
[2026-05-30 10:32:02,565][root][INFO] - Epoch: 197, loss: 9.0619
[2026-05-30 10:32:02,637][root][INFO] - Epoch: 198, loss: 9.1434
[2026-05-30 10:32:02,708][root][INFO] - Epoch: 199, loss: 8.8710
[2026-05-30 10:32:02,779][root][INFO] - Epoch: 200, loss: 8.9174
[2026-05-30 10:32:02,815][root][INFO] - {'model_loss': '8.9174', 'recon_loss': '0.0000', 'triplet_loss': '8.9174'}
[2026-05-30 10:32:02,819][root][INFO] - Generation 272/400 - Time: 0.00 seconds
[2026-05-30 10:32:02,820][root][INFO] - {'coverage': '100.00', 'max_fitness': '0.00', 'passive_coverage': '51.07', 'passive_max_fitness': '0.00', 'passive_mean_fitness': '-55.97', 'passive_qd_score': '44692.97', 'qd_score': '85155.52', 'mean_fitness_top_k': '-28.74'}
[2026-05-30 10:32:03,987][root][INFO] - Generation 273/400 - Time: 0.00 seconds
[2026-05-30 10:32:03,988][root][INFO] - {'coverage': '100.00', 'max_fitness': '0.00', 'passive_coverage': '51.37', 'passive_max_fitness': '0.00', 'passive_mean_fitness': '-56.11', 'passive_qd_score': '44874.21', 'qd_score': '86963.34', 'mean_fitness_top_k': '-27.13'}
[2026-05-30 10:32:05,164][root][INFO] - Generation 274/400 - Time: 0.00 seconds
[2026-05-30 10:32:05,165][root][INFO] - {'coverage': '100.00', 'max_fitness': '0.00', 'passive_coverage': '51.56', 'passive_max_fitness': '0.00', 'passive_mean_fitness': '-56.24', 'passive_qd_score': '44977.52', 'qd_score': '87142.21', 'mean_fitness_top_k': '-26.44'}
[2026-05-30 10:32:06,293][root][INFO] - Generation 275/400 - Time: 0.00 seconds
[2026-05-30 10:32:06,295][root][INFO] - {'coverage': '100.00', 'max_fitness': '0.00', 'passive_coverage': '51.76', 'passive_max_fitness': '0.00', 'passive_mean_fitness': '-56.17', 'passive_qd_score': '45182.74', 'qd_score': '87270.19', 'mean_fitness_top_k': '-26.26'}
[2026-05-30 10:32:07,436][root][INFO] - Generation 276/400 - Time: 0.00 seconds
[2026-05-30 10:32:07,436][root][INFO] - {'coverage': '100.00', 'max_fitness': '0.00', 'passive_coverage': '51.95', 'passive_max_fitness': '0.00', 'passive_mean_fitness': '-56.30', 'passive_qd_score': '45284.34', 'qd_score': '87415.48', 'mean_fitness_top_k': '-25.73'}
[2026-05-30 10:32:08,580][root][INFO] - Generation 277/400 - Time: 0.00 seconds
[2026-05-30 10:32:08,581][root][INFO] - {'coverage': '100.00', 'max_fitness': '0.00', 'passive_coverage': '51.95', 'passive_max_fitness': '0.00', 'passive_mean_fitness': '-56.30', 'passive_qd_score': '45285.16', 'qd_score': '87219.82', 'mean_fitness_top_k': '-25.24'}
[2026-05-30 10:32:09,718][root][INFO] - Generation 278/400 - Time: 0.00 seconds
[2026-05-30 10:32:09,719][root][INFO] - {'coverage': '100.00', 'max_fitness': '0.00', 'passive_coverage': '52.05', 'passive_max_fitness': '0.00', 'passive_mean_fitness': '-56.35', 'passive_qd_score': '45345.16', 'qd_score': '87620.90', 'mean_fitness_top_k': '-25.37'}
[2026-05-30 10:32:10,889][root][INFO] - Generation 279/400 - Time: 0.00 seconds
[2026-05-30 10:32:10,890][root][INFO] - {'coverage': '100.00', 'max_fitness': '0.00', 'passive_coverage': '52.15', 'passive_max_fitness': '0.00', 'passive_mean_fitness': '-56.40', 'passive_qd_score': '45402.80', 'qd_score': '87538.41', 'mean_fitness_top_k': '-25.26'}
[2026-05-30 10:32:12,017][root][INFO] - Generation 280/400 - Time: 0.00 seconds
[2026-05-30 10:32:12,018][root][INFO] - {'coverage': '100.00', 'max_fitness': '0.00', 'passive_coverage': '52.15', 'passive_max_fitness': '0.00', 'passive_mean_fitness': '-56.40', 'passive_qd_score': '45403.49', 'qd_score': '87688.72', 'mean_fitness_top_k': '-25.50'}
[2026-05-30 10:32:13,145][root][INFO] - Generation 281/400 - Time: 0.00 seconds
[2026-05-30 10:32:13,146][root][INFO] - {'coverage': '100.00', 'max_fitness': '0.00', 'passive_coverage': '52.25', 'passive_max_fitness': '0.00', 'passive_mean_fitness': '-56.32', 'passive_qd_score': '45527.20', 'qd_score': '88181.16', 'mean_fitness_top_k': '-24.58'}
[2026-05-30 10:32:14,278][root][INFO] - Generation 282/400 - Time: 0.00 seconds
[2026-05-30 10:32:14,279][root][INFO] - {'coverage': '100.00', 'max_fitness': '0.00', 'passive_coverage': '52.34', 'passive_max_fitness': '0.00', 'passive_mean_fitness': '-56.27', 'passive_qd_score': '45639.11', 'qd_score': '88038.59', 'mean_fitness_top_k': '-24.92'}
[2026-05-30 10:32:15,426][root][INFO] - Generation 283/400 - Time: 0.00 seconds
[2026-05-30 10:32:15,427][root][INFO] - {'coverage': '100.00', 'max_fitness': '0.00', 'passive_coverage': '52.34', 'passive_max_fitness': '0.00', 'passive_mean_fitness': '-56.27', 'passive_qd_score': '45641.40', 'qd_score': '87670.24', 'mean_fitness_top_k': '-24.76'}
[2026-05-30 10:32:16,574][root][INFO] - Generation 284/400 - Time: 0.00 seconds
[2026-05-30 10:32:16,575][root][INFO] - {'coverage': '100.00', 'max_fitness': '0.00', 'passive_coverage': '52.44', 'passive_max_fitness': '0.00', 'passive_mean_fitness': '-56.28', 'passive_qd_score': '45718.38', 'qd_score': '88130.17', 'mean_fitness_top_k': '-24.47'}
[2026-05-30 10:32:17,717][root][INFO] - Generation 285/400 - Time: 0.00 seconds
[2026-05-30 10:32:17,718][root][INFO] - {'coverage': '100.00', 'max_fitness': '0.00', 'passive_coverage': '52.44', 'passive_max_fitness': '0.00', 'passive_mean_fitness': '-56.28', 'passive_qd_score': '45718.38', 'qd_score': '88346.75', 'mean_fitness_top_k': '-24.27'}
[2026-05-30 10:32:18,858][root][INFO] - Generation 286/400 - Time: 0.00 seconds
[2026-05-30 10:32:18,859][root][INFO] - {'coverage': '100.00', 'max_fitness': '0.00', 'passive_coverage': '52.44', 'passive_max_fitness': '0.00', 'passive_mean_fitness': '-56.28', 'passive_qd_score': '45718.75', 'qd_score': '88078.34', 'mean_fitness_top_k': '-24.47'}
[2026-05-30 10:32:19,987][root][INFO] - Generation 287/400 - Time: 0.00 seconds
[2026-05-30 10:32:19,988][root][INFO] - {'coverage': '100.00', 'max_fitness': '0.00', 'passive_coverage': '52.44', 'passive_max_fitness': '0.00', 'passive_mean_fitness': '-56.28', 'passive_qd_score': '45718.79', 'qd_score': '88542.09', 'mean_fitness_top_k': '-24.29'}
[2026-05-30 10:32:21,110][root][INFO] - Generation 288/400 - Time: 0.00 seconds
[2026-05-30 10:32:21,111][root][INFO] - {'coverage': '100.00', 'max_fitness': '0.00', 'passive_coverage': '52.44', 'passive_max_fitness': '0.00', 'passive_mean_fitness': '-56.28', 'passive_qd_score': '45718.98', 'qd_score': '88668.80', 'mean_fitness_top_k': '-24.19'}
[2026-05-30 10:32:22,238][root][INFO] - Generation 289/400 - Time: 0.00 seconds
[2026-05-30 10:32:22,239][root][INFO] - {'coverage': '100.00', 'max_fitness': '0.00', 'passive_coverage': '52.54', 'passive_max_fitness': '0.00', 'passive_mean_fitness': '-56.29', 'passive_qd_score': '45798.06', 'qd_score': '88712.77', 'mean_fitness_top_k': '-24.00'}
[2026-05-30 10:32:23,411][root][INFO] - Generation 290/400 - Time: 0.00 seconds
[2026-05-30 10:32:23,411][root][INFO] - {'coverage': '100.00', 'max_fitness': '0.00', 'passive_coverage': '52.64', 'passive_max_fitness': '0.00', 'passive_mean_fitness': '-56.31', 'passive_qd_score': '45876.52', 'qd_score': '88648.63', 'mean_fitness_top_k': '-24.49'}
[2026-05-30 10:32:24,542][root][INFO] - Generation 291/400 - Time: 0.00 seconds
[2026-05-30 10:32:24,543][root][INFO] - {'coverage': '100.00', 'max_fitness': '0.00', 'passive_coverage': '52.64', 'passive_max_fitness': '0.00', 'passive_mean_fitness': '-56.31', 'passive_qd_score': '45876.52', 'qd_score': '88680.17', 'mean_fitness_top_k': '-24.24'}
[2026-05-30 10:32:25,730][root][INFO] - Generation 292/400 - Time: 0.00 seconds
[2026-05-30 10:32:25,730][root][INFO] - {'coverage': '100.00', 'max_fitness': '0.00', 'passive_coverage': '52.64', 'passive_max_fitness': '0.00', 'passive_mean_fitness': '-56.31', 'passive_qd_score': '45877.04', 'qd_score': '89111.30', 'mean_fitness_top_k': '-24.24'}
[2026-05-30 10:32:26,837][root][INFO] - Generation 293/400 - Time: 0.00 seconds
[2026-05-30 10:32:26,838][root][INFO] - {'coverage': '100.00', 'max_fitness': '0.00', 'passive_coverage': '52.64', 'passive_max_fitness': '0.00', 'passive_mean_fitness': '-56.30', 'passive_qd_score': '45878.09', 'qd_score': '88953.53', 'mean_fitness_top_k': '-24.47'}
[2026-05-30 10:32:27,839][root][INFO] - Generation 294/400 - Time: 0.00 seconds
[2026-05-30 10:32:27,840][root][INFO] - {'coverage': '100.00', 'max_fitness': '0.00', 'passive_coverage': '52.64', 'passive_max_fitness': '0.00', 'passive_mean_fitness': '-56.30', 'passive_qd_score': '45878.15', 'qd_score': '88979.38', 'mean_fitness_top_k': '-24.61'}
[2026-05-30 10:32:28,820][root][INFO] - Generation 295/400 - Time: 0.00 seconds
[2026-05-30 10:32:28,821][root][INFO] - {'coverage': '100.00', 'max_fitness': '0.00', 'passive_coverage': '52.64', 'passive_max_fitness': '0.00', 'passive_mean_fitness': '-56.30', 'passive_qd_score': '45881.12', 'qd_score': '88828.25', 'mean_fitness_top_k': '-24.66'}
[2026-05-30 10:32:29,838][root][INFO] - Generation 296/400 - Time: 0.00 seconds
[2026-05-30 10:32:29,839][root][INFO] - {'coverage': '100.00', 'max_fitness': '0.00', 'passive_coverage': '52.73', 'passive_max_fitness': '0.00', 'passive_mean_fitness': '-56.30', 'passive_qd_score': '45966.87', 'qd_score': '89371.16', 'mean_fitness_top_k': '-23.74'}
[2026-05-30 10:32:30,822][root][INFO] - Generation 297/400 - Time: 0.00 seconds
[2026-05-30 10:32:30,823][root][INFO] - {'coverage': '100.00', 'max_fitness': '0.00', 'passive_coverage': '52.73', 'passive_max_fitness': '0.00', 'passive_mean_fitness': '-56.30', 'passive_qd_score': '45967.12', 'qd_score': '89289.69', 'mean_fitness_top_k': '-23.59'}
[2026-05-30 10:32:31,810][root][INFO] - Generation 298/400 - Time: 0.00 seconds
[2026-05-30 10:32:31,811][root][INFO] - {'coverage': '100.00', 'max_fitness': '0.00', 'passive_coverage': '53.12', 'passive_max_fitness': '0.00', 'passive_mean_fitness': '-56.11', 'passive_qd_score': '46410.16', 'qd_score': '89408.17', 'mean_fitness_top_k': '-23.27'}
[2026-05-30 10:32:32,798][root][INFO] - Generation 299/400 - Time: 0.00 seconds
[2026-05-30 10:32:32,799][root][INFO] - {'coverage': '100.00', 'max_fitness': '0.00', 'passive_coverage': '53.12', 'passive_max_fitness': '0.00', 'passive_mean_fitness': '-56.11', 'passive_qd_score': '46410.16', 'qd_score': '89387.67', 'mean_fitness_top_k': '-23.56'}
[2026-05-30 10:32:33,848][root][INFO] - Generation 300/400 - Time: 0.00 seconds
[2026-05-30 10:32:33,849][root][INFO] - {'coverage': '100.00', 'max_fitness': '0.00', 'passive_coverage': '53.12', 'passive_max_fitness': '0.00', 'passive_mean_fitness': '-56.10', 'passive_qd_score': '46412.86', 'qd_score': '89783.23', 'mean_fitness_top_k': '-23.26'}
[2026-05-30 10:32:34,874][root][INFO] - Generation 301/400 - Time: 0.00 seconds
[2026-05-30 10:32:34,875][root][INFO] - {'coverage': '100.00', 'max_fitness': '0.00', 'passive_coverage': '53.12', 'passive_max_fitness': '0.00', 'passive_mean_fitness': '-56.10', 'passive_qd_score': '46412.86', 'qd_score': '89665.33', 'mean_fitness_top_k': '-23.18'}
[2026-05-30 10:32:35,856][root][INFO] - Generation 302/400 - Time: 0.00 seconds
[2026-05-30 10:32:35,857][root][INFO] - {'coverage': '100.00', 'max_fitness': '0.00', 'passive_coverage': '53.12', 'passive_max_fitness': '0.00', 'passive_mean_fitness': '-56.10', 'passive_qd_score': '46412.86', 'qd_score': '89668.78', 'mean_fitness_top_k': '-23.09'}
[2026-05-30 10:32:36,843][root][INFO] - Generation 303/400 - Time: 0.00 seconds
[2026-05-30 10:32:36,844][root][INFO] - {'coverage': '100.00', 'max_fitness': '0.00', 'passive_coverage': '53.22', 'passive_max_fitness': '0.00', 'passive_mean_fitness': '-56.01', 'passive_qd_score': '46547.26', 'qd_score': '89864.16', 'mean_fitness_top_k': '-22.84'}
[2026-05-30 10:32:37,856][root][INFO] - Generation 304/400 - Time: 0.00 seconds
[2026-05-30 10:32:37,857][root][INFO] - {'coverage': '100.00', 'max_fitness': '0.00', 'passive_coverage': '53.32', 'passive_max_fitness': '0.00', 'passive_mean_fitness': '-56.01', 'passive_qd_score': '46632.24', 'qd_score': '89650.36', 'mean_fitness_top_k': '-23.29'}
[2026-05-30 10:32:38,868][root][INFO] - Generation 305/400 - Time: 0.00 seconds
[2026-05-30 10:32:38,869][root][INFO] - {'coverage': '100.00', 'max_fitness': '0.00', 'passive_coverage': '53.32', 'passive_max_fitness': '0.00', 'passive_mean_fitness': '-56.01', 'passive_qd_score': '46632.24', 'qd_score': '89762.07', 'mean_fitness_top_k': '-23.24'}
[2026-05-30 10:32:39,856][root][INFO] - Updating AE...
[2026-05-30 10:32:40,918][root][INFO] - Epoch: 1, loss: 296.9246
[2026-05-30 10:32:40,988][root][INFO] - Epoch: 2, loss: 283.7396
[2026-05-30 10:32:41,059][root][INFO] - Epoch: 3, loss: 285.9308
[2026-05-30 10:32:41,128][root][INFO] - Epoch: 4, loss: 274.6114
[2026-05-30 10:32:41,198][root][INFO] - Epoch: 5, loss: 278.7338
[2026-05-30 10:32:41,268][root][INFO] - Epoch: 6, loss: 271.6877
[2026-05-30 10:32:41,340][root][INFO] - Epoch: 7, loss: 264.0804
[2026-05-30 10:32:41,411][root][INFO] - Epoch: 8, loss: 257.4910
[2026-05-30 10:32:41,482][root][INFO] - Epoch: 9, loss: 252.1180
[2026-05-30 10:32:41,552][root][INFO] - Epoch: 10, loss: 250.5538
[2026-05-30 10:32:41,623][root][INFO] - Epoch: 11, loss: 247.2611
[2026-05-30 10:32:41,693][root][INFO] - Epoch: 12, loss: 247.3629
[2026-05-30 10:32:41,764][root][INFO] - Epoch: 13, loss: 242.4304
[2026-05-30 10:32:41,835][root][INFO] - Epoch: 14, loss: 241.1788
[2026-05-30 10:32:41,906][root][INFO] - Epoch: 15, loss: 236.6354
[2026-05-30 10:32:41,976][root][INFO] - Epoch: 16, loss: 233.0126
[2026-05-30 10:32:42,047][root][INFO] - Epoch: 17, loss: 233.9932
[2026-05-30 10:32:42,119][root][INFO] - Epoch: 18, loss: 231.9968
[2026-05-30 10:32:42,189][root][INFO] - Epoch: 19, loss: 239.3280
[2026-05-30 10:32:42,260][root][INFO] - Epoch: 20, loss: 232.1345
[2026-05-30 10:32:42,330][root][INFO] - Epoch: 21, loss: 228.5322
[2026-05-30 10:32:42,400][root][INFO] - Epoch: 22, loss: 225.2484
[2026-05-30 10:32:42,470][root][INFO] - Epoch: 23, loss: 220.6244
[2026-05-30 10:32:42,541][root][INFO] - Epoch: 24, loss: 218.3626
[2026-05-30 10:32:42,612][root][INFO] - Epoch: 25, loss: 244.5322
[2026-05-30 10:32:42,682][root][INFO] - Epoch: 26, loss: 240.2985
[2026-05-30 10:32:42,753][root][INFO] - Epoch: 27, loss: 239.6799
[2026-05-30 10:32:42,823][root][INFO] - Epoch: 28, loss: 234.9996
[2026-05-30 10:32:42,893][root][INFO] - Epoch: 29, loss: 226.6706
[2026-05-30 10:32:42,964][root][INFO] - Epoch: 30, loss: 218.0544
[2026-05-30 10:32:43,035][root][INFO] - Epoch: 31, loss: 217.0351
[2026-05-30 10:32:43,106][root][INFO] - Epoch: 32, loss: 212.7977
[2026-05-30 10:32:43,177][root][INFO] - Epoch: 33, loss: 208.6433
[2026-05-30 10:32:43,249][root][INFO] - Epoch: 34, loss: 208.5667
[2026-05-30 10:32:43,320][root][INFO] - Epoch: 35, loss: 205.3926
[2026-05-30 10:32:43,391][root][INFO] - Epoch: 36, loss: 204.7664
[2026-05-30 10:32:43,463][root][INFO] - Epoch: 37, loss: 205.2702
[2026-05-30 10:32:43,535][root][INFO] - Epoch: 38, loss: 202.7901
[2026-05-30 10:32:43,605][root][INFO] - Epoch: 39, loss: 203.2715
[2026-05-30 10:32:43,676][root][INFO] - Epoch: 40, loss: 203.7139
[2026-05-30 10:32:43,747][root][INFO] - Epoch: 41, loss: 200.1111
[2026-05-30 10:32:43,818][root][INFO] - Epoch: 42, loss: 195.8698
[2026-05-30 10:32:43,888][root][INFO] - Epoch: 43, loss: 194.8872
[2026-05-30 10:32:43,959][root][INFO] - Epoch: 44, loss: 195.2171
[2026-05-30 10:32:44,029][root][INFO] - Epoch: 45, loss: 197.4982
[2026-05-30 10:32:44,100][root][INFO] - Epoch: 46, loss: 194.2386
[2026-05-30 10:32:44,172][root][INFO] - Epoch: 47, loss: 186.8392
[2026-05-30 10:32:44,242][root][INFO] - Epoch: 48, loss: 185.5295
[2026-05-30 10:32:44,313][root][INFO] - Epoch: 49, loss: 188.3629
[2026-05-30 10:32:44,383][root][INFO] - Epoch: 50, loss: 191.3633
[2026-05-30 10:32:44,455][root][INFO] - Epoch: 51, loss: 196.9404
[2026-05-30 10:32:44,528][root][INFO] - Epoch: 52, loss: 210.0415
[2026-05-30 10:32:44,599][root][INFO] - Epoch: 53, loss: 189.0841
[2026-05-30 10:32:44,671][root][INFO] - Epoch: 54, loss: 177.9430
[2026-05-30 10:32:44,743][root][INFO] - Epoch: 55, loss: 171.2303
[2026-05-30 10:32:44,814][root][INFO] - Epoch: 56, loss: 170.2425
[2026-05-30 10:32:44,885][root][INFO] - Epoch: 57, loss: 168.9102
[2026-05-30 10:32:44,956][root][INFO] - Epoch: 58, loss: 168.2842
[2026-05-30 10:32:45,027][root][INFO] - Epoch: 59, loss: 164.2127
[2026-05-30 10:32:45,098][root][INFO] - Epoch: 60, loss: 160.6895
[2026-05-30 10:32:45,170][root][INFO] - Epoch: 61, loss: 159.3211
[2026-05-30 10:32:45,242][root][INFO] - Epoch: 62, loss: 159.4900
[2026-05-30 10:32:45,313][root][INFO] - Epoch: 63, loss: 160.8975
[2026-05-30 10:32:45,385][root][INFO] - Epoch: 64, loss: 159.8794
[2026-05-30 10:32:45,456][root][INFO] - Epoch: 65, loss: 171.5532
[2026-05-30 10:32:45,528][root][INFO] - Epoch: 66, loss: 171.6410
[2026-05-30 10:32:45,599][root][INFO] - Epoch: 67, loss: 168.5968
[2026-05-30 10:32:45,670][root][INFO] - Epoch: 68, loss: 161.6701
[2026-05-30 10:32:45,742][root][INFO] - Epoch: 69, loss: 160.5792
[2026-05-30 10:32:45,813][root][INFO] - Epoch: 70, loss: 157.6519
[2026-05-30 10:32:45,884][root][INFO] - Epoch: 71, loss: 154.1304
[2026-05-30 10:32:45,955][root][INFO] - Epoch: 72, loss: 160.2345
[2026-05-30 10:32:46,026][root][INFO] - Epoch: 73, loss: 155.2405
[2026-05-30 10:32:46,097][root][INFO] - Epoch: 74, loss: 158.5014
[2026-05-30 10:32:46,169][root][INFO] - Epoch: 75, loss: 169.5761
[2026-05-30 10:32:46,240][root][INFO] - Epoch: 76, loss: 155.5349
[2026-05-30 10:32:46,312][root][INFO] - Epoch: 77, loss: 152.8073
[2026-05-30 10:32:46,384][root][INFO] - Epoch: 78, loss: 151.3496
[2026-05-30 10:32:46,455][root][INFO] - Epoch: 79, loss: 150.7855
[2026-05-30 10:32:46,527][root][INFO] - Epoch: 80, loss: 147.7419
[2026-05-30 10:32:46,600][root][INFO] - Epoch: 81, loss: 148.3780
[2026-05-30 10:32:46,672][root][INFO] - Epoch: 82, loss: 146.9505
[2026-05-30 10:32:46,743][root][INFO] - Epoch: 83, loss: 149.5170
[2026-05-30 10:32:46,814][root][INFO] - Epoch: 84, loss: 144.8735
[2026-05-30 10:32:46,885][root][INFO] - Epoch: 85, loss: 142.5628
[2026-05-30 10:32:46,957][root][INFO] - Epoch: 86, loss: 141.7916
[2026-05-30 10:32:47,029][root][INFO] - Epoch: 87, loss: 142.0780
[2026-05-30 10:32:47,100][root][INFO] - Epoch: 88, loss: 149.7036
[2026-05-30 10:32:47,172][root][INFO] - Epoch: 89, loss: 156.8155
[2026-05-30 10:32:47,242][root][INFO] - Epoch: 90, loss: 147.4668
[2026-05-30 10:32:47,315][root][INFO] - Epoch: 91, loss: 144.2935
[2026-05-30 10:32:47,386][root][INFO] - Epoch: 92, loss: 148.7617
[2026-05-30 10:32:47,458][root][INFO] - Epoch: 93, loss: 148.5515
[2026-05-30 10:32:47,530][root][INFO] - Epoch: 94, loss: 143.9305
[2026-05-30 10:32:47,602][root][INFO] - Epoch: 95, loss: 142.6917
[2026-05-30 10:32:47,673][root][INFO] - Epoch: 96, loss: 137.9749
[2026-05-30 10:32:47,745][root][INFO] - Epoch: 97, loss: 136.3866
[2026-05-30 10:32:47,816][root][INFO] - Epoch: 98, loss: 140.7744
[2026-05-30 10:32:47,887][root][INFO] - Epoch: 99, loss: 134.3810
[2026-05-30 10:32:47,958][root][INFO] - Epoch: 100, loss: 136.4273
[2026-05-30 10:32:48,030][root][INFO] - Epoch: 101, loss: 152.9151
[2026-05-30 10:32:48,100][root][INFO] - Epoch: 102, loss: 920.1878
[2026-05-30 10:32:48,172][root][INFO] - Epoch: 103, loss: 491.1207
[2026-05-30 10:32:48,243][root][INFO] - Epoch: 104, loss: 490.6853
[2026-05-30 10:32:48,314][root][INFO] - Epoch: 105, loss: 420.0915
[2026-05-30 10:32:48,386][root][INFO] - Epoch: 106, loss: 398.9842
[2026-05-30 10:32:48,457][root][INFO] - Epoch: 107, loss: 364.2766
[2026-05-30 10:32:48,529][root][INFO] - Epoch: 108, loss: 354.9030
[2026-05-30 10:32:48,600][root][INFO] - Epoch: 109, loss: 348.1501
[2026-05-30 10:32:48,672][root][INFO] - Epoch: 110, loss: 342.6382
[2026-05-30 10:32:48,673][root][INFO] - Early stopping at epoch: 109
[2026-05-30 10:32:48,701][root][INFO] - {'model_loss': '342.6382', 'recon_loss': '0.0000', 'triplet_loss': '342.6382'}
[2026-05-30 10:32:48,706][root][INFO] - Updating AE...
[2026-05-30 10:32:49,478][root][INFO] - Epoch: 1, loss: 145.3361
[2026-05-30 10:32:49,549][root][INFO] - Epoch: 2, loss: 105.5938
[2026-05-30 10:32:49,621][root][INFO] - Epoch: 3, loss: 92.0949
[2026-05-30 10:32:49,692][root][INFO] - Epoch: 4, loss: 86.5739
[2026-05-30 10:32:49,764][root][INFO] - Epoch: 5, loss: 83.0460
[2026-05-30 10:32:49,835][root][INFO] - Epoch: 6, loss: 81.1525
[2026-05-30 10:32:49,907][root][INFO] - Epoch: 7, loss: 79.2433
[2026-05-30 10:32:49,979][root][INFO] - Epoch: 8, loss: 77.5536
[2026-05-30 10:32:50,050][root][INFO] - Epoch: 9, loss: 76.2705
[2026-05-30 10:32:50,122][root][INFO] - Epoch: 10, loss: 74.4690
[2026-05-30 10:32:50,194][root][INFO] - Epoch: 11, loss: 73.4214
[2026-05-30 10:32:50,265][root][INFO] - Epoch: 12, loss: 72.0065
[2026-05-30 10:32:50,337][root][INFO] - Epoch: 13, loss: 71.0494
[2026-05-30 10:32:50,409][root][INFO] - Epoch: 14, loss: 70.0898
[2026-05-30 10:32:50,481][root][INFO] - Epoch: 15, loss: 69.2855
[2026-05-30 10:32:50,553][root][INFO] - Epoch: 16, loss: 68.3429
[2026-05-30 10:32:50,624][root][INFO] - Epoch: 17, loss: 67.8208
[2026-05-30 10:32:50,696][root][INFO] - Epoch: 18, loss: 67.0502
[2026-05-30 10:32:50,767][root][INFO] - Epoch: 19, loss: 66.4745
[2026-05-30 10:32:50,839][root][INFO] - Epoch: 20, loss: 65.9248
[2026-05-30 10:32:50,912][root][INFO] - Epoch: 21, loss: 65.1865
[2026-05-30 10:32:50,983][root][INFO] - Epoch: 22, loss: 64.7066
[2026-05-30 10:32:51,055][root][INFO] - Epoch: 23, loss: 64.4605
[2026-05-30 10:32:51,127][root][INFO] - Epoch: 24, loss: 64.2057
[2026-05-30 10:32:51,198][root][INFO] - Epoch: 25, loss: 63.4578
[2026-05-30 10:32:51,270][root][INFO] - Epoch: 26, loss: 63.0792
[2026-05-30 10:32:51,341][root][INFO] - Epoch: 27, loss: 62.3733
[2026-05-30 10:32:51,412][root][INFO] - Epoch: 28, loss: 62.5790
[2026-05-30 10:32:51,484][root][INFO] - Epoch: 29, loss: 61.6255
[2026-05-30 10:32:51,556][root][INFO] - Epoch: 30, loss: 60.4916
[2026-05-30 10:32:51,628][root][INFO] - Epoch: 31, loss: 60.6395
[2026-05-30 10:32:51,699][root][INFO] - Epoch: 32, loss: 60.7404
[2026-05-30 10:32:51,770][root][INFO] - Epoch: 33, loss: 61.7321
[2026-05-30 10:32:51,842][root][INFO] - Epoch: 34, loss: 61.1226
[2026-05-30 10:32:51,914][root][INFO] - Epoch: 35, loss: 71.3137
[2026-05-30 10:32:51,984][root][INFO] - Epoch: 36, loss: 73.7115
[2026-05-30 10:32:52,056][root][INFO] - Epoch: 37, loss: 80.0755
[2026-05-30 10:32:52,129][root][INFO] - Epoch: 38, loss: 79.2635
[2026-05-30 10:32:52,200][root][INFO] - Epoch: 39, loss: 76.6254
[2026-05-30 10:32:52,273][root][INFO] - Epoch: 40, loss: 75.1629
[2026-05-30 10:32:52,346][root][INFO] - Epoch: 41, loss: 73.1716
[2026-05-30 10:32:52,346][root][INFO] - Early stopping at epoch: 40
[2026-05-30 10:32:52,368][root][INFO] - {'model_loss': '73.1716', 'recon_loss': '0.0000', 'triplet_loss': '73.1716'}
[2026-05-30 10:32:52,372][root][INFO] - Generation 306/400 - Time: 0.00 seconds
[2026-05-30 10:32:52,373][root][INFO] - {'coverage': '100.00', 'max_fitness': '0.00', 'passive_coverage': '53.52', 'passive_max_fitness': '0.00', 'passive_mean_fitness': '-56.09', 'passive_qd_score': '46759.01', 'qd_score': '89845.95', 'mean_fitness_top_k': '-23.30'}
[2026-05-30 10:32:53,504][root][INFO] - Generation 307/400 - Time: 0.00 seconds
[2026-05-30 10:32:53,505][root][INFO] - {'coverage': '100.00', 'max_fitness': '0.00', 'passive_coverage': '53.61', 'passive_max_fitness': '0.00', 'passive_mean_fitness': '-56.04', 'passive_qd_score': '46876.85', 'qd_score': '89869.05', 'mean_fitness_top_k': '-23.26'}
[2026-05-30 10:32:54,645][root][INFO] - Generation 308/400 - Time: 0.00 seconds
[2026-05-30 10:32:54,646][root][INFO] - {'coverage': '100.00', 'max_fitness': '0.00', 'passive_coverage': '53.71', 'passive_max_fitness': '0.00', 'passive_mean_fitness': '-55.97', 'passive_qd_score': '46999.73', 'qd_score': '89254.02', 'mean_fitness_top_k': '-23.14'}
[2026-05-30 10:32:55,787][root][INFO] - Generation 309/400 - Time: 0.00 seconds
[2026-05-30 10:32:55,788][root][INFO] - {'coverage': '100.00', 'max_fitness': '0.00', 'passive_coverage': '53.71', 'passive_max_fitness': '0.00', 'passive_mean_fitness': '-55.97', 'passive_qd_score': '47000.69', 'qd_score': '89518.92', 'mean_fitness_top_k': '-22.99'}
[2026-05-30 10:32:56,916][root][INFO] - Generation 310/400 - Time: 0.00 seconds
[2026-05-30 10:32:56,917][root][INFO] - {'coverage': '100.00', 'max_fitness': '0.00', 'passive_coverage': '53.81', 'passive_max_fitness': '0.00', 'passive_mean_fitness': '-55.90', 'passive_qd_score': '47124.20', 'qd_score': '89324.09', 'mean_fitness_top_k': '-21.97'}
[2026-05-30 10:32:58,044][root][INFO] - Generation 311/400 - Time: 0.00 seconds
[2026-05-30 10:32:58,045][root][INFO] - {'coverage': '100.00', 'max_fitness': '0.00', 'passive_coverage': '54.00', 'passive_max_fitness': '0.00', 'passive_mean_fitness': '-55.82', 'passive_qd_score': '47340.18', 'qd_score': '88822.38', 'mean_fitness_top_k': '-21.85'}
[2026-05-30 10:32:59,183][root][INFO] - Generation 312/400 - Time: 0.00 seconds
[2026-05-30 10:32:59,184][root][INFO] - {'coverage': '100.00', 'max_fitness': '0.00', 'passive_coverage': '54.10', 'passive_max_fitness': '0.00', 'passive_mean_fitness': '-55.90', 'passive_qd_score': '47380.29', 'qd_score': '88727.06', 'mean_fitness_top_k': '-21.96'}
[2026-05-30 10:33:00,316][root][INFO] - Generation 313/400 - Time: 0.00 seconds
[2026-05-30 10:33:00,317][root][INFO] - {'coverage': '100.00', 'max_fitness': '0.00', 'passive_coverage': '54.10', 'passive_max_fitness': '0.00', 'passive_mean_fitness': '-55.90', 'passive_qd_score': '47380.29', 'qd_score': '88912.91', 'mean_fitness_top_k': '-21.75'}
[2026-05-30 10:33:01,441][root][INFO] - Generation 314/400 - Time: 0.00 seconds
[2026-05-30 10:33:01,442][root][INFO] - {'coverage': '100.00', 'max_fitness': '0.00', 'passive_coverage': '54.30', 'passive_max_fitness': '0.00', 'passive_mean_fitness': '-55.97', 'passive_qd_score': '47511.47', 'qd_score': '88790.91', 'mean_fitness_top_k': '-21.15'}
[2026-05-30 10:33:02,564][root][INFO] - Generation 315/400 - Time: 0.00 seconds
[2026-05-30 10:33:02,565][root][INFO] - {'coverage': '100.00', 'max_fitness': '0.00', 'passive_coverage': '54.30', 'passive_max_fitness': '0.00', 'passive_mean_fitness': '-55.97', 'passive_qd_score': '47511.47', 'qd_score': '88363.39', 'mean_fitness_top_k': '-21.33'}
[2026-05-30 10:33:03,688][root][INFO] - Generation 316/400 - Time: 0.00 seconds
[2026-05-30 10:33:03,689][root][INFO] - {'coverage': '100.00', 'max_fitness': '0.00', 'passive_coverage': '54.30', 'passive_max_fitness': '0.00', 'passive_mean_fitness': '-55.96', 'passive_qd_score': '47514.61', 'qd_score': '88425.59', 'mean_fitness_top_k': '-21.10'}
[2026-05-30 10:33:04,835][root][INFO] - Generation 317/400 - Time: 0.00 seconds
[2026-05-30 10:33:04,835][root][INFO] - {'coverage': '100.00', 'max_fitness': '0.00', 'passive_coverage': '54.39', 'passive_max_fitness': '0.00', 'passive_mean_fitness': '-55.90', 'passive_qd_score': '47636.50', 'qd_score': '88693.23', 'mean_fitness_top_k': '-21.12'}
[2026-05-30 10:33:05,975][root][INFO] - Generation 318/400 - Time: 0.00 seconds
[2026-05-30 10:33:05,976][root][INFO] - {'coverage': '100.00', 'max_fitness': '0.00', 'passive_coverage': '54.49', 'passive_max_fitness': '0.00', 'passive_mean_fitness': '-55.80', 'passive_qd_score': '47777.93', 'qd_score': '88721.80', 'mean_fitness_top_k': '-20.99'}
[2026-05-30 10:33:07,109][root][INFO] - Generation 319/400 - Time: 0.00 seconds
[2026-05-30 10:33:07,110][root][INFO] - {'coverage': '100.00', 'max_fitness': '0.00', 'passive_coverage': '54.49', 'passive_max_fitness': '0.00', 'passive_mean_fitness': '-55.80', 'passive_qd_score': '47778.46', 'qd_score': '88697.98', 'mean_fitness_top_k': '-20.94'}
[2026-05-30 10:33:08,233][root][INFO] - Generation 320/400 - Time: 0.00 seconds
[2026-05-30 10:33:08,234][root][INFO] - {'coverage': '100.00', 'max_fitness': '0.00', 'passive_coverage': '54.49', 'passive_max_fitness': '0.00', 'passive_mean_fitness': '-55.79', 'passive_qd_score': '47779.95', 'qd_score': '89005.29', 'mean_fitness_top_k': '-20.66'}
[2026-05-30 10:33:09,374][root][INFO] - Generation 321/400 - Time: 0.00 seconds
[2026-05-30 10:33:09,375][root][INFO] - {'coverage': '100.00', 'max_fitness': '0.00', 'passive_coverage': '54.59', 'passive_max_fitness': '0.00', 'passive_mean_fitness': '-55.89', 'passive_qd_score': '47813.79', 'qd_score': '88976.23', 'mean_fitness_top_k': '-20.84'}
[2026-05-30 10:33:10,516][root][INFO] - Generation 322/400 - Time: 0.00 seconds
[2026-05-30 10:33:10,516][root][INFO] - {'coverage': '100.00', 'max_fitness': '0.00', 'passive_coverage': '54.59', 'passive_max_fitness': '0.00', 'passive_mean_fitness': '-55.89', 'passive_qd_score': '47814.43', 'qd_score': '89020.16', 'mean_fitness_top_k': '-20.52'}
[2026-05-30 10:33:11,652][root][INFO] - Generation 323/400 - Time: 0.00 seconds
[2026-05-30 10:33:11,653][root][INFO] - {'coverage': '100.00', 'max_fitness': '0.00', 'passive_coverage': '54.59', 'passive_max_fitness': '0.00', 'passive_mean_fitness': '-55.89', 'passive_qd_score': '47814.43', 'qd_score': '89071.52', 'mean_fitness_top_k': '-20.28'}
[2026-05-30 10:33:12,780][root][INFO] - Generation 324/400 - Time: 0.00 seconds
[2026-05-30 10:33:12,781][root][INFO] - {'coverage': '100.00', 'max_fitness': '0.00', 'passive_coverage': '54.59', 'passive_max_fitness': '0.00', 'passive_mean_fitness': '-55.88', 'passive_qd_score': '47817.70', 'qd_score': '89805.11', 'mean_fitness_top_k': '-19.96'}
[2026-05-30 10:33:13,918][root][INFO] - Generation 325/400 - Time: 0.00 seconds
[2026-05-30 10:33:13,919][root][INFO] - {'coverage': '100.00', 'max_fitness': '0.00', 'passive_coverage': '54.59', 'passive_max_fitness': '0.00', 'passive_mean_fitness': '-55.88', 'passive_qd_score': '47818.02', 'qd_score': '89356.53', 'mean_fitness_top_k': '-20.32'}
[2026-05-30 10:33:15,048][root][INFO] - Generation 326/400 - Time: 0.00 seconds
[2026-05-30 10:33:15,049][root][INFO] - {'coverage': '100.00', 'max_fitness': '0.00', 'passive_coverage': '54.59', 'passive_max_fitness': '0.00', 'passive_mean_fitness': '-55.88', 'passive_qd_score': '47818.43', 'qd_score': '89728.69', 'mean_fitness_top_k': '-20.15'}
[2026-05-30 10:33:16,199][root][INFO] - Generation 327/400 - Time: 0.00 seconds
[2026-05-30 10:33:16,200][root][INFO] - {'coverage': '100.00', 'max_fitness': '0.00', 'passive_coverage': '54.59', 'passive_max_fitness': '0.00', 'passive_mean_fitness': '-55.88', 'passive_qd_score': '47819.62', 'qd_score': '89598.83', 'mean_fitness_top_k': '-20.61'}
[2026-05-30 10:33:17,308][root][INFO] - Generation 328/400 - Time: 0.00 seconds
[2026-05-30 10:33:17,309][root][INFO] - {'coverage': '100.00', 'max_fitness': '0.00', 'passive_coverage': '54.59', 'passive_max_fitness': '0.00', 'passive_mean_fitness': '-55.87', 'passive_qd_score': '47820.71', 'qd_score': '89775.52', 'mean_fitness_top_k': '-20.37'}
[2026-05-30 10:33:18,416][root][INFO] - Generation 329/400 - Time: 0.00 seconds
[2026-05-30 10:33:18,417][root][INFO] - {'coverage': '100.00', 'max_fitness': '0.00', 'passive_coverage': '54.59', 'passive_max_fitness': '0.00', 'passive_mean_fitness': '-55.87', 'passive_qd_score': '47820.76', 'qd_score': '89864.98', 'mean_fitness_top_k': '-20.17'}
[2026-05-30 10:33:19,521][root][INFO] - Generation 330/400 - Time: 0.00 seconds
[2026-05-30 10:33:19,521][root][INFO] - {'coverage': '100.00', 'max_fitness': '0.00', 'passive_coverage': '54.79', 'passive_max_fitness': '0.00', 'passive_mean_fitness': '-55.90', 'passive_qd_score': '47978.87', 'qd_score': '90058.45', 'mean_fitness_top_k': '-19.93'}
[2026-05-30 10:33:20,619][root][INFO] - Generation 331/400 - Time: 0.00 seconds
[2026-05-30 10:33:20,619][root][INFO] - {'coverage': '100.00', 'max_fitness': '0.00', 'passive_coverage': '54.79', 'passive_max_fitness': '0.00', 'passive_mean_fitness': '-55.90', 'passive_qd_score': '47980.05', 'qd_score': '90041.36', 'mean_fitness_top_k': '-20.00'}
[2026-05-30 10:33:21,600][root][INFO] - Generation 332/400 - Time: 0.00 seconds
[2026-05-30 10:33:21,600][root][INFO] - {'coverage': '100.00', 'max_fitness': '0.00', 'passive_coverage': '54.79', 'passive_max_fitness': '0.00', 'passive_mean_fitness': '-55.89', 'passive_qd_score': '47980.80', 'qd_score': '90358.99', 'mean_fitness_top_k': '-19.65'}
[2026-05-30 10:33:22,565][root][INFO] - Generation 333/400 - Time: 0.00 seconds
[2026-05-30 10:33:22,566][root][INFO] - {'coverage': '100.00', 'max_fitness': '0.00', 'passive_coverage': '54.88', 'passive_max_fitness': '0.00', 'passive_mean_fitness': '-55.96', 'passive_qd_score': '48027.37', 'qd_score': '90334.47', 'mean_fitness_top_k': '-19.40'}
[2026-05-30 10:33:23,532][root][INFO] - Generation 334/400 - Time: 0.00 seconds
[2026-05-30 10:33:23,532][root][INFO] - {'coverage': '100.00', 'max_fitness': '0.00', 'passive_coverage': '54.88', 'passive_max_fitness': '0.00', 'passive_mean_fitness': '-55.96', 'passive_qd_score': '48027.37', 'qd_score': '90333.39', 'mean_fitness_top_k': '-19.20'}
[2026-05-30 10:33:24,495][root][INFO] - Generation 335/400 - Time: 0.00 seconds
[2026-05-30 10:33:24,495][root][INFO] - {'coverage': '100.00', 'max_fitness': '0.00', 'passive_coverage': '54.98', 'passive_max_fitness': '0.00', 'passive_mean_fitness': '-55.86', 'passive_qd_score': '48168.79', 'qd_score': '90145.02', 'mean_fitness_top_k': '-19.83'}
[2026-05-30 10:33:25,455][root][INFO] - Generation 336/400 - Time: 0.00 seconds
[2026-05-30 10:33:25,456][root][INFO] - {'coverage': '100.00', 'max_fitness': '0.00', 'passive_coverage': '54.98', 'passive_max_fitness': '0.00', 'passive_mean_fitness': '-55.86', 'passive_qd_score': '48168.89', 'qd_score': '90374.15', 'mean_fitness_top_k': '-19.84'}
[2026-05-30 10:33:26,423][root][INFO] - Generation 337/400 - Time: 0.00 seconds
[2026-05-30 10:33:26,423][root][INFO] - {'coverage': '100.00', 'max_fitness': '0.00', 'passive_coverage': '54.98', 'passive_max_fitness': '0.00', 'passive_mean_fitness': '-55.86', 'passive_qd_score': '48169.86', 'qd_score': '90339.67', 'mean_fitness_top_k': '-20.17'}
[2026-05-30 10:33:27,391][root][INFO] - Generation 338/400 - Time: 0.00 seconds
[2026-05-30 10:33:27,391][root][INFO] - {'coverage': '100.00', 'max_fitness': '0.00', 'passive_coverage': '54.98', 'passive_max_fitness': '0.00', 'passive_mean_fitness': '-55.86', 'passive_qd_score': '48170.12', 'qd_score': '90826.89', 'mean_fitness_top_k': '-19.81'}
[2026-05-30 10:33:28,405][root][INFO] - Generation 339/400 - Time: 0.00 seconds
[2026-05-30 10:33:28,406][root][INFO] - {'coverage': '100.00', 'max_fitness': '0.00', 'passive_coverage': '55.08', 'passive_max_fitness': '0.00', 'passive_mean_fitness': '-55.93', 'passive_qd_score': '48216.05', 'qd_score': '90622.92', 'mean_fitness_top_k': '-19.84'}
[2026-05-30 10:33:29,405][root][INFO] - Generation 340/400 - Time: 0.00 seconds
[2026-05-30 10:33:29,406][root][INFO] - {'coverage': '100.00', 'max_fitness': '0.00', 'passive_coverage': '55.08', 'passive_max_fitness': '0.00', 'passive_mean_fitness': '-55.93', 'passive_qd_score': '48216.16', 'qd_score': '90491.29', 'mean_fitness_top_k': '-19.85'}
[2026-05-30 10:33:30,372][root][INFO] - Generation 341/400 - Time: 0.00 seconds
[2026-05-30 10:33:30,373][root][INFO] - {'coverage': '100.00', 'max_fitness': '0.00', 'passive_coverage': '55.08', 'passive_max_fitness': '0.00', 'passive_mean_fitness': '-55.93', 'passive_qd_score': '48216.61', 'qd_score': '90635.87', 'mean_fitness_top_k': '-19.57'}
[2026-05-30 10:33:31,334][root][INFO] - Updating AE...
[2026-05-30 10:33:32,089][root][INFO] - Epoch: 1, loss: 239.6557
[2026-05-30 10:33:32,160][root][INFO] - Epoch: 2, loss: 231.8323
[2026-05-30 10:33:32,229][root][INFO] - Epoch: 3, loss: 229.7838
[2026-05-30 10:33:32,298][root][INFO] - Epoch: 4, loss: 226.4660
[2026-05-30 10:33:32,368][root][INFO] - Epoch: 5, loss: 224.1610
[2026-05-30 10:33:32,447][root][INFO] - Epoch: 6, loss: 220.0108
[2026-05-30 10:33:32,524][root][INFO] - Epoch: 7, loss: 216.3859
[2026-05-30 10:33:32,598][root][INFO] - Epoch: 8, loss: 213.3689
[2026-05-30 10:33:32,668][root][INFO] - Epoch: 9, loss: 210.0566
[2026-05-30 10:33:32,738][root][INFO] - Epoch: 10, loss: 206.6236
[2026-05-30 10:33:32,808][root][INFO] - Epoch: 11, loss: 202.8166
[2026-05-30 10:33:32,878][root][INFO] - Epoch: 12, loss: 199.6400
[2026-05-30 10:33:32,947][root][INFO] - Epoch: 13, loss: 196.0836
[2026-05-30 10:33:33,032][root][INFO] - Epoch: 14, loss: 191.5073
[2026-05-30 10:33:33,102][root][INFO] - Epoch: 15, loss: 189.3820
[2026-05-30 10:33:33,172][root][INFO] - Epoch: 16, loss: 187.3475
[2026-05-30 10:33:33,240][root][INFO] - Epoch: 17, loss: 184.6373
[2026-05-30 10:33:33,311][root][INFO] - Epoch: 18, loss: 183.3468
[2026-05-30 10:33:33,381][root][INFO] - Epoch: 19, loss: 181.9432
[2026-05-30 10:33:33,450][root][INFO] - Epoch: 20, loss: 180.3983
[2026-05-30 10:33:33,520][root][INFO] - Epoch: 21, loss: 180.2854
[2026-05-30 10:33:33,590][root][INFO] - Epoch: 22, loss: 178.1329
[2026-05-30 10:33:33,661][root][INFO] - Epoch: 23, loss: 175.4624
[2026-05-30 10:33:33,731][root][INFO] - Epoch: 24, loss: 173.3507
[2026-05-30 10:33:33,801][root][INFO] - Epoch: 25, loss: 173.3278
[2026-05-30 10:33:33,872][root][INFO] - Epoch: 26, loss: 171.6751
[2026-05-30 10:33:33,942][root][INFO] - Epoch: 27, loss: 171.7856
[2026-05-30 10:33:34,012][root][INFO] - Epoch: 28, loss: 169.2877
[2026-05-30 10:33:34,083][root][INFO] - Epoch: 29, loss: 167.7312
[2026-05-30 10:33:34,153][root][INFO] - Epoch: 30, loss: 165.8548
[2026-05-30 10:33:34,223][root][INFO] - Epoch: 31, loss: 165.7022
[2026-05-30 10:33:34,293][root][INFO] - Epoch: 32, loss: 165.8408
[2026-05-30 10:33:34,364][root][INFO] - Epoch: 33, loss: 163.9634
[2026-05-30 10:33:34,435][root][INFO] - Epoch: 34, loss: 164.4432
[2026-05-30 10:33:34,505][root][INFO] - Epoch: 35, loss: 165.4324
[2026-05-30 10:33:34,576][root][INFO] - Epoch: 36, loss: 162.1896
[2026-05-30 10:33:34,646][root][INFO] - Epoch: 37, loss: 161.0319
[2026-05-30 10:33:34,716][root][INFO] - Epoch: 38, loss: 161.2425
[2026-05-30 10:33:34,787][root][INFO] - Epoch: 39, loss: 159.9754
[2026-05-30 10:33:34,858][root][INFO] - Epoch: 40, loss: 158.2837
[2026-05-30 10:33:34,928][root][INFO] - Epoch: 41, loss: 157.2560
[2026-05-30 10:33:34,998][root][INFO] - Epoch: 42, loss: 156.5033
[2026-05-30 10:33:35,068][root][INFO] - Epoch: 43, loss: 155.4357
[2026-05-30 10:33:35,138][root][INFO] - Epoch: 44, loss: 154.8824
[2026-05-30 10:33:35,209][root][INFO] - Epoch: 45, loss: 154.7339
[2026-05-30 10:33:35,279][root][INFO] - Epoch: 46, loss: 154.4254
[2026-05-30 10:33:35,350][root][INFO] - Epoch: 47, loss: 153.9339
[2026-05-30 10:33:35,419][root][INFO] - Epoch: 48, loss: 151.7258
[2026-05-30 10:33:35,490][root][INFO] - Epoch: 49, loss: 151.9055
[2026-05-30 10:33:35,560][root][INFO] - Epoch: 50, loss: 151.0973
[2026-05-30 10:33:35,630][root][INFO] - Epoch: 51, loss: 150.5131
[2026-05-30 10:33:35,700][root][INFO] - Epoch: 52, loss: 148.8935
[2026-05-30 10:33:35,770][root][INFO] - Epoch: 53, loss: 147.0173
[2026-05-30 10:33:35,840][root][INFO] - Epoch: 54, loss: 147.4045
[2026-05-30 10:33:35,910][root][INFO] - Epoch: 55, loss: 149.6178
[2026-05-30 10:33:35,981][root][INFO] - Epoch: 56, loss: 147.8300
[2026-05-30 10:33:36,051][root][INFO] - Epoch: 57, loss: 145.4700
[2026-05-30 10:33:36,122][root][INFO] - Epoch: 58, loss: 147.2615
[2026-05-30 10:33:36,192][root][INFO] - Epoch: 59, loss: 144.6457
[2026-05-30 10:33:36,262][root][INFO] - Epoch: 60, loss: 142.2211
[2026-05-30 10:33:36,333][root][INFO] - Epoch: 61, loss: 144.7886
[2026-05-30 10:33:36,402][root][INFO] - Epoch: 62, loss: 142.9906
[2026-05-30 10:33:36,472][root][INFO] - Epoch: 63, loss: 141.3392
[2026-05-30 10:33:36,542][root][INFO] - Epoch: 64, loss: 141.1201
[2026-05-30 10:33:36,612][root][INFO] - Epoch: 65, loss: 140.6679
[2026-05-30 10:33:36,683][root][INFO] - Epoch: 66, loss: 141.3451
[2026-05-30 10:33:36,788][root][INFO] - Epoch: 67, loss: 136.6564
[2026-05-30 10:33:36,859][root][INFO] - Epoch: 68, loss: 137.5844
[2026-05-30 10:33:36,929][root][INFO] - Epoch: 69, loss: 135.9292
[2026-05-30 10:33:36,997][root][INFO] - Epoch: 70, loss: 135.4205
[2026-05-30 10:33:37,069][root][INFO] - Epoch: 71, loss: 134.6699
[2026-05-30 10:33:37,138][root][INFO] - Epoch: 72, loss: 134.3686
[2026-05-30 10:33:37,207][root][INFO] - Epoch: 73, loss: 136.4667
[2026-05-30 10:33:37,277][root][INFO] - Epoch: 74, loss: 142.2540
[2026-05-30 10:33:37,348][root][INFO] - Epoch: 75, loss: 140.7339
[2026-05-30 10:33:37,449][root][INFO] - Epoch: 76, loss: 138.8527
[2026-05-30 10:33:37,518][root][INFO] - Epoch: 77, loss: 137.6241
[2026-05-30 10:33:37,588][root][INFO] - Epoch: 78, loss: 138.2703
[2026-05-30 10:33:37,657][root][INFO] - Epoch: 79, loss: 140.1438
[2026-05-30 10:33:37,727][root][INFO] - Epoch: 80, loss: 134.5432
[2026-05-30 10:33:37,796][root][INFO] - Epoch: 81, loss: 134.3371
[2026-05-30 10:33:37,866][root][INFO] - Epoch: 82, loss: 132.7065
[2026-05-30 10:33:37,937][root][INFO] - Epoch: 83, loss: 130.2153
[2026-05-30 10:33:38,008][root][INFO] - Epoch: 84, loss: 129.3728
[2026-05-30 10:33:38,077][root][INFO] - Epoch: 85, loss: 129.6244
[2026-05-30 10:33:38,148][root][INFO] - Epoch: 86, loss: 128.0357
[2026-05-30 10:33:38,217][root][INFO] - Epoch: 87, loss: 128.3061
[2026-05-30 10:33:38,287][root][INFO] - Epoch: 88, loss: 131.1848
[2026-05-30 10:33:38,358][root][INFO] - Epoch: 89, loss: 134.3828
[2026-05-30 10:33:38,429][root][INFO] - Epoch: 90, loss: 132.8991
[2026-05-30 10:33:38,499][root][INFO] - Epoch: 91, loss: 133.1477
[2026-05-30 10:33:38,570][root][INFO] - Epoch: 92, loss: 128.4722
[2026-05-30 10:33:38,640][root][INFO] - Epoch: 93, loss: 126.5437
[2026-05-30 10:33:38,711][root][INFO] - Epoch: 94, loss: 126.8531
[2026-05-30 10:33:38,782][root][INFO] - Epoch: 95, loss: 126.9269
[2026-05-30 10:33:38,852][root][INFO] - Epoch: 96, loss: 125.8488
[2026-05-30 10:33:38,923][root][INFO] - Epoch: 97, loss: 123.9734
[2026-05-30 10:33:38,994][root][INFO] - Epoch: 98, loss: 127.1553
[2026-05-30 10:33:39,065][root][INFO] - Epoch: 99, loss: 124.3628
[2026-05-30 10:33:39,138][root][INFO] - Epoch: 100, loss: 124.3924
[2026-05-30 10:33:39,209][root][INFO] - Epoch: 101, loss: 122.4841
[2026-05-30 10:33:39,279][root][INFO] - Epoch: 102, loss: 120.7995
[2026-05-30 10:33:39,349][root][INFO] - Epoch: 103, loss: 119.6030
[2026-05-30 10:33:39,419][root][INFO] - Epoch: 104, loss: 120.2133
[2026-05-30 10:33:39,489][root][INFO] - Epoch: 105, loss: 124.4947
[2026-05-30 10:33:39,559][root][INFO] - Epoch: 106, loss: 122.9034
[2026-05-30 10:33:39,629][root][INFO] - Epoch: 107, loss: 120.2510
[2026-05-30 10:33:39,699][root][INFO] - Epoch: 108, loss: 120.2449
[2026-05-30 10:33:39,769][root][INFO] - Epoch: 109, loss: 121.4510
[2026-05-30 10:33:39,839][root][INFO] - Epoch: 110, loss: 119.8200
[2026-05-30 10:33:39,910][root][INFO] - Epoch: 111, loss: 120.8554
[2026-05-30 10:33:39,980][root][INFO] - Epoch: 112, loss: 124.2853
[2026-05-30 10:33:40,051][root][INFO] - Epoch: 113, loss: 136.0398
[2026-05-30 10:33:40,121][root][INFO] - Epoch: 114, loss: 147.7330
[2026-05-30 10:33:40,122][root][INFO] - Early stopping at epoch: 113
[2026-05-30 10:33:40,149][root][INFO] - {'model_loss': '147.7330', 'recon_loss': '0.0000', 'triplet_loss': '147.7330'}
[2026-05-30 10:33:40,154][root][INFO] - Updating AE...
[2026-05-30 10:33:40,920][root][INFO] - Epoch: 1, loss: 114.3665
[2026-05-30 10:33:40,989][root][INFO] - Epoch: 2, loss: 75.9479
[2026-05-30 10:33:41,059][root][INFO] - Epoch: 3, loss: 66.0973
[2026-05-30 10:33:41,128][root][INFO] - Epoch: 4, loss: 63.3268
[2026-05-30 10:33:41,199][root][INFO] - Epoch: 5, loss: 61.5577
[2026-05-30 10:33:41,268][root][INFO] - Epoch: 6, loss: 60.4308
[2026-05-30 10:33:41,338][root][INFO] - Epoch: 7, loss: 59.3286
[2026-05-30 10:33:41,408][root][INFO] - Epoch: 8, loss: 58.6410
[2026-05-30 10:33:41,479][root][INFO] - Epoch: 9, loss: 57.9801
[2026-05-30 10:33:41,549][root][INFO] - Epoch: 10, loss: 57.3099
[2026-05-30 10:33:41,620][root][INFO] - Epoch: 11, loss: 56.6697
[2026-05-30 10:33:41,691][root][INFO] - Epoch: 12, loss: 56.3448
[2026-05-30 10:33:41,760][root][INFO] - Epoch: 13, loss: 55.5548
[2026-05-30 10:33:41,830][root][INFO] - Epoch: 14, loss: 54.9687
[2026-05-30 10:33:41,900][root][INFO] - Epoch: 15, loss: 54.3498
[2026-05-30 10:33:41,972][root][INFO] - Epoch: 16, loss: 53.6480
[2026-05-30 10:33:42,043][root][INFO] - Epoch: 17, loss: 53.2588
[2026-05-30 10:33:42,113][root][INFO] - Epoch: 18, loss: 52.5971
[2026-05-30 10:33:42,183][root][INFO] - Epoch: 19, loss: 52.2158
[2026-05-30 10:33:42,253][root][INFO] - Epoch: 20, loss: 51.7442
[2026-05-30 10:33:42,323][root][INFO] - Epoch: 21, loss: 51.4762
[2026-05-30 10:33:42,394][root][INFO] - Epoch: 22, loss: 50.6537
[2026-05-30 10:33:42,464][root][INFO] - Epoch: 23, loss: 50.7146
[2026-05-30 10:33:42,537][root][INFO] - Epoch: 24, loss: 49.6562
[2026-05-30 10:33:42,609][root][INFO] - Epoch: 25, loss: 49.5492
[2026-05-30 10:33:42,679][root][INFO] - Epoch: 26, loss: 49.0279
[2026-05-30 10:33:42,749][root][INFO] - Epoch: 27, loss: 48.8325
[2026-05-30 10:33:42,820][root][INFO] - Epoch: 28, loss: 48.1771
[2026-05-30 10:33:42,889][root][INFO] - Epoch: 29, loss: 48.1284
[2026-05-30 10:33:42,960][root][INFO] - Epoch: 30, loss: 47.7790
[2026-05-30 10:33:43,032][root][INFO] - Epoch: 31, loss: 46.5497
[2026-05-30 10:33:43,103][root][INFO] - Epoch: 32, loss: 46.6092
[2026-05-30 10:33:43,173][root][INFO] - Epoch: 33, loss: 46.4046
[2026-05-30 10:33:43,244][root][INFO] - Epoch: 34, loss: 46.2754
[2026-05-30 10:33:43,315][root][INFO] - Epoch: 35, loss: 45.4972
[2026-05-30 10:33:43,386][root][INFO] - Epoch: 36, loss: 44.9310
[2026-05-30 10:33:43,457][root][INFO] - Epoch: 37, loss: 44.4564
[2026-05-30 10:33:43,528][root][INFO] - Epoch: 38, loss: 45.1648
[2026-05-30 10:33:43,598][root][INFO] - Epoch: 39, loss: 44.1435
[2026-05-30 10:33:43,670][root][INFO] - Epoch: 40, loss: 44.2410
[2026-05-30 10:33:43,740][root][INFO] - Epoch: 41, loss: 43.5831
[2026-05-30 10:33:43,810][root][INFO] - Epoch: 42, loss: 43.2481
[2026-05-30 10:33:43,881][root][INFO] - Epoch: 43, loss: 43.3063
[2026-05-30 10:33:43,951][root][INFO] - Epoch: 44, loss: 43.0793
[2026-05-30 10:33:44,021][root][INFO] - Epoch: 45, loss: 43.2708
[2026-05-30 10:33:44,092][root][INFO] - Epoch: 46, loss: 42.6155
[2026-05-30 10:33:44,162][root][INFO] - Epoch: 47, loss: 42.9840
[2026-05-30 10:33:44,233][root][INFO] - Epoch: 48, loss: 41.9374
[2026-05-30 10:33:44,303][root][INFO] - Epoch: 49, loss: 41.3142
[2026-05-30 10:33:44,374][root][INFO] - Epoch: 50, loss: 41.2519
[2026-05-30 10:33:44,445][root][INFO] - Epoch: 51, loss: 41.0547
[2026-05-30 10:33:44,516][root][INFO] - Epoch: 52, loss: 40.8458
[2026-05-30 10:33:44,586][root][INFO] - Epoch: 53, loss: 40.3350
[2026-05-30 10:33:44,656][root][INFO] - Epoch: 54, loss: 40.3792
[2026-05-30 10:33:44,727][root][INFO] - Epoch: 55, loss: 40.0508
[2026-05-30 10:33:44,798][root][INFO] - Epoch: 56, loss: 40.4512
[2026-05-30 10:33:44,867][root][INFO] - Epoch: 57, loss: 40.0184
[2026-05-30 10:33:44,935][root][INFO] - Epoch: 58, loss: 39.6282
[2026-05-30 10:33:45,006][root][INFO] - Epoch: 59, loss: 38.4941
[2026-05-30 10:33:45,078][root][INFO] - Epoch: 60, loss: 38.7919
[2026-05-30 10:33:45,149][root][INFO] - Epoch: 61, loss: 38.6273
[2026-05-30 10:33:45,220][root][INFO] - Epoch: 62, loss: 38.0026
[2026-05-30 10:33:45,292][root][INFO] - Epoch: 63, loss: 37.5672
[2026-05-30 10:33:45,363][root][INFO] - Epoch: 64, loss: 37.6356
[2026-05-30 10:33:45,434][root][INFO] - Epoch: 65, loss: 37.3070
[2026-05-30 10:33:45,506][root][INFO] - Epoch: 66, loss: 37.4103
[2026-05-30 10:33:45,577][root][INFO] - Epoch: 67, loss: 36.8852
[2026-05-30 10:33:45,649][root][INFO] - Epoch: 68, loss: 36.7708
[2026-05-30 10:33:45,720][root][INFO] - Epoch: 69, loss: 36.8317
[2026-05-30 10:33:45,791][root][INFO] - Epoch: 70, loss: 36.6744
[2026-05-30 10:33:45,863][root][INFO] - Epoch: 71, loss: 36.7570
[2026-05-30 10:33:45,935][root][INFO] - Epoch: 72, loss: 37.5522
[2026-05-30 10:33:46,005][root][INFO] - Epoch: 73, loss: 36.8361
[2026-05-30 10:33:46,076][root][INFO] - Epoch: 74, loss: 37.2906
[2026-05-30 10:33:46,147][root][INFO] - Epoch: 75, loss: 37.0376
[2026-05-30 10:33:46,218][root][INFO] - Epoch: 76, loss: 37.1233
[2026-05-30 10:33:46,290][root][INFO] - Epoch: 77, loss: 35.9055
[2026-05-30 10:33:46,361][root][INFO] - Epoch: 78, loss: 34.6756
[2026-05-30 10:33:46,433][root][INFO] - Epoch: 79, loss: 34.8261
[2026-05-30 10:33:46,505][root][INFO] - Epoch: 80, loss: 34.7975
[2026-05-30 10:33:46,577][root][INFO] - Epoch: 81, loss: 34.7371
[2026-05-30 10:33:46,648][root][INFO] - Epoch: 82, loss: 34.6461
[2026-05-30 10:33:46,719][root][INFO] - Epoch: 83, loss: 35.3630
[2026-05-30 10:33:46,791][root][INFO] - Epoch: 84, loss: 34.6709
[2026-05-30 10:33:46,863][root][INFO] - Epoch: 85, loss: 34.3305
[2026-05-30 10:33:46,934][root][INFO] - Epoch: 86, loss: 37.4236
[2026-05-30 10:33:47,006][root][INFO] - Epoch: 87, loss: 35.1206
[2026-05-30 10:33:47,079][root][INFO] - Epoch: 88, loss: 34.7184
[2026-05-30 10:33:47,151][root][INFO] - Epoch: 89, loss: 34.6996
[2026-05-30 10:33:47,224][root][INFO] - Epoch: 90, loss: 33.2069
[2026-05-30 10:33:47,295][root][INFO] - Epoch: 91, loss: 32.9988
[2026-05-30 10:33:47,369][root][INFO] - Epoch: 92, loss: 35.0842
[2026-05-30 10:33:47,440][root][INFO] - Epoch: 93, loss: 32.9056
[2026-05-30 10:33:47,512][root][INFO] - Epoch: 94, loss: 32.0331
[2026-05-30 10:33:47,583][root][INFO] - Epoch: 95, loss: 31.2808
[2026-05-30 10:33:47,654][root][INFO] - Epoch: 96, loss: 31.9590
[2026-05-30 10:33:47,726][root][INFO] - Epoch: 97, loss: 34.5533
[2026-05-30 10:33:47,797][root][INFO] - Epoch: 98, loss: 33.6635
[2026-05-30 10:33:47,868][root][INFO] - Epoch: 99, loss: 32.9124
[2026-05-30 10:33:47,939][root][INFO] - Epoch: 100, loss: 32.8942
[2026-05-30 10:33:48,010][root][INFO] - Epoch: 101, loss: 32.2228
[2026-05-30 10:33:48,082][root][INFO] - Epoch: 102, loss: 31.3750
[2026-05-30 10:33:48,153][root][INFO] - Epoch: 103, loss: 31.4342
[2026-05-30 10:33:48,225][root][INFO] - Epoch: 104, loss: 30.9826
[2026-05-30 10:33:48,297][root][INFO] - Epoch: 105, loss: 31.4769
[2026-05-30 10:33:48,368][root][INFO] - Epoch: 106, loss: 30.2587
[2026-05-30 10:33:48,440][root][INFO] - Epoch: 107, loss: 31.2770
[2026-05-30 10:33:48,512][root][INFO] - Epoch: 108, loss: 31.0499
[2026-05-30 10:33:48,583][root][INFO] - Epoch: 109, loss: 31.8259
[2026-05-30 10:33:48,654][root][INFO] - Epoch: 110, loss: 31.5721
[2026-05-30 10:33:48,724][root][INFO] - Epoch: 111, loss: 32.4451
[2026-05-30 10:33:48,796][root][INFO] - Epoch: 112, loss: 31.7888
[2026-05-30 10:33:48,867][root][INFO] - Epoch: 113, loss: 30.5417
[2026-05-30 10:33:48,938][root][INFO] - Epoch: 114, loss: 30.3700
[2026-05-30 10:33:49,010][root][INFO] - Epoch: 115, loss: 30.4538
[2026-05-30 10:33:49,082][root][INFO] - Epoch: 116, loss: 28.8125
[2026-05-30 10:33:49,157][root][INFO] - Epoch: 117, loss: 28.6053
[2026-05-30 10:33:49,229][root][INFO] - Epoch: 118, loss: 27.7040
[2026-05-30 10:33:49,301][root][INFO] - Epoch: 119, loss: 28.3267
[2026-05-30 10:33:49,372][root][INFO] - Epoch: 120, loss: 29.2723
[2026-05-30 10:33:49,443][root][INFO] - Epoch: 121, loss: 29.2288
[2026-05-30 10:33:49,515][root][INFO] - Epoch: 122, loss: 29.0270
[2026-05-30 10:33:49,586][root][INFO] - Epoch: 123, loss: 28.8025
[2026-05-30 10:33:49,658][root][INFO] - Epoch: 124, loss: 29.4922
[2026-05-30 10:33:49,729][root][INFO] - Epoch: 125, loss: 29.3154
[2026-05-30 10:33:49,800][root][INFO] - Epoch: 126, loss: 28.4551
[2026-05-30 10:33:49,871][root][INFO] - Epoch: 127, loss: 29.1602
[2026-05-30 10:33:49,941][root][INFO] - Epoch: 128, loss: 29.2418
[2026-05-30 10:33:50,013][root][INFO] - Epoch: 129, loss: 28.5700
[2026-05-30 10:33:50,014][root][INFO] - Early stopping at epoch: 128
[2026-05-30 10:33:50,053][root][INFO] - {'model_loss': '28.5700', 'recon_loss': '0.0000', 'triplet_loss': '28.5700'}
[2026-05-30 10:33:50,057][root][INFO] - Generation 342/400 - Time: 0.00 seconds
[2026-05-30 10:33:50,058][root][INFO] - {'coverage': '100.00', 'max_fitness': '0.00', 'passive_coverage': '55.18', 'passive_max_fitness': '0.00', 'passive_mean_fitness': '-55.98', 'passive_qd_score': '48272.70', 'qd_score': '90671.62', 'mean_fitness_top_k': '-19.54'}
[2026-05-30 10:33:51,199][root][INFO] - Generation 343/400 - Time: 0.00 seconds
[2026-05-30 10:33:51,200][root][INFO] - {'coverage': '100.00', 'max_fitness': '0.00', 'passive_coverage': '55.47', 'passive_max_fitness': '0.00', 'passive_mean_fitness': '-56.16', 'passive_qd_score': '48427.53', 'qd_score': '88109.09', 'mean_fitness_top_k': '-20.72'}
[2026-05-30 10:33:52,337][root][INFO] - Generation 344/400 - Time: 0.00 seconds
[2026-05-30 10:33:52,338][root][INFO] - {'coverage': '100.00', 'max_fitness': '0.00', 'passive_coverage': '55.47', 'passive_max_fitness': '0.00', 'passive_mean_fitness': '-56.15', 'passive_qd_score': '48435.73', 'qd_score': '88517.20', 'mean_fitness_top_k': '-19.56'}
[2026-05-30 10:33:53,478][root][INFO] - Generation 345/400 - Time: 0.00 seconds
[2026-05-30 10:33:53,478][root][INFO] - {'coverage': '100.00', 'max_fitness': '0.00', 'passive_coverage': '55.57', 'passive_max_fitness': '0.00', 'passive_mean_fitness': '-56.19', 'passive_qd_score': '48497.82', 'qd_score': '88478.67', 'mean_fitness_top_k': '-19.64'}
[2026-05-30 10:33:54,625][root][INFO] - Generation 346/400 - Time: 0.00 seconds
[2026-05-30 10:33:54,626][root][INFO] - {'coverage': '100.00', 'max_fitness': '0.00', 'passive_coverage': '55.57', 'passive_max_fitness': '0.00', 'passive_mean_fitness': '-56.18', 'passive_qd_score': '48500.93', 'qd_score': '87984.55', 'mean_fitness_top_k': '-19.68'}
[2026-05-30 10:33:55,764][root][INFO] - Generation 347/400 - Time: 0.00 seconds
[2026-05-30 10:33:55,765][root][INFO] - {'coverage': '100.00', 'max_fitness': '0.00', 'passive_coverage': '55.76', 'passive_max_fitness': '0.00', 'passive_mean_fitness': '-56.27', 'passive_qd_score': '48619.54', 'qd_score': '88088.91', 'mean_fitness_top_k': '-19.25'}
[2026-05-30 10:33:56,903][root][INFO] - Generation 348/400 - Time: 0.00 seconds
[2026-05-30 10:33:56,904][root][INFO] - {'coverage': '100.00', 'max_fitness': '0.00', 'passive_coverage': '55.76', 'passive_max_fitness': '0.00', 'passive_mean_fitness': '-56.27', 'passive_qd_score': '48619.58', 'qd_score': '87679.03', 'mean_fitness_top_k': '-19.49'}
[2026-05-30 10:33:58,036][root][INFO] - Generation 349/400 - Time: 0.00 seconds
[2026-05-30 10:33:58,037][root][INFO] - {'coverage': '100.00', 'max_fitness': '0.00', 'passive_coverage': '55.86', 'passive_max_fitness': '0.00', 'passive_mean_fitness': '-56.33', 'passive_qd_score': '48672.46', 'qd_score': '87886.22', 'mean_fitness_top_k': '-19.26'}
[2026-05-30 10:33:59,196][root][INFO] - Generation 350/400 - Time: 0.00 seconds
[2026-05-30 10:33:59,197][root][INFO] - {'coverage': '100.00', 'max_fitness': '0.00', 'passive_coverage': '55.86', 'passive_max_fitness': '0.00', 'passive_mean_fitness': '-56.33', 'passive_qd_score': '48672.46', 'qd_score': '87833.56', 'mean_fitness_top_k': '-19.13'}
[2026-05-30 10:34:00,335][root][INFO] - Generation 351/400 - Time: 0.00 seconds
[2026-05-30 10:34:00,335][root][INFO] - {'coverage': '100.00', 'max_fitness': '0.00', 'passive_coverage': '55.96', 'passive_max_fitness': '0.00', 'passive_mean_fitness': '-56.42', 'passive_qd_score': '48707.62', 'qd_score': '87786.90', 'mean_fitness_top_k': '-18.53'}
[2026-05-30 10:34:01,462][root][INFO] - Generation 352/400 - Time: 0.00 seconds
[2026-05-30 10:34:01,463][root][INFO] - {'coverage': '100.00', 'max_fitness': '0.00', 'passive_coverage': '56.05', 'passive_max_fitness': '0.00', 'passive_mean_fitness': '-56.32', 'passive_qd_score': '48849.64', 'qd_score': '87948.84', 'mean_fitness_top_k': '-18.02'}
[2026-05-30 10:34:02,581][root][INFO] - Generation 353/400 - Time: 0.00 seconds
[2026-05-30 10:34:02,582][root][INFO] - {'coverage': '100.00', 'max_fitness': '0.00', 'passive_coverage': '56.05', 'passive_max_fitness': '0.00', 'passive_mean_fitness': '-56.32', 'passive_qd_score': '48849.64', 'qd_score': '87726.02', 'mean_fitness_top_k': '-17.61'}
[2026-05-30 10:34:03,691][root][INFO] - Generation 354/400 - Time: 0.00 seconds
[2026-05-30 10:34:03,692][root][INFO] - {'coverage': '100.00', 'max_fitness': '0.00', 'passive_coverage': '56.15', 'passive_max_fitness': '0.00', 'passive_mean_fitness': '-56.37', 'passive_qd_score': '48905.61', 'qd_score': '87603.36', 'mean_fitness_top_k': '-17.89'}
[2026-05-30 10:34:04,816][root][INFO] - Generation 355/400 - Time: 0.00 seconds
[2026-05-30 10:34:04,817][root][INFO] - {'coverage': '100.00', 'max_fitness': '0.00', 'passive_coverage': '56.15', 'passive_max_fitness': '0.00', 'passive_mean_fitness': '-56.37', 'passive_qd_score': '48905.77', 'qd_score': '87852.02', 'mean_fitness_top_k': '-17.95'}
[2026-05-30 10:34:05,948][root][INFO] - Generation 356/400 - Time: 0.00 seconds
[2026-05-30 10:34:05,949][root][INFO] - {'coverage': '100.00', 'max_fitness': '0.00', 'passive_coverage': '56.15', 'passive_max_fitness': '0.00', 'passive_mean_fitness': '-56.37', 'passive_qd_score': '48906.42', 'qd_score': '88105.39', 'mean_fitness_top_k': '-17.77'}
[2026-05-30 10:34:07,070][root][INFO] - Generation 357/400 - Time: 0.00 seconds
[2026-05-30 10:34:07,071][root][INFO] - {'coverage': '100.00', 'max_fitness': '0.00', 'passive_coverage': '56.25', 'passive_max_fitness': '0.00', 'passive_mean_fitness': '-56.42', 'passive_qd_score': '48960.44', 'qd_score': '88446.64', 'mean_fitness_top_k': '-17.34'}
[2026-05-30 10:34:08,208][root][INFO] - Generation 358/400 - Time: 0.00 seconds
[2026-05-30 10:34:08,209][root][INFO] - {'coverage': '100.00', 'max_fitness': '0.00', 'passive_coverage': '56.35', 'passive_max_fitness': '0.00', 'passive_mean_fitness': '-56.43', 'passive_qd_score': '49039.11', 'qd_score': '88571.67', 'mean_fitness_top_k': '-17.07'}
[2026-05-30 10:34:09,350][root][INFO] - Generation 359/400 - Time: 0.00 seconds
[2026-05-30 10:34:09,350][root][INFO] - {'coverage': '100.00', 'max_fitness': '0.00', 'passive_coverage': '56.45', 'passive_max_fitness': '0.00', 'passive_mean_fitness': '-56.43', 'passive_qd_score': '49123.57', 'qd_score': '88622.28', 'mean_fitness_top_k': '-16.92'}
[2026-05-30 10:34:10,498][root][INFO] - Generation 360/400 - Time: 0.00 seconds
[2026-05-30 10:34:10,499][root][INFO] - {'coverage': '100.00', 'max_fitness': '0.00', 'passive_coverage': '56.54', 'passive_max_fitness': '0.00', 'passive_mean_fitness': '-56.50', 'passive_qd_score': '49170.10', 'qd_score': '88604.59', 'mean_fitness_top_k': '-16.84'}
[2026-05-30 10:34:11,634][root][INFO] - Generation 361/400 - Time: 0.00 seconds
[2026-05-30 10:34:11,635][root][INFO] - {'coverage': '100.00', 'max_fitness': '0.00', 'passive_coverage': '56.54', 'passive_max_fitness': '0.00', 'passive_mean_fitness': '-56.50', 'passive_qd_score': '49170.43', 'qd_score': '88033.98', 'mean_fitness_top_k': '-16.95'}
[2026-05-30 10:34:12,782][root][INFO] - Generation 362/400 - Time: 0.00 seconds
[2026-05-30 10:34:12,783][root][INFO] - {'coverage': '100.00', 'max_fitness': '0.00', 'passive_coverage': '56.84', 'passive_max_fitness': '0.00', 'passive_mean_fitness': '-56.44', 'passive_qd_score': '49459.85', 'qd_score': '88361.15', 'mean_fitness_top_k': '-16.43'}
[2026-05-30 10:34:13,916][root][INFO] - Generation 363/400 - Time: 0.00 seconds
[2026-05-30 10:34:13,917][root][INFO] - {'coverage': '100.00', 'max_fitness': '0.00', 'passive_coverage': '56.84', 'passive_max_fitness': '0.00', 'passive_mean_fitness': '-56.44', 'passive_qd_score': '49459.97', 'qd_score': '88410.73', 'mean_fitness_top_k': '-16.47'}
[2026-05-30 10:34:15,042][root][INFO] - Generation 364/400 - Time: 0.00 seconds
[2026-05-30 10:34:15,043][root][INFO] - {'coverage': '100.00', 'max_fitness': '0.00', 'passive_coverage': '56.93', 'passive_max_fitness': '0.00', 'passive_mean_fitness': '-56.44', 'passive_qd_score': '49544.92', 'qd_score': '88496.73', 'mean_fitness_top_k': '-16.40'}
[2026-05-30 10:34:16,183][root][INFO] - Generation 365/400 - Time: 0.00 seconds
[2026-05-30 10:34:16,184][root][INFO] - {'coverage': '100.00', 'max_fitness': '0.00', 'passive_coverage': '56.93', 'passive_max_fitness': '0.00', 'passive_mean_fitness': '-56.44', 'passive_qd_score': '49545.31', 'qd_score': '88390.14', 'mean_fitness_top_k': '-16.39'}
[2026-05-30 10:34:17,371][root][INFO] - Generation 366/400 - Time: 0.00 seconds
[2026-05-30 10:34:17,373][root][INFO] - {'coverage': '100.00', 'max_fitness': '0.00', 'passive_coverage': '56.93', 'passive_max_fitness': '0.00', 'passive_mean_fitness': '-56.44', 'passive_qd_score': '49546.18', 'qd_score': '88664.83', 'mean_fitness_top_k': '-16.09'}
[2026-05-30 10:34:18,549][root][INFO] - Generation 367/400 - Time: 0.00 seconds
[2026-05-30 10:34:18,550][root][INFO] - {'coverage': '100.00', 'max_fitness': '0.00', 'passive_coverage': '57.13', 'passive_max_fitness': '0.00', 'passive_mean_fitness': '-56.48', 'passive_qd_score': '49687.93', 'qd_score': '88424.70', 'mean_fitness_top_k': '-16.12'}
[2026-05-30 10:34:19,680][root][INFO] - Generation 368/400 - Time: 0.00 seconds
[2026-05-30 10:34:19,681][root][INFO] - {'coverage': '100.00', 'max_fitness': '0.00', 'passive_coverage': '57.32', 'passive_max_fitness': '0.00', 'passive_mean_fitness': '-56.29', 'passive_qd_score': '49970.77', 'qd_score': '88321.87', 'mean_fitness_top_k': '-15.98'}
[2026-05-30 10:34:20,814][root][INFO] - Generation 369/400 - Time: 0.00 seconds
[2026-05-30 10:34:20,815][root][INFO] - {'coverage': '100.00', 'max_fitness': '0.00', 'passive_coverage': '57.32', 'passive_max_fitness': '0.00', 'passive_mean_fitness': '-56.29', 'passive_qd_score': '49970.77', 'qd_score': '88171.58', 'mean_fitness_top_k': '-16.20'}
[2026-05-30 10:34:21,971][root][INFO] - Generation 370/400 - Time: 0.00 seconds
[2026-05-30 10:34:21,972][root][INFO] - {'coverage': '100.00', 'max_fitness': '0.00', 'passive_coverage': '57.42', 'passive_max_fitness': '0.00', 'passive_mean_fitness': '-56.26', 'passive_qd_score': '50076.28', 'qd_score': '88191.55', 'mean_fitness_top_k': '-16.26'}
[2026-05-30 10:34:23,129][root][INFO] - Generation 371/400 - Time: 0.00 seconds
[2026-05-30 10:34:23,131][root][INFO] - {'coverage': '100.00', 'max_fitness': '0.00', 'passive_coverage': '57.52', 'passive_max_fitness': '0.00', 'passive_mean_fitness': '-56.16', 'passive_qd_score': '50217.70', 'qd_score': '88428.81', 'mean_fitness_top_k': '-15.97'}
[2026-05-30 10:34:24,171][root][INFO] - Generation 372/400 - Time: 0.00 seconds
[2026-05-30 10:34:24,172][root][INFO] - {'coverage': '100.00', 'max_fitness': '0.00', 'passive_coverage': '57.62', 'passive_max_fitness': '0.00', 'passive_mean_fitness': '-56.21', 'passive_qd_score': '50275.87', 'qd_score': '88058.77', 'mean_fitness_top_k': '-16.02'}
[2026-05-30 10:34:25,187][root][INFO] - Generation 373/400 - Time: 0.00 seconds
[2026-05-30 10:34:25,187][root][INFO] - {'coverage': '100.00', 'max_fitness': '0.00', 'passive_coverage': '57.71', 'passive_max_fitness': '0.00', 'passive_mean_fitness': '-56.30', 'passive_qd_score': '50309.56', 'qd_score': '88087.36', 'mean_fitness_top_k': '-15.63'}
[2026-05-30 10:34:26,166][root][INFO] - Generation 374/400 - Time: 0.00 seconds
[2026-05-30 10:34:26,167][root][INFO] - {'coverage': '100.00', 'max_fitness': '0.00', 'passive_coverage': '57.81', 'passive_max_fitness': '0.00', 'passive_mean_fitness': '-56.28', 'passive_qd_score': '50405.33', 'qd_score': '88067.08', 'mean_fitness_top_k': '-15.88'}
[2026-05-30 10:34:27,179][root][INFO] - Generation 375/400 - Time: 0.00 seconds
[2026-05-30 10:34:27,180][root][INFO] - {'coverage': '100.00', 'max_fitness': '0.00', 'passive_coverage': '57.91', 'passive_max_fitness': '0.00', 'passive_mean_fitness': '-56.36', 'passive_qd_score': '50442.89', 'qd_score': '87785.18', 'mean_fitness_top_k': '-16.00'}
[2026-05-30 10:34:28,215][root][INFO] - Generation 376/400 - Time: 0.00 seconds
[2026-05-30 10:34:28,216][root][INFO] - {'coverage': '100.00', 'max_fitness': '0.00', 'passive_coverage': '58.01', 'passive_max_fitness': '0.00', 'passive_mean_fitness': '-56.36', 'passive_qd_score': '50525.87', 'qd_score': '87383.75', 'mean_fitness_top_k': '-16.37'}
[2026-05-30 10:34:29,205][root][INFO] - Generation 377/400 - Time: 0.00 seconds
[2026-05-30 10:34:29,206][root][INFO] - {'coverage': '100.00', 'max_fitness': '0.00', 'passive_coverage': '58.01', 'passive_max_fitness': '0.00', 'passive_mean_fitness': '-56.36', 'passive_qd_score': '50526.24', 'qd_score': '87381.69', 'mean_fitness_top_k': '-16.33'}
[2026-05-30 10:34:30,190][root][INFO] - Generation 378/400 - Time: 0.00 seconds
[2026-05-30 10:34:30,191][root][INFO] - {'coverage': '100.00', 'max_fitness': '0.00', 'passive_coverage': '58.01', 'passive_max_fitness': '0.00', 'passive_mean_fitness': '-56.36', 'passive_qd_score': '50526.24', 'qd_score': '87553.13', 'mean_fitness_top_k': '-15.84'}
[2026-05-30 10:34:31,209][root][INFO] - Generation 379/400 - Time: 0.00 seconds
[2026-05-30 10:34:31,209][root][INFO] - {'coverage': '100.00', 'max_fitness': '0.00', 'passive_coverage': '58.01', 'passive_max_fitness': '0.00', 'passive_mean_fitness': '-56.36', 'passive_qd_score': '50527.75', 'qd_score': '87405.83', 'mean_fitness_top_k': '-16.05'}
[2026-05-30 10:34:32,189][root][INFO] - Updating AE...
[2026-05-30 10:34:32,940][root][INFO] - Epoch: 1, loss: 484.2340
[2026-05-30 10:34:33,012][root][INFO] - Epoch: 2, loss: 440.6382
[2026-05-30 10:34:33,082][root][INFO] - Epoch: 3, loss: 438.6323
[2026-05-30 10:34:33,152][root][INFO] - Epoch: 4, loss: 434.7460
[2026-05-30 10:34:33,222][root][INFO] - Epoch: 5, loss: 431.2315
[2026-05-30 10:34:33,291][root][INFO] - Epoch: 6, loss: 425.0390
[2026-05-30 10:34:33,363][root][INFO] - Epoch: 7, loss: 416.9182
[2026-05-30 10:34:33,433][root][INFO] - Epoch: 8, loss: 408.6282
[2026-05-30 10:34:33,505][root][INFO] - Epoch: 9, loss: 399.6886
[2026-05-30 10:34:33,576][root][INFO] - Epoch: 10, loss: 391.7159
[2026-05-30 10:34:33,647][root][INFO] - Epoch: 11, loss: 382.4619
[2026-05-30 10:34:33,718][root][INFO] - Epoch: 12, loss: 376.5324
[2026-05-30 10:34:33,789][root][INFO] - Epoch: 13, loss: 372.0684
[2026-05-30 10:34:33,860][root][INFO] - Epoch: 14, loss: 367.1769
[2026-05-30 10:34:33,930][root][INFO] - Epoch: 15, loss: 362.5768
[2026-05-30 10:34:34,000][root][INFO] - Epoch: 16, loss: 367.6438
[2026-05-30 10:34:34,071][root][INFO] - Epoch: 17, loss: 364.8600
[2026-05-30 10:34:34,142][root][INFO] - Epoch: 18, loss: 360.7973
[2026-05-30 10:34:34,212][root][INFO] - Epoch: 19, loss: 352.0355
[2026-05-30 10:34:34,283][root][INFO] - Epoch: 20, loss: 349.5718
[2026-05-30 10:34:34,353][root][INFO] - Epoch: 21, loss: 341.0469
[2026-05-30 10:34:34,424][root][INFO] - Epoch: 22, loss: 338.8346
[2026-05-30 10:34:34,494][root][INFO] - Epoch: 23, loss: 344.0779
[2026-05-30 10:34:34,565][root][INFO] - Epoch: 24, loss: 333.8096
[2026-05-30 10:34:34,638][root][INFO] - Epoch: 25, loss: 329.8925
[2026-05-30 10:34:34,709][root][INFO] - Epoch: 26, loss: 325.2472
[2026-05-30 10:34:34,781][root][INFO] - Epoch: 27, loss: 322.7201
[2026-05-30 10:34:34,852][root][INFO] - Epoch: 28, loss: 331.0327
[2026-05-30 10:34:34,924][root][INFO] - Epoch: 29, loss: 322.4980
[2026-05-30 10:34:34,995][root][INFO] - Epoch: 30, loss: 323.4940
[2026-05-30 10:34:35,067][root][INFO] - Epoch: 31, loss: 329.4329
[2026-05-30 10:34:35,139][root][INFO] - Epoch: 32, loss: 311.4453
[2026-05-30 10:34:35,210][root][INFO] - Epoch: 33, loss: 306.7358
[2026-05-30 10:34:35,281][root][INFO] - Epoch: 34, loss: 304.6609
[2026-05-30 10:34:35,353][root][INFO] - Epoch: 35, loss: 298.7463
[2026-05-30 10:34:35,424][root][INFO] - Epoch: 36, loss: 296.4277
[2026-05-30 10:34:35,495][root][INFO] - Epoch: 37, loss: 293.7694
[2026-05-30 10:34:35,566][root][INFO] - Epoch: 38, loss: 293.7571
[2026-05-30 10:34:35,639][root][INFO] - Epoch: 39, loss: 295.2322
[2026-05-30 10:34:35,710][root][INFO] - Epoch: 40, loss: 290.5158
[2026-05-30 10:34:35,781][root][INFO] - Epoch: 41, loss: 290.7866
[2026-05-30 10:34:35,852][root][INFO] - Epoch: 42, loss: 283.7896
[2026-05-30 10:34:35,923][root][INFO] - Epoch: 43, loss: 281.5516
[2026-05-30 10:34:35,996][root][INFO] - Epoch: 44, loss: 284.7314
[2026-05-30 10:34:36,067][root][INFO] - Epoch: 45, loss: 283.6893
[2026-05-30 10:34:36,138][root][INFO] - Epoch: 46, loss: 283.5611
[2026-05-30 10:34:36,209][root][INFO] - Epoch: 47, loss: 301.9054
[2026-05-30 10:34:36,281][root][INFO] - Epoch: 48, loss: 301.6176
[2026-05-30 10:34:36,351][root][INFO] - Epoch: 49, loss: 298.0220
[2026-05-30 10:34:36,422][root][INFO] - Epoch: 50, loss: 289.2578
[2026-05-30 10:34:36,494][root][INFO] - Epoch: 51, loss: 285.6352
[2026-05-30 10:34:36,565][root][INFO] - Epoch: 52, loss: 281.8452
[2026-05-30 10:34:36,636][root][INFO] - Epoch: 53, loss: 280.1478
[2026-05-30 10:34:36,708][root][INFO] - Epoch: 54, loss: 275.9454
[2026-05-30 10:34:36,779][root][INFO] - Epoch: 55, loss: 273.6808
[2026-05-30 10:34:36,850][root][INFO] - Epoch: 56, loss: 272.8110
[2026-05-30 10:34:36,922][root][INFO] - Epoch: 57, loss: 269.9784
[2026-05-30 10:34:36,993][root][INFO] - Epoch: 58, loss: 267.0052
[2026-05-30 10:34:37,065][root][INFO] - Epoch: 59, loss: 265.2529
[2026-05-30 10:34:37,137][root][INFO] - Epoch: 60, loss: 273.4530
[2026-05-30 10:34:37,207][root][INFO] - Epoch: 61, loss: 270.7582
[2026-05-30 10:34:37,279][root][INFO] - Epoch: 62, loss: 269.5295
[2026-05-30 10:34:37,350][root][INFO] - Epoch: 63, loss: 266.5151
[2026-05-30 10:34:37,423][root][INFO] - Epoch: 64, loss: 264.6406
[2026-05-30 10:34:37,494][root][INFO] - Epoch: 65, loss: 267.1703
[2026-05-30 10:34:37,565][root][INFO] - Epoch: 66, loss: 270.1093
[2026-05-30 10:34:37,636][root][INFO] - Epoch: 67, loss: 282.1243
[2026-05-30 10:34:37,708][root][INFO] - Epoch: 68, loss: 279.1700
[2026-05-30 10:34:37,780][root][INFO] - Epoch: 69, loss: 267.0974
[2026-05-30 10:34:37,851][root][INFO] - Epoch: 70, loss: 313.2988
[2026-05-30 10:34:37,922][root][INFO] - Epoch: 71, loss: 567.0023
[2026-05-30 10:34:37,993][root][INFO] - Epoch: 72, loss: 583.7435
[2026-05-30 10:34:38,065][root][INFO] - Epoch: 73, loss: 479.1789
[2026-05-30 10:34:38,137][root][INFO] - Epoch: 74, loss: 451.2459
[2026-05-30 10:34:38,209][root][INFO] - Epoch: 75, loss: 440.3591
[2026-05-30 10:34:38,210][root][INFO] - Early stopping at epoch: 74
[2026-05-30 10:34:38,251][root][INFO] - {'model_loss': '440.3591', 'recon_loss': '0.0000', 'triplet_loss': '440.3591'}
[2026-05-30 10:34:38,255][root][INFO] - Updating AE...
[2026-05-30 10:34:39,038][root][INFO] - Epoch: 1, loss: 37.9014
[2026-05-30 10:34:39,109][root][INFO] - Epoch: 2, loss: 20.5278
[2026-05-30 10:34:39,183][root][INFO] - Epoch: 3, loss: 18.0836
[2026-05-30 10:34:39,254][root][INFO] - Epoch: 4, loss: 16.8514
[2026-05-30 10:34:39,326][root][INFO] - Epoch: 5, loss: 15.8890
[2026-05-30 10:34:39,397][root][INFO] - Epoch: 6, loss: 15.1199
[2026-05-30 10:34:39,469][root][INFO] - Epoch: 7, loss: 14.5329
[2026-05-30 10:34:39,540][root][INFO] - Epoch: 8, loss: 13.9418
[2026-05-30 10:34:39,611][root][INFO] - Epoch: 9, loss: 13.3987
[2026-05-30 10:34:39,682][root][INFO] - Epoch: 10, loss: 12.9414
[2026-05-30 10:34:39,753][root][INFO] - Epoch: 11, loss: 12.6774
[2026-05-30 10:34:39,825][root][INFO] - Epoch: 12, loss: 12.4891
[2026-05-30 10:34:39,897][root][INFO] - Epoch: 13, loss: 12.3056
[2026-05-30 10:34:39,969][root][INFO] - Epoch: 14, loss: 12.1899
[2026-05-30 10:34:40,040][root][INFO] - Epoch: 15, loss: 12.0417
[2026-05-30 10:34:40,113][root][INFO] - Epoch: 16, loss: 11.9604
[2026-05-30 10:34:40,185][root][INFO] - Epoch: 17, loss: 11.8625
[2026-05-30 10:34:40,257][root][INFO] - Epoch: 18, loss: 11.8049
[2026-05-30 10:34:40,328][root][INFO] - Epoch: 19, loss: 11.7830
[2026-05-30 10:34:40,399][root][INFO] - Epoch: 20, loss: 11.6902
[2026-05-30 10:34:40,472][root][INFO] - Epoch: 21, loss: 11.6449
[2026-05-30 10:34:40,543][root][INFO] - Epoch: 22, loss: 11.6119
[2026-05-30 10:34:40,614][root][INFO] - Epoch: 23, loss: 11.5813
[2026-05-30 10:34:40,686][root][INFO] - Epoch: 24, loss: 11.5264
[2026-05-30 10:34:40,757][root][INFO] - Epoch: 25, loss: 11.5322
[2026-05-30 10:34:40,830][root][INFO] - Epoch: 26, loss: 11.4886
[2026-05-30 10:34:40,901][root][INFO] - Epoch: 27, loss: 11.4470
[2026-05-30 10:34:40,973][root][INFO] - Epoch: 28, loss: 11.4356
[2026-05-30 10:34:41,045][root][INFO] - Epoch: 29, loss: 11.4283
[2026-05-30 10:34:41,116][root][INFO] - Epoch: 30, loss: 11.3634
[2026-05-30 10:34:41,187][root][INFO] - Epoch: 31, loss: 11.3206
[2026-05-30 10:34:41,259][root][INFO] - Epoch: 32, loss: 11.3822
[2026-05-30 10:34:41,331][root][INFO] - Epoch: 33, loss: 11.3633
[2026-05-30 10:34:41,402][root][INFO] - Epoch: 34, loss: 11.3317
[2026-05-30 10:34:41,473][root][INFO] - Epoch: 35, loss: 11.3328
[2026-05-30 10:34:41,545][root][INFO] - Epoch: 36, loss: 11.3230
[2026-05-30 10:34:41,617][root][INFO] - Epoch: 37, loss: 11.2431
[2026-05-30 10:34:41,688][root][INFO] - Epoch: 38, loss: 11.1878
[2026-05-30 10:34:41,761][root][INFO] - Epoch: 39, loss: 11.1681
[2026-05-30 10:34:41,832][root][INFO] - Epoch: 40, loss: 11.1776
[2026-05-30 10:34:41,903][root][INFO] - Epoch: 41, loss: 11.1289
[2026-05-30 10:34:41,973][root][INFO] - Epoch: 42, loss: 11.1109
[2026-05-30 10:34:42,045][root][INFO] - Epoch: 43, loss: 11.0855
[2026-05-30 10:34:42,116][root][INFO] - Epoch: 44, loss: 11.0693
[2026-05-30 10:34:42,187][root][INFO] - Epoch: 45, loss: 11.0602
[2026-05-30 10:34:42,258][root][INFO] - Epoch: 46, loss: 11.0231
[2026-05-30 10:34:42,329][root][INFO] - Epoch: 47, loss: 11.0332
[2026-05-30 10:34:42,401][root][INFO] - Epoch: 48, loss: 10.9950
[2026-05-30 10:34:42,472][root][INFO] - Epoch: 49, loss: 10.9414
[2026-05-30 10:34:42,544][root][INFO] - Epoch: 50, loss: 10.9207
[2026-05-30 10:34:42,614][root][INFO] - Epoch: 51, loss: 10.8996
[2026-05-30 10:34:42,685][root][INFO] - Epoch: 52, loss: 10.9220
[2026-05-30 10:34:42,756][root][INFO] - Epoch: 53, loss: 10.8828
[2026-05-30 10:34:42,827][root][INFO] - Epoch: 54, loss: 10.8494
[2026-05-30 10:34:42,898][root][INFO] - Epoch: 55, loss: 10.8041
[2026-05-30 10:34:42,971][root][INFO] - Epoch: 56, loss: 10.8564
[2026-05-30 10:34:43,043][root][INFO] - Epoch: 57, loss: 10.8374
[2026-05-30 10:34:43,114][root][INFO] - Epoch: 58, loss: 10.7954
[2026-05-30 10:34:43,185][root][INFO] - Epoch: 59, loss: 10.7733
[2026-05-30 10:34:43,256][root][INFO] - Epoch: 60, loss: 10.6606
[2026-05-30 10:34:43,327][root][INFO] - Epoch: 61, loss: 10.7318
[2026-05-30 10:34:43,399][root][INFO] - Epoch: 62, loss: 10.6753
[2026-05-30 10:34:43,471][root][INFO] - Epoch: 63, loss: 10.6368
[2026-05-30 10:34:43,542][root][INFO] - Epoch: 64, loss: 10.6159
[2026-05-30 10:34:43,613][root][INFO] - Epoch: 65, loss: 10.6020
[2026-05-30 10:34:43,685][root][INFO] - Epoch: 66, loss: 10.5942
[2026-05-30 10:34:43,757][root][INFO] - Epoch: 67, loss: 10.5791
[2026-05-30 10:34:43,828][root][INFO] - Epoch: 68, loss: 10.5248
[2026-05-30 10:34:43,899][root][INFO] - Epoch: 69, loss: 10.4784
[2026-05-30 10:34:43,971][root][INFO] - Epoch: 70, loss: 10.5256
[2026-05-30 10:34:44,042][root][INFO] - Epoch: 71, loss: 10.5076
[2026-05-30 10:34:44,113][root][INFO] - Epoch: 72, loss: 10.4292
[2026-05-30 10:34:44,184][root][INFO] - Epoch: 73, loss: 10.4578
[2026-05-30 10:34:44,255][root][INFO] - Epoch: 74, loss: 10.4067
[2026-05-30 10:34:44,327][root][INFO] - Epoch: 75, loss: 10.3899
[2026-05-30 10:34:44,399][root][INFO] - Epoch: 76, loss: 10.5817
[2026-05-30 10:34:44,471][root][INFO] - Epoch: 77, loss: 10.3781
[2026-05-30 10:34:44,542][root][INFO] - Epoch: 78, loss: 10.2990
[2026-05-30 10:34:44,613][root][INFO] - Epoch: 79, loss: 10.2640
[2026-05-30 10:34:44,685][root][INFO] - Epoch: 80, loss: 10.2710
[2026-05-30 10:34:44,756][root][INFO] - Epoch: 81, loss: 10.2380
[2026-05-30 10:34:44,827][root][INFO] - Epoch: 82, loss: 10.2164
[2026-05-30 10:34:44,900][root][INFO] - Epoch: 83, loss: 10.1995
[2026-05-30 10:34:44,971][root][INFO] - Epoch: 84, loss: 10.1358
[2026-05-30 10:34:45,042][root][INFO] - Epoch: 85, loss: 10.1313
[2026-05-30 10:34:45,114][root][INFO] - Epoch: 86, loss: 10.3768
[2026-05-30 10:34:45,185][root][INFO] - Epoch: 87, loss: 10.3273
[2026-05-30 10:34:45,257][root][INFO] - Epoch: 88, loss: 10.5335
[2026-05-30 10:34:45,328][root][INFO] - Epoch: 89, loss: 10.5385
[2026-05-30 10:34:45,399][root][INFO] - Epoch: 90, loss: 10.5693
[2026-05-30 10:34:45,471][root][INFO] - Epoch: 91, loss: 10.3658
[2026-05-30 10:34:45,543][root][INFO] - Epoch: 92, loss: 10.3242
[2026-05-30 10:34:45,614][root][INFO] - Epoch: 93, loss: 10.3181
[2026-05-30 10:34:45,686][root][INFO] - Epoch: 94, loss: 10.2195
[2026-05-30 10:34:45,757][root][INFO] - Epoch: 95, loss: 10.3117
[2026-05-30 10:34:45,829][root][INFO] - Epoch: 96, loss: 10.4171
[2026-05-30 10:34:45,829][root][INFO] - Early stopping at epoch: 95
[2026-05-30 10:34:45,865][root][INFO] - {'model_loss': '10.4171', 'recon_loss': '0.0000', 'triplet_loss': '10.4171'}
[2026-05-30 10:34:45,869][root][INFO] - Generation 380/400 - Time: 0.00 seconds
[2026-05-30 10:34:45,870][root][INFO] - {'coverage': '100.00', 'max_fitness': '0.00', 'passive_coverage': '58.01', 'passive_max_fitness': '0.00', 'passive_mean_fitness': '-56.36', 'passive_qd_score': '50527.85', 'qd_score': '87268.28', 'mean_fitness_top_k': '-16.12'}
[2026-05-30 10:34:47,023][root][INFO] - Generation 381/400 - Time: 0.00 seconds
[2026-05-30 10:34:47,023][root][INFO] - {'coverage': '100.00', 'max_fitness': '0.00', 'passive_coverage': '58.69', 'passive_max_fitness': '0.00', 'passive_mean_fitness': '-56.48', 'passive_qd_score': '51050.54', 'qd_score': '93095.81', 'mean_fitness_top_k': '-14.61'}
[2026-05-30 10:34:48,152][root][INFO] - Generation 382/400 - Time: 0.00 seconds
[2026-05-30 10:34:48,153][root][INFO] - {'coverage': '100.00', 'max_fitness': '0.00', 'passive_coverage': '58.98', 'passive_max_fitness': '0.00', 'passive_mean_fitness': '-56.61', 'passive_qd_score': '51224.09', 'qd_score': '94983.03', 'mean_fitness_top_k': '-13.93'}
[2026-05-30 10:34:49,293][root][INFO] - Generation 383/400 - Time: 0.00 seconds
[2026-05-30 10:34:49,294][root][INFO] - {'coverage': '100.00', 'max_fitness': '0.00', 'passive_coverage': '59.18', 'passive_max_fitness': '0.00', 'passive_mean_fitness': '-56.61', 'passive_qd_score': '51397.45', 'qd_score': '96941.06', 'mean_fitness_top_k': '-13.40'}
[2026-05-30 10:34:50,430][root][INFO] - Generation 384/400 - Time: 0.00 seconds
[2026-05-30 10:34:50,431][root][INFO] - {'coverage': '100.00', 'max_fitness': '0.00', 'passive_coverage': '59.28', 'passive_max_fitness': '0.00', 'passive_mean_fitness': '-56.63', 'passive_qd_score': '51467.23', 'qd_score': '97909.52', 'mean_fitness_top_k': '-13.03'}
[2026-05-30 10:34:51,586][root][INFO] - Generation 385/400 - Time: 0.00 seconds
[2026-05-30 10:34:51,588][root][INFO] - {'coverage': '100.00', 'max_fitness': '0.00', 'passive_coverage': '59.28', 'passive_max_fitness': '0.00', 'passive_mean_fitness': '-56.63', 'passive_qd_score': '51467.43', 'qd_score': '98456.16', 'mean_fitness_top_k': '-12.79'}
[2026-05-30 10:34:52,720][root][INFO] - Generation 386/400 - Time: 0.00 seconds
[2026-05-30 10:34:52,720][root][INFO] - {'coverage': '100.00', 'max_fitness': '0.00', 'passive_coverage': '59.28', 'passive_max_fitness': '0.00', 'passive_mean_fitness': '-56.63', 'passive_qd_score': '51468.23', 'qd_score': '98337.52', 'mean_fitness_top_k': '-13.10'}
[2026-05-30 10:34:53,873][root][INFO] - Generation 387/400 - Time: 0.00 seconds
[2026-05-30 10:34:53,874][root][INFO] - {'coverage': '100.00', 'max_fitness': '0.00', 'passive_coverage': '59.28', 'passive_max_fitness': '0.00', 'passive_mean_fitness': '-56.62', 'passive_qd_score': '51471.86', 'qd_score': '98854.52', 'mean_fitness_top_k': '-13.06'}
[2026-05-30 10:34:55,055][root][INFO] - Generation 388/400 - Time: 0.00 seconds
[2026-05-30 10:34:55,056][root][INFO] - {'coverage': '100.00', 'max_fitness': '0.00', 'passive_coverage': '59.38', 'passive_max_fitness': '0.00', 'passive_mean_fitness': '-56.65', 'passive_qd_score': '51540.87', 'qd_score': '99171.48', 'mean_fitness_top_k': '-13.02'}
[2026-05-30 10:34:56,251][root][INFO] - Generation 389/400 - Time: 0.00 seconds
[2026-05-30 10:34:56,252][root][INFO] - {'coverage': '100.00', 'max_fitness': '0.00', 'passive_coverage': '59.47', 'passive_max_fitness': '0.00', 'passive_mean_fitness': '-56.65', 'passive_qd_score': '51625.82', 'qd_score': '99234.75', 'mean_fitness_top_k': '-13.14'}
[2026-05-30 10:34:57,430][root][INFO] - Generation 390/400 - Time: 0.00 seconds
[2026-05-30 10:34:57,431][root][INFO] - {'coverage': '100.00', 'max_fitness': '0.00', 'passive_coverage': '59.67', 'passive_max_fitness': '0.00', 'passive_mean_fitness': '-56.64', 'passive_qd_score': '51804.02', 'qd_score': '99911.16', 'mean_fitness_top_k': '-13.06'}
[2026-05-30 10:34:58,637][root][INFO] - Generation 391/400 - Time: 0.00 seconds
[2026-05-30 10:34:58,638][root][INFO] - {'coverage': '100.00', 'max_fitness': '0.00', 'passive_coverage': '59.77', 'passive_max_fitness': '0.00', 'passive_mean_fitness': '-56.55', 'passive_qd_score': '51941.27', 'qd_score': '100280.56', 'mean_fitness_top_k': '-12.87'}
[2026-05-30 10:34:59,839][root][INFO] - Generation 392/400 - Time: 0.00 seconds
[2026-05-30 10:34:59,840][root][INFO] - {'coverage': '100.00', 'max_fitness': '0.00', 'passive_coverage': '59.86', 'passive_max_fitness': '0.00', 'passive_mean_fitness': '-56.45', 'passive_qd_score': '52084.75', 'qd_score': '100520.73', 'mean_fitness_top_k': '-12.65'}
[2026-05-30 10:35:01,043][root][INFO] - Generation 393/400 - Time: 0.00 seconds
[2026-05-30 10:35:01,044][root][INFO] - {'coverage': '100.00', 'max_fitness': '0.00', 'passive_coverage': '59.86', 'passive_max_fitness': '0.00', 'passive_mean_fitness': '-56.45', 'passive_qd_score': '52085.00', 'qd_score': '100826.02', 'mean_fitness_top_k': '-12.66'}
[2026-05-30 10:35:02,226][root][INFO] - Generation 394/400 - Time: 0.00 seconds
[2026-05-30 10:35:02,227][root][INFO] - {'coverage': '100.00', 'max_fitness': '0.00', 'passive_coverage': '59.86', 'passive_max_fitness': '0.00', 'passive_mean_fitness': '-56.45', 'passive_qd_score': '52086.33', 'qd_score': '101317.09', 'mean_fitness_top_k': '-12.41'}
[2026-05-30 10:35:03,408][root][INFO] - Generation 395/400 - Time: 0.00 seconds
[2026-05-30 10:35:03,409][root][INFO] - {'coverage': '100.00', 'max_fitness': '0.00', 'passive_coverage': '59.86', 'passive_max_fitness': '0.00', 'passive_mean_fitness': '-56.45', 'passive_qd_score': '52086.92', 'qd_score': '101413.28', 'mean_fitness_top_k': '-12.36'}
[2026-05-30 10:35:04,588][root][INFO] - Generation 396/400 - Time: 0.00 seconds
[2026-05-30 10:35:04,589][root][INFO] - {'coverage': '100.00', 'max_fitness': '0.00', 'passive_coverage': '59.86', 'passive_max_fitness': '0.00', 'passive_mean_fitness': '-56.45', 'passive_qd_score': '52087.54', 'qd_score': '101606.48', 'mean_fitness_top_k': '-12.30'}
[2026-05-30 10:35:05,770][root][INFO] - Generation 397/400 - Time: 0.00 seconds
[2026-05-30 10:35:05,771][root][INFO] - {'coverage': '100.00', 'max_fitness': '0.00', 'passive_coverage': '59.86', 'passive_max_fitness': '0.00', 'passive_mean_fitness': '-56.45', 'passive_qd_score': '52089.26', 'qd_score': '101949.40', 'mean_fitness_top_k': '-12.32'}
[2026-05-30 10:35:06,904][root][INFO] - Generation 398/400 - Time: 0.00 seconds
[2026-05-30 10:35:06,905][root][INFO] - {'coverage': '100.00', 'max_fitness': '0.00', 'passive_coverage': '59.86', 'passive_max_fitness': '0.00', 'passive_mean_fitness': '-56.45', 'passive_qd_score': '52090.01', 'qd_score': '101206.51', 'mean_fitness_top_k': '-12.39'}
[2026-05-30 10:35:08,021][root][INFO] - Generation 399/400 - Time: 0.00 seconds
[2026-05-30 10:35:08,022][root][INFO] - {'coverage': '100.00', 'max_fitness': '0.00', 'passive_coverage': '60.06', 'passive_max_fitness': '0.00', 'passive_mean_fitness': '-56.45', 'passive_qd_score': '52256.00', 'qd_score': '101461.91', 'mean_fitness_top_k': '-12.21'}
[2026-05-30 10:35:09,137][root][INFO] - Generation 400/400 - Time: 0.00 seconds
[2026-05-30 10:35:09,138][root][INFO] - {'coverage': '100.00', 'max_fitness': '0.00', 'passive_coverage': '60.16', 'passive_max_fitness': '0.00', 'passive_mean_fitness': '-56.44', 'passive_qd_score': '52348.99', 'qd_score': '101812.91', 'mean_fitness_top_k': '-12.20'}
[2026-05-30 10:35:09,151][root][INFO] - Trigger signal log saved to runs/20260530_102202_kheperax_seed7
