[2026-05-28 13:48:47,624][root][INFO] - {'wandb': {'project': 'mt-map-elites', 'job_type': 'train', 'name': '${now:%Y_%m_%d_%H_%M_%S}', 'mode': 'offline', 'group': '${env.name}', 'tags': ['${name}', '${env.name}']}, 'env': {'name': 'kheperax', 'reward_type': 'final', 'speed_bonus_factor': 1.0, 'episode_length': 200, 'resolution': [64, 64], 'policy_hidden_layer_size': [5], 'map_name': 'standard', 'lasers_return_minus_one_if_out_of_range': False, 'std_noise_wheel_velocities': 0.0, 'std_noise_sensor_measures': 0.0, 'action_scale': 0.025, 'grid_shape': [40, 40], 'min_bd': 0, 'max_bd': 1, 'num_init_cvt_samples': 50000, 'num_centroids': 1024, 'task': {'bd_extractor': 'xy_pos', 'grid_shape': [40, 40], 'min_bd': 0, 'max_bd': 1, 'num_init_cvt_samples': 50000, 'num_centroids': 1024, 'num_descriptors': 2}, 'vmax': 0, 'vmin': -124, 'observation_extraction': {'subsample': True, 'sampling_freq': 4, 'observation_option': 'sensory_data', 'normalize_obs': True, 'max_obs_size': 25}}, 'name': 'aurora_baseline', 'seed': 42, 'backend': 'jax', 'batch_size': 512, 'num_iterations': 2000, 'num_total_steps': 2000000, 'metrics_log_period': 5, 'log_answer_set_geometry': True, 'save_archive_checkpoints': False, 'archive_checkpoint_interval': 100, 'me_repertoire': False, 'iso_sigma': 0.2, 'line_sigma': 0, 'reinit_params': False, 'reinit_opt': True, 'no_csc': False, 'no_training': False, 'csc_orig': False, 'repertoire': 'adaptive', 'max_size': 1024, 'target_size': 922, 'l_value_init': 0.2, 'prop_gain': 0.0001, 'default_update_base': 10, 'model_batch_size': 128, 'hidden_size': 10, 'features': 8, 'model_epoch_period': 200, 'learning_rate': 0.01, 'min_delta_early_stopping': 0.0005, 'loss_type': 'triplet', 'triplet_margin': 0.2, 'triplet_loss_weight': 1, 'margin_auto_adjust': True, 'extinction': False, 'extinction_freq': 10, 'remaining_prop': 0.05, 'post_extinction_snapshot_offset': 5, 'top_k_percent': 20, 'extinction_mode': 'encoder_pre', 'target_extinction_count': 13, 'safe_keep': {'enabled': True, 'remaining_prop': 0.05, 'x_min': 0.0, 'x_max': 0.3, 'y_min_soft': 0.6, 'w_x_range': 1.5, 'w_y_high': 3.0, 'jitter_eps': 1e-06}, 'adaptive_extinction': {'warmup': 50, 'patience': 10, 'alpha': 0.2, 'cooldown': 10, 'd_min_patience': 5, 'd_min_alpha': 0.2, 'd_min_warmup': 25, 'd_min_cooldown': 5, 'd_min_window': 10, 'fitness_window': 10, 'd_min_stagnation_threshold': 0.03, 'fitness_improvement_threshold': 0.05, 'high_d_min_threshold': 0.75, 'high_d_min_patience': 12, 'fitness_patience': 5, 'ramped_prop_min': 0.05, 'ramped_prop_max': 0.4}, 'env_params': {'kheperax': {'iso_sigma': 0.2, 'line_sigma': 0}, 'ant_maze': {'iso_sigma': 0.005, 'line_sigma': 0.05}, 'walker': {'iso_sigma': 0.005, 'line_sigma': 0.05}, 'half_cheetah': {'iso_sigma': 0.005, 'line_sigma': 0.05}}}
[2026-05-28 13:48:47,624][root][INFO] - Training
[2026-05-28 13:48:48,037][jax._src.xla_bridge][INFO] - Unable to initialize backend 'rocm': module 'jaxlib.xla_extension' has no attribute 'GpuAllocatorConfig'
[2026-05-28 13:48:48,038][jax._src.xla_bridge][INFO] - Unable to initialize backend 'tpu': INTERNAL: Failed to open libtpu.so: libtpu.so: cannot open shared object file: No such file or directory
[2026-05-28 13:48:48,725][root][INFO] - Policy params count (search space): 42
[2026-05-28 13:48:49,248][root][INFO] - AE params count: 1335
[2026-05-28 13:48:49,249][root][INFO] - Algorithm initialization
[2026-05-28 13:48:52,250][root][INFO] - Repertoire initialized in 3.00 seconds
[2026-05-28 13:48:53,519][root][INFO] - Epoch: 1, loss: 0.0000
[2026-05-28 13:48:53,590][root][INFO] - Epoch: 2, loss: 0.0000
[2026-05-28 13:48:53,664][root][INFO] - Epoch: 3, loss: 0.0000
[2026-05-28 13:48:53,729][root][INFO] - Epoch: 4, loss: 0.0000
[2026-05-28 13:48:53,792][root][INFO] - Epoch: 5, loss: 0.0000
[2026-05-28 13:48:53,855][root][INFO] - Epoch: 6, loss: 0.0000
[2026-05-28 13:48:53,917][root][INFO] - Epoch: 7, loss: 0.0000
[2026-05-28 13:48:53,980][root][INFO] - Epoch: 8, loss: 0.0000
[2026-05-28 13:48:54,043][root][INFO] - Epoch: 9, loss: 0.0000
[2026-05-28 13:48:54,106][root][INFO] - Epoch: 10, loss: 0.0000
[2026-05-28 13:48:54,169][root][INFO] - Epoch: 11, loss: 0.0000
[2026-05-28 13:48:54,232][root][INFO] - Epoch: 12, loss: 0.0000
[2026-05-28 13:48:54,232][root][INFO] - Early stopping at epoch: 11
[2026-05-28 13:48:54,397][root][INFO] - Saving initialization snapshot
[2026-05-28 13:48:55,683][root][INFO] - Trigger signal logger writing to /workspace/src/output/final_encoder_pre_seed42/runs/20260528_134854_kheperax_seed42
[2026-05-28 13:48:58,479][root][INFO] - Generation 1/400 - Time: 1.69 seconds
[2026-05-28 13:48:58,484][root][INFO] - {'coverage': '100.00', 'max_fitness': '-13.92', 'passive_coverage': '12.79', 'passive_max_fitness': '-13.92', 'passive_mean_fitness': '-65.04', 'passive_qd_score': '10005.88', 'qd_score': '71448.72', 'mean_fitness_top_k': '-54.27'}
[2026-05-28 13:48:59,451][root][INFO] - Updating AE...
[2026-05-28 13:49:00,210][root][INFO] - Epoch: 1, loss: 26630.0371
[2026-05-28 13:49:00,276][root][INFO] - Epoch: 2, loss: 4685.4321
[2026-05-28 13:49:00,341][root][INFO] - Epoch: 3, loss: 2525.5928
[2026-05-28 13:49:00,406][root][INFO] - Epoch: 4, loss: 1711.5476
[2026-05-28 13:49:00,470][root][INFO] - Epoch: 5, loss: 1286.8464
[2026-05-28 13:49:00,533][root][INFO] - Epoch: 6, loss: 1047.7678
[2026-05-28 13:49:00,598][root][INFO] - Epoch: 7, loss: 898.5569
[2026-05-28 13:49:00,661][root][INFO] - Epoch: 8, loss: 794.1195
[2026-05-28 13:49:00,725][root][INFO] - Epoch: 9, loss: 716.5665
[2026-05-28 13:49:00,789][root][INFO] - Epoch: 10, loss: 654.4066
[2026-05-28 13:49:00,852][root][INFO] - Epoch: 11, loss: 605.0677
[2026-05-28 13:49:00,916][root][INFO] - Epoch: 12, loss: 565.0265
[2026-05-28 13:49:00,979][root][INFO] - Epoch: 13, loss: 531.0679
[2026-05-28 13:49:01,043][root][INFO] - Epoch: 14, loss: 503.0179
[2026-05-28 13:49:01,106][root][INFO] - Epoch: 15, loss: 479.4050
[2026-05-28 13:49:01,170][root][INFO] - Epoch: 16, loss: 460.5945
[2026-05-28 13:49:01,234][root][INFO] - Epoch: 17, loss: 444.1812
[2026-05-28 13:49:01,297][root][INFO] - Epoch: 18, loss: 431.8326
[2026-05-28 13:49:01,361][root][INFO] - Epoch: 19, loss: 421.3078
[2026-05-28 13:49:01,425][root][INFO] - Epoch: 20, loss: 413.1817
[2026-05-28 13:49:01,489][root][INFO] - Epoch: 21, loss: 406.5666
[2026-05-28 13:49:01,554][root][INFO] - Epoch: 22, loss: 400.7188
[2026-05-28 13:49:01,620][root][INFO] - Epoch: 23, loss: 396.4332
[2026-05-28 13:49:01,684][root][INFO] - Epoch: 24, loss: 392.7226
[2026-05-28 13:49:01,750][root][INFO] - Epoch: 25, loss: 389.5753
[2026-05-28 13:49:01,814][root][INFO] - Epoch: 26, loss: 386.9880
[2026-05-28 13:49:01,879][root][INFO] - Epoch: 27, loss: 384.6078
[2026-05-28 13:49:01,943][root][INFO] - Epoch: 28, loss: 382.4303
[2026-05-28 13:49:02,006][root][INFO] - Epoch: 29, loss: 380.6612
[2026-05-28 13:49:02,069][root][INFO] - Epoch: 30, loss: 378.8605
[2026-05-28 13:49:02,132][root][INFO] - Epoch: 31, loss: 377.3529
[2026-05-28 13:49:02,196][root][INFO] - Epoch: 32, loss: 376.1685
[2026-05-28 13:49:02,259][root][INFO] - Epoch: 33, loss: 374.7230
[2026-05-28 13:49:02,323][root][INFO] - Epoch: 34, loss: 373.5971
[2026-05-28 13:49:02,389][root][INFO] - Epoch: 35, loss: 372.6340
[2026-05-28 13:49:02,455][root][INFO] - Epoch: 36, loss: 371.7494
[2026-05-28 13:49:02,519][root][INFO] - Epoch: 37, loss: 370.8682
[2026-05-28 13:49:02,583][root][INFO] - Epoch: 38, loss: 370.0199
[2026-05-28 13:49:02,647][root][INFO] - Epoch: 39, loss: 369.3920
[2026-05-28 13:49:02,710][root][INFO] - Epoch: 40, loss: 368.5036
[2026-05-28 13:49:02,773][root][INFO] - Epoch: 41, loss: 367.9385
[2026-05-28 13:49:02,837][root][INFO] - Epoch: 42, loss: 367.2879
[2026-05-28 13:49:02,899][root][INFO] - Epoch: 43, loss: 366.5863
[2026-05-28 13:49:02,962][root][INFO] - Epoch: 44, loss: 365.9912
[2026-05-28 13:49:03,025][root][INFO] - Epoch: 45, loss: 365.2855
[2026-05-28 13:49:03,088][root][INFO] - Epoch: 46, loss: 364.7963
[2026-05-28 13:49:03,153][root][INFO] - Epoch: 47, loss: 364.0680
[2026-05-28 13:49:03,219][root][INFO] - Epoch: 48, loss: 363.5235
[2026-05-28 13:49:03,284][root][INFO] - Epoch: 49, loss: 362.9161
[2026-05-28 13:49:03,348][root][INFO] - Epoch: 50, loss: 362.3240
[2026-05-28 13:49:03,411][root][INFO] - Epoch: 51, loss: 361.8446
[2026-05-28 13:49:03,473][root][INFO] - Epoch: 52, loss: 361.2506
[2026-05-28 13:49:03,536][root][INFO] - Epoch: 53, loss: 360.6867
[2026-05-28 13:49:03,599][root][INFO] - Epoch: 54, loss: 360.2802
[2026-05-28 13:49:03,662][root][INFO] - Epoch: 55, loss: 359.6881
[2026-05-28 13:49:03,724][root][INFO] - Epoch: 56, loss: 359.1281
[2026-05-28 13:49:03,788][root][INFO] - Epoch: 57, loss: 358.6084
[2026-05-28 13:49:03,854][root][INFO] - Epoch: 58, loss: 358.0517
[2026-05-28 13:49:03,919][root][INFO] - Epoch: 59, loss: 357.4243
[2026-05-28 13:49:03,983][root][INFO] - Epoch: 60, loss: 357.0314
[2026-05-28 13:49:04,046][root][INFO] - Epoch: 61, loss: 356.5363
[2026-05-28 13:49:04,110][root][INFO] - Epoch: 62, loss: 355.9137
[2026-05-28 13:49:04,173][root][INFO] - Epoch: 63, loss: 355.3841
[2026-05-28 13:49:04,236][root][INFO] - Epoch: 64, loss: 354.9100
[2026-05-28 13:49:04,299][root][INFO] - Epoch: 65, loss: 354.4069
[2026-05-28 13:49:04,362][root][INFO] - Epoch: 66, loss: 353.7866
[2026-05-28 13:49:04,426][root][INFO] - Epoch: 67, loss: 353.3896
[2026-05-28 13:49:04,489][root][INFO] - Epoch: 68, loss: 352.9774
[2026-05-28 13:49:04,552][root][INFO] - Epoch: 69, loss: 352.3719
[2026-05-28 13:49:04,615][root][INFO] - Epoch: 70, loss: 351.8492
[2026-05-28 13:49:04,678][root][INFO] - Epoch: 71, loss: 351.7412
[2026-05-28 13:49:04,741][root][INFO] - Epoch: 72, loss: 350.8717
[2026-05-28 13:49:04,803][root][INFO] - Epoch: 73, loss: 350.3304
[2026-05-28 13:49:04,871][root][INFO] - Epoch: 74, loss: 349.8574
[2026-05-28 13:49:04,940][root][INFO] - Epoch: 75, loss: 349.4604
[2026-05-28 13:49:05,004][root][INFO] - Epoch: 76, loss: 349.0581
[2026-05-28 13:49:05,068][root][INFO] - Epoch: 77, loss: 348.5472
[2026-05-28 13:49:05,132][root][INFO] - Epoch: 78, loss: 347.9837
[2026-05-28 13:49:05,195][root][INFO] - Epoch: 79, loss: 347.7945
[2026-05-28 13:49:05,258][root][INFO] - Epoch: 80, loss: 347.0394
[2026-05-28 13:49:05,321][root][INFO] - Epoch: 81, loss: 346.6815
[2026-05-28 13:49:05,384][root][INFO] - Epoch: 82, loss: 346.0203
[2026-05-28 13:49:05,447][root][INFO] - Epoch: 83, loss: 345.6427
[2026-05-28 13:49:05,510][root][INFO] - Epoch: 84, loss: 345.2398
[2026-05-28 13:49:05,573][root][INFO] - Epoch: 85, loss: 344.5627
[2026-05-28 13:49:05,636][root][INFO] - Epoch: 86, loss: 344.0212
[2026-05-28 13:49:05,699][root][INFO] - Epoch: 87, loss: 343.5146
[2026-05-28 13:49:05,762][root][INFO] - Epoch: 88, loss: 343.3655
[2026-05-28 13:49:05,828][root][INFO] - Epoch: 89, loss: 342.5128
[2026-05-28 13:49:05,892][root][INFO] - Epoch: 90, loss: 342.1375
[2026-05-28 13:49:05,957][root][INFO] - Epoch: 91, loss: 341.8713
[2026-05-28 13:49:06,021][root][INFO] - Epoch: 92, loss: 341.2214
[2026-05-28 13:49:06,085][root][INFO] - Epoch: 93, loss: 340.6784
[2026-05-28 13:49:06,148][root][INFO] - Epoch: 94, loss: 340.2198
[2026-05-28 13:49:06,212][root][INFO] - Epoch: 95, loss: 339.8784
[2026-05-28 13:49:06,274][root][INFO] - Epoch: 96, loss: 339.4981
[2026-05-28 13:49:06,337][root][INFO] - Epoch: 97, loss: 339.0052
[2026-05-28 13:49:06,401][root][INFO] - Epoch: 98, loss: 338.7081
[2026-05-28 13:49:06,464][root][INFO] - Epoch: 99, loss: 338.0117
[2026-05-28 13:49:06,528][root][INFO] - Epoch: 100, loss: 337.7535
[2026-05-28 13:49:06,591][root][INFO] - Epoch: 101, loss: 337.8630
[2026-05-28 13:49:06,654][root][INFO] - Epoch: 102, loss: 336.6433
[2026-05-28 13:49:06,717][root][INFO] - Epoch: 103, loss: 336.2836
[2026-05-28 13:49:06,780][root][INFO] - Epoch: 104, loss: 336.1854
[2026-05-28 13:49:06,843][root][INFO] - Epoch: 105, loss: 335.1750
[2026-05-28 13:49:06,906][root][INFO] - Epoch: 106, loss: 335.1406
[2026-05-28 13:49:06,968][root][INFO] - Epoch: 107, loss: 334.6410
[2026-05-28 13:49:07,031][root][INFO] - Epoch: 108, loss: 334.0176
[2026-05-28 13:49:07,094][root][INFO] - Epoch: 109, loss: 333.3058
[2026-05-28 13:49:07,156][root][INFO] - Epoch: 110, loss: 332.8703
[2026-05-28 13:49:07,220][root][INFO] - Epoch: 111, loss: 332.6749
[2026-05-28 13:49:07,282][root][INFO] - Epoch: 112, loss: 333.2767
[2026-05-28 13:49:07,345][root][INFO] - Epoch: 113, loss: 332.0153
[2026-05-28 13:49:07,407][root][INFO] - Epoch: 114, loss: 331.3661
[2026-05-28 13:49:07,470][root][INFO] - Epoch: 115, loss: 331.4716
[2026-05-28 13:49:07,533][root][INFO] - Epoch: 116, loss: 330.6508
[2026-05-28 13:49:07,596][root][INFO] - Epoch: 117, loss: 329.6006
[2026-05-28 13:49:07,658][root][INFO] - Epoch: 118, loss: 329.6523
[2026-05-28 13:49:07,722][root][INFO] - Epoch: 119, loss: 329.3126
[2026-05-28 13:49:07,786][root][INFO] - Epoch: 120, loss: 328.5952
[2026-05-28 13:49:07,849][root][INFO] - Epoch: 121, loss: 327.9646
[2026-05-28 13:49:07,921][root][INFO] - Epoch: 122, loss: 327.6510
[2026-05-28 13:49:07,988][root][INFO] - Epoch: 123, loss: 327.6101
[2026-05-28 13:49:08,053][root][INFO] - Epoch: 124, loss: 326.2907
[2026-05-28 13:49:08,116][root][INFO] - Epoch: 125, loss: 326.1008
[2026-05-28 13:49:08,180][root][INFO] - Epoch: 126, loss: 325.5176
[2026-05-28 13:49:08,244][root][INFO] - Epoch: 127, loss: 325.0066
[2026-05-28 13:49:08,307][root][INFO] - Epoch: 128, loss: 325.5170
[2026-05-28 13:49:08,370][root][INFO] - Epoch: 129, loss: 325.5458
[2026-05-28 13:49:08,433][root][INFO] - Epoch: 130, loss: 324.8222
[2026-05-28 13:49:08,497][root][INFO] - Epoch: 131, loss: 323.3337
[2026-05-28 13:49:08,560][root][INFO] - Epoch: 132, loss: 324.1441
[2026-05-28 13:49:08,623][root][INFO] - Epoch: 133, loss: 323.1098
[2026-05-28 13:49:08,686][root][INFO] - Epoch: 134, loss: 321.6182
[2026-05-28 13:49:08,750][root][INFO] - Epoch: 135, loss: 322.4749
[2026-05-28 13:49:08,813][root][INFO] - Epoch: 136, loss: 320.4900
[2026-05-28 13:49:08,877][root][INFO] - Epoch: 137, loss: 320.4926
[2026-05-28 13:49:08,942][root][INFO] - Epoch: 138, loss: 319.9473
[2026-05-28 13:49:09,005][root][INFO] - Epoch: 139, loss: 319.6951
[2026-05-28 13:49:09,068][root][INFO] - Epoch: 140, loss: 318.7680
[2026-05-28 13:49:09,131][root][INFO] - Epoch: 141, loss: 319.8389
[2026-05-28 13:49:09,195][root][INFO] - Epoch: 142, loss: 319.5983
[2026-05-28 13:49:09,259][root][INFO] - Epoch: 143, loss: 319.1144
[2026-05-28 13:49:09,324][root][INFO] - Epoch: 144, loss: 317.5744
[2026-05-28 13:49:09,387][root][INFO] - Epoch: 145, loss: 314.5667
[2026-05-28 13:49:09,452][root][INFO] - Epoch: 146, loss: 315.1961
[2026-05-28 13:49:09,514][root][INFO] - Epoch: 147, loss: 314.7953
[2026-05-28 13:49:09,578][root][INFO] - Epoch: 148, loss: 312.0633
[2026-05-28 13:49:09,642][root][INFO] - Epoch: 149, loss: 312.3313
[2026-05-28 13:49:09,708][root][INFO] - Epoch: 150, loss: 311.4003
[2026-05-28 13:49:09,775][root][INFO] - Epoch: 151, loss: 309.9256
[2026-05-28 13:49:09,842][root][INFO] - Epoch: 152, loss: 309.9149
[2026-05-28 13:49:09,907][root][INFO] - Epoch: 153, loss: 310.9178
[2026-05-28 13:49:09,971][root][INFO] - Epoch: 154, loss: 308.1689
[2026-05-28 13:49:10,036][root][INFO] - Epoch: 155, loss: 308.9143
[2026-05-28 13:49:10,100][root][INFO] - Epoch: 156, loss: 307.7322
[2026-05-28 13:49:10,164][root][INFO] - Epoch: 157, loss: 308.9578
[2026-05-28 13:49:10,227][root][INFO] - Epoch: 158, loss: 315.2515
[2026-05-28 13:49:10,291][root][INFO] - Epoch: 159, loss: 305.7608
[2026-05-28 13:49:10,356][root][INFO] - Epoch: 160, loss: 304.8392
[2026-05-28 13:49:10,422][root][INFO] - Epoch: 161, loss: 303.6208
[2026-05-28 13:49:10,488][root][INFO] - Epoch: 162, loss: 303.7724
[2026-05-28 13:49:10,555][root][INFO] - Epoch: 163, loss: 303.8633
[2026-05-28 13:49:10,622][root][INFO] - Epoch: 164, loss: 301.4059
[2026-05-28 13:49:10,686][root][INFO] - Epoch: 165, loss: 302.1119
[2026-05-28 13:49:10,751][root][INFO] - Epoch: 166, loss: 302.6013
[2026-05-28 13:49:10,819][root][INFO] - Epoch: 167, loss: 302.2531
[2026-05-28 13:49:10,891][root][INFO] - Epoch: 168, loss: 301.7400
[2026-05-28 13:49:10,963][root][INFO] - Epoch: 169, loss: 298.9547
[2026-05-28 13:49:11,031][root][INFO] - Epoch: 170, loss: 304.6814
[2026-05-28 13:49:11,098][root][INFO] - Epoch: 171, loss: 303.3273
[2026-05-28 13:49:11,169][root][INFO] - Epoch: 172, loss: 298.5471
[2026-05-28 13:49:11,234][root][INFO] - Epoch: 173, loss: 301.2695
[2026-05-28 13:49:11,299][root][INFO] - Epoch: 174, loss: 299.6325
[2026-05-28 13:49:11,364][root][INFO] - Epoch: 175, loss: 297.3824
[2026-05-28 13:49:11,430][root][INFO] - Epoch: 176, loss: 297.9774
[2026-05-28 13:49:11,495][root][INFO] - Epoch: 177, loss: 295.6038
[2026-05-28 13:49:11,567][root][INFO] - Epoch: 178, loss: 300.4889
[2026-05-28 13:49:11,643][root][INFO] - Epoch: 179, loss: 296.1477
[2026-05-28 13:49:11,714][root][INFO] - Epoch: 180, loss: 295.8228
[2026-05-28 13:49:11,787][root][INFO] - Epoch: 181, loss: 296.6567
[2026-05-28 13:49:11,860][root][INFO] - Epoch: 182, loss: 293.9661
[2026-05-28 13:49:11,928][root][INFO] - Epoch: 183, loss: 294.0666
[2026-05-28 13:49:11,997][root][INFO] - Epoch: 184, loss: 292.9278
[2026-05-28 13:49:12,066][root][INFO] - Epoch: 185, loss: 292.3781
[2026-05-28 13:49:12,133][root][INFO] - Epoch: 186, loss: 293.3654
[2026-05-28 13:49:12,207][root][INFO] - Epoch: 187, loss: 294.5334
[2026-05-28 13:49:12,275][root][INFO] - Epoch: 188, loss: 294.1352
[2026-05-28 13:49:12,343][root][INFO] - Epoch: 189, loss: 295.4490
[2026-05-28 13:49:12,416][root][INFO] - Epoch: 190, loss: 290.7505
[2026-05-28 13:49:12,483][root][INFO] - Epoch: 191, loss: 294.1895
[2026-05-28 13:49:12,549][root][INFO] - Epoch: 192, loss: 290.5027
[2026-05-28 13:49:12,616][root][INFO] - Epoch: 193, loss: 295.8509
[2026-05-28 13:49:12,681][root][INFO] - Epoch: 194, loss: 296.7491
[2026-05-28 13:49:12,744][root][INFO] - Epoch: 195, loss: 309.9810
[2026-05-28 13:49:12,809][root][INFO] - Epoch: 196, loss: 299.9437
[2026-05-28 13:49:12,872][root][INFO] - Epoch: 197, loss: 296.2330
[2026-05-28 13:49:12,937][root][INFO] - Epoch: 198, loss: 300.9421
[2026-05-28 13:49:13,000][root][INFO] - Epoch: 199, loss: 301.5980
[2026-05-28 13:49:13,064][root][INFO] - Epoch: 200, loss: 294.5487
[2026-05-28 13:49:13,115][root][INFO] - {'model_loss': '294.5487', 'recon_loss': '0.0000', 'triplet_loss': '294.5487'}
[2026-05-28 13:49:13,119][root][INFO] - Extinction event (pre-encoder)...
[2026-05-28 13:49:13,119][root][INFO] - Saving snapshot to runs/20260528_134854_kheperax_seed42/plots/latent_generation_10_before_ext.png
[2026-05-28 14:10:58,412][root][INFO] - {'wandb': {'project': 'mt-map-elites', 'job_type': 'train', 'name': '${now:%Y_%m_%d_%H_%M_%S}', 'mode': 'offline', 'group': '${env.name}', 'tags': ['${name}', '${env.name}']}, 'env': {'name': 'kheperax', 'reward_type': 'final', 'speed_bonus_factor': 1.0, 'episode_length': 200, 'resolution': [64, 64], 'policy_hidden_layer_size': [5], 'map_name': 'standard', 'lasers_return_minus_one_if_out_of_range': False, 'std_noise_wheel_velocities': 0.0, 'std_noise_sensor_measures': 0.0, 'action_scale': 0.025, 'grid_shape': [40, 40], 'min_bd': 0, 'max_bd': 1, 'num_init_cvt_samples': 50000, 'num_centroids': 1024, 'task': {'bd_extractor': 'xy_pos', 'grid_shape': [40, 40], 'min_bd': 0, 'max_bd': 1, 'num_init_cvt_samples': 50000, 'num_centroids': 1024, 'num_descriptors': 2}, 'vmax': 0, 'vmin': -124, 'observation_extraction': {'subsample': True, 'sampling_freq': 4, 'observation_option': 'sensory_data', 'normalize_obs': True, 'max_obs_size': 25}}, 'name': 'aurora_baseline', 'seed': 42, 'backend': 'jax', 'batch_size': 512, 'num_iterations': 2000, 'num_total_steps': 2000000, 'metrics_log_period': 5, 'log_answer_set_geometry': True, 'save_archive_checkpoints': False, 'archive_checkpoint_interval': 100, 'me_repertoire': False, 'iso_sigma': 0.2, 'line_sigma': 0, 'reinit_params': False, 'reinit_opt': True, 'no_csc': False, 'no_training': False, 'csc_orig': False, 'repertoire': 'adaptive', 'max_size': 1024, 'target_size': 922, 'l_value_init': 0.2, 'prop_gain': 0.0001, 'default_update_base': 10, 'model_batch_size': 128, 'hidden_size': 10, 'features': 8, 'model_epoch_period': 200, 'learning_rate': 0.01, 'min_delta_early_stopping': 0.0005, 'loss_type': 'triplet', 'triplet_margin': 0.2, 'triplet_loss_weight': 1, 'margin_auto_adjust': True, 'extinction': False, 'extinction_freq': 10, 'remaining_prop': 0.05, 'post_extinction_snapshot_offset': 5, 'top_k_percent': 20, 'extinction_mode': 'encoder_pre', 'target_extinction_count': 13, 'safe_keep': {'enabled': True, 'remaining_prop': 0.05, 'x_min': 0.0, 'x_max': 0.3, 'y_min_soft': 0.6, 'w_x_range': 1.5, 'w_y_high': 3.0, 'jitter_eps': 1e-06}, 'adaptive_extinction': {'warmup': 50, 'patience': 10, 'alpha': 0.2, 'cooldown': 10, 'd_min_patience': 5, 'd_min_alpha': 0.2, 'd_min_warmup': 25, 'd_min_cooldown': 5, 'd_min_window': 10, 'fitness_window': 10, 'd_min_stagnation_threshold': 0.03, 'fitness_improvement_threshold': 0.05, 'high_d_min_threshold': 0.75, 'high_d_min_patience': 12, 'fitness_patience': 5, 'ramped_prop_min': 0.05, 'ramped_prop_max': 0.4}, 'env_params': {'kheperax': {'iso_sigma': 0.2, 'line_sigma': 0}, 'ant_maze': {'iso_sigma': 0.005, 'line_sigma': 0.05}, 'walker': {'iso_sigma': 0.005, 'line_sigma': 0.05}, 'half_cheetah': {'iso_sigma': 0.005, 'line_sigma': 0.05}}}
[2026-05-28 14:10:58,413][root][INFO] - Training
[2026-05-28 14:10:58,844][jax._src.xla_bridge][INFO] - Unable to initialize backend 'rocm': module 'jaxlib.xla_extension' has no attribute 'GpuAllocatorConfig'
[2026-05-28 14:10:58,844][jax._src.xla_bridge][INFO] - Unable to initialize backend 'tpu': INTERNAL: Failed to open libtpu.so: libtpu.so: cannot open shared object file: No such file or directory
[2026-05-28 14:10:59,460][root][INFO] - Policy params count (search space): 42
[2026-05-28 14:10:59,931][root][INFO] - AE params count: 1335
[2026-05-28 14:10:59,931][root][INFO] - Algorithm initialization
[2026-05-28 14:11:03,030][root][INFO] - Repertoire initialized in 3.10 seconds
[2026-05-28 14:11:04,378][root][INFO] - Epoch: 1, loss: 0.0000
[2026-05-28 14:11:04,455][root][INFO] - Epoch: 2, loss: 0.0000
[2026-05-28 14:11:04,534][root][INFO] - Epoch: 3, loss: 0.0000
[2026-05-28 14:11:04,603][root][INFO] - Epoch: 4, loss: 0.0000
[2026-05-28 14:11:04,671][root][INFO] - Epoch: 5, loss: 0.0000
[2026-05-28 14:11:04,738][root][INFO] - Epoch: 6, loss: 0.0000
[2026-05-28 14:11:04,807][root][INFO] - Epoch: 7, loss: 0.0000
[2026-05-28 14:11:04,877][root][INFO] - Epoch: 8, loss: 0.0000
[2026-05-28 14:11:04,945][root][INFO] - Epoch: 9, loss: 0.0000
[2026-05-28 14:11:05,013][root][INFO] - Epoch: 10, loss: 0.0000
[2026-05-28 14:11:05,080][root][INFO] - Epoch: 11, loss: 0.0000
[2026-05-28 14:11:05,147][root][INFO] - Epoch: 12, loss: 0.0000
[2026-05-28 14:11:05,147][root][INFO] - Early stopping at epoch: 11
[2026-05-28 14:11:05,323][root][INFO] - Saving initialization snapshot
[2026-05-28 14:11:07,127][root][INFO] - Trigger signal logger writing to /workspace/src/output/final_encoder_pre_seed42/runs/20260528_141105_kheperax_seed42
[2026-05-28 14:11:10,110][root][INFO] - Generation 1/400 - Time: 1.84 seconds
[2026-05-28 14:11:10,116][root][INFO] - {'coverage': '100.00', 'max_fitness': '-13.92', 'passive_coverage': '12.79', 'passive_max_fitness': '-13.92', 'passive_mean_fitness': '-65.04', 'passive_qd_score': '10005.88', 'qd_score': '71448.72', 'mean_fitness_top_k': '-54.27'}
[2026-05-28 14:11:11,099][root][INFO] - Updating AE...
[2026-05-28 14:11:11,877][root][INFO] - Epoch: 1, loss: 26630.0371
[2026-05-28 14:11:11,947][root][INFO] - Epoch: 2, loss: 4685.4321
[2026-05-28 14:11:12,017][root][INFO] - Epoch: 3, loss: 2525.5928
[2026-05-28 14:11:12,086][root][INFO] - Epoch: 4, loss: 1711.5476
[2026-05-28 14:11:12,154][root][INFO] - Epoch: 5, loss: 1286.8464
[2026-05-28 14:11:12,221][root][INFO] - Epoch: 6, loss: 1047.7678
[2026-05-28 14:11:12,289][root][INFO] - Epoch: 7, loss: 898.5569
[2026-05-28 14:11:12,356][root][INFO] - Epoch: 8, loss: 794.1195
[2026-05-28 14:11:12,424][root][INFO] - Epoch: 9, loss: 716.5665
[2026-05-28 14:11:12,491][root][INFO] - Epoch: 10, loss: 654.4066
[2026-05-28 14:11:12,558][root][INFO] - Epoch: 11, loss: 605.0677
[2026-05-28 14:11:12,625][root][INFO] - Epoch: 12, loss: 565.0265
[2026-05-28 14:11:12,693][root][INFO] - Epoch: 13, loss: 531.0679
[2026-05-28 14:11:12,760][root][INFO] - Epoch: 14, loss: 503.0179
[2026-05-28 14:11:12,827][root][INFO] - Epoch: 15, loss: 479.4050
[2026-05-28 14:11:12,896][root][INFO] - Epoch: 16, loss: 460.5945
[2026-05-28 14:11:12,965][root][INFO] - Epoch: 17, loss: 444.1812
[2026-05-28 14:11:13,033][root][INFO] - Epoch: 18, loss: 431.8326
[2026-05-28 14:11:13,101][root][INFO] - Epoch: 19, loss: 421.3078
[2026-05-28 14:11:13,169][root][INFO] - Epoch: 20, loss: 413.1817
[2026-05-28 14:11:13,236][root][INFO] - Epoch: 21, loss: 406.5666
[2026-05-28 14:11:13,303][root][INFO] - Epoch: 22, loss: 400.7188
[2026-05-28 14:11:13,370][root][INFO] - Epoch: 23, loss: 396.4332
[2026-05-28 14:11:13,438][root][INFO] - Epoch: 24, loss: 392.7226
[2026-05-28 14:11:13,505][root][INFO] - Epoch: 25, loss: 389.5753
[2026-05-28 14:11:13,572][root][INFO] - Epoch: 26, loss: 386.9880
[2026-05-28 14:11:13,640][root][INFO] - Epoch: 27, loss: 384.6078
[2026-05-28 14:11:13,709][root][INFO] - Epoch: 28, loss: 382.4303
[2026-05-28 14:11:13,777][root][INFO] - Epoch: 29, loss: 380.6612
[2026-05-28 14:11:13,845][root][INFO] - Epoch: 30, loss: 378.8605
[2026-05-28 14:11:13,912][root][INFO] - Epoch: 31, loss: 377.3529
[2026-05-28 14:11:13,979][root][INFO] - Epoch: 32, loss: 376.1685
[2026-05-28 14:11:14,046][root][INFO] - Epoch: 33, loss: 374.7230
[2026-05-28 14:11:14,113][root][INFO] - Epoch: 34, loss: 373.5971
[2026-05-28 14:11:14,180][root][INFO] - Epoch: 35, loss: 372.6340
[2026-05-28 14:11:14,247][root][INFO] - Epoch: 36, loss: 371.7494
[2026-05-28 14:11:14,315][root][INFO] - Epoch: 37, loss: 370.8682
[2026-05-28 14:11:14,382][root][INFO] - Epoch: 38, loss: 370.0199
[2026-05-28 14:11:14,449][root][INFO] - Epoch: 39, loss: 369.3920
[2026-05-28 14:11:14,517][root][INFO] - Epoch: 40, loss: 368.5036
[2026-05-28 14:11:14,586][root][INFO] - Epoch: 41, loss: 367.9385
[2026-05-28 14:11:14,653][root][INFO] - Epoch: 42, loss: 367.2879
[2026-05-28 14:11:14,721][root][INFO] - Epoch: 43, loss: 366.5863
[2026-05-28 14:11:14,790][root][INFO] - Epoch: 44, loss: 365.9912
[2026-05-28 14:11:14,858][root][INFO] - Epoch: 45, loss: 365.2855
[2026-05-28 14:11:14,926][root][INFO] - Epoch: 46, loss: 364.7963
[2026-05-28 14:11:14,993][root][INFO] - Epoch: 47, loss: 364.0680
[2026-05-28 14:11:15,060][root][INFO] - Epoch: 48, loss: 363.5235
[2026-05-28 14:11:15,127][root][INFO] - Epoch: 49, loss: 362.9161
[2026-05-28 14:11:15,195][root][INFO] - Epoch: 50, loss: 362.3240
[2026-05-28 14:11:15,262][root][INFO] - Epoch: 51, loss: 361.8446
[2026-05-28 14:11:15,329][root][INFO] - Epoch: 52, loss: 361.2506
[2026-05-28 14:11:15,397][root][INFO] - Epoch: 53, loss: 360.6867
[2026-05-28 14:11:15,466][root][INFO] - Epoch: 54, loss: 360.2802
[2026-05-28 14:11:15,534][root][INFO] - Epoch: 55, loss: 359.6881
[2026-05-28 14:11:15,602][root][INFO] - Epoch: 56, loss: 359.1281
[2026-05-28 14:11:15,669][root][INFO] - Epoch: 57, loss: 358.6084
[2026-05-28 14:11:15,736][root][INFO] - Epoch: 58, loss: 358.0517
[2026-05-28 14:11:15,803][root][INFO] - Epoch: 59, loss: 357.4243
[2026-05-28 14:11:15,870][root][INFO] - Epoch: 60, loss: 357.0314
[2026-05-28 14:11:15,937][root][INFO] - Epoch: 61, loss: 356.5363
[2026-05-28 14:11:16,005][root][INFO] - Epoch: 62, loss: 355.9137
[2026-05-28 14:11:16,073][root][INFO] - Epoch: 63, loss: 355.3841
[2026-05-28 14:11:16,141][root][INFO] - Epoch: 64, loss: 354.9100
[2026-05-28 14:11:16,209][root][INFO] - Epoch: 65, loss: 354.4069
[2026-05-28 14:11:16,276][root][INFO] - Epoch: 66, loss: 353.7866
[2026-05-28 14:11:16,343][root][INFO] - Epoch: 67, loss: 353.3896
[2026-05-28 14:11:16,410][root][INFO] - Epoch: 68, loss: 352.9774
[2026-05-28 14:11:16,477][root][INFO] - Epoch: 69, loss: 352.3719
[2026-05-28 14:11:16,546][root][INFO] - Epoch: 70, loss: 351.8492
[2026-05-28 14:11:16,615][root][INFO] - Epoch: 71, loss: 351.7412
[2026-05-28 14:11:16,684][root][INFO] - Epoch: 72, loss: 350.8717
[2026-05-28 14:11:16,753][root][INFO] - Epoch: 73, loss: 350.3304
[2026-05-28 14:11:16,821][root][INFO] - Epoch: 74, loss: 349.8574
[2026-05-28 14:11:16,889][root][INFO] - Epoch: 75, loss: 349.4604
[2026-05-28 14:11:16,957][root][INFO] - Epoch: 76, loss: 349.0581
[2026-05-28 14:11:17,024][root][INFO] - Epoch: 77, loss: 348.5472
[2026-05-28 14:11:17,090][root][INFO] - Epoch: 78, loss: 347.9837
[2026-05-28 14:11:17,157][root][INFO] - Epoch: 79, loss: 347.7945
[2026-05-28 14:11:17,224][root][INFO] - Epoch: 80, loss: 347.0394
[2026-05-28 14:11:17,291][root][INFO] - Epoch: 81, loss: 346.6815
[2026-05-28 14:11:17,358][root][INFO] - Epoch: 82, loss: 346.0203
[2026-05-28 14:11:17,425][root][INFO] - Epoch: 83, loss: 345.6427
[2026-05-28 14:11:17,493][root][INFO] - Epoch: 84, loss: 345.2398
[2026-05-28 14:11:17,561][root][INFO] - Epoch: 85, loss: 344.5627
[2026-05-28 14:11:17,629][root][INFO] - Epoch: 86, loss: 344.0212
[2026-05-28 14:11:17,697][root][INFO] - Epoch: 87, loss: 343.5146
[2026-05-28 14:11:17,764][root][INFO] - Epoch: 88, loss: 343.3655
[2026-05-28 14:11:17,830][root][INFO] - Epoch: 89, loss: 342.5128
[2026-05-28 14:11:17,897][root][INFO] - Epoch: 90, loss: 342.1375
[2026-05-28 14:11:17,965][root][INFO] - Epoch: 91, loss: 341.8713
[2026-05-28 14:11:18,031][root][INFO] - Epoch: 92, loss: 341.2214
[2026-05-28 14:11:18,099][root][INFO] - Epoch: 93, loss: 340.6784
[2026-05-28 14:11:18,168][root][INFO] - Epoch: 94, loss: 340.2198
[2026-05-28 14:11:18,235][root][INFO] - Epoch: 95, loss: 339.8784
[2026-05-28 14:11:18,303][root][INFO] - Epoch: 96, loss: 339.4981
[2026-05-28 14:11:18,371][root][INFO] - Epoch: 97, loss: 339.0052
[2026-05-28 14:11:18,441][root][INFO] - Epoch: 98, loss: 338.7081
[2026-05-28 14:11:18,509][root][INFO] - Epoch: 99, loss: 338.0117
[2026-05-28 14:11:18,576][root][INFO] - Epoch: 100, loss: 337.7535
[2026-05-28 14:11:18,642][root][INFO] - Epoch: 101, loss: 337.8630
[2026-05-28 14:11:18,710][root][INFO] - Epoch: 102, loss: 336.6433
[2026-05-28 14:11:18,776][root][INFO] - Epoch: 103, loss: 336.2836
[2026-05-28 14:11:18,843][root][INFO] - Epoch: 104, loss: 336.1854
[2026-05-28 14:11:18,911][root][INFO] - Epoch: 105, loss: 335.1750
[2026-05-28 14:11:18,979][root][INFO] - Epoch: 106, loss: 335.1406
[2026-05-28 14:11:19,048][root][INFO] - Epoch: 107, loss: 334.6410
[2026-05-28 14:11:19,116][root][INFO] - Epoch: 108, loss: 334.0176
[2026-05-28 14:11:19,183][root][INFO] - Epoch: 109, loss: 333.3058
[2026-05-28 14:11:19,251][root][INFO] - Epoch: 110, loss: 332.8703
[2026-05-28 14:11:19,319][root][INFO] - Epoch: 111, loss: 332.6749
[2026-05-28 14:11:19,386][root][INFO] - Epoch: 112, loss: 333.2767
[2026-05-28 14:11:19,457][root][INFO] - Epoch: 113, loss: 332.0153
[2026-05-28 14:11:19,527][root][INFO] - Epoch: 114, loss: 331.3661
[2026-05-28 14:11:19,597][root][INFO] - Epoch: 115, loss: 331.4716
[2026-05-28 14:11:19,665][root][INFO] - Epoch: 116, loss: 330.6508
[2026-05-28 14:11:19,733][root][INFO] - Epoch: 117, loss: 329.6006
[2026-05-28 14:11:19,801][root][INFO] - Epoch: 118, loss: 329.6523
[2026-05-28 14:11:19,868][root][INFO] - Epoch: 119, loss: 329.3126
[2026-05-28 14:11:19,937][root][INFO] - Epoch: 120, loss: 328.5952
[2026-05-28 14:11:20,006][root][INFO] - Epoch: 121, loss: 327.9646
[2026-05-28 14:11:20,076][root][INFO] - Epoch: 122, loss: 327.6510
[2026-05-28 14:11:20,147][root][INFO] - Epoch: 123, loss: 327.6101
[2026-05-28 14:11:20,220][root][INFO] - Epoch: 124, loss: 326.2907
[2026-05-28 14:11:20,292][root][INFO] - Epoch: 125, loss: 326.1008
[2026-05-28 14:11:20,365][root][INFO] - Epoch: 126, loss: 325.5176
[2026-05-28 14:11:20,436][root][INFO] - Epoch: 127, loss: 325.0066
[2026-05-28 14:11:20,504][root][INFO] - Epoch: 128, loss: 325.5170
[2026-05-28 14:11:20,573][root][INFO] - Epoch: 129, loss: 325.5458
[2026-05-28 14:11:20,646][root][INFO] - Epoch: 130, loss: 324.8222
[2026-05-28 14:11:20,718][root][INFO] - Epoch: 131, loss: 323.3337
[2026-05-28 14:11:20,788][root][INFO] - Epoch: 132, loss: 324.1441
[2026-05-28 14:11:20,857][root][INFO] - Epoch: 133, loss: 323.1098
[2026-05-28 14:11:20,925][root][INFO] - Epoch: 134, loss: 321.6182
[2026-05-28 14:11:20,992][root][INFO] - Epoch: 135, loss: 322.4749
[2026-05-28 14:11:21,061][root][INFO] - Epoch: 136, loss: 320.4900
[2026-05-28 14:11:21,132][root][INFO] - Epoch: 137, loss: 320.4926
[2026-05-28 14:11:21,202][root][INFO] - Epoch: 138, loss: 319.9473
[2026-05-28 14:11:21,271][root][INFO] - Epoch: 139, loss: 319.6951
[2026-05-28 14:11:21,339][root][INFO] - Epoch: 140, loss: 318.7680
[2026-05-28 14:11:21,407][root][INFO] - Epoch: 141, loss: 319.8389
[2026-05-28 14:11:21,475][root][INFO] - Epoch: 142, loss: 319.5983
[2026-05-28 14:11:21,543][root][INFO] - Epoch: 143, loss: 319.1144
[2026-05-28 14:11:21,610][root][INFO] - Epoch: 144, loss: 317.5744
[2026-05-28 14:11:21,678][root][INFO] - Epoch: 145, loss: 314.5667
[2026-05-28 14:11:21,745][root][INFO] - Epoch: 146, loss: 315.1961
[2026-05-28 14:11:21,812][root][INFO] - Epoch: 147, loss: 314.7953
[2026-05-28 14:11:21,879][root][INFO] - Epoch: 148, loss: 312.0633
[2026-05-28 14:11:21,946][root][INFO] - Epoch: 149, loss: 312.3313
[2026-05-28 14:11:22,013][root][INFO] - Epoch: 150, loss: 311.4003
[2026-05-28 14:11:22,080][root][INFO] - Epoch: 151, loss: 309.9256
[2026-05-28 14:11:22,148][root][INFO] - Epoch: 152, loss: 309.9149
[2026-05-28 14:11:22,215][root][INFO] - Epoch: 153, loss: 310.9178
[2026-05-28 14:11:22,284][root][INFO] - Epoch: 154, loss: 308.1689
[2026-05-28 14:11:22,352][root][INFO] - Epoch: 155, loss: 308.9143
[2026-05-28 14:11:22,421][root][INFO] - Epoch: 156, loss: 307.7322
[2026-05-28 14:11:22,489][root][INFO] - Epoch: 157, loss: 308.9578
[2026-05-28 14:11:22,557][root][INFO] - Epoch: 158, loss: 315.2515
[2026-05-28 14:11:22,625][root][INFO] - Epoch: 159, loss: 305.7608
[2026-05-28 14:11:22,692][root][INFO] - Epoch: 160, loss: 304.8392
[2026-05-28 14:11:22,761][root][INFO] - Epoch: 161, loss: 303.6208
[2026-05-28 14:11:22,829][root][INFO] - Epoch: 162, loss: 303.7724
[2026-05-28 14:11:22,898][root][INFO] - Epoch: 163, loss: 303.8633
[2026-05-28 14:11:22,966][root][INFO] - Epoch: 164, loss: 301.4059
[2026-05-28 14:11:23,033][root][INFO] - Epoch: 165, loss: 302.1119
[2026-05-28 14:11:23,100][root][INFO] - Epoch: 166, loss: 302.6013
[2026-05-28 14:11:23,166][root][INFO] - Epoch: 167, loss: 302.2531
[2026-05-28 14:11:23,234][root][INFO] - Epoch: 168, loss: 301.7400
[2026-05-28 14:11:23,301][root][INFO] - Epoch: 169, loss: 298.9547
[2026-05-28 14:11:23,367][root][INFO] - Epoch: 170, loss: 304.6814
[2026-05-28 14:11:23,435][root][INFO] - Epoch: 171, loss: 303.3273
[2026-05-28 14:11:23,502][root][INFO] - Epoch: 172, loss: 298.5471
[2026-05-28 14:11:23,568][root][INFO] - Epoch: 173, loss: 301.2695
[2026-05-28 14:11:23,635][root][INFO] - Epoch: 174, loss: 299.6325
[2026-05-28 14:11:23,702][root][INFO] - Epoch: 175, loss: 297.3824
[2026-05-28 14:11:23,768][root][INFO] - Epoch: 176, loss: 297.9774
[2026-05-28 14:11:23,835][root][INFO] - Epoch: 177, loss: 295.6038
[2026-05-28 14:11:23,902][root][INFO] - Epoch: 178, loss: 300.4889
[2026-05-28 14:11:23,968][root][INFO] - Epoch: 179, loss: 296.1477
[2026-05-28 14:11:24,035][root][INFO] - Epoch: 180, loss: 295.8228
[2026-05-28 14:11:24,101][root][INFO] - Epoch: 181, loss: 296.6567
[2026-05-28 14:11:24,168][root][INFO] - Epoch: 182, loss: 293.9661
[2026-05-28 14:11:24,238][root][INFO] - Epoch: 183, loss: 294.0666
[2026-05-28 14:11:24,307][root][INFO] - Epoch: 184, loss: 292.9278
[2026-05-28 14:11:24,374][root][INFO] - Epoch: 185, loss: 292.3781
[2026-05-28 14:11:24,441][root][INFO] - Epoch: 186, loss: 293.3654
[2026-05-28 14:11:24,507][root][INFO] - Epoch: 187, loss: 294.5334
[2026-05-28 14:11:24,574][root][INFO] - Epoch: 188, loss: 294.1352
[2026-05-28 14:11:24,642][root][INFO] - Epoch: 189, loss: 295.4490
[2026-05-28 14:11:24,710][root][INFO] - Epoch: 190, loss: 290.7505
[2026-05-28 14:11:24,779][root][INFO] - Epoch: 191, loss: 294.1895
[2026-05-28 14:11:24,847][root][INFO] - Epoch: 192, loss: 290.5027
[2026-05-28 14:11:24,915][root][INFO] - Epoch: 193, loss: 295.8509
[2026-05-28 14:11:24,983][root][INFO] - Epoch: 194, loss: 296.7491
[2026-05-28 14:11:25,051][root][INFO] - Epoch: 195, loss: 309.9810
[2026-05-28 14:11:25,118][root][INFO] - Epoch: 196, loss: 299.9437
[2026-05-28 14:11:25,184][root][INFO] - Epoch: 197, loss: 296.2330
[2026-05-28 14:11:25,251][root][INFO] - Epoch: 198, loss: 300.9421
[2026-05-28 14:11:25,318][root][INFO] - Epoch: 199, loss: 301.5980
[2026-05-28 14:11:25,386][root][INFO] - Epoch: 200, loss: 294.5487
[2026-05-28 14:11:25,441][root][INFO] - {'model_loss': '294.5487', 'recon_loss': '0.0000', 'triplet_loss': '294.5487'}
[2026-05-28 14:11:25,445][root][INFO] - Extinction event (pre-encoder)...
[2026-05-28 14:11:25,445][root][INFO] - Saving snapshot to runs/20260528_141105_kheperax_seed42/plots/latent_generation_10_before_ext.png
[2026-05-28 14:11:26,960][root][INFO] - Saving snapshot to runs/20260528_141105_kheperax_seed42/plots/latent_generation_10_after_ext.png
[2026-05-28 14:11:28,124][root][INFO] - Updating AE...
[2026-05-28 14:11:28,834][root][INFO] - Epoch: 1, loss: 227.4932
[2026-05-28 14:11:28,903][root][INFO] - Epoch: 2, loss: 43.3871
[2026-05-28 14:11:28,972][root][INFO] - Epoch: 3, loss: 15.7366
[2026-05-28 14:11:29,041][root][INFO] - Epoch: 4, loss: 9.5650
[2026-05-28 14:11:29,109][root][INFO] - Epoch: 5, loss: 7.2147
[2026-05-28 14:11:29,176][root][INFO] - Epoch: 6, loss: 5.6332
[2026-05-28 14:11:29,242][root][INFO] - Epoch: 7, loss: 4.6537
[2026-05-28 14:11:29,311][root][INFO] - Epoch: 8, loss: 3.9606
[2026-05-28 14:11:29,380][root][INFO] - Epoch: 9, loss: 3.5185
[2026-05-28 14:11:29,448][root][INFO] - Epoch: 10, loss: 3.1685
[2026-05-28 14:11:29,516][root][INFO] - Epoch: 11, loss: 2.8701
[2026-05-28 14:11:29,583][root][INFO] - Epoch: 12, loss: 2.6435
[2026-05-28 14:11:29,649][root][INFO] - Epoch: 13, loss: 2.4175
[2026-05-28 14:11:29,717][root][INFO] - Epoch: 14, loss: 2.2571
[2026-05-28 14:11:29,784][root][INFO] - Epoch: 15, loss: 2.0853
[2026-05-28 14:11:29,851][root][INFO] - Epoch: 16, loss: 1.9443
[2026-05-28 14:11:29,919][root][INFO] - Epoch: 17, loss: 1.8165
[2026-05-28 14:11:29,987][root][INFO] - Epoch: 18, loss: 1.6994
[2026-05-28 14:11:30,056][root][INFO] - Epoch: 19, loss: 1.5966
[2026-05-28 14:11:30,125][root][INFO] - Epoch: 20, loss: 1.4992
[2026-05-28 14:11:30,192][root][INFO] - Epoch: 21, loss: 1.4079
[2026-05-28 14:11:30,259][root][INFO] - Epoch: 22, loss: 1.3328
[2026-05-28 14:11:30,326][root][INFO] - Epoch: 23, loss: 1.2622
[2026-05-28 14:11:30,394][root][INFO] - Epoch: 24, loss: 1.1948
[2026-05-28 14:11:30,460][root][INFO] - Epoch: 25, loss: 1.1320
[2026-05-28 14:11:30,527][root][INFO] - Epoch: 26, loss: 1.0759
[2026-05-28 14:11:30,594][root][INFO] - Epoch: 27, loss: 1.0259
[2026-05-28 14:11:30,661][root][INFO] - Epoch: 28, loss: 0.9735
[2026-05-28 14:11:30,729][root][INFO] - Epoch: 29, loss: 0.9320
[2026-05-28 14:11:30,797][root][INFO] - Epoch: 30, loss: 0.8901
[2026-05-28 14:11:30,865][root][INFO] - Epoch: 31, loss: 0.8519
[2026-05-28 14:11:30,933][root][INFO] - Epoch: 32, loss: 0.8163
[2026-05-28 14:11:31,001][root][INFO] - Epoch: 33, loss: 0.7839
[2026-05-28 14:11:31,069][root][INFO] - Epoch: 34, loss: 0.7529
[2026-05-28 14:11:31,137][root][INFO] - Epoch: 35, loss: 0.7231
[2026-05-28 14:11:31,205][root][INFO] - Epoch: 36, loss: 0.6973
[2026-05-28 14:11:31,272][root][INFO] - Epoch: 37, loss: 0.6717
[2026-05-28 14:11:31,339][root][INFO] - Epoch: 38, loss: 0.6462
[2026-05-28 14:11:31,406][root][INFO] - Epoch: 39, loss: 0.6244
[2026-05-28 14:11:31,473][root][INFO] - Epoch: 40, loss: 0.6039
[2026-05-28 14:11:31,541][root][INFO] - Epoch: 41, loss: 0.5843
[2026-05-28 14:11:31,608][root][INFO] - Epoch: 42, loss: 0.5661
[2026-05-28 14:11:31,676][root][INFO] - Epoch: 43, loss: 0.5488
[2026-05-28 14:11:31,743][root][INFO] - Epoch: 44, loss: 0.5325
[2026-05-28 14:11:31,810][root][INFO] - Epoch: 45, loss: 0.5163
[2026-05-28 14:11:31,877][root][INFO] - Epoch: 46, loss: 0.5018
[2026-05-28 14:11:31,944][root][INFO] - Epoch: 47, loss: 0.4879
[2026-05-28 14:11:32,012][root][INFO] - Epoch: 48, loss: 0.4750
[2026-05-28 14:11:32,079][root][INFO] - Epoch: 49, loss: 0.4627
[2026-05-28 14:11:32,145][root][INFO] - Epoch: 50, loss: 0.4514
[2026-05-28 14:11:32,214][root][INFO] - Epoch: 51, loss: 0.4401
[2026-05-28 14:11:32,280][root][INFO] - Epoch: 52, loss: 0.4300
[2026-05-28 14:11:32,347][root][INFO] - Epoch: 53, loss: 0.4199
[2026-05-28 14:11:32,413][root][INFO] - Epoch: 54, loss: 0.4103
[2026-05-28 14:11:32,480][root][INFO] - Epoch: 55, loss: 0.4016
[2026-05-28 14:11:32,547][root][INFO] - Epoch: 56, loss: 0.3934
[2026-05-28 14:11:32,615][root][INFO] - Epoch: 57, loss: 0.3847
[2026-05-28 14:11:32,683][root][INFO] - Epoch: 58, loss: 0.3772
[2026-05-28 14:11:32,751][root][INFO] - Epoch: 59, loss: 0.3702
[2026-05-28 14:11:32,818][root][INFO] - Epoch: 60, loss: 0.3626
[2026-05-28 14:11:32,884][root][INFO] - Epoch: 61, loss: 0.3564
[2026-05-28 14:11:32,951][root][INFO] - Epoch: 62, loss: 0.3497
[2026-05-28 14:11:33,018][root][INFO] - Epoch: 63, loss: 0.3439
[2026-05-28 14:11:33,084][root][INFO] - Epoch: 64, loss: 0.3381
[2026-05-28 14:11:33,152][root][INFO] - Epoch: 65, loss: 0.3326
[2026-05-28 14:11:33,221][root][INFO] - Epoch: 66, loss: 0.3269
[2026-05-28 14:11:33,289][root][INFO] - Epoch: 67, loss: 0.3219
[2026-05-28 14:11:33,356][root][INFO] - Epoch: 68, loss: 0.3170
[2026-05-28 14:11:33,422][root][INFO] - Epoch: 69, loss: 0.3125
[2026-05-28 14:11:33,489][root][INFO] - Epoch: 70, loss: 0.3076
[2026-05-28 14:11:33,555][root][INFO] - Epoch: 71, loss: 0.3033
[2026-05-28 14:11:33,625][root][INFO] - Epoch: 72, loss: 0.2993
[2026-05-28 14:11:33,694][root][INFO] - Epoch: 73, loss: 0.2953
[2026-05-28 14:11:33,761][root][INFO] - Epoch: 74, loss: 0.2914
[2026-05-28 14:11:33,828][root][INFO] - Epoch: 75, loss: 0.2877
[2026-05-28 14:11:33,894][root][INFO] - Epoch: 76, loss: 0.2842
[2026-05-28 14:11:33,962][root][INFO] - Epoch: 77, loss: 0.2807
[2026-05-28 14:11:34,029][root][INFO] - Epoch: 78, loss: 0.2773
[2026-05-28 14:11:34,097][root][INFO] - Epoch: 79, loss: 0.2742
[2026-05-28 14:11:34,164][root][INFO] - Epoch: 80, loss: 0.2710
[2026-05-28 14:11:34,231][root][INFO] - Epoch: 81, loss: 0.2681
[2026-05-28 14:11:34,299][root][INFO] - Epoch: 82, loss: 0.2650
[2026-05-28 14:11:34,366][root][INFO] - Epoch: 83, loss: 0.2621
[2026-05-28 14:11:34,434][root][INFO] - Epoch: 84, loss: 0.2595
[2026-05-28 14:11:34,502][root][INFO] - Epoch: 85, loss: 0.2569
[2026-05-28 14:11:34,569][root][INFO] - Epoch: 86, loss: 0.2543
[2026-05-28 14:11:34,636][root][INFO] - Epoch: 87, loss: 0.2519
[2026-05-28 14:11:34,703][root][INFO] - Epoch: 88, loss: 0.2493
[2026-05-28 14:11:34,769][root][INFO] - Epoch: 89, loss: 0.2470
[2026-05-28 14:11:34,835][root][INFO] - Epoch: 90, loss: 0.2447
[2026-05-28 14:11:34,902][root][INFO] - Epoch: 91, loss: 0.2425
[2026-05-28 14:11:34,969][root][INFO] - Epoch: 92, loss: 0.2405
[2026-05-28 14:11:35,035][root][INFO] - Epoch: 93, loss: 0.2383
[2026-05-28 14:11:35,102][root][INFO] - Epoch: 94, loss: 0.2363
[2026-05-28 14:11:35,169][root][INFO] - Epoch: 95, loss: 0.2343
[2026-05-28 14:11:35,236][root][INFO] - Epoch: 96, loss: 0.2325
[2026-05-28 14:11:35,303][root][INFO] - Epoch: 97, loss: 0.2307
[2026-05-28 14:11:35,370][root][INFO] - Epoch: 98, loss: 0.2288
[2026-05-28 14:11:35,437][root][INFO] - Epoch: 99, loss: 0.2271
[2026-05-28 14:11:35,504][root][INFO] - Epoch: 100, loss: 0.2254
[2026-05-28 14:11:35,570][root][INFO] - Epoch: 101, loss: 0.2237
[2026-05-28 14:11:35,637][root][INFO] - Epoch: 102, loss: 0.2220
[2026-05-28 14:11:35,704][root][INFO] - Epoch: 103, loss: 0.2205
[2026-05-28 14:11:35,770][root][INFO] - Epoch: 104, loss: 0.2189
[2026-05-28 14:11:35,837][root][INFO] - Epoch: 105, loss: 0.2174
[2026-05-28 14:11:35,903][root][INFO] - Epoch: 106, loss: 0.2159
[2026-05-28 14:11:35,970][root][INFO] - Epoch: 107, loss: 0.2145
[2026-05-28 14:11:36,037][root][INFO] - Epoch: 108, loss: 0.2132
[2026-05-28 14:11:36,104][root][INFO] - Epoch: 109, loss: 0.2117
[2026-05-28 14:11:36,170][root][INFO] - Epoch: 110, loss: 0.2103
[2026-05-28 14:11:36,237][root][INFO] - Epoch: 111, loss: 0.2091
[2026-05-28 14:11:36,303][root][INFO] - Epoch: 112, loss: 0.2077
[2026-05-28 14:11:36,370][root][INFO] - Epoch: 113, loss: 0.2064
[2026-05-28 14:11:36,437][root][INFO] - Epoch: 114, loss: 0.2054
[2026-05-28 14:11:36,503][root][INFO] - Epoch: 115, loss: 0.2042
[2026-05-28 14:11:36,570][root][INFO] - Epoch: 116, loss: 0.2029
[2026-05-28 14:11:36,636][root][INFO] - Epoch: 117, loss: 0.2019
[2026-05-28 14:11:36,703][root][INFO] - Epoch: 118, loss: 0.2008
[2026-05-28 14:11:36,769][root][INFO] - Epoch: 119, loss: 0.1996
[2026-05-28 14:11:36,836][root][INFO] - Epoch: 120, loss: 0.1986
[2026-05-28 14:11:36,902][root][INFO] - Epoch: 121, loss: 0.1975
[2026-05-28 14:11:36,969][root][INFO] - Epoch: 122, loss: 0.1965
[2026-05-28 14:11:37,036][root][INFO] - Epoch: 123, loss: 0.1955
[2026-05-28 14:11:37,103][root][INFO] - Epoch: 124, loss: 0.1945
[2026-05-28 14:11:37,169][root][INFO] - Epoch: 125, loss: 0.1935
[2026-05-28 14:11:37,236][root][INFO] - Epoch: 126, loss: 0.1926
[2026-05-28 14:11:37,302][root][INFO] - Epoch: 127, loss: 0.1916
[2026-05-28 14:11:37,369][root][INFO] - Epoch: 128, loss: 0.1908
[2026-05-28 14:11:37,436][root][INFO] - Epoch: 129, loss: 0.1899
[2026-05-28 14:11:37,502][root][INFO] - Epoch: 130, loss: 0.1889
[2026-05-28 14:11:37,569][root][INFO] - Epoch: 131, loss: 0.1881
[2026-05-28 14:11:37,635][root][INFO] - Epoch: 132, loss: 0.1872
[2026-05-28 14:11:37,702][root][INFO] - Epoch: 133, loss: 0.1865
[2026-05-28 14:11:37,769][root][INFO] - Epoch: 134, loss: 0.1856
[2026-05-28 14:11:37,836][root][INFO] - Epoch: 135, loss: 0.1848
[2026-05-28 14:11:37,903][root][INFO] - Epoch: 136, loss: 0.1840
[2026-05-28 14:11:37,969][root][INFO] - Epoch: 137, loss: 0.1833
[2026-05-28 14:11:38,035][root][INFO] - Epoch: 138, loss: 0.1825
[2026-05-28 14:11:38,103][root][INFO] - Epoch: 139, loss: 0.1817
[2026-05-28 14:11:38,169][root][INFO] - Epoch: 140, loss: 0.1810
[2026-05-28 14:11:38,237][root][INFO] - Epoch: 141, loss: 0.1803
[2026-05-28 14:11:38,304][root][INFO] - Epoch: 142, loss: 0.1795
[2026-05-28 14:11:38,370][root][INFO] - Epoch: 143, loss: 0.1789
[2026-05-28 14:11:38,441][root][INFO] - Epoch: 144, loss: 0.1783
[2026-05-28 14:11:38,508][root][INFO] - Epoch: 145, loss: 0.1776
[2026-05-28 14:11:38,574][root][INFO] - Epoch: 146, loss: 0.1768
[2026-05-28 14:11:38,642][root][INFO] - Epoch: 147, loss: 0.1762
[2026-05-28 14:11:38,708][root][INFO] - Epoch: 148, loss: 0.1755
[2026-05-28 14:11:38,775][root][INFO] - Epoch: 149, loss: 0.1749
[2026-05-28 14:11:38,841][root][INFO] - Epoch: 150, loss: 0.1743
[2026-05-28 14:11:38,908][root][INFO] - Epoch: 151, loss: 0.1737
[2026-05-28 14:11:38,974][root][INFO] - Epoch: 152, loss: 0.1732
[2026-05-28 14:11:39,041][root][INFO] - Epoch: 153, loss: 0.1725
[2026-05-28 14:11:39,107][root][INFO] - Epoch: 154, loss: 0.1719
[2026-05-28 14:11:39,173][root][INFO] - Epoch: 155, loss: 0.1713
[2026-05-28 14:11:39,240][root][INFO] - Epoch: 156, loss: 0.1707
[2026-05-28 14:11:39,307][root][INFO] - Epoch: 157, loss: 0.1701
[2026-05-28 14:11:39,373][root][INFO] - Epoch: 158, loss: 0.1696
[2026-05-28 14:11:39,441][root][INFO] - Epoch: 159, loss: 0.1691
[2026-05-28 14:11:39,510][root][INFO] - Epoch: 160, loss: 0.1685
[2026-05-28 14:11:39,579][root][INFO] - Epoch: 161, loss: 0.1680
[2026-05-28 14:11:39,646][root][INFO] - Epoch: 162, loss: 0.1675
[2026-05-28 14:11:39,713][root][INFO] - Epoch: 163, loss: 0.1670
[2026-05-28 14:11:39,780][root][INFO] - Epoch: 164, loss: 0.1664
[2026-05-28 14:11:39,847][root][INFO] - Epoch: 165, loss: 0.1660
[2026-05-28 14:11:39,914][root][INFO] - Epoch: 166, loss: 0.1655
[2026-05-28 14:11:39,982][root][INFO] - Epoch: 167, loss: 0.1650
[2026-05-28 14:11:40,049][root][INFO] - Epoch: 168, loss: 0.1646
[2026-05-28 14:11:40,115][root][INFO] - Epoch: 169, loss: 0.1641
[2026-05-28 14:11:40,182][root][INFO] - Epoch: 170, loss: 0.1636
[2026-05-28 14:11:40,248][root][INFO] - Epoch: 171, loss: 0.1631
[2026-05-28 14:11:40,315][root][INFO] - Epoch: 172, loss: 0.1627
[2026-05-28 14:11:40,382][root][INFO] - Epoch: 173, loss: 0.1622
[2026-05-28 14:11:40,449][root][INFO] - Epoch: 174, loss: 0.1618
[2026-05-28 14:11:40,516][root][INFO] - Epoch: 175, loss: 0.1614
[2026-05-28 14:11:40,582][root][INFO] - Epoch: 176, loss: 0.1610
[2026-05-28 14:11:40,649][root][INFO] - Epoch: 177, loss: 0.1606
[2026-05-28 14:11:40,715][root][INFO] - Epoch: 178, loss: 0.1601
[2026-05-28 14:11:40,782][root][INFO] - Epoch: 179, loss: 0.1597
[2026-05-28 14:11:40,848][root][INFO] - Epoch: 180, loss: 0.1594
[2026-05-28 14:11:40,915][root][INFO] - Epoch: 181, loss: 0.1589
[2026-05-28 14:11:40,981][root][INFO] - Epoch: 182, loss: 0.1585
[2026-05-28 14:11:41,047][root][INFO] - Epoch: 183, loss: 0.1581
[2026-05-28 14:11:41,114][root][INFO] - Epoch: 184, loss: 0.1577
[2026-05-28 14:11:41,181][root][INFO] - Epoch: 185, loss: 0.1573
[2026-05-28 14:11:41,247][root][INFO] - Epoch: 186, loss: 0.1570
[2026-05-28 14:11:41,313][root][INFO] - Epoch: 187, loss: 0.1566
[2026-05-28 14:11:41,380][root][INFO] - Epoch: 188, loss: 0.1562
[2026-05-28 14:11:41,446][root][INFO] - Epoch: 189, loss: 0.1559
[2026-05-28 14:11:41,513][root][INFO] - Epoch: 190, loss: 0.1556
[2026-05-28 14:11:41,579][root][INFO] - Epoch: 191, loss: 0.1552
[2026-05-28 14:11:41,646][root][INFO] - Epoch: 192, loss: 0.1548
[2026-05-28 14:11:41,712][root][INFO] - Epoch: 193, loss: 0.1545
[2026-05-28 14:11:41,779][root][INFO] - Epoch: 194, loss: 0.1542
[2026-05-28 14:11:41,845][root][INFO] - Epoch: 195, loss: 0.1538
[2026-05-28 14:11:41,912][root][INFO] - Epoch: 196, loss: 0.1535
[2026-05-28 14:11:41,979][root][INFO] - Epoch: 197, loss: 0.1532
[2026-05-28 14:11:42,046][root][INFO] - Epoch: 198, loss: 0.1529
[2026-05-28 14:11:42,112][root][INFO] - Epoch: 199, loss: 0.1525
[2026-05-28 14:11:42,179][root][INFO] - Epoch: 200, loss: 0.1522
[2026-05-28 14:11:42,211][root][INFO] - {'model_loss': '0.1522', 'recon_loss': '0.0000', 'triplet_loss': '0.1522'}
[2026-05-28 14:11:42,224][root][INFO] - Generation 2/400 - Time: 0.00 seconds
[2026-05-28 14:11:42,225][root][INFO] - {'coverage': '100.00', 'max_fitness': '-13.27', 'passive_coverage': '15.14', 'passive_max_fitness': '-13.27', 'passive_mean_fitness': '-62.02', 'passive_qd_score': '12306.80', 'qd_score': '75928.33', 'mean_fitness_top_k': '-42.66'}
[2026-05-28 14:11:43,198][root][INFO] - Generation 3/400 - Time: 0.00 seconds
[2026-05-28 14:11:43,199][root][INFO] - {'coverage': '100.00', 'max_fitness': '-12.96', 'passive_coverage': '17.77', 'passive_max_fitness': '-12.96', 'passive_mean_fitness': '-61.06', 'passive_qd_score': '14624.94', 'qd_score': '76528.67', 'mean_fitness_top_k': '-35.86'}
[2026-05-28 14:11:44,170][root][INFO] - Generation 4/400 - Time: 0.00 seconds
[2026-05-28 14:11:44,171][root][INFO] - {'coverage': '100.00', 'max_fitness': '-12.86', 'passive_coverage': '18.95', 'passive_max_fitness': '-12.86', 'passive_mean_fitness': '-61.66', 'passive_qd_score': '15473.76', 'qd_score': '74850.34', 'mean_fitness_top_k': '-40.12'}
[2026-05-28 14:11:45,143][root][INFO] - Generation 5/400 - Time: 0.00 seconds
[2026-05-28 14:11:45,144][root][INFO] - {'coverage': '100.00', 'max_fitness': '-12.86', 'passive_coverage': '20.51', 'passive_max_fitness': '-12.86', 'passive_mean_fitness': '-61.21', 'passive_qd_score': '16843.74', 'qd_score': '74955.48', 'mean_fitness_top_k': '-40.35'}
[2026-05-28 14:11:46,153][root][INFO] - Updating AE...
[2026-05-28 14:11:46,950][root][INFO] - Epoch: 1, loss: 55.4825
[2026-05-28 14:11:47,020][root][INFO] - Epoch: 2, loss: 43.5347
[2026-05-28 14:11:47,089][root][INFO] - Epoch: 3, loss: 43.0776
[2026-05-28 14:11:47,157][root][INFO] - Epoch: 4, loss: 42.2778
[2026-05-28 14:11:47,224][root][INFO] - Epoch: 5, loss: 41.5852
[2026-05-28 14:11:47,290][root][INFO] - Epoch: 6, loss: 41.3885
[2026-05-28 14:11:47,357][root][INFO] - Epoch: 7, loss: 40.4426
[2026-05-28 14:11:47,424][root][INFO] - Epoch: 8, loss: 40.9822
[2026-05-28 14:11:47,491][root][INFO] - Epoch: 9, loss: 39.6141
[2026-05-28 14:11:47,557][root][INFO] - Epoch: 10, loss: 40.2222
[2026-05-28 14:11:47,624][root][INFO] - Epoch: 11, loss: 39.9774
[2026-05-28 14:11:47,691][root][INFO] - Epoch: 12, loss: 39.6872
[2026-05-28 14:11:47,758][root][INFO] - Epoch: 13, loss: 39.3939
[2026-05-28 14:11:47,824][root][INFO] - Epoch: 14, loss: 39.2316
[2026-05-28 14:11:47,890][root][INFO] - Epoch: 15, loss: 39.2028
[2026-05-28 14:11:47,957][root][INFO] - Epoch: 16, loss: 38.3838
[2026-05-28 14:11:48,024][root][INFO] - Epoch: 17, loss: 38.5154
[2026-05-28 14:11:48,090][root][INFO] - Epoch: 18, loss: 38.8818
[2026-05-28 14:11:48,157][root][INFO] - Epoch: 19, loss: 39.5756
[2026-05-28 14:11:48,223][root][INFO] - Epoch: 20, loss: 38.9635
[2026-05-28 14:11:48,290][root][INFO] - Epoch: 21, loss: 39.8111
[2026-05-28 14:11:48,356][root][INFO] - Epoch: 22, loss: 37.8156
[2026-05-28 14:11:48,426][root][INFO] - Epoch: 23, loss: 37.7123
[2026-05-28 14:11:48,494][root][INFO] - Epoch: 24, loss: 38.0314
[2026-05-28 14:11:48,561][root][INFO] - Epoch: 25, loss: 37.5807
[2026-05-28 14:11:48,627][root][INFO] - Epoch: 26, loss: 37.2909
[2026-05-28 14:11:48,694][root][INFO] - Epoch: 27, loss: 37.2141
[2026-05-28 14:11:48,760][root][INFO] - Epoch: 28, loss: 36.8373
[2026-05-28 14:11:48,827][root][INFO] - Epoch: 29, loss: 36.7445
[2026-05-28 14:11:48,893][root][INFO] - Epoch: 30, loss: 36.6243
[2026-05-28 14:11:48,960][root][INFO] - Epoch: 31, loss: 36.3379
[2026-05-28 14:11:49,028][root][INFO] - Epoch: 32, loss: 35.7476
[2026-05-28 14:11:49,095][root][INFO] - Epoch: 33, loss: 35.7130
[2026-05-28 14:11:49,162][root][INFO] - Epoch: 34, loss: 35.5018
[2026-05-28 14:11:49,228][root][INFO] - Epoch: 35, loss: 34.8307
[2026-05-28 14:11:49,295][root][INFO] - Epoch: 36, loss: 35.0814
[2026-05-28 14:11:49,361][root][INFO] - Epoch: 37, loss: 35.0316
[2026-05-28 14:11:49,429][root][INFO] - Epoch: 38, loss: 34.8017
[2026-05-28 14:11:49,495][root][INFO] - Epoch: 39, loss: 34.7265
[2026-05-28 14:11:49,563][root][INFO] - Epoch: 40, loss: 34.4202
[2026-05-28 14:11:49,630][root][INFO] - Epoch: 41, loss: 33.6809
[2026-05-28 14:11:49,697][root][INFO] - Epoch: 42, loss: 34.5481
[2026-05-28 14:11:49,764][root][INFO] - Epoch: 43, loss: 34.1194
[2026-05-28 14:11:49,831][root][INFO] - Epoch: 44, loss: 35.7299
[2026-05-28 14:11:49,897][root][INFO] - Epoch: 45, loss: 34.3340
[2026-05-28 14:11:49,964][root][INFO] - Epoch: 46, loss: 34.2684
[2026-05-28 14:11:50,031][root][INFO] - Epoch: 47, loss: 33.7263
[2026-05-28 14:11:50,098][root][INFO] - Epoch: 48, loss: 32.8643
[2026-05-28 14:11:50,164][root][INFO] - Epoch: 49, loss: 32.5465
[2026-05-28 14:11:50,231][root][INFO] - Epoch: 50, loss: 32.9259
[2026-05-28 14:11:50,298][root][INFO] - Epoch: 51, loss: 31.7305
[2026-05-28 14:11:50,364][root][INFO] - Epoch: 52, loss: 31.7854
[2026-05-28 14:11:50,431][root][INFO] - Epoch: 53, loss: 31.5841
[2026-05-28 14:11:50,497][root][INFO] - Epoch: 54, loss: 30.7756
[2026-05-28 14:11:50,563][root][INFO] - Epoch: 55, loss: 31.0288
[2026-05-28 14:11:50,630][root][INFO] - Epoch: 56, loss: 31.3332
[2026-05-28 14:11:50,696][root][INFO] - Epoch: 57, loss: 31.5599
[2026-05-28 14:11:50,763][root][INFO] - Epoch: 58, loss: 30.7653
[2026-05-28 14:11:50,830][root][INFO] - Epoch: 59, loss: 31.4610
[2026-05-28 14:11:50,897][root][INFO] - Epoch: 60, loss: 31.1371
[2026-05-28 14:11:50,963][root][INFO] - Epoch: 61, loss: 30.6376
[2026-05-28 14:11:51,030][root][INFO] - Epoch: 62, loss: 32.1588
[2026-05-28 14:11:51,096][root][INFO] - Epoch: 63, loss: 32.0885
[2026-05-28 14:11:51,163][root][INFO] - Epoch: 64, loss: 31.0840
[2026-05-28 14:11:51,229][root][INFO] - Epoch: 65, loss: 30.5031
[2026-05-28 14:11:51,295][root][INFO] - Epoch: 66, loss: 30.3688
[2026-05-28 14:11:51,362][root][INFO] - Epoch: 67, loss: 29.7796
[2026-05-28 14:11:51,428][root][INFO] - Epoch: 68, loss: 28.8516
[2026-05-28 14:11:51,494][root][INFO] - Epoch: 69, loss: 28.5271
[2026-05-28 14:11:51,561][root][INFO] - Epoch: 70, loss: 28.5704
[2026-05-28 14:11:51,627][root][INFO] - Epoch: 71, loss: 28.6682
[2026-05-28 14:11:51,693][root][INFO] - Epoch: 72, loss: 28.7977
[2026-05-28 14:11:51,760][root][INFO] - Epoch: 73, loss: 28.3683
[2026-05-28 14:11:51,826][root][INFO] - Epoch: 74, loss: 28.2816
[2026-05-28 14:11:51,893][root][INFO] - Epoch: 75, loss: 28.1326
[2026-05-28 14:11:51,960][root][INFO] - Epoch: 76, loss: 27.4169
[2026-05-28 14:11:52,027][root][INFO] - Epoch: 77, loss: 27.3593
[2026-05-28 14:11:52,093][root][INFO] - Epoch: 78, loss: 27.3091
[2026-05-28 14:11:52,160][root][INFO] - Epoch: 79, loss: 28.5476
[2026-05-28 14:11:52,226][root][INFO] - Epoch: 80, loss: 28.0656
[2026-05-28 14:11:52,292][root][INFO] - Epoch: 81, loss: 27.7212
[2026-05-28 14:11:52,359][root][INFO] - Epoch: 82, loss: 26.5822
[2026-05-28 14:11:52,425][root][INFO] - Epoch: 83, loss: 26.7555
[2026-05-28 14:11:52,492][root][INFO] - Epoch: 84, loss: 26.4191
[2026-05-28 14:11:52,558][root][INFO] - Epoch: 85, loss: 25.7908
[2026-05-28 14:11:52,624][root][INFO] - Epoch: 86, loss: 25.8558
[2026-05-28 14:11:52,690][root][INFO] - Epoch: 87, loss: 26.3090
[2026-05-28 14:11:52,757][root][INFO] - Epoch: 88, loss: 26.2362
[2026-05-28 14:11:52,823][root][INFO] - Epoch: 89, loss: 25.9414
[2026-05-28 14:11:52,890][root][INFO] - Epoch: 90, loss: 26.7313
[2026-05-28 14:11:52,956][root][INFO] - Epoch: 91, loss: 25.7034
[2026-05-28 14:11:53,022][root][INFO] - Epoch: 92, loss: 26.0590
[2026-05-28 14:11:53,089][root][INFO] - Epoch: 93, loss: 25.5148
[2026-05-28 14:11:53,155][root][INFO] - Epoch: 94, loss: 25.1225
[2026-05-28 14:11:53,222][root][INFO] - Epoch: 95, loss: 25.2438
[2026-05-28 14:11:53,289][root][INFO] - Epoch: 96, loss: 24.7752
[2026-05-28 14:11:53,355][root][INFO] - Epoch: 97, loss: 24.4948
[2026-05-28 14:11:53,421][root][INFO] - Epoch: 98, loss: 24.7297
[2026-05-28 14:11:53,488][root][INFO] - Epoch: 99, loss: 25.2954
[2026-05-28 14:11:53,555][root][INFO] - Epoch: 100, loss: 24.9619
[2026-05-28 14:11:53,621][root][INFO] - Epoch: 101, loss: 25.5136
[2026-05-28 14:11:53,688][root][INFO] - Epoch: 102, loss: 24.4810
[2026-05-28 14:11:53,755][root][INFO] - Epoch: 103, loss: 25.3500
[2026-05-28 14:11:53,821][root][INFO] - Epoch: 104, loss: 24.1681
[2026-05-28 14:11:53,887][root][INFO] - Epoch: 105, loss: 24.8660
[2026-05-28 14:11:53,954][root][INFO] - Epoch: 106, loss: 23.5043
[2026-05-28 14:11:54,020][root][INFO] - Epoch: 107, loss: 22.6425
[2026-05-28 14:11:54,087][root][INFO] - Epoch: 108, loss: 23.1191
[2026-05-28 14:11:54,153][root][INFO] - Epoch: 109, loss: 24.5619
[2026-05-28 14:11:54,220][root][INFO] - Epoch: 110, loss: 24.5506
[2026-05-28 14:11:54,286][root][INFO] - Epoch: 111, loss: 23.9926
[2026-05-28 14:11:54,354][root][INFO] - Epoch: 112, loss: 22.3434
[2026-05-28 14:11:54,422][root][INFO] - Epoch: 113, loss: 21.7925
[2026-05-28 14:11:54,489][root][INFO] - Epoch: 114, loss: 21.7918
[2026-05-28 14:11:54,555][root][INFO] - Epoch: 115, loss: 21.2815
[2026-05-28 14:11:54,621][root][INFO] - Epoch: 116, loss: 21.5498
[2026-05-28 14:11:54,687][root][INFO] - Epoch: 117, loss: 21.1785
[2026-05-28 14:11:54,754][root][INFO] - Epoch: 118, loss: 20.5706
[2026-05-28 14:11:54,820][root][INFO] - Epoch: 119, loss: 20.3540
[2026-05-28 14:11:54,886][root][INFO] - Epoch: 120, loss: 20.4381
[2026-05-28 14:11:54,952][root][INFO] - Epoch: 121, loss: 20.7463
[2026-05-28 14:11:55,019][root][INFO] - Epoch: 122, loss: 20.1518
[2026-05-28 14:11:55,085][root][INFO] - Epoch: 123, loss: 20.5734
[2026-05-28 14:11:55,152][root][INFO] - Epoch: 124, loss: 19.6772
[2026-05-28 14:11:55,218][root][INFO] - Epoch: 125, loss: 19.0779
[2026-05-28 14:11:55,288][root][INFO] - Epoch: 126, loss: 19.1284
[2026-05-28 14:11:55,356][root][INFO] - Epoch: 127, loss: 19.9406
[2026-05-28 14:11:55,425][root][INFO] - Epoch: 128, loss: 19.5025
[2026-05-28 14:11:55,492][root][INFO] - Epoch: 129, loss: 19.5254
[2026-05-28 14:11:55,558][root][INFO] - Epoch: 130, loss: 19.2628
[2026-05-28 14:11:55,625][root][INFO] - Epoch: 131, loss: 19.1755
[2026-05-28 14:11:55,691][root][INFO] - Epoch: 132, loss: 19.2312
[2026-05-28 14:11:55,758][root][INFO] - Epoch: 133, loss: 18.3552
[2026-05-28 14:11:55,824][root][INFO] - Epoch: 134, loss: 19.2508
[2026-05-28 14:11:55,891][root][INFO] - Epoch: 135, loss: 18.1432
[2026-05-28 14:11:55,957][root][INFO] - Epoch: 136, loss: 18.3733
[2026-05-28 14:11:56,023][root][INFO] - Epoch: 137, loss: 18.4606
[2026-05-28 14:11:56,090][root][INFO] - Epoch: 138, loss: 18.1204
[2026-05-28 14:11:56,156][root][INFO] - Epoch: 139, loss: 18.0297
[2026-05-28 14:11:56,223][root][INFO] - Epoch: 140, loss: 18.0812
[2026-05-28 14:11:56,289][root][INFO] - Epoch: 141, loss: 18.2935
[2026-05-28 14:11:56,356][root][INFO] - Epoch: 142, loss: 17.7568
[2026-05-28 14:11:56,422][root][INFO] - Epoch: 143, loss: 17.8087
[2026-05-28 14:11:56,488][root][INFO] - Epoch: 144, loss: 18.4300
[2026-05-28 14:11:56,555][root][INFO] - Epoch: 145, loss: 18.0887
[2026-05-28 14:11:56,621][root][INFO] - Epoch: 146, loss: 17.3712
[2026-05-28 14:11:56,687][root][INFO] - Epoch: 147, loss: 17.2886
[2026-05-28 14:11:56,754][root][INFO] - Epoch: 148, loss: 18.2183
[2026-05-28 14:11:56,820][root][INFO] - Epoch: 149, loss: 17.1461
[2026-05-28 14:11:56,886][root][INFO] - Epoch: 150, loss: 17.5670
[2026-05-28 14:11:56,953][root][INFO] - Epoch: 151, loss: 17.4386
[2026-05-28 14:11:57,018][root][INFO] - Epoch: 152, loss: 16.7663
[2026-05-28 14:11:57,085][root][INFO] - Epoch: 153, loss: 17.1881
[2026-05-28 14:11:57,151][root][INFO] - Epoch: 154, loss: 16.8479
[2026-05-28 14:11:57,217][root][INFO] - Epoch: 155, loss: 16.0237
[2026-05-28 14:11:57,283][root][INFO] - Epoch: 156, loss: 15.9547
[2026-05-28 14:11:57,350][root][INFO] - Epoch: 157, loss: 27.5217
[2026-05-28 14:11:57,416][root][INFO] - Epoch: 158, loss: 26.2387
[2026-05-28 14:11:57,502][root][INFO] - Epoch: 159, loss: 24.5060
[2026-05-28 14:11:57,572][root][INFO] - Epoch: 160, loss: 21.4040
[2026-05-28 14:11:57,640][root][INFO] - Epoch: 161, loss: 20.3563
[2026-05-28 14:11:57,708][root][INFO] - Epoch: 162, loss: 19.7530
[2026-05-28 14:11:57,777][root][INFO] - Epoch: 163, loss: 18.5578
[2026-05-28 14:11:57,843][root][INFO] - Epoch: 164, loss: 17.3770
[2026-05-28 14:11:57,909][root][INFO] - Epoch: 165, loss: 18.8302
[2026-05-28 14:11:57,975][root][INFO] - Epoch: 166, loss: 18.0328
[2026-05-28 14:11:58,041][root][INFO] - Epoch: 167, loss: 16.8049
[2026-05-28 14:11:58,041][root][INFO] - Early stopping at epoch: 166
[2026-05-28 14:11:58,084][root][INFO] - {'model_loss': '16.8049', 'recon_loss': '0.0000', 'triplet_loss': '16.8049'}
[2026-05-28 14:11:58,088][root][INFO] - Extinction event (pre-encoder)...
[2026-05-28 14:11:58,088][root][INFO] - Saving snapshot to runs/20260528_141105_kheperax_seed42/plots/latent_generation_30_before_ext.png
[2026-05-28 14:11:59,229][root][INFO] - Saving snapshot to runs/20260528_141105_kheperax_seed42/plots/latent_generation_30_after_ext.png
[2026-05-28 14:12:00,234][root][INFO] - Updating AE...
[2026-05-28 14:12:00,936][root][INFO] - Epoch: 1, loss: 390.5085
[2026-05-28 14:12:01,006][root][INFO] - Epoch: 2, loss: 74.3084
[2026-05-28 14:12:01,076][root][INFO] - Epoch: 3, loss: 42.4588
[2026-05-28 14:12:01,144][root][INFO] - Epoch: 4, loss: 34.8960
[2026-05-28 14:12:01,210][root][INFO] - Epoch: 5, loss: 32.1969
[2026-05-28 14:12:01,276][root][INFO] - Epoch: 6, loss: 30.9680
[2026-05-28 14:12:01,343][root][INFO] - Epoch: 7, loss: 30.3193
[2026-05-28 14:12:01,409][root][INFO] - Epoch: 8, loss: 29.7217
[2026-05-28 14:12:01,476][root][INFO] - Epoch: 9, loss: 29.1721
[2026-05-28 14:12:01,542][root][INFO] - Epoch: 10, loss: 28.6848
[2026-05-28 14:12:01,609][root][INFO] - Epoch: 11, loss: 28.3305
[2026-05-28 14:12:01,675][root][INFO] - Epoch: 12, loss: 27.9302
[2026-05-28 14:12:01,742][root][INFO] - Epoch: 13, loss: 27.5971
[2026-05-28 14:12:01,808][root][INFO] - Epoch: 14, loss: 27.3911
[2026-05-28 14:12:01,875][root][INFO] - Epoch: 15, loss: 27.1654
[2026-05-28 14:12:01,941][root][INFO] - Epoch: 16, loss: 26.9924
[2026-05-28 14:12:02,007][root][INFO] - Epoch: 17, loss: 26.8436
[2026-05-28 14:12:02,074][root][INFO] - Epoch: 18, loss: 26.7152
[2026-05-28 14:12:02,141][root][INFO] - Epoch: 19, loss: 26.5891
[2026-05-28 14:12:02,207][root][INFO] - Epoch: 20, loss: 26.4956
[2026-05-28 14:12:02,274][root][INFO] - Epoch: 21, loss: 26.4368
[2026-05-28 14:12:02,340][root][INFO] - Epoch: 22, loss: 26.3135
[2026-05-28 14:12:02,407][root][INFO] - Epoch: 23, loss: 26.1910
[2026-05-28 14:12:02,473][root][INFO] - Epoch: 24, loss: 26.1085
[2026-05-28 14:12:02,540][root][INFO] - Epoch: 25, loss: 26.0133
[2026-05-28 14:12:02,606][root][INFO] - Epoch: 26, loss: 25.9383
[2026-05-28 14:12:02,672][root][INFO] - Epoch: 27, loss: 25.8594
[2026-05-28 14:12:02,739][root][INFO] - Epoch: 28, loss: 25.7642
[2026-05-28 14:12:02,805][root][INFO] - Epoch: 29, loss: 25.7200
[2026-05-28 14:12:02,871][root][INFO] - Epoch: 30, loss: 25.6145
[2026-05-28 14:12:02,939][root][INFO] - Epoch: 31, loss: 25.5333
[2026-05-28 14:12:03,005][root][INFO] - Epoch: 32, loss: 25.4488
[2026-05-28 14:12:03,072][root][INFO] - Epoch: 33, loss: 25.3650
[2026-05-28 14:12:03,138][root][INFO] - Epoch: 34, loss: 25.2536
[2026-05-28 14:12:03,205][root][INFO] - Epoch: 35, loss: 25.1585
[2026-05-28 14:12:03,271][root][INFO] - Epoch: 36, loss: 25.0296
[2026-05-28 14:12:03,338][root][INFO] - Epoch: 37, loss: 24.8612
[2026-05-28 14:12:03,404][root][INFO] - Epoch: 38, loss: 24.6381
[2026-05-28 14:12:03,470][root][INFO] - Epoch: 39, loss: 24.4561
[2026-05-28 14:12:03,537][root][INFO] - Epoch: 40, loss: 24.2096
[2026-05-28 14:12:03,603][root][INFO] - Epoch: 41, loss: 24.1176
[2026-05-28 14:12:03,670][root][INFO] - Epoch: 42, loss: 23.7698
[2026-05-28 14:12:03,736][root][INFO] - Epoch: 43, loss: 23.5561
[2026-05-28 14:12:03,803][root][INFO] - Epoch: 44, loss: 23.2971
[2026-05-28 14:12:03,869][root][INFO] - Epoch: 45, loss: 23.2061
[2026-05-28 14:12:03,935][root][INFO] - Epoch: 46, loss: 22.9334
[2026-05-28 14:12:04,002][root][INFO] - Epoch: 47, loss: 22.7987
[2026-05-28 14:12:04,069][root][INFO] - Epoch: 48, loss: 22.7344
[2026-05-28 14:12:04,136][root][INFO] - Epoch: 49, loss: 22.5949
[2026-05-28 14:12:04,203][root][INFO] - Epoch: 50, loss: 22.2166
[2026-05-28 14:12:04,270][root][INFO] - Epoch: 51, loss: 22.2506
[2026-05-28 14:12:04,336][root][INFO] - Epoch: 52, loss: 22.1235
[2026-05-28 14:12:04,403][root][INFO] - Epoch: 53, loss: 21.9820
[2026-05-28 14:12:04,470][root][INFO] - Epoch: 54, loss: 21.8501
[2026-05-28 14:12:04,537][root][INFO] - Epoch: 55, loss: 21.5649
[2026-05-28 14:12:04,603][root][INFO] - Epoch: 56, loss: 21.1014
[2026-05-28 14:12:04,670][root][INFO] - Epoch: 57, loss: 21.3862
[2026-05-28 14:12:04,736][root][INFO] - Epoch: 58, loss: 20.9002
[2026-05-28 14:12:04,803][root][INFO] - Epoch: 59, loss: 20.1888
[2026-05-28 14:12:04,870][root][INFO] - Epoch: 60, loss: 24.3090
[2026-05-28 14:12:04,936][root][INFO] - Epoch: 61, loss: 21.0991
[2026-05-28 14:12:05,004][root][INFO] - Epoch: 62, loss: 20.9424
[2026-05-28 14:12:05,070][root][INFO] - Epoch: 63, loss: 20.8512
[2026-05-28 14:12:05,138][root][INFO] - Epoch: 64, loss: 20.5554
[2026-05-28 14:12:05,205][root][INFO] - Epoch: 65, loss: 20.1135
[2026-05-28 14:12:05,273][root][INFO] - Epoch: 66, loss: 20.4008
[2026-05-28 14:12:05,339][root][INFO] - Epoch: 67, loss: 20.6692
[2026-05-28 14:12:05,406][root][INFO] - Epoch: 68, loss: 19.9016
[2026-05-28 14:12:05,473][root][INFO] - Epoch: 69, loss: 20.1645
[2026-05-28 14:12:05,539][root][INFO] - Epoch: 70, loss: 19.3655
[2026-05-28 14:12:05,607][root][INFO] - Epoch: 71, loss: 19.0167
[2026-05-28 14:12:05,674][root][INFO] - Epoch: 72, loss: 19.2719
[2026-05-28 14:12:05,741][root][INFO] - Epoch: 73, loss: 19.3063
[2026-05-28 14:12:05,808][root][INFO] - Epoch: 74, loss: 18.9679
[2026-05-28 14:12:05,875][root][INFO] - Epoch: 75, loss: 18.8278
[2026-05-28 14:12:05,941][root][INFO] - Epoch: 76, loss: 19.2894
[2026-05-28 14:12:06,008][root][INFO] - Epoch: 77, loss: 19.2513
[2026-05-28 14:12:06,076][root][INFO] - Epoch: 78, loss: 18.9086
[2026-05-28 14:12:06,142][root][INFO] - Epoch: 79, loss: 18.5825
[2026-05-28 14:12:06,209][root][INFO] - Epoch: 80, loss: 18.3701
[2026-05-28 14:12:06,276][root][INFO] - Epoch: 81, loss: 18.3060
[2026-05-28 14:12:06,343][root][INFO] - Epoch: 82, loss: 18.8261
[2026-05-28 14:12:06,411][root][INFO] - Epoch: 83, loss: 19.0080
[2026-05-28 14:12:06,478][root][INFO] - Epoch: 84, loss: 18.6355
[2026-05-28 14:12:06,545][root][INFO] - Epoch: 85, loss: 18.0922
[2026-05-28 14:12:06,611][root][INFO] - Epoch: 86, loss: 18.0204
[2026-05-28 14:12:06,679][root][INFO] - Epoch: 87, loss: 17.5364
[2026-05-28 14:12:06,746][root][INFO] - Epoch: 88, loss: 17.5969
[2026-05-28 14:12:06,812][root][INFO] - Epoch: 89, loss: 17.2647
[2026-05-28 14:12:06,879][root][INFO] - Epoch: 90, loss: 17.8019
[2026-05-28 14:12:06,946][root][INFO] - Epoch: 91, loss: 17.5235
[2026-05-28 14:12:07,013][root][INFO] - Epoch: 92, loss: 15.7528
[2026-05-28 14:12:07,081][root][INFO] - Epoch: 93, loss: 15.7448
[2026-05-28 14:12:07,148][root][INFO] - Epoch: 94, loss: 16.0589
[2026-05-28 14:12:07,214][root][INFO] - Epoch: 95, loss: 17.1144
[2026-05-28 14:12:07,281][root][INFO] - Epoch: 96, loss: 18.0103
[2026-05-28 14:12:07,347][root][INFO] - Epoch: 97, loss: 16.9821
[2026-05-28 14:12:07,414][root][INFO] - Epoch: 98, loss: 17.1301
[2026-05-28 14:12:07,482][root][INFO] - Epoch: 99, loss: 16.9466
[2026-05-28 14:12:07,549][root][INFO] - Epoch: 100, loss: 15.1109
[2026-05-28 14:12:07,616][root][INFO] - Epoch: 101, loss: 15.3006
[2026-05-28 14:12:07,683][root][INFO] - Epoch: 102, loss: 14.3252
[2026-05-28 14:12:07,750][root][INFO] - Epoch: 103, loss: 15.0614
[2026-05-28 14:12:07,817][root][INFO] - Epoch: 104, loss: 15.4681
[2026-05-28 14:12:07,883][root][INFO] - Epoch: 105, loss: 15.6827
[2026-05-28 14:12:07,952][root][INFO] - Epoch: 106, loss: 14.6572
[2026-05-28 14:12:08,021][root][INFO] - Epoch: 107, loss: 13.9695
[2026-05-28 14:12:08,090][root][INFO] - Epoch: 108, loss: 13.8880
[2026-05-28 14:12:08,158][root][INFO] - Epoch: 109, loss: 14.8299
[2026-05-28 14:12:08,225][root][INFO] - Epoch: 110, loss: 15.0906
[2026-05-28 14:12:08,292][root][INFO] - Epoch: 111, loss: 16.2579
[2026-05-28 14:12:08,359][root][INFO] - Epoch: 112, loss: 15.0420
[2026-05-28 14:12:08,429][root][INFO] - Epoch: 113, loss: 14.2142
[2026-05-28 14:12:08,498][root][INFO] - Epoch: 114, loss: 13.7012
[2026-05-28 14:12:08,566][root][INFO] - Epoch: 115, loss: 14.2384
[2026-05-28 14:12:08,633][root][INFO] - Epoch: 116, loss: 13.8786
[2026-05-28 14:12:08,700][root][INFO] - Epoch: 117, loss: 12.9671
[2026-05-28 14:12:08,767][root][INFO] - Epoch: 118, loss: 15.3384
[2026-05-28 14:12:08,834][root][INFO] - Epoch: 119, loss: 15.7774
[2026-05-28 14:12:08,901][root][INFO] - Epoch: 120, loss: 14.7391
[2026-05-28 14:12:08,967][root][INFO] - Epoch: 121, loss: 13.9946
[2026-05-28 14:12:09,035][root][INFO] - Epoch: 122, loss: 12.8050
[2026-05-28 14:12:09,101][root][INFO] - Epoch: 123, loss: 12.8297
[2026-05-28 14:12:09,169][root][INFO] - Epoch: 124, loss: 12.6764
[2026-05-28 14:12:09,236][root][INFO] - Epoch: 125, loss: 13.5293
[2026-05-28 14:12:09,302][root][INFO] - Epoch: 126, loss: 13.3982
[2026-05-28 14:12:09,369][root][INFO] - Epoch: 127, loss: 13.0778
[2026-05-28 14:12:09,437][root][INFO] - Epoch: 128, loss: 13.3364
[2026-05-28 14:12:09,504][root][INFO] - Epoch: 129, loss: 13.5988
[2026-05-28 14:12:09,571][root][INFO] - Epoch: 130, loss: 13.4586
[2026-05-28 14:12:09,638][root][INFO] - Epoch: 131, loss: 14.9749
[2026-05-28 14:12:09,705][root][INFO] - Epoch: 132, loss: 13.1055
[2026-05-28 14:12:09,773][root][INFO] - Epoch: 133, loss: 12.4730
[2026-05-28 14:12:09,840][root][INFO] - Epoch: 134, loss: 12.0699
[2026-05-28 14:12:09,908][root][INFO] - Epoch: 135, loss: 12.7433
[2026-05-28 14:12:09,975][root][INFO] - Epoch: 136, loss: 14.8776
[2026-05-28 14:12:10,042][root][INFO] - Epoch: 137, loss: 12.9710
[2026-05-28 14:12:10,109][root][INFO] - Epoch: 138, loss: 12.3081
[2026-05-28 14:12:10,177][root][INFO] - Epoch: 139, loss: 11.6657
[2026-05-28 14:12:10,244][root][INFO] - Epoch: 140, loss: 11.4890
[2026-05-28 14:12:10,311][root][INFO] - Epoch: 141, loss: 12.0190
[2026-05-28 14:12:10,378][root][INFO] - Epoch: 142, loss: 11.9314
[2026-05-28 14:12:10,446][root][INFO] - Epoch: 143, loss: 11.4990
[2026-05-28 14:12:10,513][root][INFO] - Epoch: 144, loss: 11.1719
[2026-05-28 14:12:10,580][root][INFO] - Epoch: 145, loss: 12.6357
[2026-05-28 14:12:10,647][root][INFO] - Epoch: 146, loss: 13.4194
[2026-05-28 14:12:10,713][root][INFO] - Epoch: 147, loss: 12.6916
[2026-05-28 14:12:10,780][root][INFO] - Epoch: 148, loss: 11.6700
[2026-05-28 14:12:10,847][root][INFO] - Epoch: 149, loss: 11.9556
[2026-05-28 14:12:10,913][root][INFO] - Epoch: 150, loss: 11.9314
[2026-05-28 14:12:10,980][root][INFO] - Epoch: 151, loss: 13.6895
[2026-05-28 14:12:11,046][root][INFO] - Epoch: 152, loss: 12.8069
[2026-05-28 14:12:11,113][root][INFO] - Epoch: 153, loss: 13.6815
[2026-05-28 14:12:11,180][root][INFO] - Epoch: 154, loss: 13.0361
[2026-05-28 14:12:11,248][root][INFO] - Epoch: 155, loss: 11.3830
[2026-05-28 14:12:11,249][root][INFO] - Early stopping at epoch: 154
[2026-05-28 14:12:11,292][root][INFO] - {'model_loss': '11.3830', 'recon_loss': '0.0000', 'triplet_loss': '11.3830'}
[2026-05-28 14:12:11,296][root][INFO] - Generation 6/400 - Time: 0.00 seconds
[2026-05-28 14:12:11,296][root][INFO] - {'coverage': '100.00', 'max_fitness': '-12.86', 'passive_coverage': '21.29', 'passive_max_fitness': '-12.86', 'passive_mean_fitness': '-60.90', 'passive_qd_score': '17554.60', 'qd_score': '76241.14', 'mean_fitness_top_k': '-39.11'}
[2026-05-28 14:12:12,288][root][INFO] - Generation 7/400 - Time: 0.00 seconds
[2026-05-28 14:12:12,289][root][INFO] - {'coverage': '100.00', 'max_fitness': '-12.41', 'passive_coverage': '23.24', 'passive_max_fitness': '-12.41', 'passive_mean_fitness': '-59.78', 'passive_qd_score': '19430.15', 'qd_score': '77024.66', 'mean_fitness_top_k': '-35.59'}
[2026-05-28 14:12:12,291][root][INFO] - Saving snapshot to runs/20260528_141105_kheperax_seed42/plots/latent_generation_35_5_gens_after_ext_gen10.png
[2026-05-28 14:12:14,392][root][INFO] - Generation 8/400 - Time: 0.00 seconds
[2026-05-28 14:12:14,393][root][INFO] - {'coverage': '100.00', 'max_fitness': '-12.41', 'passive_coverage': '24.12', 'passive_max_fitness': '-12.41', 'passive_mean_fitness': '-59.58', 'passive_qd_score': '20215.30', 'qd_score': '78526.21', 'mean_fitness_top_k': '-35.09'}
[2026-05-28 14:12:15,404][root][INFO] - Generation 9/400 - Time: 0.00 seconds
[2026-05-28 14:12:15,405][root][INFO] - {'coverage': '100.00', 'max_fitness': '-12.41', 'passive_coverage': '24.61', 'passive_max_fitness': '-12.41', 'passive_mean_fitness': '-59.43', 'passive_qd_score': '20661.19', 'qd_score': '79794.99', 'mean_fitness_top_k': '-35.03'}
[2026-05-28 14:12:16,390][root][INFO] - Generation 10/400 - Time: 0.00 seconds
[2026-05-28 14:12:16,391][root][INFO] - {'coverage': '100.00', 'max_fitness': '-12.41', 'passive_coverage': '25.10', 'passive_max_fitness': '-12.41', 'passive_mean_fitness': '-59.34', 'passive_qd_score': '21096.14', 'qd_score': '81490.77', 'mean_fitness_top_k': '-34.30'}
[2026-05-28 14:12:17,374][root][INFO] - Generation 11/400 - Time: 0.00 seconds
[2026-05-28 14:12:17,375][root][INFO] - {'coverage': '100.00', 'max_fitness': '-12.41', 'passive_coverage': '25.49', 'passive_max_fitness': '-12.41', 'passive_mean_fitness': '-59.30', 'passive_qd_score': '21434.59', 'qd_score': '83226.64', 'mean_fitness_top_k': '-33.31'}
[2026-05-28 14:12:17,377][root][INFO] - Saving snapshot to runs/20260528_141105_kheperax_seed42/plots/latent_generation_55_5_gens_after_ext_gen30.png
[2026-05-28 14:12:19,577][root][INFO] - Updating AE...
[2026-05-28 14:12:20,277][root][INFO] - Epoch: 1, loss: 6673.2466
[2026-05-28 14:12:20,347][root][INFO] - Epoch: 2, loss: 1346.5363
[2026-05-28 14:12:20,417][root][INFO] - Epoch: 3, loss: 777.0693
[2026-05-28 14:12:20,485][root][INFO] - Epoch: 4, loss: 675.5867
[2026-05-28 14:12:20,552][root][INFO] - Epoch: 5, loss: 560.7829
[2026-05-28 14:12:20,619][root][INFO] - Epoch: 6, loss: 486.8033
[2026-05-28 14:12:20,686][root][INFO] - Epoch: 7, loss: 451.6492
[2026-05-28 14:12:20,753][root][INFO] - Epoch: 8, loss: 426.7833
[2026-05-28 14:12:20,820][root][INFO] - Epoch: 9, loss: 412.0518
[2026-05-28 14:12:20,889][root][INFO] - Epoch: 10, loss: 400.0822
[2026-05-28 14:12:20,956][root][INFO] - Epoch: 11, loss: 390.0094
[2026-05-28 14:12:21,023][root][INFO] - Epoch: 12, loss: 383.0657
[2026-05-28 14:12:21,090][root][INFO] - Epoch: 13, loss: 376.7593
[2026-05-28 14:12:21,156][root][INFO] - Epoch: 14, loss: 372.2164
[2026-05-28 14:12:21,223][root][INFO] - Epoch: 15, loss: 367.9739
[2026-05-28 14:12:21,291][root][INFO] - Epoch: 16, loss: 364.3298
[2026-05-28 14:12:21,357][root][INFO] - Epoch: 17, loss: 361.8555
[2026-05-28 14:12:21,424][root][INFO] - Epoch: 18, loss: 358.9486
[2026-05-28 14:12:21,492][root][INFO] - Epoch: 19, loss: 357.2132
[2026-05-28 14:12:21,558][root][INFO] - Epoch: 20, loss: 354.7175
[2026-05-28 14:12:21,626][root][INFO] - Epoch: 21, loss: 352.7363
[2026-05-28 14:12:21,693][root][INFO] - Epoch: 22, loss: 350.4365
[2026-05-28 14:12:21,760][root][INFO] - Epoch: 23, loss: 348.7836
[2026-05-28 14:12:21,827][root][INFO] - Epoch: 24, loss: 348.0108
[2026-05-28 14:12:21,895][root][INFO] - Epoch: 25, loss: 346.3016
[2026-05-28 14:12:21,964][root][INFO] - Epoch: 26, loss: 345.1779
[2026-05-28 14:12:22,031][root][INFO] - Epoch: 27, loss: 343.2360
[2026-05-28 14:12:22,098][root][INFO] - Epoch: 28, loss: 342.6105
[2026-05-28 14:12:22,166][root][INFO] - Epoch: 29, loss: 340.5899
[2026-05-28 14:12:22,233][root][INFO] - Epoch: 30, loss: 339.9058
[2026-05-28 14:12:22,301][root][INFO] - Epoch: 31, loss: 338.4883
[2026-05-28 14:12:22,368][root][INFO] - Epoch: 32, loss: 337.4516
[2026-05-28 14:12:22,434][root][INFO] - Epoch: 33, loss: 336.2439
[2026-05-28 14:12:22,501][root][INFO] - Epoch: 34, loss: 335.1937
[2026-05-28 14:12:22,569][root][INFO] - Epoch: 35, loss: 334.2938
[2026-05-28 14:12:22,637][root][INFO] - Epoch: 36, loss: 332.8411
[2026-05-28 14:12:22,704][root][INFO] - Epoch: 37, loss: 333.1328
[2026-05-28 14:12:22,772][root][INFO] - Epoch: 38, loss: 331.2158
[2026-05-28 14:12:22,839][root][INFO] - Epoch: 39, loss: 330.7645
[2026-05-28 14:12:22,906][root][INFO] - Epoch: 40, loss: 330.9256
[2026-05-28 14:12:22,973][root][INFO] - Epoch: 41, loss: 329.0988
[2026-05-28 14:12:23,041][root][INFO] - Epoch: 42, loss: 328.6140
[2026-05-28 14:12:23,108][root][INFO] - Epoch: 43, loss: 327.9579
[2026-05-28 14:12:23,175][root][INFO] - Epoch: 44, loss: 326.9437
[2026-05-28 14:12:23,242][root][INFO] - Epoch: 45, loss: 326.0572
[2026-05-28 14:12:23,309][root][INFO] - Epoch: 46, loss: 325.1658
[2026-05-28 14:12:23,376][root][INFO] - Epoch: 47, loss: 325.0173
[2026-05-28 14:12:23,443][root][INFO] - Epoch: 48, loss: 323.4042
[2026-05-28 14:12:23,510][root][INFO] - Epoch: 49, loss: 322.8669
[2026-05-28 14:12:23,577][root][INFO] - Epoch: 50, loss: 321.9184
[2026-05-28 14:12:23,644][root][INFO] - Epoch: 51, loss: 320.9803
[2026-05-28 14:12:23,712][root][INFO] - Epoch: 52, loss: 320.5849
[2026-05-28 14:12:23,779][root][INFO] - Epoch: 53, loss: 319.5008
[2026-05-28 14:12:23,846][root][INFO] - Epoch: 54, loss: 318.5947
[2026-05-28 14:12:23,914][root][INFO] - Epoch: 55, loss: 317.8499
[2026-05-28 14:12:23,981][root][INFO] - Epoch: 56, loss: 317.0518
[2026-05-28 14:12:24,048][root][INFO] - Epoch: 57, loss: 317.2480
[2026-05-28 14:12:24,116][root][INFO] - Epoch: 58, loss: 315.2848
[2026-05-28 14:12:24,183][root][INFO] - Epoch: 59, loss: 314.6132
[2026-05-28 14:12:24,250][root][INFO] - Epoch: 60, loss: 313.3020
[2026-05-28 14:12:24,318][root][INFO] - Epoch: 61, loss: 312.8192
[2026-05-28 14:12:24,385][root][INFO] - Epoch: 62, loss: 311.9378
[2026-05-28 14:12:24,452][root][INFO] - Epoch: 63, loss: 311.1445
[2026-05-28 14:12:24,519][root][INFO] - Epoch: 64, loss: 310.1979
[2026-05-28 14:12:24,586][root][INFO] - Epoch: 65, loss: 309.8806
[2026-05-28 14:12:24,654][root][INFO] - Epoch: 66, loss: 309.2006
[2026-05-28 14:12:24,721][root][INFO] - Epoch: 67, loss: 308.6025
[2026-05-28 14:12:24,788][root][INFO] - Epoch: 68, loss: 307.0568
[2026-05-28 14:12:24,855][root][INFO] - Epoch: 69, loss: 307.0052
[2026-05-28 14:12:24,923][root][INFO] - Epoch: 70, loss: 305.6634
[2026-05-28 14:12:24,990][root][INFO] - Epoch: 71, loss: 304.8113
[2026-05-28 14:12:25,058][root][INFO] - Epoch: 72, loss: 304.8604
[2026-05-28 14:12:25,125][root][INFO] - Epoch: 73, loss: 303.4781
[2026-05-28 14:12:25,192][root][INFO] - Epoch: 74, loss: 303.3523
[2026-05-28 14:12:25,259][root][INFO] - Epoch: 75, loss: 301.7149
[2026-05-28 14:12:25,327][root][INFO] - Epoch: 76, loss: 301.5001
[2026-05-28 14:12:25,394][root][INFO] - Epoch: 77, loss: 300.5403
[2026-05-28 14:12:25,461][root][INFO] - Epoch: 78, loss: 299.0797
[2026-05-28 14:12:25,528][root][INFO] - Epoch: 79, loss: 298.3040
[2026-05-28 14:12:25,595][root][INFO] - Epoch: 80, loss: 298.0852
[2026-05-28 14:12:25,663][root][INFO] - Epoch: 81, loss: 296.0669
[2026-05-28 14:12:25,730][root][INFO] - Epoch: 82, loss: 295.5905
[2026-05-28 14:12:25,798][root][INFO] - Epoch: 83, loss: 295.0640
[2026-05-28 14:12:25,865][root][INFO] - Epoch: 84, loss: 294.9906
[2026-05-28 14:12:25,936][root][INFO] - Epoch: 85, loss: 293.5392
[2026-05-28 14:12:26,004][root][INFO] - Epoch: 86, loss: 292.9418
[2026-05-28 14:12:26,073][root][INFO] - Epoch: 87, loss: 292.3913
[2026-05-28 14:12:26,141][root][INFO] - Epoch: 88, loss: 291.9850
[2026-05-28 14:12:26,211][root][INFO] - Epoch: 89, loss: 291.6295
[2026-05-28 14:12:26,281][root][INFO] - Epoch: 90, loss: 290.7306
[2026-05-28 14:12:26,351][root][INFO] - Epoch: 91, loss: 288.8420
[2026-05-28 14:12:26,421][root][INFO] - Epoch: 92, loss: 288.5286
[2026-05-28 14:12:26,489][root][INFO] - Epoch: 93, loss: 287.9367
[2026-05-28 14:12:26,557][root][INFO] - Epoch: 94, loss: 286.2812
[2026-05-28 14:12:26,624][root][INFO] - Epoch: 95, loss: 287.4755
[2026-05-28 14:12:26,692][root][INFO] - Epoch: 96, loss: 287.0159
[2026-05-28 14:12:26,759][root][INFO] - Epoch: 97, loss: 287.6707
[2026-05-28 14:12:26,827][root][INFO] - Epoch: 98, loss: 284.6616
[2026-05-28 14:12:26,894][root][INFO] - Epoch: 99, loss: 283.4940
[2026-05-28 14:12:26,960][root][INFO] - Epoch: 100, loss: 282.6716
[2026-05-28 14:12:27,028][root][INFO] - Epoch: 101, loss: 282.5375
[2026-05-28 14:12:27,095][root][INFO] - Epoch: 102, loss: 281.9514
[2026-05-28 14:12:27,163][root][INFO] - Epoch: 103, loss: 281.5716
[2026-05-28 14:12:27,230][root][INFO] - Epoch: 104, loss: 281.0866
[2026-05-28 14:12:27,297][root][INFO] - Epoch: 105, loss: 281.9318
[2026-05-28 14:12:27,365][root][INFO] - Epoch: 106, loss: 282.4615
[2026-05-28 14:12:27,434][root][INFO] - Epoch: 107, loss: 279.7278
[2026-05-28 14:12:27,503][root][INFO] - Epoch: 108, loss: 281.0965
[2026-05-28 14:12:27,570][root][INFO] - Epoch: 109, loss: 279.8689
[2026-05-28 14:12:27,638][root][INFO] - Epoch: 110, loss: 278.4792
[2026-05-28 14:12:27,705][root][INFO] - Epoch: 111, loss: 278.5904
[2026-05-28 14:12:27,771][root][INFO] - Epoch: 112, loss: 278.3092
[2026-05-28 14:12:27,838][root][INFO] - Epoch: 113, loss: 278.6086
[2026-05-28 14:12:27,905][root][INFO] - Epoch: 114, loss: 277.0554
[2026-05-28 14:12:27,972][root][INFO] - Epoch: 115, loss: 276.9391
[2026-05-28 14:12:28,040][root][INFO] - Epoch: 116, loss: 277.3377
[2026-05-28 14:12:28,107][root][INFO] - Epoch: 117, loss: 276.2199
[2026-05-28 14:12:28,175][root][INFO] - Epoch: 118, loss: 277.2177
[2026-05-28 14:12:28,242][root][INFO] - Epoch: 119, loss: 275.5058
[2026-05-28 14:12:28,310][root][INFO] - Epoch: 120, loss: 275.1974
[2026-05-28 14:12:28,377][root][INFO] - Epoch: 121, loss: 274.6818
[2026-05-28 14:12:28,445][root][INFO] - Epoch: 122, loss: 274.0788
[2026-05-28 14:12:28,514][root][INFO] - Epoch: 123, loss: 276.1039
[2026-05-28 14:12:28,581][root][INFO] - Epoch: 124, loss: 275.2432
[2026-05-28 14:12:28,650][root][INFO] - Epoch: 125, loss: 274.7648
[2026-05-28 14:12:28,717][root][INFO] - Epoch: 126, loss: 272.9299
[2026-05-28 14:12:28,784][root][INFO] - Epoch: 127, loss: 275.6000
[2026-05-28 14:12:28,851][root][INFO] - Epoch: 128, loss: 273.6352
[2026-05-28 14:12:28,918][root][INFO] - Epoch: 129, loss: 273.2773
[2026-05-28 14:12:28,986][root][INFO] - Epoch: 130, loss: 272.0189
[2026-05-28 14:12:29,052][root][INFO] - Epoch: 131, loss: 271.3015
[2026-05-28 14:12:29,119][root][INFO] - Epoch: 132, loss: 271.7708
[2026-05-28 14:12:29,185][root][INFO] - Epoch: 133, loss: 273.6291
[2026-05-28 14:12:29,252][root][INFO] - Epoch: 134, loss: 274.1234
[2026-05-28 14:12:29,317][root][INFO] - Epoch: 135, loss: 272.4040
[2026-05-28 14:12:29,384][root][INFO] - Epoch: 136, loss: 273.4091
[2026-05-28 14:12:29,452][root][INFO] - Epoch: 137, loss: 272.1508
[2026-05-28 14:12:29,519][root][INFO] - Epoch: 138, loss: 270.4740
[2026-05-28 14:12:29,586][root][INFO] - Epoch: 139, loss: 268.7260
[2026-05-28 14:12:29,653][root][INFO] - Epoch: 140, loss: 270.0542
[2026-05-28 14:12:29,720][root][INFO] - Epoch: 141, loss: 270.3625
[2026-05-28 14:12:29,787][root][INFO] - Epoch: 142, loss: 272.0874
[2026-05-28 14:12:29,854][root][INFO] - Epoch: 143, loss: 271.4085
[2026-05-28 14:12:29,921][root][INFO] - Epoch: 144, loss: 268.3688
[2026-05-28 14:12:29,988][root][INFO] - Epoch: 145, loss: 268.4868
[2026-05-28 14:12:30,054][root][INFO] - Epoch: 146, loss: 268.4035
[2026-05-28 14:12:30,120][root][INFO] - Epoch: 147, loss: 267.6105
[2026-05-28 14:12:30,187][root][INFO] - Epoch: 148, loss: 267.9228
[2026-05-28 14:12:30,254][root][INFO] - Epoch: 149, loss: 266.0191
[2026-05-28 14:12:30,321][root][INFO] - Epoch: 150, loss: 265.8586
[2026-05-28 14:12:30,388][root][INFO] - Epoch: 151, loss: 264.8551
[2026-05-28 14:12:30,455][root][INFO] - Epoch: 152, loss: 265.1096
[2026-05-28 14:12:30,522][root][INFO] - Epoch: 153, loss: 265.3784
[2026-05-28 14:12:30,590][root][INFO] - Epoch: 154, loss: 264.9151
[2026-05-28 14:12:30,657][root][INFO] - Epoch: 155, loss: 265.3383
[2026-05-28 14:12:30,724][root][INFO] - Epoch: 156, loss: 265.6366
[2026-05-28 14:12:30,792][root][INFO] - Epoch: 157, loss: 271.6488
[2026-05-28 14:12:30,859][root][INFO] - Epoch: 158, loss: 269.9668
[2026-05-28 14:12:30,926][root][INFO] - Epoch: 159, loss: 266.2664
[2026-05-28 14:12:30,993][root][INFO] - Epoch: 160, loss: 264.4958
[2026-05-28 14:12:31,059][root][INFO] - Epoch: 161, loss: 264.2333
[2026-05-28 14:12:31,126][root][INFO] - Epoch: 162, loss: 266.3381
[2026-05-28 14:12:31,193][root][INFO] - Epoch: 163, loss: 263.0105
[2026-05-28 14:12:31,259][root][INFO] - Epoch: 164, loss: 261.9966
[2026-05-28 14:12:31,326][root][INFO] - Epoch: 165, loss: 261.4840
[2026-05-28 14:12:31,393][root][INFO] - Epoch: 166, loss: 261.8696
[2026-05-28 14:12:31,460][root][INFO] - Epoch: 167, loss: 261.2051
[2026-05-28 14:12:31,527][root][INFO] - Epoch: 168, loss: 260.0265
[2026-05-28 14:12:31,595][root][INFO] - Epoch: 169, loss: 260.0197
[2026-05-28 14:12:31,662][root][INFO] - Epoch: 170, loss: 259.4468
[2026-05-28 14:12:31,728][root][INFO] - Epoch: 171, loss: 259.4219
[2026-05-28 14:12:31,796][root][INFO] - Epoch: 172, loss: 259.7877
[2026-05-28 14:12:31,863][root][INFO] - Epoch: 173, loss: 261.5403
[2026-05-28 14:12:31,929][root][INFO] - Epoch: 174, loss: 264.5580
[2026-05-28 14:12:31,996][root][INFO] - Epoch: 175, loss: 265.7655
[2026-05-28 14:12:32,063][root][INFO] - Epoch: 176, loss: 260.1415
[2026-05-28 14:12:32,129][root][INFO] - Epoch: 177, loss: 260.9663
[2026-05-28 14:12:32,196][root][INFO] - Epoch: 178, loss: 258.4032
[2026-05-28 14:12:32,263][root][INFO] - Epoch: 179, loss: 258.3552
[2026-05-28 14:12:32,330][root][INFO] - Epoch: 180, loss: 258.1063
[2026-05-28 14:12:32,397][root][INFO] - Epoch: 181, loss: 257.2422
[2026-05-28 14:12:32,464][root][INFO] - Epoch: 182, loss: 256.0234
[2026-05-28 14:12:32,531][root][INFO] - Epoch: 183, loss: 256.3983
[2026-05-28 14:12:32,598][root][INFO] - Epoch: 184, loss: 255.3070
[2026-05-28 14:12:32,664][root][INFO] - Epoch: 185, loss: 255.7260
[2026-05-28 14:12:32,731][root][INFO] - Epoch: 186, loss: 255.7938
[2026-05-28 14:12:32,798][root][INFO] - Epoch: 187, loss: 255.8392
[2026-05-28 14:12:32,865][root][INFO] - Epoch: 188, loss: 256.3654
[2026-05-28 14:12:32,931][root][INFO] - Epoch: 189, loss: 256.8686
[2026-05-28 14:12:32,998][root][INFO] - Epoch: 190, loss: 255.6791
[2026-05-28 14:12:33,065][root][INFO] - Epoch: 191, loss: 255.8766
[2026-05-28 14:12:33,131][root][INFO] - Epoch: 192, loss: 256.1570
[2026-05-28 14:12:33,198][root][INFO] - Epoch: 193, loss: 253.9849
[2026-05-28 14:12:33,265][root][INFO] - Epoch: 194, loss: 253.6694
[2026-05-28 14:12:33,332][root][INFO] - Epoch: 195, loss: 255.4281
[2026-05-28 14:12:33,398][root][INFO] - Epoch: 196, loss: 253.3786
[2026-05-28 14:12:33,465][root][INFO] - Epoch: 197, loss: 252.6033
[2026-05-28 14:12:33,532][root][INFO] - Epoch: 198, loss: 252.8551
[2026-05-28 14:12:33,599][root][INFO] - Epoch: 199, loss: 252.2157
[2026-05-28 14:12:33,665][root][INFO] - Epoch: 200, loss: 252.2792
[2026-05-28 14:12:33,698][root][INFO] - {'model_loss': '252.2792', 'recon_loss': '0.0000', 'triplet_loss': '252.2792'}
[2026-05-28 14:12:33,701][root][INFO] - Extinction event (pre-encoder)...
[2026-05-28 14:12:33,702][root][INFO] - Saving snapshot to runs/20260528_141105_kheperax_seed42/plots/latent_generation_60_before_ext.png
[2026-05-28 14:12:34,852][root][INFO] - Saving snapshot to runs/20260528_141105_kheperax_seed42/plots/latent_generation_60_after_ext.png
[2026-05-28 14:12:35,974][root][INFO] - Updating AE...
[2026-05-28 14:12:36,682][root][INFO] - Epoch: 1, loss: 59.7730
[2026-05-28 14:12:36,750][root][INFO] - Epoch: 2, loss: 33.0747
[2026-05-28 14:12:36,819][root][INFO] - Epoch: 3, loss: 27.8402
[2026-05-28 14:12:36,888][root][INFO] - Epoch: 4, loss: 26.0801
[2026-05-28 14:12:36,954][root][INFO] - Epoch: 5, loss: 25.0906
[2026-05-28 14:12:37,021][root][INFO] - Epoch: 6, loss: 24.6673
[2026-05-28 14:12:37,088][root][INFO] - Epoch: 7, loss: 24.2926
[2026-05-28 14:12:37,154][root][INFO] - Epoch: 8, loss: 23.5621
[2026-05-28 14:12:37,221][root][INFO] - Epoch: 9, loss: 23.0664
[2026-05-28 14:12:37,287][root][INFO] - Epoch: 10, loss: 22.9255
[2026-05-28 14:12:37,354][root][INFO] - Epoch: 11, loss: 22.4453
[2026-05-28 14:12:37,422][root][INFO] - Epoch: 12, loss: 22.2130
[2026-05-28 14:12:37,489][root][INFO] - Epoch: 13, loss: 21.8535
[2026-05-28 14:12:37,556][root][INFO] - Epoch: 14, loss: 21.5952
[2026-05-28 14:12:37,623][root][INFO] - Epoch: 15, loss: 21.1624
[2026-05-28 14:12:37,690][root][INFO] - Epoch: 16, loss: 20.7412
[2026-05-28 14:12:37,756][root][INFO] - Epoch: 17, loss: 20.2911
[2026-05-28 14:12:37,823][root][INFO] - Epoch: 18, loss: 20.0192
[2026-05-28 14:12:37,889][root][INFO] - Epoch: 19, loss: 19.5125
[2026-05-28 14:12:37,957][root][INFO] - Epoch: 20, loss: 19.3820
[2026-05-28 14:12:38,023][root][INFO] - Epoch: 21, loss: 19.0560
[2026-05-28 14:12:38,090][root][INFO] - Epoch: 22, loss: 18.4900
[2026-05-28 14:12:38,157][root][INFO] - Epoch: 23, loss: 19.0430
[2026-05-28 14:12:38,223][root][INFO] - Epoch: 24, loss: 19.2130
[2026-05-28 14:12:38,289][root][INFO] - Epoch: 25, loss: 18.2668
[2026-05-28 14:12:38,355][root][INFO] - Epoch: 26, loss: 18.4664
[2026-05-28 14:12:38,423][root][INFO] - Epoch: 27, loss: 18.7890
[2026-05-28 14:12:38,491][root][INFO] - Epoch: 28, loss: 18.7448
[2026-05-28 14:12:38,560][root][INFO] - Epoch: 29, loss: 17.8424
[2026-05-28 14:12:38,627][root][INFO] - Epoch: 30, loss: 17.6018
[2026-05-28 14:12:38,695][root][INFO] - Epoch: 31, loss: 17.6206
[2026-05-28 14:12:38,762][root][INFO] - Epoch: 32, loss: 17.2578
[2026-05-28 14:12:38,828][root][INFO] - Epoch: 33, loss: 16.9179
[2026-05-28 14:12:38,895][root][INFO] - Epoch: 34, loss: 16.8182
[2026-05-28 14:12:38,961][root][INFO] - Epoch: 35, loss: 16.3987
[2026-05-28 14:12:39,027][root][INFO] - Epoch: 36, loss: 17.0918
[2026-05-28 14:12:39,094][root][INFO] - Epoch: 37, loss: 17.1884
[2026-05-28 14:12:39,160][root][INFO] - Epoch: 38, loss: 16.6390
[2026-05-28 14:12:39,227][root][INFO] - Epoch: 39, loss: 16.2501
[2026-05-28 14:12:39,293][root][INFO] - Epoch: 40, loss: 16.4946
[2026-05-28 14:12:39,360][root][INFO] - Epoch: 41, loss: 16.3083
[2026-05-28 14:12:39,427][root][INFO] - Epoch: 42, loss: 16.1598
[2026-05-28 14:12:39,494][root][INFO] - Epoch: 43, loss: 15.8288
[2026-05-28 14:12:39,561][root][INFO] - Epoch: 44, loss: 15.7877
[2026-05-28 14:12:39,628][root][INFO] - Epoch: 45, loss: 15.6622
[2026-05-28 14:12:39,696][root][INFO] - Epoch: 46, loss: 15.2724
[2026-05-28 14:12:39,762][root][INFO] - Epoch: 47, loss: 15.1314
[2026-05-28 14:12:39,828][root][INFO] - Epoch: 48, loss: 14.9255
[2026-05-28 14:12:39,896][root][INFO] - Epoch: 49, loss: 15.1373
[2026-05-28 14:12:39,963][root][INFO] - Epoch: 50, loss: 14.5533
[2026-05-28 14:12:40,029][root][INFO] - Epoch: 51, loss: 20.6886
[2026-05-28 14:12:40,096][root][INFO] - Epoch: 52, loss: 38.3973
[2026-05-28 14:12:40,163][root][INFO] - Epoch: 53, loss: 22.2456
[2026-05-28 14:12:40,229][root][INFO] - Epoch: 54, loss: 20.7263
[2026-05-28 14:12:40,296][root][INFO] - Epoch: 55, loss: 20.0205
[2026-05-28 14:12:40,363][root][INFO] - Epoch: 56, loss: 17.9225
[2026-05-28 14:12:40,430][root][INFO] - Epoch: 57, loss: 16.5662
[2026-05-28 14:12:40,497][root][INFO] - Epoch: 58, loss: 15.9201
[2026-05-28 14:12:40,565][root][INFO] - Epoch: 59, loss: 15.6987
[2026-05-28 14:12:40,632][root][INFO] - Epoch: 60, loss: 15.3949
[2026-05-28 14:12:40,698][root][INFO] - Epoch: 61, loss: 14.6326
[2026-05-28 14:12:40,698][root][INFO] - Early stopping at epoch: 60
[2026-05-28 14:12:40,733][root][INFO] - {'model_loss': '14.6326', 'recon_loss': '0.0000', 'triplet_loss': '14.6326'}
[2026-05-28 14:12:40,745][root][INFO] - Generation 12/400 - Time: 0.00 seconds
[2026-05-28 14:12:40,746][root][INFO] - {'coverage': '100.00', 'max_fitness': '-12.41', 'passive_coverage': '25.59', 'passive_max_fitness': '-12.41', 'passive_mean_fitness': '-59.11', 'passive_qd_score': '21564.74', 'qd_score': '84321.35', 'mean_fitness_top_k': '-33.02'}
[2026-05-28 14:12:41,735][root][INFO] - Generation 13/400 - Time: 0.00 seconds
[2026-05-28 14:12:41,736][root][INFO] - {'coverage': '100.00', 'max_fitness': '-12.41', 'passive_coverage': '26.37', 'passive_max_fitness': '-12.41', 'passive_mean_fitness': '-59.59', 'passive_qd_score': '22095.23', 'qd_score': '77529.23', 'mean_fitness_top_k': '-34.48'}
[2026-05-28 14:12:42,722][root][INFO] - Generation 14/400 - Time: 0.00 seconds
[2026-05-28 14:12:42,723][root][INFO] - {'coverage': '100.00', 'max_fitness': '-12.41', 'passive_coverage': '26.86', 'passive_max_fitness': '-12.41', 'passive_mean_fitness': '-59.66', 'passive_qd_score': '22483.40', 'qd_score': '78559.62', 'mean_fitness_top_k': '-34.62'}
[2026-05-28 14:12:43,708][root][INFO] - Generation 15/400 - Time: 0.00 seconds
[2026-05-28 14:12:43,709][root][INFO] - {'coverage': '100.00', 'max_fitness': '-12.21', 'passive_coverage': '27.15', 'passive_max_fitness': '-12.21', 'passive_mean_fitness': '-59.78', 'passive_qd_score': '22697.67', 'qd_score': '79888.23', 'mean_fitness_top_k': '-35.34'}
[2026-05-28 14:12:44,689][root][INFO] - Generation 16/400 - Time: 0.00 seconds
[2026-05-28 14:12:44,690][root][INFO] - {'coverage': '100.00', 'max_fitness': '-12.21', 'passive_coverage': '27.73', 'passive_max_fitness': '-12.21', 'passive_mean_fitness': '-59.37', 'passive_qd_score': '23301.24', 'qd_score': '81700.65', 'mean_fitness_top_k': '-34.18'}
[2026-05-28 14:12:45,671][root][INFO] - Generation 17/400 - Time: 0.00 seconds
[2026-05-28 14:12:45,672][root][INFO] - {'coverage': '100.00', 'max_fitness': '-12.21', 'passive_coverage': '28.12', 'passive_max_fitness': '-12.21', 'passive_mean_fitness': '-59.21', 'passive_qd_score': '23677.92', 'qd_score': '82718.92', 'mean_fitness_top_k': '-33.83'}
[2026-05-28 14:12:45,673][root][INFO] - Saving snapshot to runs/20260528_141105_kheperax_seed42/plots/latent_generation_85_5_gens_after_ext_gen60.png
[2026-05-28 14:12:47,857][root][INFO] - Generation 18/400 - Time: 0.00 seconds
[2026-05-28 14:12:47,858][root][INFO] - {'coverage': '100.00', 'max_fitness': '-12.21', 'passive_coverage': '28.81', 'passive_max_fitness': '-12.21', 'passive_mean_fitness': '-59.54', 'passive_qd_score': '24154.00', 'qd_score': '83602.05', 'mean_fitness_top_k': '-33.62'}
[2026-05-28 14:12:48,845][root][INFO] - Generation 19/400 - Time: 0.00 seconds
[2026-05-28 14:12:48,846][root][INFO] - {'coverage': '100.00', 'max_fitness': '-12.21', 'passive_coverage': '29.00', 'passive_max_fitness': '-12.21', 'passive_mean_fitness': '-59.56', 'passive_qd_score': '24313.69', 'qd_score': '84293.20', 'mean_fitness_top_k': '-34.11'}
[2026-05-28 14:12:49,824][root][INFO] - Updating AE...
[2026-05-28 14:12:50,524][root][INFO] - Epoch: 1, loss: 3545.5889
[2026-05-28 14:12:50,594][root][INFO] - Epoch: 2, loss: 411.7529
[2026-05-28 14:12:50,664][root][INFO] - Epoch: 3, loss: 397.0677
[2026-05-28 14:12:50,733][root][INFO] - Epoch: 4, loss: 362.9389
[2026-05-28 14:12:50,800][root][INFO] - Epoch: 5, loss: 340.6237
[2026-05-28 14:12:50,867][root][INFO] - Epoch: 6, loss: 326.5487
[2026-05-28 14:12:50,936][root][INFO] - Epoch: 7, loss: 317.1031
[2026-05-28 14:12:51,004][root][INFO] - Epoch: 8, loss: 310.5573
[2026-05-28 14:12:51,072][root][INFO] - Epoch: 9, loss: 306.0313
[2026-05-28 14:12:51,140][root][INFO] - Epoch: 10, loss: 302.8913
[2026-05-28 14:12:51,208][root][INFO] - Epoch: 11, loss: 300.3953
[2026-05-28 14:12:51,275][root][INFO] - Epoch: 12, loss: 298.1810
[2026-05-28 14:12:51,343][root][INFO] - Epoch: 13, loss: 296.1617
[2026-05-28 14:12:51,410][root][INFO] - Epoch: 14, loss: 294.2883
[2026-05-28 14:12:51,477][root][INFO] - Epoch: 15, loss: 292.8281
[2026-05-28 14:12:51,545][root][INFO] - Epoch: 16, loss: 291.3728
[2026-05-28 14:12:51,615][root][INFO] - Epoch: 17, loss: 290.0639
[2026-05-28 14:12:51,683][root][INFO] - Epoch: 18, loss: 288.7772
[2026-05-28 14:12:51,751][root][INFO] - Epoch: 19, loss: 287.2211
[2026-05-28 14:12:51,819][root][INFO] - Epoch: 20, loss: 286.1003
[2026-05-28 14:12:51,886][root][INFO] - Epoch: 21, loss: 284.6124
[2026-05-28 14:12:51,953][root][INFO] - Epoch: 22, loss: 283.1888
[2026-05-28 14:12:52,021][root][INFO] - Epoch: 23, loss: 282.2582
[2026-05-28 14:12:52,089][root][INFO] - Epoch: 24, loss: 280.5106
[2026-05-28 14:12:52,156][root][INFO] - Epoch: 25, loss: 279.0774
[2026-05-28 14:12:52,223][root][INFO] - Epoch: 26, loss: 277.6678
[2026-05-28 14:12:52,290][root][INFO] - Epoch: 27, loss: 276.3283
[2026-05-28 14:12:52,358][root][INFO] - Epoch: 28, loss: 275.2854
[2026-05-28 14:12:52,425][root][INFO] - Epoch: 29, loss: 274.2982
[2026-05-28 14:12:52,492][root][INFO] - Epoch: 30, loss: 272.7633
[2026-05-28 14:12:52,560][root][INFO] - Epoch: 31, loss: 271.3941
[2026-05-28 14:12:52,627][root][INFO] - Epoch: 32, loss: 270.7861
[2026-05-28 14:12:52,695][root][INFO] - Epoch: 33, loss: 270.3030
[2026-05-28 14:12:52,763][root][INFO] - Epoch: 34, loss: 269.0215
[2026-05-28 14:12:52,830][root][INFO] - Epoch: 35, loss: 267.5123
[2026-05-28 14:12:52,897][root][INFO] - Epoch: 36, loss: 266.3873
[2026-05-28 14:12:52,965][root][INFO] - Epoch: 37, loss: 265.3098
[2026-05-28 14:12:53,032][root][INFO] - Epoch: 38, loss: 264.2945
[2026-05-28 14:12:53,100][root][INFO] - Epoch: 39, loss: 263.2013
[2026-05-28 14:12:53,167][root][INFO] - Epoch: 40, loss: 262.6801
[2026-05-28 14:12:53,235][root][INFO] - Epoch: 41, loss: 261.6047
[2026-05-28 14:12:53,302][root][INFO] - Epoch: 42, loss: 261.0787
[2026-05-28 14:12:53,370][root][INFO] - Epoch: 43, loss: 259.9662
[2026-05-28 14:12:53,437][root][INFO] - Epoch: 44, loss: 259.7181
[2026-05-28 14:12:53,504][root][INFO] - Epoch: 45, loss: 258.6456
[2026-05-28 14:12:53,572][root][INFO] - Epoch: 46, loss: 258.0261
[2026-05-28 14:12:53,640][root][INFO] - Epoch: 47, loss: 257.5145
[2026-05-28 14:12:53,707][root][INFO] - Epoch: 48, loss: 256.4812
[2026-05-28 14:12:53,775][root][INFO] - Epoch: 49, loss: 256.0270
[2026-05-28 14:12:53,842][root][INFO] - Epoch: 50, loss: 256.2643
[2026-05-28 14:12:53,910][root][INFO] - Epoch: 51, loss: 255.5651
[2026-05-28 14:12:53,978][root][INFO] - Epoch: 52, loss: 255.4212
[2026-05-28 14:12:54,045][root][INFO] - Epoch: 53, loss: 254.7255
[2026-05-28 14:12:54,113][root][INFO] - Epoch: 54, loss: 253.5137
[2026-05-28 14:12:54,180][root][INFO] - Epoch: 55, loss: 252.7880
[2026-05-28 14:12:54,248][root][INFO] - Epoch: 56, loss: 251.7321
[2026-05-28 14:12:54,315][root][INFO] - Epoch: 57, loss: 251.2856
[2026-05-28 14:12:54,382][root][INFO] - Epoch: 58, loss: 250.7225
[2026-05-28 14:12:54,452][root][INFO] - Epoch: 59, loss: 250.1081
[2026-05-28 14:12:54,522][root][INFO] - Epoch: 60, loss: 250.0948
[2026-05-28 14:12:54,591][root][INFO] - Epoch: 61, loss: 249.6911
[2026-05-28 14:12:54,659][root][INFO] - Epoch: 62, loss: 249.0664
[2026-05-28 14:12:54,727][root][INFO] - Epoch: 63, loss: 248.2205
[2026-05-28 14:12:54,795][root][INFO] - Epoch: 64, loss: 248.3494
[2026-05-28 14:12:54,863][root][INFO] - Epoch: 65, loss: 247.1725
[2026-05-28 14:12:54,930][root][INFO] - Epoch: 66, loss: 246.8846
[2026-05-28 14:12:54,998][root][INFO] - Epoch: 67, loss: 246.1933
[2026-05-28 14:12:55,066][root][INFO] - Epoch: 68, loss: 245.3705
[2026-05-28 14:12:55,133][root][INFO] - Epoch: 69, loss: 244.7542
[2026-05-28 14:12:55,201][root][INFO] - Epoch: 70, loss: 245.7007
[2026-05-28 14:12:55,268][root][INFO] - Epoch: 71, loss: 243.6487
[2026-05-28 14:12:55,335][root][INFO] - Epoch: 72, loss: 243.3608
[2026-05-28 14:12:55,401][root][INFO] - Epoch: 73, loss: 242.5436
[2026-05-28 14:12:55,468][root][INFO] - Epoch: 74, loss: 240.8651
[2026-05-28 14:12:55,534][root][INFO] - Epoch: 75, loss: 242.5151
[2026-05-28 14:12:55,601][root][INFO] - Epoch: 76, loss: 241.8277
[2026-05-28 14:12:55,669][root][INFO] - Epoch: 77, loss: 240.6015
[2026-05-28 14:12:55,736][root][INFO] - Epoch: 78, loss: 240.0719
[2026-05-28 14:12:55,802][root][INFO] - Epoch: 79, loss: 239.6800
[2026-05-28 14:12:55,870][root][INFO] - Epoch: 80, loss: 239.6160
[2026-05-28 14:12:55,937][root][INFO] - Epoch: 81, loss: 241.8687
[2026-05-28 14:12:56,005][root][INFO] - Epoch: 82, loss: 240.0625
[2026-05-28 14:12:56,072][root][INFO] - Epoch: 83, loss: 241.4943
[2026-05-28 14:12:56,139][root][INFO] - Epoch: 84, loss: 241.4947
[2026-05-28 14:12:56,206][root][INFO] - Epoch: 85, loss: 239.6161
[2026-05-28 14:12:56,274][root][INFO] - Epoch: 86, loss: 238.7531
[2026-05-28 14:12:56,341][root][INFO] - Epoch: 87, loss: 237.1069
[2026-05-28 14:12:56,408][root][INFO] - Epoch: 88, loss: 237.3878
[2026-05-28 14:12:56,478][root][INFO] - Epoch: 89, loss: 235.9803
[2026-05-28 14:12:56,547][root][INFO] - Epoch: 90, loss: 235.4002
[2026-05-28 14:12:56,616][root][INFO] - Epoch: 91, loss: 235.9470
[2026-05-28 14:12:56,685][root][INFO] - Epoch: 92, loss: 237.3300
[2026-05-28 14:12:56,753][root][INFO] - Epoch: 93, loss: 242.9330
[2026-05-28 14:12:56,820][root][INFO] - Epoch: 94, loss: 237.5622
[2026-05-28 14:12:56,888][root][INFO] - Epoch: 95, loss: 235.1637
[2026-05-28 14:12:56,954][root][INFO] - Epoch: 96, loss: 235.4084
[2026-05-28 14:12:57,022][root][INFO] - Epoch: 97, loss: 234.8979
[2026-05-28 14:12:57,089][root][INFO] - Epoch: 98, loss: 233.5114
[2026-05-28 14:12:57,156][root][INFO] - Epoch: 99, loss: 232.2336
[2026-05-28 14:12:57,223][root][INFO] - Epoch: 100, loss: 231.6992
[2026-05-28 14:12:57,291][root][INFO] - Epoch: 101, loss: 232.4517
[2026-05-28 14:12:57,359][root][INFO] - Epoch: 102, loss: 231.5779
[2026-05-28 14:12:57,426][root][INFO] - Epoch: 103, loss: 231.4914
[2026-05-28 14:12:57,493][root][INFO] - Epoch: 104, loss: 230.4484
[2026-05-28 14:12:57,560][root][INFO] - Epoch: 105, loss: 229.9373
[2026-05-28 14:12:57,627][root][INFO] - Epoch: 106, loss: 230.6763
[2026-05-28 14:12:57,694][root][INFO] - Epoch: 107, loss: 229.3223
[2026-05-28 14:12:57,761][root][INFO] - Epoch: 108, loss: 228.7484
[2026-05-28 14:12:57,829][root][INFO] - Epoch: 109, loss: 228.5798
[2026-05-28 14:12:57,896][root][INFO] - Epoch: 110, loss: 228.7842
[2026-05-28 14:12:57,963][root][INFO] - Epoch: 111, loss: 228.1263
[2026-05-28 14:12:58,030][root][INFO] - Epoch: 112, loss: 228.1073
[2026-05-28 14:12:58,098][root][INFO] - Epoch: 113, loss: 227.3857
[2026-05-28 14:12:58,165][root][INFO] - Epoch: 114, loss: 226.8908
[2026-05-28 14:12:58,232][root][INFO] - Epoch: 115, loss: 228.1911
[2026-05-28 14:12:58,299][root][INFO] - Epoch: 116, loss: 227.4940
[2026-05-28 14:12:58,367][root][INFO] - Epoch: 117, loss: 226.9929
[2026-05-28 14:12:58,434][root][INFO] - Epoch: 118, loss: 225.6842
[2026-05-28 14:12:58,505][root][INFO] - Epoch: 119, loss: 226.2086
[2026-05-28 14:12:58,572][root][INFO] - Epoch: 120, loss: 225.9266
[2026-05-28 14:12:58,640][root][INFO] - Epoch: 121, loss: 226.4262
[2026-05-28 14:12:58,707][root][INFO] - Epoch: 122, loss: 225.4377
[2026-05-28 14:12:58,774][root][INFO] - Epoch: 123, loss: 224.9902
[2026-05-28 14:12:58,840][root][INFO] - Epoch: 124, loss: 224.4872
[2026-05-28 14:12:58,908][root][INFO] - Epoch: 125, loss: 225.6048
[2026-05-28 14:12:58,975][root][INFO] - Epoch: 126, loss: 224.2744
[2026-05-28 14:12:59,041][root][INFO] - Epoch: 127, loss: 224.7983
[2026-05-28 14:12:59,108][root][INFO] - Epoch: 128, loss: 223.7497
[2026-05-28 14:12:59,176][root][INFO] - Epoch: 129, loss: 222.4952
[2026-05-28 14:12:59,243][root][INFO] - Epoch: 130, loss: 222.3157
[2026-05-28 14:12:59,310][root][INFO] - Epoch: 131, loss: 222.5989
[2026-05-28 14:12:59,377][root][INFO] - Epoch: 132, loss: 223.2313
[2026-05-28 14:12:59,444][root][INFO] - Epoch: 133, loss: 221.9546
[2026-05-28 14:12:59,511][root][INFO] - Epoch: 134, loss: 222.8495
[2026-05-28 14:12:59,578][root][INFO] - Epoch: 135, loss: 222.4096
[2026-05-28 14:12:59,645][root][INFO] - Epoch: 136, loss: 221.6212
[2026-05-28 14:12:59,712][root][INFO] - Epoch: 137, loss: 219.4557
[2026-05-28 14:12:59,780][root][INFO] - Epoch: 138, loss: 220.5156
[2026-05-28 14:12:59,846][root][INFO] - Epoch: 139, loss: 219.4335
[2026-05-28 14:12:59,914][root][INFO] - Epoch: 140, loss: 219.8434
[2026-05-28 14:12:59,980][root][INFO] - Epoch: 141, loss: 219.4197
[2026-05-28 14:13:00,048][root][INFO] - Epoch: 142, loss: 218.9971
[2026-05-28 14:13:00,116][root][INFO] - Epoch: 143, loss: 218.6160
[2026-05-28 14:13:00,184][root][INFO] - Epoch: 144, loss: 220.0083
[2026-05-28 14:13:00,251][root][INFO] - Epoch: 145, loss: 219.4489
[2026-05-28 14:13:00,317][root][INFO] - Epoch: 146, loss: 218.7083
[2026-05-28 14:13:00,384][root][INFO] - Epoch: 147, loss: 218.6479
[2026-05-28 14:13:00,452][root][INFO] - Epoch: 148, loss: 218.8732
[2026-05-28 14:13:00,518][root][INFO] - Epoch: 149, loss: 216.9850
[2026-05-28 14:13:00,586][root][INFO] - Epoch: 150, loss: 215.2867
[2026-05-28 14:13:00,653][root][INFO] - Epoch: 151, loss: 216.6572
[2026-05-28 14:13:00,721][root][INFO] - Epoch: 152, loss: 217.1990
[2026-05-28 14:13:00,788][root][INFO] - Epoch: 153, loss: 219.0342
[2026-05-28 14:13:00,855][root][INFO] - Epoch: 154, loss: 218.0597
[2026-05-28 14:13:00,922][root][INFO] - Epoch: 155, loss: 217.0295
[2026-05-28 14:13:00,990][root][INFO] - Epoch: 156, loss: 217.5271
[2026-05-28 14:13:01,057][root][INFO] - Epoch: 157, loss: 217.1629
[2026-05-28 14:13:01,124][root][INFO] - Epoch: 158, loss: 218.9394
[2026-05-28 14:13:01,191][root][INFO] - Epoch: 159, loss: 213.8249
[2026-05-28 14:13:01,258][root][INFO] - Epoch: 160, loss: 215.9714
[2026-05-28 14:13:01,325][root][INFO] - Epoch: 161, loss: 215.8210
[2026-05-28 14:13:01,392][root][INFO] - Epoch: 162, loss: 215.5291
[2026-05-28 14:13:01,459][root][INFO] - Epoch: 163, loss: 216.5549
[2026-05-28 14:13:01,527][root][INFO] - Epoch: 164, loss: 215.0209
[2026-05-28 14:13:01,594][root][INFO] - Epoch: 165, loss: 213.6792
[2026-05-28 14:13:01,661][root][INFO] - Epoch: 166, loss: 213.0654
[2026-05-28 14:13:01,729][root][INFO] - Epoch: 167, loss: 212.5249
[2026-05-28 14:13:01,796][root][INFO] - Epoch: 168, loss: 211.9714
[2026-05-28 14:13:01,863][root][INFO] - Epoch: 169, loss: 211.8369
[2026-05-28 14:13:01,930][root][INFO] - Epoch: 170, loss: 211.7717
[2026-05-28 14:13:01,997][root][INFO] - Epoch: 171, loss: 212.3765
[2026-05-28 14:13:02,064][root][INFO] - Epoch: 172, loss: 211.6439
[2026-05-28 14:13:02,132][root][INFO] - Epoch: 173, loss: 209.9061
[2026-05-28 14:13:02,199][root][INFO] - Epoch: 174, loss: 211.0601
[2026-05-28 14:13:02,266][root][INFO] - Epoch: 175, loss: 210.3615
[2026-05-28 14:13:02,333][root][INFO] - Epoch: 176, loss: 210.6767
[2026-05-28 14:13:02,399][root][INFO] - Epoch: 177, loss: 211.0646
[2026-05-28 14:13:02,467][root][INFO] - Epoch: 178, loss: 207.7307
[2026-05-28 14:13:02,534][root][INFO] - Epoch: 179, loss: 208.2107
[2026-05-28 14:13:02,601][root][INFO] - Epoch: 180, loss: 207.7646
[2026-05-28 14:13:02,668][root][INFO] - Epoch: 181, loss: 208.0530
[2026-05-28 14:13:02,735][root][INFO] - Epoch: 182, loss: 207.3707
[2026-05-28 14:13:02,801][root][INFO] - Epoch: 183, loss: 208.1042
[2026-05-28 14:13:02,868][root][INFO] - Epoch: 184, loss: 207.0164
[2026-05-28 14:13:02,935][root][INFO] - Epoch: 185, loss: 207.8681
[2026-05-28 14:13:03,002][root][INFO] - Epoch: 186, loss: 207.6122
[2026-05-28 14:13:03,072][root][INFO] - Epoch: 187, loss: 206.9203
[2026-05-28 14:13:03,139][root][INFO] - Epoch: 188, loss: 206.4920
[2026-05-28 14:13:03,206][root][INFO] - Epoch: 189, loss: 207.1965
[2026-05-28 14:13:03,273][root][INFO] - Epoch: 190, loss: 205.7996
[2026-05-28 14:13:03,340][root][INFO] - Epoch: 191, loss: 206.1471
[2026-05-28 14:13:03,408][root][INFO] - Epoch: 192, loss: 205.7955
[2026-05-28 14:13:03,475][root][INFO] - Epoch: 193, loss: 204.7521
[2026-05-28 14:13:03,542][root][INFO] - Epoch: 194, loss: 204.7214
[2026-05-28 14:13:03,610][root][INFO] - Epoch: 195, loss: 203.4231
[2026-05-28 14:13:03,676][root][INFO] - Epoch: 196, loss: 203.4358
[2026-05-28 14:13:03,743][root][INFO] - Epoch: 197, loss: 203.4477
[2026-05-28 14:13:03,810][root][INFO] - Epoch: 198, loss: 203.6660
[2026-05-28 14:13:03,878][root][INFO] - Epoch: 199, loss: 203.0355
[2026-05-28 14:13:03,945][root][INFO] - Epoch: 200, loss: 203.6904
[2026-05-28 14:13:03,977][root][INFO] - {'model_loss': '203.6904', 'recon_loss': '0.0000', 'triplet_loss': '203.6904'}
[2026-05-28 14:13:03,981][root][INFO] - Extinction event (pre-encoder)...
[2026-05-28 14:13:03,982][root][INFO] - Saving snapshot to runs/20260528_141105_kheperax_seed42/plots/latent_generation_100_before_ext.png
[2026-05-28 14:13:05,098][root][INFO] - Saving snapshot to runs/20260528_141105_kheperax_seed42/plots/latent_generation_100_after_ext.png
[2026-05-28 14:13:06,028][root][INFO] - Updating AE...
[2026-05-28 14:13:06,855][root][INFO] - Epoch: 1, loss: 83.6851
[2026-05-28 14:13:06,924][root][INFO] - Epoch: 2, loss: 45.6358
[2026-05-28 14:13:06,993][root][INFO] - Epoch: 3, loss: 30.9454
[2026-05-28 14:13:07,061][root][INFO] - Epoch: 4, loss: 24.7125
[2026-05-28 14:13:07,129][root][INFO] - Epoch: 5, loss: 21.1530
[2026-05-28 14:13:07,196][root][INFO] - Epoch: 6, loss: 17.7704
[2026-05-28 14:13:07,263][root][INFO] - Epoch: 7, loss: 14.8108
[2026-05-28 14:13:07,331][root][INFO] - Epoch: 8, loss: 12.9473
[2026-05-28 14:13:07,399][root][INFO] - Epoch: 9, loss: 11.8105
[2026-05-28 14:13:07,465][root][INFO] - Epoch: 10, loss: 11.3267
[2026-05-28 14:13:07,532][root][INFO] - Epoch: 11, loss: 10.8866
[2026-05-28 14:13:07,600][root][INFO] - Epoch: 12, loss: 10.5923
[2026-05-28 14:13:07,666][root][INFO] - Epoch: 13, loss: 10.3050
[2026-05-28 14:13:07,734][root][INFO] - Epoch: 14, loss: 9.9926
[2026-05-28 14:13:07,801][root][INFO] - Epoch: 15, loss: 9.8044
[2026-05-28 14:13:07,868][root][INFO] - Epoch: 16, loss: 9.5667
[2026-05-28 14:13:07,936][root][INFO] - Epoch: 17, loss: 9.3809
[2026-05-28 14:13:08,007][root][INFO] - Epoch: 18, loss: 9.1519
[2026-05-28 14:13:08,076][root][INFO] - Epoch: 19, loss: 8.9498
[2026-05-28 14:13:08,144][root][INFO] - Epoch: 20, loss: 8.7593
[2026-05-28 14:13:08,212][root][INFO] - Epoch: 21, loss: 8.5204
[2026-05-28 14:13:08,279][root][INFO] - Epoch: 22, loss: 8.2918
[2026-05-28 14:13:08,347][root][INFO] - Epoch: 23, loss: 8.0981
[2026-05-28 14:13:08,415][root][INFO] - Epoch: 24, loss: 7.8187
[2026-05-28 14:13:08,484][root][INFO] - Epoch: 25, loss: 7.6131
[2026-05-28 14:13:08,551][root][INFO] - Epoch: 26, loss: 7.3661
[2026-05-28 14:13:08,618][root][INFO] - Epoch: 27, loss: 7.2065
[2026-05-28 14:13:08,685][root][INFO] - Epoch: 28, loss: 7.1547
[2026-05-28 14:13:08,753][root][INFO] - Epoch: 29, loss: 6.9958
[2026-05-28 14:13:08,820][root][INFO] - Epoch: 30, loss: 6.8353
[2026-05-28 14:13:08,886][root][INFO] - Epoch: 31, loss: 6.7322
[2026-05-28 14:13:08,953][root][INFO] - Epoch: 32, loss: 6.5901
[2026-05-28 14:13:09,021][root][INFO] - Epoch: 33, loss: 6.5005
[2026-05-28 14:13:09,089][root][INFO] - Epoch: 34, loss: 6.4282
[2026-05-28 14:13:09,156][root][INFO] - Epoch: 35, loss: 6.3387
[2026-05-28 14:13:09,223][root][INFO] - Epoch: 36, loss: 6.2500
[2026-05-28 14:13:09,291][root][INFO] - Epoch: 37, loss: 6.2065
[2026-05-28 14:13:09,358][root][INFO] - Epoch: 38, loss: 6.1800
[2026-05-28 14:13:09,425][root][INFO] - Epoch: 39, loss: 6.0609
[2026-05-28 14:13:09,492][root][INFO] - Epoch: 40, loss: 6.0614
[2026-05-28 14:13:09,559][root][INFO] - Epoch: 41, loss: 5.9999
[2026-05-28 14:13:09,626][root][INFO] - Epoch: 42, loss: 5.9425
[2026-05-28 14:13:09,693][root][INFO] - Epoch: 43, loss: 5.9130
[2026-05-28 14:13:09,760][root][INFO] - Epoch: 44, loss: 5.8696
[2026-05-28 14:13:09,827][root][INFO] - Epoch: 45, loss: 5.8366
[2026-05-28 14:13:09,894][root][INFO] - Epoch: 46, loss: 5.7492
[2026-05-28 14:13:09,961][root][INFO] - Epoch: 47, loss: 5.7473
[2026-05-28 14:13:10,028][root][INFO] - Epoch: 48, loss: 5.7089
[2026-05-28 14:13:10,095][root][INFO] - Epoch: 49, loss: 5.6184
[2026-05-28 14:13:10,162][root][INFO] - Epoch: 50, loss: 5.5720
[2026-05-28 14:13:10,229][root][INFO] - Epoch: 51, loss: 5.5370
[2026-05-28 14:13:10,295][root][INFO] - Epoch: 52, loss: 5.5494
[2026-05-28 14:13:10,362][root][INFO] - Epoch: 53, loss: 5.5301
[2026-05-28 14:13:10,433][root][INFO] - Epoch: 54, loss: 5.5437
[2026-05-28 14:13:10,501][root][INFO] - Epoch: 55, loss: 5.4406
[2026-05-28 14:13:10,568][root][INFO] - Epoch: 56, loss: 5.3120
[2026-05-28 14:13:10,635][root][INFO] - Epoch: 57, loss: 5.2224
[2026-05-28 14:13:10,702][root][INFO] - Epoch: 58, loss: 5.1470
[2026-05-28 14:13:10,769][root][INFO] - Epoch: 59, loss: 5.0904
[2026-05-28 14:13:10,836][root][INFO] - Epoch: 60, loss: 4.9630
[2026-05-28 14:13:10,903][root][INFO] - Epoch: 61, loss: 4.8576
[2026-05-28 14:13:10,970][root][INFO] - Epoch: 62, loss: 4.7908
[2026-05-28 14:13:11,037][root][INFO] - Epoch: 63, loss: 4.7420
[2026-05-28 14:13:11,104][root][INFO] - Epoch: 64, loss: 4.7672
[2026-05-28 14:13:11,172][root][INFO] - Epoch: 65, loss: 4.6773
[2026-05-28 14:13:11,240][root][INFO] - Epoch: 66, loss: 4.6494
[2026-05-28 14:13:11,310][root][INFO] - Epoch: 67, loss: 4.5298
[2026-05-28 14:13:11,379][root][INFO] - Epoch: 68, loss: 4.5150
[2026-05-28 14:13:11,448][root][INFO] - Epoch: 69, loss: 4.5153
[2026-05-28 14:13:11,514][root][INFO] - Epoch: 70, loss: 4.4850
[2026-05-28 14:13:11,582][root][INFO] - Epoch: 71, loss: 4.4436
[2026-05-28 14:13:11,649][root][INFO] - Epoch: 72, loss: 4.4805
[2026-05-28 14:13:11,717][root][INFO] - Epoch: 73, loss: 4.4091
[2026-05-28 14:13:11,784][root][INFO] - Epoch: 74, loss: 4.3966
[2026-05-28 14:13:11,851][root][INFO] - Epoch: 75, loss: 4.3375
[2026-05-28 14:13:11,919][root][INFO] - Epoch: 76, loss: 4.3499
[2026-05-28 14:13:11,987][root][INFO] - Epoch: 77, loss: 4.3250
[2026-05-28 14:13:12,054][root][INFO] - Epoch: 78, loss: 4.3098
[2026-05-28 14:13:12,121][root][INFO] - Epoch: 79, loss: 4.3829
[2026-05-28 14:13:12,188][root][INFO] - Epoch: 80, loss: 4.3720
[2026-05-28 14:13:12,255][root][INFO] - Epoch: 81, loss: 4.2247
[2026-05-28 14:13:12,322][root][INFO] - Epoch: 82, loss: 4.2044
[2026-05-28 14:13:12,390][root][INFO] - Epoch: 83, loss: 4.1494
[2026-05-28 14:13:12,456][root][INFO] - Epoch: 84, loss: 4.3757
[2026-05-28 14:13:12,523][root][INFO] - Epoch: 85, loss: 4.2117
[2026-05-28 14:13:12,589][root][INFO] - Epoch: 86, loss: 4.1189
[2026-05-28 14:13:12,655][root][INFO] - Epoch: 87, loss: 4.1196
[2026-05-28 14:13:12,723][root][INFO] - Epoch: 88, loss: 4.1321
[2026-05-28 14:13:12,789][root][INFO] - Epoch: 89, loss: 4.2371
[2026-05-28 14:13:12,856][root][INFO] - Epoch: 90, loss: 4.1589
[2026-05-28 14:13:12,923][root][INFO] - Epoch: 91, loss: 4.1353
[2026-05-28 14:13:12,990][root][INFO] - Epoch: 92, loss: 4.1110
[2026-05-28 14:13:13,057][root][INFO] - Epoch: 93, loss: 4.1064
[2026-05-28 14:13:13,124][root][INFO] - Epoch: 94, loss: 4.0213
[2026-05-28 14:13:13,191][root][INFO] - Epoch: 95, loss: 4.0211
[2026-05-28 14:13:13,258][root][INFO] - Epoch: 96, loss: 4.0396
[2026-05-28 14:13:13,325][root][INFO] - Epoch: 97, loss: 4.2256
[2026-05-28 14:13:13,391][root][INFO] - Epoch: 98, loss: 4.0919
[2026-05-28 14:13:13,457][root][INFO] - Epoch: 99, loss: 4.1233
[2026-05-28 14:13:13,523][root][INFO] - Epoch: 100, loss: 4.1330
[2026-05-28 14:13:13,590][root][INFO] - Epoch: 101, loss: 3.9724
[2026-05-28 14:13:13,657][root][INFO] - Epoch: 102, loss: 3.9634
[2026-05-28 14:13:13,724][root][INFO] - Epoch: 103, loss: 4.1279
[2026-05-28 14:13:13,791][root][INFO] - Epoch: 104, loss: 4.0179
[2026-05-28 14:13:13,858][root][INFO] - Epoch: 105, loss: 3.9600
[2026-05-28 14:13:13,925][root][INFO] - Epoch: 106, loss: 3.9663
[2026-05-28 14:13:13,991][root][INFO] - Epoch: 107, loss: 3.8627
[2026-05-28 14:13:14,057][root][INFO] - Epoch: 108, loss: 3.8320
[2026-05-28 14:13:14,123][root][INFO] - Epoch: 109, loss: 3.8919
[2026-05-28 14:13:14,190][root][INFO] - Epoch: 110, loss: 3.8489
[2026-05-28 14:13:14,256][root][INFO] - Epoch: 111, loss: 3.8903
[2026-05-28 14:13:14,322][root][INFO] - Epoch: 112, loss: 3.8767
[2026-05-28 14:13:14,389][root][INFO] - Epoch: 113, loss: 3.9146
[2026-05-28 14:13:14,455][root][INFO] - Epoch: 114, loss: 3.9364
[2026-05-28 14:13:14,522][root][INFO] - Epoch: 115, loss: 3.8140
[2026-05-28 14:13:14,588][root][INFO] - Epoch: 116, loss: 3.7796
[2026-05-28 14:13:14,654][root][INFO] - Epoch: 117, loss: 3.8376
[2026-05-28 14:13:14,720][root][INFO] - Epoch: 118, loss: 3.7747
[2026-05-28 14:13:14,785][root][INFO] - Epoch: 119, loss: 3.8527
[2026-05-28 14:13:14,853][root][INFO] - Epoch: 120, loss: 3.8201
[2026-05-28 14:13:14,920][root][INFO] - Epoch: 121, loss: 3.7889
[2026-05-28 14:13:14,986][root][INFO] - Epoch: 122, loss: 3.7599
[2026-05-28 14:13:15,052][root][INFO] - Epoch: 123, loss: 3.8289
[2026-05-28 14:13:15,118][root][INFO] - Epoch: 124, loss: 3.8125
[2026-05-28 14:13:15,184][root][INFO] - Epoch: 125, loss: 3.9710
[2026-05-28 14:13:15,249][root][INFO] - Epoch: 126, loss: 4.0027
[2026-05-28 14:13:15,314][root][INFO] - Epoch: 127, loss: 3.9258
[2026-05-28 14:13:15,381][root][INFO] - Epoch: 128, loss: 3.9502
[2026-05-28 14:13:15,447][root][INFO] - Epoch: 129, loss: 3.8549
[2026-05-28 14:13:15,513][root][INFO] - Epoch: 130, loss: 3.7223
[2026-05-28 14:13:15,580][root][INFO] - Epoch: 131, loss: 3.7318
[2026-05-28 14:13:15,646][root][INFO] - Epoch: 132, loss: 3.6902
[2026-05-28 14:13:15,713][root][INFO] - Epoch: 133, loss: 3.7051
[2026-05-28 14:13:15,779][root][INFO] - Epoch: 134, loss: 3.6115
[2026-05-28 14:13:15,847][root][INFO] - Epoch: 135, loss: 3.6994
[2026-05-28 14:13:15,914][root][INFO] - Epoch: 136, loss: 3.7530
[2026-05-28 14:13:15,982][root][INFO] - Epoch: 137, loss: 3.6170
[2026-05-28 14:13:16,048][root][INFO] - Epoch: 138, loss: 3.6874
[2026-05-28 14:13:16,116][root][INFO] - Epoch: 139, loss: 3.7887
[2026-05-28 14:13:16,182][root][INFO] - Epoch: 140, loss: 3.5755
[2026-05-28 14:13:16,249][root][INFO] - Epoch: 141, loss: 3.5588
[2026-05-28 14:13:16,315][root][INFO] - Epoch: 142, loss: 3.5928
[2026-05-28 14:13:16,382][root][INFO] - Epoch: 143, loss: 3.5064
[2026-05-28 14:13:16,449][root][INFO] - Epoch: 144, loss: 3.5599
[2026-05-28 14:13:16,516][root][INFO] - Epoch: 145, loss: 3.5887
[2026-05-28 14:13:16,583][root][INFO] - Epoch: 146, loss: 3.5988
[2026-05-28 14:13:16,650][root][INFO] - Epoch: 147, loss: 3.5407
[2026-05-28 14:13:16,716][root][INFO] - Epoch: 148, loss: 3.5713
[2026-05-28 14:13:16,782][root][INFO] - Epoch: 149, loss: 3.6009
[2026-05-28 14:13:16,849][root][INFO] - Epoch: 150, loss: 3.7688
[2026-05-28 14:13:16,915][root][INFO] - Epoch: 151, loss: 3.5816
[2026-05-28 14:13:16,982][root][INFO] - Epoch: 152, loss: 3.4589
[2026-05-28 14:13:17,048][root][INFO] - Epoch: 153, loss: 3.5313
[2026-05-28 14:13:17,115][root][INFO] - Epoch: 154, loss: 3.4874
[2026-05-28 14:13:17,183][root][INFO] - Epoch: 155, loss: 3.5231
[2026-05-28 14:13:17,251][root][INFO] - Epoch: 156, loss: 3.7438
[2026-05-28 14:13:17,318][root][INFO] - Epoch: 157, loss: 3.5877
[2026-05-28 14:13:17,384][root][INFO] - Epoch: 158, loss: 3.8873
[2026-05-28 14:13:17,451][root][INFO] - Epoch: 159, loss: 3.4598
[2026-05-28 14:13:17,518][root][INFO] - Epoch: 160, loss: 3.5394
[2026-05-28 14:13:17,585][root][INFO] - Epoch: 161, loss: 3.4532
[2026-05-28 14:13:17,651][root][INFO] - Epoch: 162, loss: 3.4177
[2026-05-28 14:13:17,718][root][INFO] - Epoch: 163, loss: 3.2554
[2026-05-28 14:13:17,785][root][INFO] - Epoch: 164, loss: 3.2795
[2026-05-28 14:13:17,852][root][INFO] - Epoch: 165, loss: 3.4175
[2026-05-28 14:13:17,920][root][INFO] - Epoch: 166, loss: 3.2811
[2026-05-28 14:13:17,987][root][INFO] - Epoch: 167, loss: 3.2720
[2026-05-28 14:13:18,054][root][INFO] - Epoch: 168, loss: 3.1774
[2026-05-28 14:13:18,121][root][INFO] - Epoch: 169, loss: 3.1571
[2026-05-28 14:13:18,189][root][INFO] - Epoch: 170, loss: 3.2138
[2026-05-28 14:13:18,259][root][INFO] - Epoch: 171, loss: 3.1297
[2026-05-28 14:13:18,329][root][INFO] - Epoch: 172, loss: 3.1315
[2026-05-28 14:13:18,399][root][INFO] - Epoch: 173, loss: 3.0646
[2026-05-28 14:13:18,469][root][INFO] - Epoch: 174, loss: 3.1758
[2026-05-28 14:13:18,538][root][INFO] - Epoch: 175, loss: 3.2818
[2026-05-28 14:13:18,606][root][INFO] - Epoch: 176, loss: 3.2025
[2026-05-28 14:13:18,673][root][INFO] - Epoch: 177, loss: 3.4159
[2026-05-28 14:13:18,741][root][INFO] - Epoch: 178, loss: 3.4792
[2026-05-28 14:13:18,808][root][INFO] - Epoch: 179, loss: 3.3454
[2026-05-28 14:13:18,875][root][INFO] - Epoch: 180, loss: 3.3007
[2026-05-28 14:13:18,942][root][INFO] - Epoch: 181, loss: 3.1251
[2026-05-28 14:13:19,008][root][INFO] - Epoch: 182, loss: 3.2762
[2026-05-28 14:13:19,076][root][INFO] - Epoch: 183, loss: 3.1041
[2026-05-28 14:13:19,143][root][INFO] - Epoch: 184, loss: 3.2121
[2026-05-28 14:13:19,144][root][INFO] - Early stopping at epoch: 183
[2026-05-28 14:13:19,184][root][INFO] - {'model_loss': '3.2121', 'recon_loss': '0.0000', 'triplet_loss': '3.2121'}
[2026-05-28 14:13:19,187][root][INFO] - Generation 20/400 - Time: 0.00 seconds
[2026-05-28 14:13:19,188][root][INFO] - {'coverage': '100.00', 'max_fitness': '-12.21', 'passive_coverage': '29.30', 'passive_max_fitness': '-12.21', 'passive_mean_fitness': '-59.56', 'passive_qd_score': '24557.14', 'qd_score': '85262.08', 'mean_fitness_top_k': '-33.66'}
[2026-05-28 14:13:20,182][root][INFO] - Generation 21/400 - Time: 0.00 seconds
[2026-05-28 14:13:20,183][root][INFO] - {'coverage': '100.00', 'max_fitness': '-12.21', 'passive_coverage': '31.05', 'passive_max_fitness': '-12.21', 'passive_mean_fitness': '-60.32', 'passive_qd_score': '25790.63', 'qd_score': '82996.75', 'mean_fitness_top_k': '-27.63'}
[2026-05-28 14:13:21,193][root][INFO] - Generation 22/400 - Time: 0.00 seconds
[2026-05-28 14:13:21,194][root][INFO] - {'coverage': '100.00', 'max_fitness': '-12.21', 'passive_coverage': '31.84', 'passive_max_fitness': '-12.21', 'passive_mean_fitness': '-60.51', 'passive_qd_score': '26375.53', 'qd_score': '83605.80', 'mean_fitness_top_k': '-27.43'}
[2026-05-28 14:13:22,177][root][INFO] - Generation 23/400 - Time: 0.00 seconds
[2026-05-28 14:13:22,177][root][INFO] - {'coverage': '100.00', 'max_fitness': '-12.21', 'passive_coverage': '32.52', 'passive_max_fitness': '-12.21', 'passive_mean_fitness': '-60.79', 'passive_qd_score': '26851.75', 'qd_score': '83508.50', 'mean_fitness_top_k': '-29.10'}
[2026-05-28 14:13:23,163][root][INFO] - Generation 24/400 - Time: 0.00 seconds
[2026-05-28 14:13:23,164][root][INFO] - {'coverage': '100.00', 'max_fitness': '-12.21', 'passive_coverage': '33.59', 'passive_max_fitness': '-12.21', 'passive_mean_fitness': '-60.83', 'passive_qd_score': '27724.00', 'qd_score': '84116.16', 'mean_fitness_top_k': '-29.59'}
[2026-05-28 14:13:24,152][root][INFO] - Generation 25/400 - Time: 0.00 seconds
[2026-05-28 14:13:24,153][root][INFO] - {'coverage': '100.00', 'max_fitness': '-12.21', 'passive_coverage': '34.28', 'passive_max_fitness': '-12.21', 'passive_mean_fitness': '-61.15', 'passive_qd_score': '28174.54', 'qd_score': '84800.84', 'mean_fitness_top_k': '-29.77'}
[2026-05-28 14:13:24,155][root][INFO] - Saving snapshot to runs/20260528_141105_kheperax_seed42/plots/latent_generation_125_5_gens_after_ext_gen100.png
[2026-05-28 14:13:26,370][root][INFO] - Generation 26/400 - Time: 0.00 seconds
[2026-05-28 14:13:26,370][root][INFO] - {'coverage': '100.00', 'max_fitness': '-12.21', 'passive_coverage': '34.96', 'passive_max_fitness': '-12.21', 'passive_mean_fitness': '-61.13', 'passive_qd_score': '28745.85', 'qd_score': '85849.23', 'mean_fitness_top_k': '-29.64'}
[2026-05-28 14:13:27,358][root][INFO] - Generation 27/400 - Time: 0.00 seconds
[2026-05-28 14:13:27,359][root][INFO] - {'coverage': '100.00', 'max_fitness': '-12.21', 'passive_coverage': '35.84', 'passive_max_fitness': '-12.21', 'passive_mean_fitness': '-60.94', 'passive_qd_score': '29535.41', 'qd_score': '86016.31', 'mean_fitness_top_k': '-30.38'}
[2026-05-28 14:13:28,379][root][INFO] - Generation 28/400 - Time: 0.00 seconds
[2026-05-28 14:13:28,379][root][INFO] - {'coverage': '100.00', 'max_fitness': '-12.21', 'passive_coverage': '36.33', 'passive_max_fitness': '-12.21', 'passive_mean_fitness': '-60.79', 'passive_qd_score': '29995.19', 'qd_score': '86680.37', 'mean_fitness_top_k': '-30.93'}
[2026-05-28 14:13:29,441][root][INFO] - Generation 29/400 - Time: 0.00 seconds
[2026-05-28 14:13:29,442][root][INFO] - {'coverage': '100.00', 'max_fitness': '-12.21', 'passive_coverage': '36.82', 'passive_max_fitness': '-12.21', 'passive_mean_fitness': '-60.73', 'passive_qd_score': '30419.21', 'qd_score': '87736.17', 'mean_fitness_top_k': '-29.64'}
[2026-05-28 14:13:30,495][root][INFO] - Updating AE...
[2026-05-28 14:13:31,200][root][INFO] - Epoch: 1, loss: 8612.6025
[2026-05-28 14:13:31,270][root][INFO] - Epoch: 2, loss: 323.7590
[2026-05-28 14:13:31,340][root][INFO] - Epoch: 3, loss: 306.5247
[2026-05-28 14:13:31,410][root][INFO] - Epoch: 4, loss: 304.6508
[2026-05-28 14:13:31,478][root][INFO] - Epoch: 5, loss: 302.0089
[2026-05-28 14:13:31,547][root][INFO] - Epoch: 6, loss: 300.3775
[2026-05-28 14:13:31,614][root][INFO] - Epoch: 7, loss: 299.2008
[2026-05-28 14:13:31,681][root][INFO] - Epoch: 8, loss: 297.5775
[2026-05-28 14:13:31,749][root][INFO] - Epoch: 9, loss: 296.3385
[2026-05-28 14:13:31,816][root][INFO] - Epoch: 10, loss: 295.1311
[2026-05-28 14:13:31,883][root][INFO] - Epoch: 11, loss: 294.0590
[2026-05-28 14:13:31,950][root][INFO] - Epoch: 12, loss: 293.0282
[2026-05-28 14:13:32,017][root][INFO] - Epoch: 13, loss: 292.1150
[2026-05-28 14:13:32,085][root][INFO] - Epoch: 14, loss: 291.3020
[2026-05-28 14:13:32,152][root][INFO] - Epoch: 15, loss: 290.6394
[2026-05-28 14:13:32,220][root][INFO] - Epoch: 16, loss: 290.0201
[2026-05-28 14:13:32,288][root][INFO] - Epoch: 17, loss: 289.4589
[2026-05-28 14:13:32,356][root][INFO] - Epoch: 18, loss: 289.0507
[2026-05-28 14:13:32,423][root][INFO] - Epoch: 19, loss: 288.4803
[2026-05-28 14:13:32,490][root][INFO] - Epoch: 20, loss: 287.9575
[2026-05-28 14:13:32,558][root][INFO] - Epoch: 21, loss: 287.5248
[2026-05-28 14:13:32,625][root][INFO] - Epoch: 22, loss: 287.0823
[2026-05-28 14:13:32,691][root][INFO] - Epoch: 23, loss: 286.8117
[2026-05-28 14:13:32,759][root][INFO] - Epoch: 24, loss: 286.3214
[2026-05-28 14:13:32,826][root][INFO] - Epoch: 25, loss: 285.9463
[2026-05-28 14:13:32,894][root][INFO] - Epoch: 26, loss: 285.5620
[2026-05-28 14:13:32,962][root][INFO] - Epoch: 27, loss: 285.3123
[2026-05-28 14:13:33,030][root][INFO] - Epoch: 28, loss: 285.0541
[2026-05-28 14:13:33,097][root][INFO] - Epoch: 29, loss: 284.7071
[2026-05-28 14:13:33,164][root][INFO] - Epoch: 30, loss: 284.4431
[2026-05-28 14:13:33,232][root][INFO] - Epoch: 31, loss: 284.2870
[2026-05-28 14:13:33,300][root][INFO] - Epoch: 32, loss: 284.0224
[2026-05-28 14:13:33,367][root][INFO] - Epoch: 33, loss: 283.6932
[2026-05-28 14:13:33,434][root][INFO] - Epoch: 34, loss: 283.2177
[2026-05-28 14:13:33,501][root][INFO] - Epoch: 35, loss: 282.7281
[2026-05-28 14:13:33,569][root][INFO] - Epoch: 36, loss: 282.4435
[2026-05-28 14:13:33,636][root][INFO] - Epoch: 37, loss: 282.2254
[2026-05-28 14:13:33,704][root][INFO] - Epoch: 38, loss: 281.9600
[2026-05-28 14:13:33,771][root][INFO] - Epoch: 39, loss: 281.6934
[2026-05-28 14:13:33,839][root][INFO] - Epoch: 40, loss: 281.4272
[2026-05-28 14:13:33,907][root][INFO] - Epoch: 41, loss: 281.0880
[2026-05-28 14:13:33,974][root][INFO] - Epoch: 42, loss: 280.8928
[2026-05-28 14:13:34,042][root][INFO] - Epoch: 43, loss: 280.5725
[2026-05-28 14:13:34,110][root][INFO] - Epoch: 44, loss: 280.2407
[2026-05-28 14:13:34,178][root][INFO] - Epoch: 45, loss: 279.9785
[2026-05-28 14:13:34,245][root][INFO] - Epoch: 46, loss: 279.6066
[2026-05-28 14:13:34,313][root][INFO] - Epoch: 47, loss: 279.3268
[2026-05-28 14:13:34,380][root][INFO] - Epoch: 48, loss: 278.9345
[2026-05-28 14:13:34,447][root][INFO] - Epoch: 49, loss: 278.5676
[2026-05-28 14:13:34,515][root][INFO] - Epoch: 50, loss: 278.0164
[2026-05-28 14:13:34,583][root][INFO] - Epoch: 51, loss: 277.6040
[2026-05-28 14:13:34,650][root][INFO] - Epoch: 52, loss: 277.0839
[2026-05-28 14:13:34,718][root][INFO] - Epoch: 53, loss: 276.6060
[2026-05-28 14:13:34,785][root][INFO] - Epoch: 54, loss: 276.1875
[2026-05-28 14:13:34,851][root][INFO] - Epoch: 55, loss: 275.7415
[2026-05-28 14:13:34,919][root][INFO] - Epoch: 56, loss: 275.3132
[2026-05-28 14:13:34,986][root][INFO] - Epoch: 57, loss: 275.1298
[2026-05-28 14:13:35,054][root][INFO] - Epoch: 58, loss: 274.7927
[2026-05-28 14:13:35,122][root][INFO] - Epoch: 59, loss: 275.9351
[2026-05-28 14:13:35,190][root][INFO] - Epoch: 60, loss: 276.4725
[2026-05-28 14:13:35,257][root][INFO] - Epoch: 61, loss: 275.5128
[2026-05-28 14:13:35,324][root][INFO] - Epoch: 62, loss: 274.2777
[2026-05-28 14:13:35,392][root][INFO] - Epoch: 63, loss: 273.8900
[2026-05-28 14:13:35,458][root][INFO] - Epoch: 64, loss: 275.1315
[2026-05-28 14:13:35,525][root][INFO] - Epoch: 65, loss: 274.4718
[2026-05-28 14:13:35,592][root][INFO] - Epoch: 66, loss: 273.2327
[2026-05-28 14:13:35,660][root][INFO] - Epoch: 67, loss: 273.9788
[2026-05-28 14:13:35,727][root][INFO] - Epoch: 68, loss: 273.0202
[2026-05-28 14:13:35,795][root][INFO] - Epoch: 69, loss: 271.6093
[2026-05-28 14:13:35,862][root][INFO] - Epoch: 70, loss: 271.7715
[2026-05-28 14:13:35,929][root][INFO] - Epoch: 71, loss: 271.9747
[2026-05-28 14:13:35,997][root][INFO] - Epoch: 72, loss: 271.3426
[2026-05-28 14:13:36,064][root][INFO] - Epoch: 73, loss: 271.3690
[2026-05-28 14:13:36,132][root][INFO] - Epoch: 74, loss: 268.9634
[2026-05-28 14:13:36,199][root][INFO] - Epoch: 75, loss: 268.4036
[2026-05-28 14:13:36,266][root][INFO] - Epoch: 76, loss: 267.7412
[2026-05-28 14:13:36,334][root][INFO] - Epoch: 77, loss: 267.9762
[2026-05-28 14:13:36,401][root][INFO] - Epoch: 78, loss: 267.3625
[2026-05-28 14:13:36,469][root][INFO] - Epoch: 79, loss: 267.2041
[2026-05-28 14:13:36,537][root][INFO] - Epoch: 80, loss: 266.8938
[2026-05-28 14:13:36,604][root][INFO] - Epoch: 81, loss: 265.9964
[2026-05-28 14:13:36,671][root][INFO] - Epoch: 82, loss: 266.9252
[2026-05-28 14:13:36,739][root][INFO] - Epoch: 83, loss: 266.0297
[2026-05-28 14:13:36,806][root][INFO] - Epoch: 84, loss: 266.5966
[2026-05-28 14:13:36,873][root][INFO] - Epoch: 85, loss: 266.2699
[2026-05-28 14:13:36,940][root][INFO] - Epoch: 86, loss: 265.5913
[2026-05-28 14:13:37,007][root][INFO] - Epoch: 87, loss: 267.2363
[2026-05-28 14:13:37,074][root][INFO] - Epoch: 88, loss: 265.5127
[2026-05-28 14:13:37,142][root][INFO] - Epoch: 89, loss: 264.0997
[2026-05-28 14:13:37,209][root][INFO] - Epoch: 90, loss: 267.2899
[2026-05-28 14:13:37,277][root][INFO] - Epoch: 91, loss: 265.7629
[2026-05-28 14:13:37,344][root][INFO] - Epoch: 92, loss: 264.3168
[2026-05-28 14:13:37,411][root][INFO] - Epoch: 93, loss: 263.8903
[2026-05-28 14:13:37,478][root][INFO] - Epoch: 94, loss: 263.7622
[2026-05-28 14:13:37,545][root][INFO] - Epoch: 95, loss: 263.8097
[2026-05-28 14:13:37,612][root][INFO] - Epoch: 96, loss: 263.8071
[2026-05-28 14:13:37,679][root][INFO] - Epoch: 97, loss: 263.6163
[2026-05-28 14:13:37,746][root][INFO] - Epoch: 98, loss: 264.0719
[2026-05-28 14:13:37,813][root][INFO] - Epoch: 99, loss: 263.3924
[2026-05-28 14:13:37,881][root][INFO] - Epoch: 100, loss: 262.3420
[2026-05-28 14:13:37,948][root][INFO] - Epoch: 101, loss: 262.5096
[2026-05-28 14:13:38,015][root][INFO] - Epoch: 102, loss: 263.0739
[2026-05-28 14:13:38,082][root][INFO] - Epoch: 103, loss: 264.9761
[2026-05-28 14:13:38,150][root][INFO] - Epoch: 104, loss: 262.5851
[2026-05-28 14:13:38,219][root][INFO] - Epoch: 105, loss: 262.4002
[2026-05-28 14:13:38,286][root][INFO] - Epoch: 106, loss: 261.7243
[2026-05-28 14:13:38,353][root][INFO] - Epoch: 107, loss: 262.0126
[2026-05-28 14:13:38,421][root][INFO] - Epoch: 108, loss: 266.3459
[2026-05-28 14:13:38,491][root][INFO] - Epoch: 109, loss: 265.6965
[2026-05-28 14:13:38,560][root][INFO] - Epoch: 110, loss: 264.4576
[2026-05-28 14:13:38,627][root][INFO] - Epoch: 111, loss: 264.1419
[2026-05-28 14:13:38,695][root][INFO] - Epoch: 112, loss: 262.4226
[2026-05-28 14:13:38,762][root][INFO] - Epoch: 113, loss: 261.4589
[2026-05-28 14:13:38,829][root][INFO] - Epoch: 114, loss: 260.8099
[2026-05-28 14:13:38,896][root][INFO] - Epoch: 115, loss: 260.6263
[2026-05-28 14:13:38,963][root][INFO] - Epoch: 116, loss: 260.5432
[2026-05-28 14:13:39,030][root][INFO] - Epoch: 117, loss: 259.3921
[2026-05-28 14:13:39,097][root][INFO] - Epoch: 118, loss: 258.6376
[2026-05-28 14:13:39,163][root][INFO] - Epoch: 119, loss: 258.3621
[2026-05-28 14:13:39,230][root][INFO] - Epoch: 120, loss: 259.9045
[2026-05-28 14:13:39,296][root][INFO] - Epoch: 121, loss: 259.9382
[2026-05-28 14:13:39,363][root][INFO] - Epoch: 122, loss: 258.6838
[2026-05-28 14:13:39,431][root][INFO] - Epoch: 123, loss: 258.4226
[2026-05-28 14:13:39,499][root][INFO] - Epoch: 124, loss: 257.5369
[2026-05-28 14:13:39,566][root][INFO] - Epoch: 125, loss: 258.3248
[2026-05-28 14:13:39,632][root][INFO] - Epoch: 126, loss: 257.6788
[2026-05-28 14:13:39,700][root][INFO] - Epoch: 127, loss: 257.6149
[2026-05-28 14:13:39,767][root][INFO] - Epoch: 128, loss: 256.6030
[2026-05-28 14:13:39,834][root][INFO] - Epoch: 129, loss: 256.7600
[2026-05-28 14:13:39,900][root][INFO] - Epoch: 130, loss: 258.8063
[2026-05-28 14:13:39,967][root][INFO] - Epoch: 131, loss: 256.5715
[2026-05-28 14:13:40,034][root][INFO] - Epoch: 132, loss: 257.9617
[2026-05-28 14:13:40,101][root][INFO] - Epoch: 133, loss: 259.0261
[2026-05-28 14:13:40,168][root][INFO] - Epoch: 134, loss: 256.7299
[2026-05-28 14:13:40,235][root][INFO] - Epoch: 135, loss: 257.0915
[2026-05-28 14:13:40,302][root][INFO] - Epoch: 136, loss: 256.0787
[2026-05-28 14:13:40,369][root][INFO] - Epoch: 137, loss: 256.8491
[2026-05-28 14:13:40,436][root][INFO] - Epoch: 138, loss: 256.1169
[2026-05-28 14:13:40,503][root][INFO] - Epoch: 139, loss: 258.3386
[2026-05-28 14:13:40,570][root][INFO] - Epoch: 140, loss: 258.5389
[2026-05-28 14:13:40,637][root][INFO] - Epoch: 141, loss: 256.0159
[2026-05-28 14:13:40,703][root][INFO] - Epoch: 142, loss: 256.0805
[2026-05-28 14:13:40,771][root][INFO] - Epoch: 143, loss: 254.4843
[2026-05-28 14:13:40,839][root][INFO] - Epoch: 144, loss: 254.5661
[2026-05-28 14:13:40,906][root][INFO] - Epoch: 145, loss: 255.1703
[2026-05-28 14:13:40,972][root][INFO] - Epoch: 146, loss: 255.3254
[2026-05-28 14:13:41,039][root][INFO] - Epoch: 147, loss: 255.1049
[2026-05-28 14:13:41,107][root][INFO] - Epoch: 148, loss: 255.3546
[2026-05-28 14:13:41,174][root][INFO] - Epoch: 149, loss: 254.4086
[2026-05-28 14:13:41,241][root][INFO] - Epoch: 150, loss: 256.2345
[2026-05-28 14:13:41,309][root][INFO] - Epoch: 151, loss: 253.8506
[2026-05-28 14:13:41,375][root][INFO] - Epoch: 152, loss: 254.3090
[2026-05-28 14:13:41,443][root][INFO] - Epoch: 153, loss: 252.8380
[2026-05-28 14:13:41,509][root][INFO] - Epoch: 154, loss: 252.5174
[2026-05-28 14:13:41,576][root][INFO] - Epoch: 155, loss: 252.9115
[2026-05-28 14:13:41,643][root][INFO] - Epoch: 156, loss: 252.1881
[2026-05-28 14:13:41,711][root][INFO] - Epoch: 157, loss: 252.5588
[2026-05-28 14:13:41,777][root][INFO] - Epoch: 158, loss: 252.3150
[2026-05-28 14:13:41,845][root][INFO] - Epoch: 159, loss: 250.8073
[2026-05-28 14:13:41,912][root][INFO] - Epoch: 160, loss: 251.0788
[2026-05-28 14:13:41,979][root][INFO] - Epoch: 161, loss: 251.2489
[2026-05-28 14:13:42,046][root][INFO] - Epoch: 162, loss: 256.5338
[2026-05-28 14:13:42,113][root][INFO] - Epoch: 163, loss: 262.1587
[2026-05-28 14:13:42,179][root][INFO] - Epoch: 164, loss: 266.7485
[2026-05-28 14:13:42,246][root][INFO] - Epoch: 165, loss: 262.7308
[2026-05-28 14:13:42,313][root][INFO] - Epoch: 166, loss: 262.6055
[2026-05-28 14:13:42,380][root][INFO] - Epoch: 167, loss: 259.7209
[2026-05-28 14:13:42,448][root][INFO] - Epoch: 168, loss: 259.9991
[2026-05-28 14:13:42,514][root][INFO] - Epoch: 169, loss: 258.3353
[2026-05-28 14:13:42,581][root][INFO] - Epoch: 170, loss: 258.7500
[2026-05-28 14:13:42,581][root][INFO] - Early stopping at epoch: 169
[2026-05-28 14:13:42,625][root][INFO] - {'model_loss': '258.7500', 'recon_loss': '0.0000', 'triplet_loss': '258.7500'}
[2026-05-28 14:13:42,629][root][INFO] - Extinction event (pre-encoder)...
[2026-05-28 14:13:42,629][root][INFO] - Saving snapshot to runs/20260528_141105_kheperax_seed42/plots/latent_generation_150_before_ext.png
[2026-05-28 14:13:43,680][root][INFO] - Saving snapshot to runs/20260528_141105_kheperax_seed42/plots/latent_generation_150_after_ext.png
[2026-05-28 14:13:44,619][root][INFO] - Updating AE...
[2026-05-28 14:13:45,320][root][INFO] - Epoch: 1, loss: 24.5285
[2026-05-28 14:13:45,390][root][INFO] - Epoch: 2, loss: 13.9284
[2026-05-28 14:13:45,459][root][INFO] - Epoch: 3, loss: 12.2126
[2026-05-28 14:13:45,527][root][INFO] - Epoch: 4, loss: 11.7208
[2026-05-28 14:13:45,594][root][INFO] - Epoch: 5, loss: 11.0895
[2026-05-28 14:13:45,661][root][INFO] - Epoch: 6, loss: 10.3907
[2026-05-28 14:13:45,728][root][INFO] - Epoch: 7, loss: 10.0066
[2026-05-28 14:13:45,795][root][INFO] - Epoch: 8, loss: 9.7071
[2026-05-28 14:13:45,863][root][INFO] - Epoch: 9, loss: 9.4010
[2026-05-28 14:13:45,929][root][INFO] - Epoch: 10, loss: 9.1425
[2026-05-28 14:13:45,996][root][INFO] - Epoch: 11, loss: 9.0577
[2026-05-28 14:13:46,064][root][INFO] - Epoch: 12, loss: 8.9305
[2026-05-28 14:13:46,131][root][INFO] - Epoch: 13, loss: 8.5242
[2026-05-28 14:13:46,199][root][INFO] - Epoch: 14, loss: 8.4012
[2026-05-28 14:13:46,266][root][INFO] - Epoch: 15, loss: 8.3453
[2026-05-28 14:13:46,333][root][INFO] - Epoch: 16, loss: 8.1291
[2026-05-28 14:13:46,400][root][INFO] - Epoch: 17, loss: 8.3380
[2026-05-28 14:13:46,467][root][INFO] - Epoch: 18, loss: 7.9910
[2026-05-28 14:13:46,534][root][INFO] - Epoch: 19, loss: 7.9663
[2026-05-28 14:13:46,601][root][INFO] - Epoch: 20, loss: 7.6716
[2026-05-28 14:13:46,668][root][INFO] - Epoch: 21, loss: 7.5639
[2026-05-28 14:13:46,736][root][INFO] - Epoch: 22, loss: 7.4265
[2026-05-28 14:13:46,804][root][INFO] - Epoch: 23, loss: 7.8758
[2026-05-28 14:13:46,872][root][INFO] - Epoch: 24, loss: 7.4446
[2026-05-28 14:13:46,939][root][INFO] - Epoch: 25, loss: 7.4215
[2026-05-28 14:13:47,006][root][INFO] - Epoch: 26, loss: 7.2075
[2026-05-28 14:13:47,073][root][INFO] - Epoch: 27, loss: 7.1587
[2026-05-28 14:13:47,140][root][INFO] - Epoch: 28, loss: 7.0530
[2026-05-28 14:13:47,208][root][INFO] - Epoch: 29, loss: 6.8075
[2026-05-28 14:13:47,276][root][INFO] - Epoch: 30, loss: 6.8320
[2026-05-28 14:13:47,343][root][INFO] - Epoch: 31, loss: 6.7606
[2026-05-28 14:13:47,409][root][INFO] - Epoch: 32, loss: 6.7871
[2026-05-28 14:13:47,475][root][INFO] - Epoch: 33, loss: 6.7533
[2026-05-28 14:13:47,542][root][INFO] - Epoch: 34, loss: 6.8039
[2026-05-28 14:13:47,609][root][INFO] - Epoch: 35, loss: 6.4135
[2026-05-28 14:13:47,675][root][INFO] - Epoch: 36, loss: 6.4136
[2026-05-28 14:13:47,744][root][INFO] - Epoch: 37, loss: 6.4455
[2026-05-28 14:13:47,812][root][INFO] - Epoch: 38, loss: 6.2287
[2026-05-28 14:13:47,880][root][INFO] - Epoch: 39, loss: 6.4827
[2026-05-28 14:13:47,947][root][INFO] - Epoch: 40, loss: 6.0935
[2026-05-28 14:13:48,015][root][INFO] - Epoch: 41, loss: 6.1299
[2026-05-28 14:13:48,082][root][INFO] - Epoch: 42, loss: 5.9239
[2026-05-28 14:13:48,149][root][INFO] - Epoch: 43, loss: 5.9395
[2026-05-28 14:13:48,216][root][INFO] - Epoch: 44, loss: 6.0805
[2026-05-28 14:13:48,283][root][INFO] - Epoch: 45, loss: 5.8164
[2026-05-28 14:13:48,350][root][INFO] - Epoch: 46, loss: 5.7402
[2026-05-28 14:13:48,417][root][INFO] - Epoch: 47, loss: 5.8530
[2026-05-28 14:13:48,487][root][INFO] - Epoch: 48, loss: 7.1625
[2026-05-28 14:13:48,556][root][INFO] - Epoch: 49, loss: 7.1508
[2026-05-28 14:13:48,624][root][INFO] - Epoch: 50, loss: 6.8567
[2026-05-28 14:13:48,692][root][INFO] - Epoch: 51, loss: 6.8513
[2026-05-28 14:13:48,760][root][INFO] - Epoch: 52, loss: 6.3005
[2026-05-28 14:13:48,827][root][INFO] - Epoch: 53, loss: 5.8925
[2026-05-28 14:13:48,894][root][INFO] - Epoch: 54, loss: 5.4950
[2026-05-28 14:13:48,962][root][INFO] - Epoch: 55, loss: 5.8110
[2026-05-28 14:13:49,028][root][INFO] - Epoch: 56, loss: 5.5745
[2026-05-28 14:13:49,095][root][INFO] - Epoch: 57, loss: 5.6400
[2026-05-28 14:13:49,162][root][INFO] - Epoch: 58, loss: 5.7775
[2026-05-28 14:13:49,229][root][INFO] - Epoch: 59, loss: 5.5864
[2026-05-28 14:13:49,296][root][INFO] - Epoch: 60, loss: 5.4417
[2026-05-28 14:13:49,363][root][INFO] - Epoch: 61, loss: 5.1770
[2026-05-28 14:13:49,431][root][INFO] - Epoch: 62, loss: 5.0386
[2026-05-28 14:13:49,499][root][INFO] - Epoch: 63, loss: 5.0608
[2026-05-28 14:13:49,567][root][INFO] - Epoch: 64, loss: 5.4820
[2026-05-28 14:13:49,634][root][INFO] - Epoch: 65, loss: 5.4746
[2026-05-28 14:13:49,702][root][INFO] - Epoch: 66, loss: 5.0510
[2026-05-28 14:13:49,769][root][INFO] - Epoch: 67, loss: 5.3287
[2026-05-28 14:13:49,837][root][INFO] - Epoch: 68, loss: 5.7180
[2026-05-28 14:13:49,904][root][INFO] - Epoch: 69, loss: 5.1668
[2026-05-28 14:13:49,972][root][INFO] - Epoch: 70, loss: 4.8412
[2026-05-28 14:13:50,039][root][INFO] - Epoch: 71, loss: 4.6637
[2026-05-28 14:13:50,106][root][INFO] - Epoch: 72, loss: 4.6446
[2026-05-28 14:13:50,173][root][INFO] - Epoch: 73, loss: 4.5974
[2026-05-28 14:13:50,241][root][INFO] - Epoch: 74, loss: 4.6200
[2026-05-28 14:13:50,309][root][INFO] - Epoch: 75, loss: 4.5120
[2026-05-28 14:13:50,376][root][INFO] - Epoch: 76, loss: 4.5853
[2026-05-28 14:13:50,442][root][INFO] - Epoch: 77, loss: 4.4272
[2026-05-28 14:13:50,510][root][INFO] - Epoch: 78, loss: 4.3384
[2026-05-28 14:13:50,577][root][INFO] - Epoch: 79, loss: 4.4825
[2026-05-28 14:13:50,644][root][INFO] - Epoch: 80, loss: 4.4787
[2026-05-28 14:13:50,711][root][INFO] - Epoch: 81, loss: 4.5859
[2026-05-28 14:13:50,779][root][INFO] - Epoch: 82, loss: 4.8148
[2026-05-28 14:13:50,846][root][INFO] - Epoch: 83, loss: 4.3366
[2026-05-28 14:13:50,912][root][INFO] - Epoch: 84, loss: 4.2321
[2026-05-28 14:13:50,980][root][INFO] - Epoch: 85, loss: 4.3122
[2026-05-28 14:13:51,046][root][INFO] - Epoch: 86, loss: 4.4226
[2026-05-28 14:13:51,113][root][INFO] - Epoch: 87, loss: 4.3105
[2026-05-28 14:13:51,180][root][INFO] - Epoch: 88, loss: 4.1809
[2026-05-28 14:13:51,248][root][INFO] - Epoch: 89, loss: 4.1099
[2026-05-28 14:13:51,315][root][INFO] - Epoch: 90, loss: 4.1799
[2026-05-28 14:13:51,382][root][INFO] - Epoch: 91, loss: 4.0257
[2026-05-28 14:13:51,449][root][INFO] - Epoch: 92, loss: 3.9906
[2026-05-28 14:13:51,516][root][INFO] - Epoch: 93, loss: 3.9431
[2026-05-28 14:13:51,583][root][INFO] - Epoch: 94, loss: 4.0774
[2026-05-28 14:13:51,650][root][INFO] - Epoch: 95, loss: 3.9979
[2026-05-28 14:13:51,717][root][INFO] - Epoch: 96, loss: 4.1873
[2026-05-28 14:13:51,784][root][INFO] - Epoch: 97, loss: 3.8054
[2026-05-28 14:13:51,852][root][INFO] - Epoch: 98, loss: 3.8820
[2026-05-28 14:13:51,919][root][INFO] - Epoch: 99, loss: 3.7969
[2026-05-28 14:13:51,987][root][INFO] - Epoch: 100, loss: 4.3451
[2026-05-28 14:13:52,054][root][INFO] - Epoch: 101, loss: 4.3062
[2026-05-28 14:13:52,121][root][INFO] - Epoch: 102, loss: 3.8918
[2026-05-28 14:13:52,188][root][INFO] - Epoch: 103, loss: 4.5967
[2026-05-28 14:13:52,254][root][INFO] - Epoch: 104, loss: 4.7428
[2026-05-28 14:13:52,322][root][INFO] - Epoch: 105, loss: 4.4345
[2026-05-28 14:13:52,389][root][INFO] - Epoch: 106, loss: 4.0299
[2026-05-28 14:13:52,456][root][INFO] - Epoch: 107, loss: 3.7659
[2026-05-28 14:13:52,523][root][INFO] - Epoch: 108, loss: 3.8853
[2026-05-28 14:13:52,590][root][INFO] - Epoch: 109, loss: 3.7817
[2026-05-28 14:13:52,658][root][INFO] - Epoch: 110, loss: 3.7967
[2026-05-28 14:13:52,725][root][INFO] - Epoch: 111, loss: 4.1800
[2026-05-28 14:13:52,792][root][INFO] - Epoch: 112, loss: 3.9873
[2026-05-28 14:13:52,859][root][INFO] - Epoch: 113, loss: 3.7697
[2026-05-28 14:13:52,927][root][INFO] - Epoch: 114, loss: 3.5067
[2026-05-28 14:13:52,994][root][INFO] - Epoch: 115, loss: 3.2660
[2026-05-28 14:13:53,062][root][INFO] - Epoch: 116, loss: 3.3045
[2026-05-28 14:13:53,129][root][INFO] - Epoch: 117, loss: 3.2617
[2026-05-28 14:13:53,196][root][INFO] - Epoch: 118, loss: 3.3695
[2026-05-28 14:13:53,263][root][INFO] - Epoch: 119, loss: 3.4952
[2026-05-28 14:13:53,331][root][INFO] - Epoch: 120, loss: 3.2645
[2026-05-28 14:13:53,398][root][INFO] - Epoch: 121, loss: 3.3579
[2026-05-28 14:13:53,465][root][INFO] - Epoch: 122, loss: 3.6852
[2026-05-28 14:13:53,533][root][INFO] - Epoch: 123, loss: 4.0358
[2026-05-28 14:13:53,600][root][INFO] - Epoch: 124, loss: 3.3851
[2026-05-28 14:13:53,667][root][INFO] - Epoch: 125, loss: 3.1226
[2026-05-28 14:13:53,734][root][INFO] - Epoch: 126, loss: 3.0145
[2026-05-28 14:13:53,801][root][INFO] - Epoch: 127, loss: 2.9947
[2026-05-28 14:13:53,868][root][INFO] - Epoch: 128, loss: 2.9216
[2026-05-28 14:13:53,935][root][INFO] - Epoch: 129, loss: 3.0462
[2026-05-28 14:13:54,002][root][INFO] - Epoch: 130, loss: 3.5889
[2026-05-28 14:13:54,069][root][INFO] - Epoch: 131, loss: 3.1862
[2026-05-28 14:13:54,136][root][INFO] - Epoch: 132, loss: 3.4322
[2026-05-28 14:13:54,204][root][INFO] - Epoch: 133, loss: 2.9517
[2026-05-28 14:13:54,271][root][INFO] - Epoch: 134, loss: 2.9400
[2026-05-28 14:13:54,339][root][INFO] - Epoch: 135, loss: 2.7813
[2026-05-28 14:13:54,409][root][INFO] - Epoch: 136, loss: 2.9891
[2026-05-28 14:13:54,476][root][INFO] - Epoch: 137, loss: 2.9288
[2026-05-28 14:13:54,543][root][INFO] - Epoch: 138, loss: 3.0000
[2026-05-28 14:13:54,610][root][INFO] - Epoch: 139, loss: 2.9430
[2026-05-28 14:13:54,677][root][INFO] - Epoch: 140, loss: 2.9849
[2026-05-28 14:13:54,743][root][INFO] - Epoch: 141, loss: 2.9769
[2026-05-28 14:13:54,810][root][INFO] - Epoch: 142, loss: 3.2166
[2026-05-28 14:13:54,878][root][INFO] - Epoch: 143, loss: 2.9699
[2026-05-28 14:13:54,945][root][INFO] - Epoch: 144, loss: 2.9262
[2026-05-28 14:13:55,013][root][INFO] - Epoch: 145, loss: 2.8753
[2026-05-28 14:13:55,081][root][INFO] - Epoch: 146, loss: 3.3327
[2026-05-28 14:13:55,081][root][INFO] - Early stopping at epoch: 145
[2026-05-28 14:13:55,123][root][INFO] - {'model_loss': '3.3327', 'recon_loss': '0.0000', 'triplet_loss': '3.3327'}
[2026-05-28 14:13:55,127][root][INFO] - Generation 30/400 - Time: 0.00 seconds
[2026-05-28 14:13:55,127][root][INFO] - {'coverage': '100.00', 'max_fitness': '-12.21', 'passive_coverage': '37.11', 'passive_max_fitness': '-12.21', 'passive_mean_fitness': '-60.67', 'passive_qd_score': '30686.16', 'qd_score': '88167.41', 'mean_fitness_top_k': '-29.72'}
[2026-05-28 14:13:56,119][root][INFO] - Generation 31/400 - Time: 0.00 seconds
[2026-05-28 14:13:56,120][root][INFO] - {'coverage': '100.00', 'max_fitness': '-12.21', 'passive_coverage': '38.67', 'passive_max_fitness': '-12.21', 'passive_mean_fitness': '-61.02', 'passive_qd_score': '31839.18', 'qd_score': '81709.11', 'mean_fitness_top_k': '-28.35'}
[2026-05-28 14:13:57,147][root][INFO] - Generation 32/400 - Time: 0.00 seconds
[2026-05-28 14:13:57,148][root][INFO] - {'coverage': '100.00', 'max_fitness': '-12.21', 'passive_coverage': '40.04', 'passive_max_fitness': '-12.21', 'passive_mean_fitness': '-61.20', 'passive_qd_score': '32890.07', 'qd_score': '83629.73', 'mean_fitness_top_k': '-27.02'}
[2026-05-28 14:13:58,134][root][INFO] - Generation 33/400 - Time: 0.00 seconds
[2026-05-28 14:13:58,135][root][INFO] - {'coverage': '100.00', 'max_fitness': '-12.21', 'passive_coverage': '41.21', 'passive_max_fitness': '-12.21', 'passive_mean_fitness': '-61.69', 'passive_qd_score': '33647.46', 'qd_score': '84946.80', 'mean_fitness_top_k': '-26.47'}
[2026-05-28 14:13:59,126][root][INFO] - Generation 34/400 - Time: 0.00 seconds
[2026-05-28 14:13:59,127][root][INFO] - {'coverage': '100.00', 'max_fitness': '-12.21', 'passive_coverage': '42.29', 'passive_max_fitness': '-12.21', 'passive_mean_fitness': '-61.76', 'passive_qd_score': '34494.93', 'qd_score': '86499.97', 'mean_fitness_top_k': '-25.83'}
[2026-05-28 14:14:00,116][root][INFO] - Generation 35/400 - Time: 0.00 seconds
[2026-05-28 14:14:00,117][root][INFO] - {'coverage': '100.00', 'max_fitness': '-12.21', 'passive_coverage': '43.16', 'passive_max_fitness': '-12.21', 'passive_mean_fitness': '-62.04', 'passive_qd_score': '35084.75', 'qd_score': '87191.78', 'mean_fitness_top_k': '-25.39'}
[2026-05-28 14:14:00,119][root][INFO] - Saving snapshot to runs/20260528_141105_kheperax_seed42/plots/latent_generation_175_5_gens_after_ext_gen150.png
[2026-05-28 14:14:02,232][root][INFO] - Generation 36/400 - Time: 0.00 seconds
[2026-05-28 14:14:02,232][root][INFO] - {'coverage': '100.00', 'max_fitness': '-12.21', 'passive_coverage': '44.24', 'passive_max_fitness': '-12.21', 'passive_mean_fitness': '-61.97', 'passive_qd_score': '35990.96', 'qd_score': '88269.65', 'mean_fitness_top_k': '-25.34'}
[2026-05-28 14:14:03,219][root][INFO] - Generation 37/400 - Time: 0.00 seconds
[2026-05-28 14:14:03,219][root][INFO] - {'coverage': '100.00', 'max_fitness': '-12.21', 'passive_coverage': '44.63', 'passive_max_fitness': '-12.21', 'passive_mean_fitness': '-62.13', 'passive_qd_score': '36235.95', 'qd_score': '88594.09', 'mean_fitness_top_k': '-25.50'}
[2026-05-28 14:14:04,210][root][INFO] - Generation 38/400 - Time: 0.00 seconds
[2026-05-28 14:14:04,211][root][INFO] - {'coverage': '100.00', 'max_fitness': '-12.21', 'passive_coverage': '44.92', 'passive_max_fitness': '-12.21', 'passive_mean_fitness': '-62.05', 'passive_qd_score': '36511.09', 'qd_score': '89237.26', 'mean_fitness_top_k': '-25.64'}
[2026-05-28 14:14:05,240][root][INFO] - Generation 39/400 - Time: 0.00 seconds
[2026-05-28 14:14:05,241][root][INFO] - {'coverage': '100.00', 'max_fitness': '-12.21', 'passive_coverage': '45.21', 'passive_max_fitness': '-12.21', 'passive_mean_fitness': '-62.18', 'passive_qd_score': '36687.67', 'qd_score': '90111.89', 'mean_fitness_top_k': '-25.41'}
[2026-05-28 14:14:06,272][root][INFO] - Generation 40/400 - Time: 0.00 seconds
[2026-05-28 14:14:06,272][root][INFO] - {'coverage': '100.00', 'max_fitness': '-12.21', 'passive_coverage': '46.19', 'passive_max_fitness': '-12.21', 'passive_mean_fitness': '-62.28', 'passive_qd_score': '37434.34', 'qd_score': '90258.48', 'mean_fitness_top_k': '-25.79'}
[2026-05-28 14:14:07,260][root][INFO] - Generation 41/400 - Time: 0.00 seconds
[2026-05-28 14:14:07,261][root][INFO] - {'coverage': '100.00', 'max_fitness': '-12.21', 'passive_coverage': '46.68', 'passive_max_fitness': '-12.21', 'passive_mean_fitness': '-62.41', 'passive_qd_score': '37766.78', 'qd_score': '90767.66', 'mean_fitness_top_k': '-26.20'}
[2026-05-28 14:14:08,256][root][INFO] - Updating AE...
[2026-05-28 14:14:09,168][root][INFO] - Epoch: 1, loss: 3007.9651
[2026-05-28 14:14:09,238][root][INFO] - Epoch: 2, loss: 678.1555
[2026-05-28 14:14:09,307][root][INFO] - Epoch: 3, loss: 635.7007
[2026-05-28 14:14:09,377][root][INFO] - Epoch: 4, loss: 461.5950
[2026-05-28 14:14:09,446][root][INFO] - Epoch: 5, loss: 401.5149
[2026-05-28 14:14:09,515][root][INFO] - Epoch: 6, loss: 384.4749
[2026-05-28 14:14:09,582][root][INFO] - Epoch: 7, loss: 377.5119
[2026-05-28 14:14:09,650][root][INFO] - Epoch: 8, loss: 374.7627
[2026-05-28 14:14:09,717][root][INFO] - Epoch: 9, loss: 372.4063
[2026-05-28 14:14:09,784][root][INFO] - Epoch: 10, loss: 371.1471
[2026-05-28 14:14:09,851][root][INFO] - Epoch: 11, loss: 370.0339
[2026-05-28 14:14:09,918][root][INFO] - Epoch: 12, loss: 369.1916
[2026-05-28 14:14:09,986][root][INFO] - Epoch: 13, loss: 368.4377
[2026-05-28 14:14:10,057][root][INFO] - Epoch: 14, loss: 367.4561
[2026-05-28 14:14:10,126][root][INFO] - Epoch: 15, loss: 366.7283
[2026-05-28 14:14:10,196][root][INFO] - Epoch: 16, loss: 366.7053
[2026-05-28 14:14:10,267][root][INFO] - Epoch: 17, loss: 365.0365
[2026-05-28 14:14:10,336][root][INFO] - Epoch: 18, loss: 364.5419
[2026-05-28 14:14:10,403][root][INFO] - Epoch: 19, loss: 363.8048
[2026-05-28 14:14:10,475][root][INFO] - Epoch: 20, loss: 363.2249
[2026-05-28 14:14:10,546][root][INFO] - Epoch: 21, loss: 363.3217
[2026-05-28 14:14:10,614][root][INFO] - Epoch: 22, loss: 362.6871
[2026-05-28 14:14:10,683][root][INFO] - Epoch: 23, loss: 361.5105
[2026-05-28 14:14:10,750][root][INFO] - Epoch: 24, loss: 360.9496
[2026-05-28 14:14:10,817][root][INFO] - Epoch: 25, loss: 360.4308
[2026-05-28 14:14:10,886][root][INFO] - Epoch: 26, loss: 359.5543
[2026-05-28 14:14:10,956][root][INFO] - Epoch: 27, loss: 359.0332
[2026-05-28 14:14:11,025][root][INFO] - Epoch: 28, loss: 358.7693
[2026-05-28 14:14:11,093][root][INFO] - Epoch: 29, loss: 358.4727
[2026-05-28 14:14:11,161][root][INFO] - Epoch: 30, loss: 358.4333
[2026-05-28 14:14:11,230][root][INFO] - Epoch: 31, loss: 357.4393
[2026-05-28 14:14:11,297][root][INFO] - Epoch: 32, loss: 356.9113
[2026-05-28 14:14:11,366][root][INFO] - Epoch: 33, loss: 356.8778
[2026-05-28 14:14:11,435][root][INFO] - Epoch: 34, loss: 355.9268
[2026-05-28 14:14:11,505][root][INFO] - Epoch: 35, loss: 355.5168
[2026-05-28 14:14:11,574][root][INFO] - Epoch: 36, loss: 355.5361
[2026-05-28 14:14:11,644][root][INFO] - Epoch: 37, loss: 354.6409
[2026-05-28 14:14:11,714][root][INFO] - Epoch: 38, loss: 354.1773
[2026-05-28 14:14:11,786][root][INFO] - Epoch: 39, loss: 353.8180
[2026-05-28 14:14:11,858][root][INFO] - Epoch: 40, loss: 353.3333
[2026-05-28 14:14:11,926][root][INFO] - Epoch: 41, loss: 352.7487
[2026-05-28 14:14:11,995][root][INFO] - Epoch: 42, loss: 352.1687
[2026-05-28 14:14:12,063][root][INFO] - Epoch: 43, loss: 351.4305
[2026-05-28 14:14:12,130][root][INFO] - Epoch: 44, loss: 350.6266
[2026-05-28 14:14:12,197][root][INFO] - Epoch: 45, loss: 350.4803
[2026-05-28 14:14:12,264][root][INFO] - Epoch: 46, loss: 350.0395
[2026-05-28 14:14:12,332][root][INFO] - Epoch: 47, loss: 349.5631
[2026-05-28 14:14:12,400][root][INFO] - Epoch: 48, loss: 348.7491
[2026-05-28 14:14:12,467][root][INFO] - Epoch: 49, loss: 349.7104
[2026-05-28 14:14:12,535][root][INFO] - Epoch: 50, loss: 347.8463
[2026-05-28 14:14:12,601][root][INFO] - Epoch: 51, loss: 346.4390
[2026-05-28 14:14:12,669][root][INFO] - Epoch: 52, loss: 345.9847
[2026-05-28 14:14:12,735][root][INFO] - Epoch: 53, loss: 345.6799
[2026-05-28 14:14:12,802][root][INFO] - Epoch: 54, loss: 344.9290
[2026-05-28 14:14:12,869][root][INFO] - Epoch: 55, loss: 344.4223
[2026-05-28 14:14:12,936][root][INFO] - Epoch: 56, loss: 344.3905
[2026-05-28 14:14:13,003][root][INFO] - Epoch: 57, loss: 344.0225
[2026-05-28 14:14:13,070][root][INFO] - Epoch: 58, loss: 343.9971
[2026-05-28 14:14:13,139][root][INFO] - Epoch: 59, loss: 343.1656
[2026-05-28 14:14:13,209][root][INFO] - Epoch: 60, loss: 342.4751
[2026-05-28 14:14:13,279][root][INFO] - Epoch: 61, loss: 341.9562
[2026-05-28 14:14:13,346][root][INFO] - Epoch: 62, loss: 341.1836
[2026-05-28 14:14:13,414][root][INFO] - Epoch: 63, loss: 340.4263
[2026-05-28 14:14:13,484][root][INFO] - Epoch: 64, loss: 339.6143
[2026-05-28 14:14:13,554][root][INFO] - Epoch: 65, loss: 339.2269
[2026-05-28 14:14:13,625][root][INFO] - Epoch: 66, loss: 338.5782
[2026-05-28 14:14:13,695][root][INFO] - Epoch: 67, loss: 337.8759
[2026-05-28 14:14:13,763][root][INFO] - Epoch: 68, loss: 338.0761
[2026-05-28 14:14:13,831][root][INFO] - Epoch: 69, loss: 336.8094
[2026-05-28 14:14:13,898][root][INFO] - Epoch: 70, loss: 336.6143
[2026-05-28 14:14:13,966][root][INFO] - Epoch: 71, loss: 335.8960
[2026-05-28 14:14:14,035][root][INFO] - Epoch: 72, loss: 335.9171
[2026-05-28 14:14:14,103][root][INFO] - Epoch: 73, loss: 334.8846
[2026-05-28 14:14:14,171][root][INFO] - Epoch: 74, loss: 334.5696
[2026-05-28 14:14:14,240][root][INFO] - Epoch: 75, loss: 333.7697
[2026-05-28 14:14:14,307][root][INFO] - Epoch: 76, loss: 335.4825
[2026-05-28 14:14:14,374][root][INFO] - Epoch: 77, loss: 333.0723
[2026-05-28 14:14:14,441][root][INFO] - Epoch: 78, loss: 333.9449
[2026-05-28 14:14:14,509][root][INFO] - Epoch: 79, loss: 333.1365
[2026-05-28 14:14:14,576][root][INFO] - Epoch: 80, loss: 331.6897
[2026-05-28 14:14:14,644][root][INFO] - Epoch: 81, loss: 331.7961
[2026-05-28 14:14:14,732][root][INFO] - Epoch: 82, loss: 330.3069
[2026-05-28 14:14:14,802][root][INFO] - Epoch: 83, loss: 330.5031
[2026-05-28 14:14:14,872][root][INFO] - Epoch: 84, loss: 330.2352
[2026-05-28 14:14:14,941][root][INFO] - Epoch: 85, loss: 329.6718
[2026-05-28 14:14:15,010][root][INFO] - Epoch: 86, loss: 329.3221
[2026-05-28 14:14:15,079][root][INFO] - Epoch: 87, loss: 328.6647
[2026-05-28 14:14:15,149][root][INFO] - Epoch: 88, loss: 328.1599
[2026-05-28 14:14:15,218][root][INFO] - Epoch: 89, loss: 327.6812
[2026-05-28 14:14:15,289][root][INFO] - Epoch: 90, loss: 327.1212
[2026-05-28 14:14:15,361][root][INFO] - Epoch: 91, loss: 326.6661
[2026-05-28 14:14:15,431][root][INFO] - Epoch: 92, loss: 326.4247
[2026-05-28 14:14:15,501][root][INFO] - Epoch: 93, loss: 326.0861
[2026-05-28 14:14:15,571][root][INFO] - Epoch: 94, loss: 325.3991
[2026-05-28 14:14:15,640][root][INFO] - Epoch: 95, loss: 326.4550
[2026-05-28 14:14:15,711][root][INFO] - Epoch: 96, loss: 325.2740
[2026-05-28 14:14:15,783][root][INFO] - Epoch: 97, loss: 324.5031
[2026-05-28 14:14:15,853][root][INFO] - Epoch: 98, loss: 323.9535
[2026-05-28 14:14:15,922][root][INFO] - Epoch: 99, loss: 324.4897
[2026-05-28 14:14:15,990][root][INFO] - Epoch: 100, loss: 323.2258
[2026-05-28 14:14:16,058][root][INFO] - Epoch: 101, loss: 322.9601
[2026-05-28 14:14:16,125][root][INFO] - Epoch: 102, loss: 322.2288
[2026-05-28 14:14:16,192][root][INFO] - Epoch: 103, loss: 322.5066
[2026-05-28 14:14:16,259][root][INFO] - Epoch: 104, loss: 322.2295
[2026-05-28 14:14:16,327][root][INFO] - Epoch: 105, loss: 321.6555
[2026-05-28 14:14:16,396][root][INFO] - Epoch: 106, loss: 321.2054
[2026-05-28 14:14:16,467][root][INFO] - Epoch: 107, loss: 320.9596
[2026-05-28 14:14:16,536][root][INFO] - Epoch: 108, loss: 320.4590
[2026-05-28 14:14:16,604][root][INFO] - Epoch: 109, loss: 319.7034
[2026-05-28 14:14:16,674][root][INFO] - Epoch: 110, loss: 319.2466
[2026-05-28 14:14:16,745][root][INFO] - Epoch: 111, loss: 319.8958
[2026-05-28 14:14:16,817][root][INFO] - Epoch: 112, loss: 318.6722
[2026-05-28 14:14:16,889][root][INFO] - Epoch: 113, loss: 318.2533
[2026-05-28 14:14:16,960][root][INFO] - Epoch: 114, loss: 317.9968
[2026-05-28 14:14:17,030][root][INFO] - Epoch: 115, loss: 317.1114
[2026-05-28 14:14:17,103][root][INFO] - Epoch: 116, loss: 317.0899
[2026-05-28 14:14:17,178][root][INFO] - Epoch: 117, loss: 316.6464
[2026-05-28 14:14:17,253][root][INFO] - Epoch: 118, loss: 316.1106
[2026-05-28 14:14:17,323][root][INFO] - Epoch: 119, loss: 315.9911
[2026-05-28 14:14:17,393][root][INFO] - Epoch: 120, loss: 315.5558
[2026-05-28 14:14:17,466][root][INFO] - Epoch: 121, loss: 315.1362
[2026-05-28 14:14:17,536][root][INFO] - Epoch: 122, loss: 314.7551
[2026-05-28 14:14:17,606][root][INFO] - Epoch: 123, loss: 314.3364
[2026-05-28 14:14:17,676][root][INFO] - Epoch: 124, loss: 313.7812
[2026-05-28 14:14:17,746][root][INFO] - Epoch: 125, loss: 313.4366
[2026-05-28 14:14:17,817][root][INFO] - Epoch: 126, loss: 313.2097
[2026-05-28 14:14:17,888][root][INFO] - Epoch: 127, loss: 312.7841
[2026-05-28 14:14:17,959][root][INFO] - Epoch: 128, loss: 312.5475
[2026-05-28 14:14:18,029][root][INFO] - Epoch: 129, loss: 1187.9204
[2026-05-28 14:14:18,101][root][INFO] - Epoch: 130, loss: 585.0268
[2026-05-28 14:14:18,174][root][INFO] - Epoch: 131, loss: 809.3185
[2026-05-28 14:14:18,246][root][INFO] - Epoch: 132, loss: 581.2846
[2026-05-28 14:14:18,318][root][INFO] - Epoch: 133, loss: 446.6747
[2026-05-28 14:14:18,389][root][INFO] - Epoch: 134, loss: 399.8889
[2026-05-28 14:14:18,460][root][INFO] - Epoch: 135, loss: 375.8384
[2026-05-28 14:14:18,530][root][INFO] - Epoch: 136, loss: 367.6326
[2026-05-28 14:14:18,600][root][INFO] - Epoch: 137, loss: 361.5575
[2026-05-28 14:14:18,669][root][INFO] - Epoch: 138, loss: 358.3106
[2026-05-28 14:14:18,738][root][INFO] - Epoch: 139, loss: 355.2813
[2026-05-28 14:14:18,738][root][INFO] - Early stopping at epoch: 138
[2026-05-28 14:14:18,776][root][INFO] - {'model_loss': '355.2813', 'recon_loss': '0.0000', 'triplet_loss': '355.2813'}
[2026-05-28 14:14:18,780][root][INFO] - Extinction event (pre-encoder)...
[2026-05-28 14:14:18,780][root][INFO] - Saving snapshot to runs/20260528_141105_kheperax_seed42/plots/latent_generation_210_before_ext.png
[2026-05-28 14:14:20,180][root][INFO] - Saving snapshot to runs/20260528_141105_kheperax_seed42/plots/latent_generation_210_after_ext.png
[2026-05-28 14:14:21,596][root][INFO] - Updating AE...
[2026-05-28 14:14:22,330][root][INFO] - Epoch: 1, loss: 18.1938
[2026-05-28 14:14:22,400][root][INFO] - Epoch: 2, loss: 11.1816
[2026-05-28 14:14:22,470][root][INFO] - Epoch: 3, loss: 10.3416
[2026-05-28 14:14:22,541][root][INFO] - Epoch: 4, loss: 10.0783
[2026-05-28 14:14:22,613][root][INFO] - Epoch: 5, loss: 9.8721
[2026-05-28 14:14:22,684][root][INFO] - Epoch: 6, loss: 9.6843
[2026-05-28 14:14:22,753][root][INFO] - Epoch: 7, loss: 9.5567
[2026-05-28 14:14:22,821][root][INFO] - Epoch: 8, loss: 9.4448
[2026-05-28 14:14:22,890][root][INFO] - Epoch: 9, loss: 9.3358
[2026-05-28 14:14:22,959][root][INFO] - Epoch: 10, loss: 9.1933
[2026-05-28 14:14:23,027][root][INFO] - Epoch: 11, loss: 9.0755
[2026-05-28 14:14:23,096][root][INFO] - Epoch: 12, loss: 8.9960
[2026-05-28 14:14:23,165][root][INFO] - Epoch: 13, loss: 8.9523
[2026-05-28 14:14:23,234][root][INFO] - Epoch: 14, loss: 8.8676
[2026-05-28 14:14:23,303][root][INFO] - Epoch: 15, loss: 8.7991
[2026-05-28 14:14:23,372][root][INFO] - Epoch: 16, loss: 8.7112
[2026-05-28 14:14:23,441][root][INFO] - Epoch: 17, loss: 8.6339
[2026-05-28 14:14:23,509][root][INFO] - Epoch: 18, loss: 8.6119
[2026-05-28 14:14:23,578][root][INFO] - Epoch: 19, loss: 8.5436
[2026-05-28 14:14:23,646][root][INFO] - Epoch: 20, loss: 8.6015
[2026-05-28 14:14:23,715][root][INFO] - Epoch: 21, loss: 8.4937
[2026-05-28 14:14:23,783][root][INFO] - Epoch: 22, loss: 8.3940
[2026-05-28 14:14:23,852][root][INFO] - Epoch: 23, loss: 8.3440
[2026-05-28 14:14:23,922][root][INFO] - Epoch: 24, loss: 8.3377
[2026-05-28 14:14:23,990][root][INFO] - Epoch: 25, loss: 8.2267
[2026-05-28 14:14:24,060][root][INFO] - Epoch: 26, loss: 8.1767
[2026-05-28 14:14:24,128][root][INFO] - Epoch: 27, loss: 8.1415
[2026-05-28 14:14:24,197][root][INFO] - Epoch: 28, loss: 8.0541
[2026-05-28 14:14:24,266][root][INFO] - Epoch: 29, loss: 7.9636
[2026-05-28 14:14:24,334][root][INFO] - Epoch: 30, loss: 7.8997
[2026-05-28 14:14:24,403][root][INFO] - Epoch: 31, loss: 7.7354
[2026-05-28 14:14:24,472][root][INFO] - Epoch: 32, loss: 7.5428
[2026-05-28 14:14:24,540][root][INFO] - Epoch: 33, loss: 7.4539
[2026-05-28 14:14:24,609][root][INFO] - Epoch: 34, loss: 7.2995
[2026-05-28 14:14:24,677][root][INFO] - Epoch: 35, loss: 7.2154
[2026-05-28 14:14:24,746][root][INFO] - Epoch: 36, loss: 6.9356
[2026-05-28 14:14:24,814][root][INFO] - Epoch: 37, loss: 6.8035
[2026-05-28 14:14:24,883][root][INFO] - Epoch: 38, loss: 6.6812
[2026-05-28 14:14:24,952][root][INFO] - Epoch: 39, loss: 6.5040
[2026-05-28 14:14:25,021][root][INFO] - Epoch: 40, loss: 6.2429
[2026-05-28 14:14:25,090][root][INFO] - Epoch: 41, loss: 6.2260
[2026-05-28 14:14:25,159][root][INFO] - Epoch: 42, loss: 5.9773
[2026-05-28 14:14:25,228][root][INFO] - Epoch: 43, loss: 5.8727
[2026-05-28 14:14:25,297][root][INFO] - Epoch: 44, loss: 5.6333
[2026-05-28 14:14:25,366][root][INFO] - Epoch: 45, loss: 5.7431
[2026-05-28 14:14:25,434][root][INFO] - Epoch: 46, loss: 5.6495
[2026-05-28 14:14:25,503][root][INFO] - Epoch: 47, loss: 5.2632
[2026-05-28 14:14:25,571][root][INFO] - Epoch: 48, loss: 5.1140
[2026-05-28 14:14:25,639][root][INFO] - Epoch: 49, loss: 4.9739
[2026-05-28 14:14:25,709][root][INFO] - Epoch: 50, loss: 5.0098
[2026-05-28 14:14:25,777][root][INFO] - Epoch: 51, loss: 4.7775
[2026-05-28 14:14:25,846][root][INFO] - Epoch: 52, loss: 4.6560
[2026-05-28 14:14:25,915][root][INFO] - Epoch: 53, loss: 4.7564
[2026-05-28 14:14:25,984][root][INFO] - Epoch: 54, loss: 4.5284
[2026-05-28 14:14:26,052][root][INFO] - Epoch: 55, loss: 4.3895
[2026-05-28 14:14:26,121][root][INFO] - Epoch: 56, loss: 4.3155
[2026-05-28 14:14:26,190][root][INFO] - Epoch: 57, loss: 4.1915
[2026-05-28 14:14:26,258][root][INFO] - Epoch: 58, loss: 4.1013
[2026-05-28 14:14:26,326][root][INFO] - Epoch: 59, loss: 3.9026
[2026-05-28 14:14:26,395][root][INFO] - Epoch: 60, loss: 3.5968
[2026-05-28 14:14:26,463][root][INFO] - Epoch: 61, loss: 3.5148
[2026-05-28 14:14:26,532][root][INFO] - Epoch: 62, loss: 3.5748
[2026-05-28 14:14:26,607][root][INFO] - Epoch: 63, loss: 4.2453
[2026-05-28 14:14:26,677][root][INFO] - Epoch: 64, loss: 3.9685
[2026-05-28 14:14:26,750][root][INFO] - Epoch: 65, loss: 3.6823
[2026-05-28 14:14:26,821][root][INFO] - Epoch: 66, loss: 3.3554
[2026-05-28 14:14:26,892][root][INFO] - Epoch: 67, loss: 3.2352
[2026-05-28 14:14:26,961][root][INFO] - Epoch: 68, loss: 3.3455
[2026-05-28 14:14:27,029][root][INFO] - Epoch: 69, loss: 3.6690
[2026-05-28 14:14:27,097][root][INFO] - Epoch: 70, loss: 3.7612
[2026-05-28 14:14:27,166][root][INFO] - Epoch: 71, loss: 3.4211
[2026-05-28 14:14:27,234][root][INFO] - Epoch: 72, loss: 3.3182
[2026-05-28 14:14:27,303][root][INFO] - Epoch: 73, loss: 3.4132
[2026-05-28 14:14:27,371][root][INFO] - Epoch: 74, loss: 3.3266
[2026-05-28 14:14:27,441][root][INFO] - Epoch: 75, loss: 3.1827
[2026-05-28 14:14:27,509][root][INFO] - Epoch: 76, loss: 3.2997
[2026-05-28 14:14:27,577][root][INFO] - Epoch: 77, loss: 3.5494
[2026-05-28 14:14:27,646][root][INFO] - Epoch: 78, loss: 4.0381
[2026-05-28 14:14:27,714][root][INFO] - Epoch: 79, loss: 3.4539
[2026-05-28 14:14:27,784][root][INFO] - Epoch: 80, loss: 3.2122
[2026-05-28 14:14:27,854][root][INFO] - Epoch: 81, loss: 2.9849
[2026-05-28 14:14:27,923][root][INFO] - Epoch: 82, loss: 2.6017
[2026-05-28 14:14:27,991][root][INFO] - Epoch: 83, loss: 2.8273
[2026-05-28 14:14:28,059][root][INFO] - Epoch: 84, loss: 2.8287
[2026-05-28 14:14:28,127][root][INFO] - Epoch: 85, loss: 2.7400
[2026-05-28 14:14:28,197][root][INFO] - Epoch: 86, loss: 2.9691
[2026-05-28 14:14:28,265][root][INFO] - Epoch: 87, loss: 2.9588
[2026-05-28 14:14:28,333][root][INFO] - Epoch: 88, loss: 2.9969
[2026-05-28 14:14:28,401][root][INFO] - Epoch: 89, loss: 2.6895
[2026-05-28 14:14:28,471][root][INFO] - Epoch: 90, loss: 2.6698
[2026-05-28 14:14:28,541][root][INFO] - Epoch: 91, loss: 2.4624
[2026-05-28 14:14:28,609][root][INFO] - Epoch: 92, loss: 2.6846
[2026-05-28 14:14:28,678][root][INFO] - Epoch: 93, loss: 2.6953
[2026-05-28 14:14:28,747][root][INFO] - Epoch: 94, loss: 2.7331
[2026-05-28 14:14:28,816][root][INFO] - Epoch: 95, loss: 2.7270
[2026-05-28 14:14:28,885][root][INFO] - Epoch: 96, loss: 3.1247
[2026-05-28 14:14:28,952][root][INFO] - Epoch: 97, loss: 2.8736
[2026-05-28 14:14:29,022][root][INFO] - Epoch: 98, loss: 3.0687
[2026-05-28 14:14:29,090][root][INFO] - Epoch: 99, loss: 2.7207
[2026-05-28 14:14:29,159][root][INFO] - Epoch: 100, loss: 2.6239
[2026-05-28 14:14:29,227][root][INFO] - Epoch: 101, loss: 2.5176
[2026-05-28 14:14:29,296][root][INFO] - Epoch: 102, loss: 2.3794
[2026-05-28 14:14:29,365][root][INFO] - Epoch: 103, loss: 2.3156
[2026-05-28 14:14:29,434][root][INFO] - Epoch: 104, loss: 2.4241
[2026-05-28 14:14:29,503][root][INFO] - Epoch: 105, loss: 2.8807
[2026-05-28 14:14:29,572][root][INFO] - Epoch: 106, loss: 2.8300
[2026-05-28 14:14:29,640][root][INFO] - Epoch: 107, loss: 2.5805
[2026-05-28 14:14:29,708][root][INFO] - Epoch: 108, loss: 2.2663
[2026-05-28 14:14:29,777][root][INFO] - Epoch: 109, loss: 2.0825
[2026-05-28 14:14:29,846][root][INFO] - Epoch: 110, loss: 2.2385
[2026-05-28 14:14:29,915][root][INFO] - Epoch: 111, loss: 2.3213
[2026-05-28 14:14:29,983][root][INFO] - Epoch: 112, loss: 2.9031
[2026-05-28 14:14:30,051][root][INFO] - Epoch: 113, loss: 3.2443
[2026-05-28 14:14:30,120][root][INFO] - Epoch: 114, loss: 2.6988
[2026-05-28 14:14:30,189][root][INFO] - Epoch: 115, loss: 2.4300
[2026-05-28 14:14:30,257][root][INFO] - Epoch: 116, loss: 2.5185
[2026-05-28 14:14:30,325][root][INFO] - Epoch: 117, loss: 2.1688
[2026-05-28 14:14:30,393][root][INFO] - Epoch: 118, loss: 2.0205
[2026-05-28 14:14:30,462][root][INFO] - Epoch: 119, loss: 1.8401
[2026-05-28 14:14:30,531][root][INFO] - Epoch: 120, loss: 1.8238
[2026-05-28 14:14:30,599][root][INFO] - Epoch: 121, loss: 2.1759
[2026-05-28 14:14:30,667][root][INFO] - Epoch: 122, loss: 2.1582
[2026-05-28 14:14:30,736][root][INFO] - Epoch: 123, loss: 2.2730
[2026-05-28 14:14:30,805][root][INFO] - Epoch: 124, loss: 2.2416
[2026-05-28 14:14:30,873][root][INFO] - Epoch: 125, loss: 1.8941
[2026-05-28 14:14:30,943][root][INFO] - Epoch: 126, loss: 2.1907
[2026-05-28 14:14:31,012][root][INFO] - Epoch: 127, loss: 1.8330
[2026-05-28 14:14:31,081][root][INFO] - Epoch: 128, loss: 2.0151
[2026-05-28 14:14:31,150][root][INFO] - Epoch: 129, loss: 1.8233
[2026-05-28 14:14:31,218][root][INFO] - Epoch: 130, loss: 1.8143
[2026-05-28 14:14:31,287][root][INFO] - Epoch: 131, loss: 1.5845
[2026-05-28 14:14:31,355][root][INFO] - Epoch: 132, loss: 1.9239
[2026-05-28 14:14:31,424][root][INFO] - Epoch: 133, loss: 2.8946
[2026-05-28 14:14:31,493][root][INFO] - Epoch: 134, loss: 2.9021
[2026-05-28 14:14:31,561][root][INFO] - Epoch: 135, loss: 2.5740
[2026-05-28 14:14:31,630][root][INFO] - Epoch: 136, loss: 2.3279
[2026-05-28 14:14:31,699][root][INFO] - Epoch: 137, loss: 2.0975
[2026-05-28 14:14:31,767][root][INFO] - Epoch: 138, loss: 1.8309
[2026-05-28 14:14:31,835][root][INFO] - Epoch: 139, loss: 1.6326
[2026-05-28 14:14:31,904][root][INFO] - Epoch: 140, loss: 1.6532
[2026-05-28 14:14:31,973][root][INFO] - Epoch: 141, loss: 1.8191
[2026-05-28 14:14:32,042][root][INFO] - Epoch: 142, loss: 1.9308
[2026-05-28 14:14:32,042][root][INFO] - Early stopping at epoch: 141
[2026-05-28 14:14:32,085][root][INFO] - {'model_loss': '1.9308', 'recon_loss': '0.0000', 'triplet_loss': '1.9308'}
[2026-05-28 14:14:32,089][root][INFO] - Generation 42/400 - Time: 0.00 seconds
[2026-05-28 14:14:32,089][root][INFO] - {'coverage': '100.00', 'max_fitness': '-12.21', 'passive_coverage': '46.97', 'passive_max_fitness': '-12.21', 'passive_mean_fitness': '-62.33', 'passive_qd_score': '38042.78', 'qd_score': '91445.89', 'mean_fitness_top_k': '-25.41'}
[2026-05-28 14:14:33,077][root][INFO] - Generation 43/400 - Time: 0.00 seconds
[2026-05-28 14:14:33,078][root][INFO] - {'coverage': '100.00', 'max_fitness': '-12.21', 'passive_coverage': '47.56', 'passive_max_fitness': '-12.21', 'passive_mean_fitness': '-62.69', 'passive_qd_score': '38341.24', 'qd_score': '83943.64', 'mean_fitness_top_k': '-27.21'}
[2026-05-28 14:14:34,057][root][INFO] - Generation 44/400 - Time: 0.00 seconds
[2026-05-28 14:14:34,058][root][INFO] - {'coverage': '100.00', 'max_fitness': '-12.21', 'passive_coverage': '47.95', 'passive_max_fitness': '-12.21', 'passive_mean_fitness': '-62.67', 'passive_qd_score': '38667.95', 'qd_score': '85684.02', 'mean_fitness_top_k': '-27.03'}
[2026-05-28 14:14:35,048][root][INFO] - Generation 45/400 - Time: 0.00 seconds
[2026-05-28 14:14:35,049][root][INFO] - {'coverage': '100.00', 'max_fitness': '-12.21', 'passive_coverage': '48.05', 'passive_max_fitness': '-12.21', 'passive_mean_fitness': '-62.75', 'passive_qd_score': '38708.68', 'qd_score': '85968.19', 'mean_fitness_top_k': '-28.29'}
[2026-05-28 14:14:36,065][root][INFO] - Generation 46/400 - Time: 0.00 seconds
[2026-05-28 14:14:36,065][root][INFO] - {'coverage': '100.00', 'max_fitness': '-12.21', 'passive_coverage': '48.24', 'passive_max_fitness': '-12.21', 'passive_mean_fitness': '-62.79', 'passive_qd_score': '38843.52', 'qd_score': '86355.83', 'mean_fitness_top_k': '-29.42'}
[2026-05-28 14:14:37,051][root][INFO] - Generation 47/400 - Time: 0.00 seconds
[2026-05-28 14:14:37,052][root][INFO] - {'coverage': '100.00', 'max_fitness': '-12.21', 'passive_coverage': '48.44', 'passive_max_fitness': '-12.21', 'passive_mean_fitness': '-62.85', 'passive_qd_score': '38972.04', 'qd_score': '86706.62', 'mean_fitness_top_k': '-30.15'}
[2026-05-28 14:14:37,054][root][INFO] - Saving snapshot to runs/20260528_141105_kheperax_seed42/plots/latent_generation_235_5_gens_after_ext_gen210.png
[2026-05-28 14:14:39,251][root][INFO] - Generation 48/400 - Time: 0.00 seconds
[2026-05-28 14:14:39,252][root][INFO] - {'coverage': '100.00', 'max_fitness': '-12.21', 'passive_coverage': '48.44', 'passive_max_fitness': '-12.21', 'passive_mean_fitness': '-62.84', 'passive_qd_score': '38975.69', 'qd_score': '87366.91', 'mean_fitness_top_k': '-30.27'}
[2026-05-28 14:14:40,258][root][INFO] - Generation 49/400 - Time: 0.00 seconds
[2026-05-28 14:14:40,259][root][INFO] - {'coverage': '100.00', 'max_fitness': '-12.21', 'passive_coverage': '48.44', 'passive_max_fitness': '-12.21', 'passive_mean_fitness': '-62.84', 'passive_qd_score': '38978.30', 'qd_score': '87937.83', 'mean_fitness_top_k': '-29.56'}
[2026-05-28 14:14:41,316][root][INFO] - Generation 50/400 - Time: 0.00 seconds
[2026-05-28 14:14:41,317][root][INFO] - {'coverage': '100.00', 'max_fitness': '-12.21', 'passive_coverage': '48.54', 'passive_max_fitness': '-12.21', 'passive_mean_fitness': '-62.77', 'passive_qd_score': '39087.70', 'qd_score': '88250.73', 'mean_fitness_top_k': '-30.34'}
[2026-05-28 14:14:42,372][root][INFO] - Generation 51/400 - Time: 0.00 seconds
[2026-05-28 14:14:42,374][root][INFO] - {'coverage': '100.00', 'max_fitness': '-12.21', 'passive_coverage': '48.54', 'passive_max_fitness': '-12.21', 'passive_mean_fitness': '-62.77', 'passive_qd_score': '39088.34', 'qd_score': '88367.62', 'mean_fitness_top_k': '-32.33'}
[2026-05-28 14:14:43,387][root][INFO] - Generation 52/400 - Time: 0.00 seconds
[2026-05-28 14:14:43,388][root][INFO] - {'coverage': '100.00', 'max_fitness': '-12.21', 'passive_coverage': '48.54', 'passive_max_fitness': '-12.21', 'passive_mean_fitness': '-62.77', 'passive_qd_score': '39091.34', 'qd_score': '90865.53', 'mean_fitness_top_k': '-34.52'}
[2026-05-28 14:14:44,390][root][INFO] - Generation 53/400 - Time: 0.00 seconds
[2026-05-28 14:14:44,391][root][INFO] - {'coverage': '100.00', 'max_fitness': '-12.21', 'passive_coverage': '48.54', 'passive_max_fitness': '-12.21', 'passive_mean_fitness': '-62.77', 'passive_qd_score': '39091.79', 'qd_score': '94379.76', 'mean_fitness_top_k': '-38.62'}
[2026-05-28 14:14:45,428][root][INFO] - Generation 54/400 - Time: 0.00 seconds
[2026-05-28 14:14:45,429][root][INFO] - {'coverage': '100.00', 'max_fitness': '-12.21', 'passive_coverage': '48.54', 'passive_max_fitness': '-12.21', 'passive_mean_fitness': '-62.77', 'passive_qd_score': '39091.92', 'qd_score': '94333.47', 'mean_fitness_top_k': '-38.91'}
[2026-05-28 14:14:46,386][root][INFO] - Generation 55/400 - Time: 0.00 seconds
[2026-05-28 14:14:46,386][root][INFO] - {'coverage': '100.00', 'max_fitness': '-12.21', 'passive_coverage': '48.54', 'passive_max_fitness': '-12.21', 'passive_mean_fitness': '-62.76', 'passive_qd_score': '39092.39', 'qd_score': '94117.13', 'mean_fitness_top_k': '-38.62'}
[2026-05-28 14:14:47,339][root][INFO] - Updating AE...
[2026-05-28 14:14:48,037][root][INFO] - Epoch: 1, loss: 117496.0000
[2026-05-28 14:14:48,107][root][INFO] - Epoch: 2, loss: 3875.8662
[2026-05-28 14:14:48,177][root][INFO] - Epoch: 3, loss: 2248.9309
[2026-05-28 14:14:48,246][root][INFO] - Epoch: 4, loss: 2122.1260
[2026-05-28 14:14:48,314][root][INFO] - Epoch: 5, loss: 1964.0250
[2026-05-28 14:14:48,381][root][INFO] - Epoch: 6, loss: 1821.7921
[2026-05-28 14:14:48,449][root][INFO] - Epoch: 7, loss: 1594.1274
[2026-05-28 14:14:48,519][root][INFO] - Epoch: 8, loss: 1455.7950
[2026-05-28 14:14:48,588][root][INFO] - Epoch: 9, loss: 1364.6506
[2026-05-28 14:14:48,655][root][INFO] - Epoch: 10, loss: 1305.5951
[2026-05-28 14:14:48,723][root][INFO] - Epoch: 11, loss: 1249.2549
[2026-05-28 14:14:48,790][root][INFO] - Epoch: 12, loss: 1206.5856
[2026-05-28 14:14:48,858][root][INFO] - Epoch: 13, loss: 1161.4542
[2026-05-28 14:14:48,926][root][INFO] - Epoch: 14, loss: 1124.2682
[2026-05-28 14:14:48,994][root][INFO] - Epoch: 15, loss: 1090.6528
[2026-05-28 14:14:49,061][root][INFO] - Epoch: 16, loss: 1063.7192
[2026-05-28 14:14:49,129][root][INFO] - Epoch: 17, loss: 1032.5322
[2026-05-28 14:14:49,196][root][INFO] - Epoch: 18, loss: 1009.4768
[2026-05-28 14:14:49,264][root][INFO] - Epoch: 19, loss: 984.6302
[2026-05-28 14:14:49,331][root][INFO] - Epoch: 20, loss: 962.9413
[2026-05-28 14:14:49,400][root][INFO] - Epoch: 21, loss: 943.8792
[2026-05-28 14:14:49,467][root][INFO] - Epoch: 22, loss: 924.0704
[2026-05-28 14:14:49,538][root][INFO] - Epoch: 23, loss: 907.4294
[2026-05-28 14:14:49,608][root][INFO] - Epoch: 24, loss: 891.9034
[2026-05-28 14:14:49,676][root][INFO] - Epoch: 25, loss: 877.6373
[2026-05-28 14:14:49,744][root][INFO] - Epoch: 26, loss: 863.5451
[2026-05-28 14:14:49,811][root][INFO] - Epoch: 27, loss: 851.0416
[2026-05-28 14:14:49,878][root][INFO] - Epoch: 28, loss: 838.1115
[2026-05-28 14:14:49,946][root][INFO] - Epoch: 29, loss: 827.6331
[2026-05-28 14:14:50,014][root][INFO] - Epoch: 30, loss: 817.6328
[2026-05-28 14:14:50,081][root][INFO] - Epoch: 31, loss: 807.3923
[2026-05-28 14:14:50,148][root][INFO] - Epoch: 32, loss: 798.4023
[2026-05-28 14:14:50,215][root][INFO] - Epoch: 33, loss: 789.6948
[2026-05-28 14:14:50,283][root][INFO] - Epoch: 34, loss: 781.2062
[2026-05-28 14:14:50,350][root][INFO] - Epoch: 35, loss: 773.9056
[2026-05-28 14:14:50,418][root][INFO] - Epoch: 36, loss: 766.6710
[2026-05-28 14:14:50,485][root][INFO] - Epoch: 37, loss: 759.9714
[2026-05-28 14:14:50,552][root][INFO] - Epoch: 38, loss: 753.4057
[2026-05-28 14:14:50,620][root][INFO] - Epoch: 39, loss: 747.7136
[2026-05-28 14:14:50,687][root][INFO] - Epoch: 40, loss: 742.4763
[2026-05-28 14:14:50,755][root][INFO] - Epoch: 41, loss: 736.7186
[2026-05-28 14:14:50,822][root][INFO] - Epoch: 42, loss: 731.8564
[2026-05-28 14:14:50,890][root][INFO] - Epoch: 43, loss: 727.0500
[2026-05-28 14:14:50,958][root][INFO] - Epoch: 44, loss: 722.8669
[2026-05-28 14:14:51,025][root][INFO] - Epoch: 45, loss: 718.4251
[2026-05-28 14:14:51,093][root][INFO] - Epoch: 46, loss: 714.3616
[2026-05-28 14:14:51,160][root][INFO] - Epoch: 47, loss: 710.8575
[2026-05-28 14:14:51,227][root][INFO] - Epoch: 48, loss: 707.1036
[2026-05-28 14:14:51,295][root][INFO] - Epoch: 49, loss: 703.8715
[2026-05-28 14:14:51,362][root][INFO] - Epoch: 50, loss: 700.2881
[2026-05-28 14:14:51,430][root][INFO] - Epoch: 51, loss: 697.1381
[2026-05-28 14:14:51,497][root][INFO] - Epoch: 52, loss: 694.2137
[2026-05-28 14:14:51,564][root][INFO] - Epoch: 53, loss: 691.2808
[2026-05-28 14:14:51,631][root][INFO] - Epoch: 54, loss: 688.3340
[2026-05-28 14:14:51,698][root][INFO] - Epoch: 55, loss: 685.6377
[2026-05-28 14:14:51,766][root][INFO] - Epoch: 56, loss: 683.4613
[2026-05-28 14:14:51,833][root][INFO] - Epoch: 57, loss: 681.0413
[2026-05-28 14:14:51,900][root][INFO] - Epoch: 58, loss: 678.7453
[2026-05-28 14:14:51,968][root][INFO] - Epoch: 59, loss: 676.5175
[2026-05-28 14:14:52,036][root][INFO] - Epoch: 60, loss: 674.3990
[2026-05-28 14:14:52,104][root][INFO] - Epoch: 61, loss: 672.2864
[2026-05-28 14:14:52,171][root][INFO] - Epoch: 62, loss: 670.4788
[2026-05-28 14:14:52,238][root][INFO] - Epoch: 63, loss: 668.5907
[2026-05-28 14:14:52,305][root][INFO] - Epoch: 64, loss: 666.7029
[2026-05-28 14:14:52,372][root][INFO] - Epoch: 65, loss: 664.9127
[2026-05-28 14:14:52,440][root][INFO] - Epoch: 66, loss: 663.1538
[2026-05-28 14:14:52,507][root][INFO] - Epoch: 67, loss: 661.3830
[2026-05-28 14:14:52,574][root][INFO] - Epoch: 68, loss: 659.7977
[2026-05-28 14:14:52,640][root][INFO] - Epoch: 69, loss: 658.0955
[2026-05-28 14:14:52,708][root][INFO] - Epoch: 70, loss: 656.4728
[2026-05-28 14:14:52,775][root][INFO] - Epoch: 71, loss: 655.0711
[2026-05-28 14:14:52,843][root][INFO] - Epoch: 72, loss: 653.4523
[2026-05-28 14:14:52,910][root][INFO] - Epoch: 73, loss: 652.0134
[2026-05-28 14:14:52,977][root][INFO] - Epoch: 74, loss: 650.5295
[2026-05-28 14:14:53,044][root][INFO] - Epoch: 75, loss: 649.1833
[2026-05-28 14:14:53,111][root][INFO] - Epoch: 76, loss: 647.7051
[2026-05-28 14:14:53,178][root][INFO] - Epoch: 77, loss: 646.3207
[2026-05-28 14:14:53,246][root][INFO] - Epoch: 78, loss: 644.8038
[2026-05-28 14:14:53,312][root][INFO] - Epoch: 79, loss: 643.6450
[2026-05-28 14:14:53,379][root][INFO] - Epoch: 80, loss: 642.2983
[2026-05-28 14:14:53,446][root][INFO] - Epoch: 81, loss: 641.1708
[2026-05-28 14:14:53,513][root][INFO] - Epoch: 82, loss: 639.9551
[2026-05-28 14:14:53,580][root][INFO] - Epoch: 83, loss: 638.7114
[2026-05-28 14:14:53,647][root][INFO] - Epoch: 84, loss: 637.5270
[2026-05-28 14:14:53,714][root][INFO] - Epoch: 85, loss: 636.5295
[2026-05-28 14:14:53,781][root][INFO] - Epoch: 86, loss: 635.5211
[2026-05-28 14:14:53,847][root][INFO] - Epoch: 87, loss: 634.5189
[2026-05-28 14:14:53,914][root][INFO] - Epoch: 88, loss: 633.5150
[2026-05-28 14:14:53,981][root][INFO] - Epoch: 89, loss: 632.4921
[2026-05-28 14:14:54,048][root][INFO] - Epoch: 90, loss: 631.6678
[2026-05-28 14:14:54,116][root][INFO] - Epoch: 91, loss: 630.6437
[2026-05-28 14:14:54,182][root][INFO] - Epoch: 92, loss: 629.8716
[2026-05-28 14:14:54,249][root][INFO] - Epoch: 93, loss: 629.0507
[2026-05-28 14:14:54,315][root][INFO] - Epoch: 94, loss: 628.1153
[2026-05-28 14:14:54,385][root][INFO] - Epoch: 95, loss: 627.3549
[2026-05-28 14:14:54,453][root][INFO] - Epoch: 96, loss: 626.5738
[2026-05-28 14:14:54,520][root][INFO] - Epoch: 97, loss: 625.7175
[2026-05-28 14:14:54,588][root][INFO] - Epoch: 98, loss: 624.9764
[2026-05-28 14:14:54,655][root][INFO] - Epoch: 99, loss: 624.2166
[2026-05-28 14:14:54,723][root][INFO] - Epoch: 100, loss: 623.5013
[2026-05-28 14:14:54,790][root][INFO] - Epoch: 101, loss: 622.7626
[2026-05-28 14:14:54,857][root][INFO] - Epoch: 102, loss: 622.0556
[2026-05-28 14:14:54,924][root][INFO] - Epoch: 103, loss: 621.3333
[2026-05-28 14:14:54,991][root][INFO] - Epoch: 104, loss: 620.6350
[2026-05-28 14:14:55,058][root][INFO] - Epoch: 105, loss: 619.9691
[2026-05-28 14:14:55,125][root][INFO] - Epoch: 106, loss: 619.3173
[2026-05-28 14:14:55,193][root][INFO] - Epoch: 107, loss: 618.6367
[2026-05-28 14:14:55,260][root][INFO] - Epoch: 108, loss: 618.0186
[2026-05-28 14:14:55,326][root][INFO] - Epoch: 109, loss: 617.3425
[2026-05-28 14:14:55,394][root][INFO] - Epoch: 110, loss: 616.7430
[2026-05-28 14:14:55,461][root][INFO] - Epoch: 111, loss: 616.0610
[2026-05-28 14:14:55,528][root][INFO] - Epoch: 112, loss: 615.5398
[2026-05-28 14:14:55,595][root][INFO] - Epoch: 113, loss: 614.9951
[2026-05-28 14:14:55,662][root][INFO] - Epoch: 114, loss: 614.3431
[2026-05-28 14:14:55,729][root][INFO] - Epoch: 115, loss: 613.7686
[2026-05-28 14:14:55,795][root][INFO] - Epoch: 116, loss: 613.3079
[2026-05-28 14:14:55,862][root][INFO] - Epoch: 117, loss: 612.6942
[2026-05-28 14:14:55,929][root][INFO] - Epoch: 118, loss: 612.1892
[2026-05-28 14:14:55,996][root][INFO] - Epoch: 119, loss: 611.5991
[2026-05-28 14:14:56,062][root][INFO] - Epoch: 120, loss: 611.1240
[2026-05-28 14:14:56,130][root][INFO] - Epoch: 121, loss: 610.5634
[2026-05-28 14:14:56,196][root][INFO] - Epoch: 122, loss: 610.0505
[2026-05-28 14:14:56,263][root][INFO] - Epoch: 123, loss: 609.4849
[2026-05-28 14:14:56,330][root][INFO] - Epoch: 124, loss: 608.9921
[2026-05-28 14:14:56,397][root][INFO] - Epoch: 125, loss: 608.5273
[2026-05-28 14:14:56,464][root][INFO] - Epoch: 126, loss: 607.9648
[2026-05-28 14:14:56,531][root][INFO] - Epoch: 127, loss: 607.4835
[2026-05-28 14:14:56,597][root][INFO] - Epoch: 128, loss: 606.9642
[2026-05-28 14:14:56,664][root][INFO] - Epoch: 129, loss: 606.4874
[2026-05-28 14:14:56,732][root][INFO] - Epoch: 130, loss: 605.9351
[2026-05-28 14:14:56,799][root][INFO] - Epoch: 131, loss: 605.5027
[2026-05-28 14:14:56,866][root][INFO] - Epoch: 132, loss: 604.9799
[2026-05-28 14:14:56,932][root][INFO] - Epoch: 133, loss: 604.5343
[2026-05-28 14:14:57,000][root][INFO] - Epoch: 134, loss: 604.0602
[2026-05-28 14:14:57,066][root][INFO] - Epoch: 135, loss: 603.6479
[2026-05-28 14:14:57,133][root][INFO] - Epoch: 136, loss: 603.2656
[2026-05-28 14:14:57,200][root][INFO] - Epoch: 137, loss: 602.8997
[2026-05-28 14:14:57,267][root][INFO] - Epoch: 138, loss: 602.5580
[2026-05-28 14:14:57,334][root][INFO] - Epoch: 139, loss: 602.1848
[2026-05-28 14:14:57,401][root][INFO] - Epoch: 140, loss: 601.8700
[2026-05-28 14:14:57,468][root][INFO] - Epoch: 141, loss: 601.5850
[2026-05-28 14:14:57,535][root][INFO] - Epoch: 142, loss: 601.2451
[2026-05-28 14:14:57,602][root][INFO] - Epoch: 143, loss: 600.9678
[2026-05-28 14:14:57,669][root][INFO] - Epoch: 144, loss: 600.6506
[2026-05-28 14:14:57,736][root][INFO] - Epoch: 145, loss: 600.3130
[2026-05-28 14:14:57,803][root][INFO] - Epoch: 146, loss: 600.0828
[2026-05-28 14:14:57,869][root][INFO] - Epoch: 147, loss: 599.7765
[2026-05-28 14:14:57,936][root][INFO] - Epoch: 148, loss: 599.4982
[2026-05-28 14:14:58,003][root][INFO] - Epoch: 149, loss: 599.2297
[2026-05-28 14:14:58,070][root][INFO] - Epoch: 150, loss: 598.9126
[2026-05-28 14:14:58,137][root][INFO] - Epoch: 151, loss: 598.6448
[2026-05-28 14:14:58,204][root][INFO] - Epoch: 152, loss: 598.3896
[2026-05-28 14:14:58,271][root][INFO] - Epoch: 153, loss: 598.0732
[2026-05-28 14:14:58,338][root][INFO] - Epoch: 154, loss: 597.8455
[2026-05-28 14:14:58,404][root][INFO] - Epoch: 155, loss: 597.5363
[2026-05-28 14:14:58,472][root][INFO] - Epoch: 156, loss: 597.2898
[2026-05-28 14:14:58,542][root][INFO] - Epoch: 157, loss: 597.0335
[2026-05-28 14:14:58,610][root][INFO] - Epoch: 158, loss: 596.7520
[2026-05-28 14:14:58,677][root][INFO] - Epoch: 159, loss: 596.4752
[2026-05-28 14:14:58,744][root][INFO] - Epoch: 160, loss: 596.1968
[2026-05-28 14:14:58,813][root][INFO] - Epoch: 161, loss: 595.9320
[2026-05-28 14:14:58,879][root][INFO] - Epoch: 162, loss: 595.6777
[2026-05-28 14:14:58,946][root][INFO] - Epoch: 163, loss: 595.4327
[2026-05-28 14:14:59,014][root][INFO] - Epoch: 164, loss: 595.1812
[2026-05-28 14:14:59,081][root][INFO] - Epoch: 165, loss: 594.9451
[2026-05-28 14:14:59,148][root][INFO] - Epoch: 166, loss: 594.6694
[2026-05-28 14:14:59,216][root][INFO] - Epoch: 167, loss: 594.4258
[2026-05-28 14:14:59,284][root][INFO] - Epoch: 168, loss: 594.1620
[2026-05-28 14:14:59,351][root][INFO] - Epoch: 169, loss: 593.9160
[2026-05-28 14:14:59,418][root][INFO] - Epoch: 170, loss: 593.6356
[2026-05-28 14:14:59,486][root][INFO] - Epoch: 171, loss: 593.4568
[2026-05-28 14:14:59,555][root][INFO] - Epoch: 172, loss: 593.2281
[2026-05-28 14:14:59,622][root][INFO] - Epoch: 173, loss: 592.9487
[2026-05-28 14:14:59,689][root][INFO] - Epoch: 174, loss: 592.7118
[2026-05-28 14:14:59,757][root][INFO] - Epoch: 175, loss: 592.4957
[2026-05-28 14:14:59,824][root][INFO] - Epoch: 176, loss: 592.2369
[2026-05-28 14:14:59,892][root][INFO] - Epoch: 177, loss: 591.9938
[2026-05-28 14:14:59,959][root][INFO] - Epoch: 178, loss: 591.7932
[2026-05-28 14:15:00,026][root][INFO] - Epoch: 179, loss: 591.5464
[2026-05-28 14:15:00,094][root][INFO] - Epoch: 180, loss: 591.3108
[2026-05-28 14:15:00,161][root][INFO] - Epoch: 181, loss: 591.0687
[2026-05-28 14:15:00,228][root][INFO] - Epoch: 182, loss: 590.8858
[2026-05-28 14:15:00,295][root][INFO] - Epoch: 183, loss: 590.6770
[2026-05-28 14:15:00,362][root][INFO] - Epoch: 184, loss: 590.3779
[2026-05-28 14:15:00,429][root][INFO] - Epoch: 185, loss: 590.1548
[2026-05-28 14:15:00,496][root][INFO] - Epoch: 186, loss: 589.9042
[2026-05-28 14:15:00,563][root][INFO] - Epoch: 187, loss: 589.6689
[2026-05-28 14:15:00,630][root][INFO] - Epoch: 188, loss: 589.4281
[2026-05-28 14:15:00,697][root][INFO] - Epoch: 189, loss: 589.1964
[2026-05-28 14:15:00,764][root][INFO] - Epoch: 190, loss: 588.9395
[2026-05-28 14:15:00,831][root][INFO] - Epoch: 191, loss: 588.7358
[2026-05-28 14:15:00,898][root][INFO] - Epoch: 192, loss: 588.4876
[2026-05-28 14:15:00,966][root][INFO] - Epoch: 193, loss: 588.2489
[2026-05-28 14:15:01,035][root][INFO] - Epoch: 194, loss: 587.9733
[2026-05-28 14:15:01,102][root][INFO] - Epoch: 195, loss: 587.7445
[2026-05-28 14:15:01,170][root][INFO] - Epoch: 196, loss: 587.5150
[2026-05-28 14:15:01,237][root][INFO] - Epoch: 197, loss: 587.2796
[2026-05-28 14:15:01,305][root][INFO] - Epoch: 198, loss: 586.9423
[2026-05-28 14:15:01,372][root][INFO] - Epoch: 199, loss: 586.7009
[2026-05-28 14:15:01,439][root][INFO] - Epoch: 200, loss: 586.4706
[2026-05-28 14:15:01,471][root][INFO] - {'model_loss': '586.4706', 'recon_loss': '0.0000', 'triplet_loss': '586.4706'}
[2026-05-28 14:15:01,475][root][INFO] - Extinction event (pre-encoder)...
[2026-05-28 14:15:01,475][root][INFO] - Saving snapshot to runs/20260528_141105_kheperax_seed42/plots/latent_generation_280_before_ext.png
[2026-05-28 14:15:02,732][root][INFO] - Saving snapshot to runs/20260528_141105_kheperax_seed42/plots/latent_generation_280_after_ext.png
[2026-05-28 14:15:03,821][root][INFO] - Updating AE...
[2026-05-28 14:15:04,691][root][INFO] - Epoch: 1, loss: 24.8962
[2026-05-28 14:15:04,761][root][INFO] - Epoch: 2, loss: 7.9905
[2026-05-28 14:15:04,830][root][INFO] - Epoch: 3, loss: 5.4396
[2026-05-28 14:15:04,899][root][INFO] - Epoch: 4, loss: 4.5300
[2026-05-28 14:15:04,966][root][INFO] - Epoch: 5, loss: 4.0632
[2026-05-28 14:15:05,034][root][INFO] - Epoch: 6, loss: 3.7643
[2026-05-28 14:15:05,101][root][INFO] - Epoch: 7, loss: 3.5937
[2026-05-28 14:15:05,168][root][INFO] - Epoch: 8, loss: 3.4824
[2026-05-28 14:15:05,235][root][INFO] - Epoch: 9, loss: 3.4094
[2026-05-28 14:15:05,303][root][INFO] - Epoch: 10, loss: 3.3380
[2026-05-28 14:15:05,370][root][INFO] - Epoch: 11, loss: 3.2905
[2026-05-28 14:15:05,437][root][INFO] - Epoch: 12, loss: 3.2363
[2026-05-28 14:15:05,505][root][INFO] - Epoch: 13, loss: 3.1876
[2026-05-28 14:15:05,573][root][INFO] - Epoch: 14, loss: 3.1407
[2026-05-28 14:15:05,640][root][INFO] - Epoch: 15, loss: 3.0857
[2026-05-28 14:15:05,707][root][INFO] - Epoch: 16, loss: 3.0382
[2026-05-28 14:15:05,775][root][INFO] - Epoch: 17, loss: 3.0093
[2026-05-28 14:15:05,843][root][INFO] - Epoch: 18, loss: 2.9900
[2026-05-28 14:15:05,910][root][INFO] - Epoch: 19, loss: 2.9636
[2026-05-28 14:15:05,977][root][INFO] - Epoch: 20, loss: 2.9386
[2026-05-28 14:15:06,044][root][INFO] - Epoch: 21, loss: 2.9202
[2026-05-28 14:15:06,112][root][INFO] - Epoch: 22, loss: 2.9100
[2026-05-28 14:15:06,179][root][INFO] - Epoch: 23, loss: 2.8842
[2026-05-28 14:15:06,247][root][INFO] - Epoch: 24, loss: 2.8669
[2026-05-28 14:15:06,314][root][INFO] - Epoch: 25, loss: 2.8431
[2026-05-28 14:15:06,381][root][INFO] - Epoch: 26, loss: 2.8227
[2026-05-28 14:15:06,448][root][INFO] - Epoch: 27, loss: 2.8126
[2026-05-28 14:15:06,515][root][INFO] - Epoch: 28, loss: 2.8123
[2026-05-28 14:15:06,582][root][INFO] - Epoch: 29, loss: 2.7830
[2026-05-28 14:15:06,649][root][INFO] - Epoch: 30, loss: 2.7555
[2026-05-28 14:15:06,716][root][INFO] - Epoch: 31, loss: 2.7544
[2026-05-28 14:15:06,785][root][INFO] - Epoch: 32, loss: 2.7376
[2026-05-28 14:15:06,853][root][INFO] - Epoch: 33, loss: 2.7076
[2026-05-28 14:15:06,920][root][INFO] - Epoch: 34, loss: 2.7059
[2026-05-28 14:15:06,987][root][INFO] - Epoch: 35, loss: 2.6925
[2026-05-28 14:15:07,055][root][INFO] - Epoch: 36, loss: 2.6717
[2026-05-28 14:15:07,122][root][INFO] - Epoch: 37, loss: 2.6480
[2026-05-28 14:15:07,189][root][INFO] - Epoch: 38, loss: 2.6314
[2026-05-28 14:15:07,255][root][INFO] - Epoch: 39, loss: 2.6199
[2026-05-28 14:15:07,322][root][INFO] - Epoch: 40, loss: 2.6092
[2026-05-28 14:15:07,389][root][INFO] - Epoch: 41, loss: 2.5951
[2026-05-28 14:15:07,456][root][INFO] - Epoch: 42, loss: 2.5810
[2026-05-28 14:15:07,523][root][INFO] - Epoch: 43, loss: 2.5676
[2026-05-28 14:15:07,590][root][INFO] - Epoch: 44, loss: 2.5625
[2026-05-28 14:15:07,657][root][INFO] - Epoch: 45, loss: 2.5445
[2026-05-28 14:15:07,725][root][INFO] - Epoch: 46, loss: 2.5345
[2026-05-28 14:15:07,792][root][INFO] - Epoch: 47, loss: 2.5281
[2026-05-28 14:15:07,860][root][INFO] - Epoch: 48, loss: 2.5329
[2026-05-28 14:15:07,927][root][INFO] - Epoch: 49, loss: 2.4869
[2026-05-28 14:15:07,997][root][INFO] - Epoch: 50, loss: 2.4674
[2026-05-28 14:15:08,067][root][INFO] - Epoch: 51, loss: 2.4466
[2026-05-28 14:15:08,136][root][INFO] - Epoch: 52, loss: 2.4229
[2026-05-28 14:15:08,204][root][INFO] - Epoch: 53, loss: 2.4121
[2026-05-28 14:15:08,272][root][INFO] - Epoch: 54, loss: 2.3904
[2026-05-28 14:15:08,339][root][INFO] - Epoch: 55, loss: 2.3741
[2026-05-28 14:15:08,406][root][INFO] - Epoch: 56, loss: 2.3548
[2026-05-28 14:15:08,474][root][INFO] - Epoch: 57, loss: 2.3581
[2026-05-28 14:15:08,545][root][INFO] - Epoch: 58, loss: 2.3647
[2026-05-28 14:15:08,614][root][INFO] - Epoch: 59, loss: 2.3454
[2026-05-28 14:15:08,681][root][INFO] - Epoch: 60, loss: 2.3054
[2026-05-28 14:15:08,748][root][INFO] - Epoch: 61, loss: 2.3145
[2026-05-28 14:15:08,816][root][INFO] - Epoch: 62, loss: 2.2579
[2026-05-28 14:15:08,883][root][INFO] - Epoch: 63, loss: 2.2246
[2026-05-28 14:15:08,951][root][INFO] - Epoch: 64, loss: 2.2062
[2026-05-28 14:15:09,019][root][INFO] - Epoch: 65, loss: 2.2158
[2026-05-28 14:15:09,087][root][INFO] - Epoch: 66, loss: 2.1986
[2026-05-28 14:15:09,154][root][INFO] - Epoch: 67, loss: 2.1841
[2026-05-28 14:15:09,221][root][INFO] - Epoch: 68, loss: 2.1722
[2026-05-28 14:15:09,288][root][INFO] - Epoch: 69, loss: 2.1552
[2026-05-28 14:15:09,354][root][INFO] - Epoch: 70, loss: 2.1317
[2026-05-28 14:15:09,421][root][INFO] - Epoch: 71, loss: 2.1403
[2026-05-28 14:15:09,489][root][INFO] - Epoch: 72, loss: 2.1529
[2026-05-28 14:15:09,557][root][INFO] - Epoch: 73, loss: 2.1354
[2026-05-28 14:15:09,624][root][INFO] - Epoch: 74, loss: 2.0926
[2026-05-28 14:15:09,691][root][INFO] - Epoch: 75, loss: 2.1136
[2026-05-28 14:15:09,758][root][INFO] - Epoch: 76, loss: 2.0942
[2026-05-28 14:15:09,825][root][INFO] - Epoch: 77, loss: 2.1007
[2026-05-28 14:15:09,892][root][INFO] - Epoch: 78, loss: 2.0779
[2026-05-28 14:15:09,960][root][INFO] - Epoch: 79, loss: 2.0806
[2026-05-28 14:15:10,028][root][INFO] - Epoch: 80, loss: 2.0592
[2026-05-28 14:15:10,095][root][INFO] - Epoch: 81, loss: 2.0639
[2026-05-28 14:15:10,162][root][INFO] - Epoch: 82, loss: 2.0436
[2026-05-28 14:15:10,229][root][INFO] - Epoch: 83, loss: 2.0568
[2026-05-28 14:15:10,296][root][INFO] - Epoch: 84, loss: 2.0615
[2026-05-28 14:15:10,363][root][INFO] - Epoch: 85, loss: 2.0439
[2026-05-28 14:15:10,429][root][INFO] - Epoch: 86, loss: 2.0561
[2026-05-28 14:15:10,496][root][INFO] - Epoch: 87, loss: 2.2258
[2026-05-28 14:15:10,564][root][INFO] - Epoch: 88, loss: 2.1384
[2026-05-28 14:15:10,630][root][INFO] - Epoch: 89, loss: 2.1001
[2026-05-28 14:15:10,696][root][INFO] - Epoch: 90, loss: 2.0671
[2026-05-28 14:15:10,763][root][INFO] - Epoch: 91, loss: 2.0335
[2026-05-28 14:15:10,830][root][INFO] - Epoch: 92, loss: 2.0464
[2026-05-28 14:15:10,897][root][INFO] - Epoch: 93, loss: 2.0748
[2026-05-28 14:15:10,964][root][INFO] - Epoch: 94, loss: 2.0130
[2026-05-28 14:15:11,031][root][INFO] - Epoch: 95, loss: 2.0001
[2026-05-28 14:15:11,098][root][INFO] - Epoch: 96, loss: 1.9668
[2026-05-28 14:15:11,165][root][INFO] - Epoch: 97, loss: 1.9353
[2026-05-28 14:15:11,232][root][INFO] - Epoch: 98, loss: 1.9324
[2026-05-28 14:15:11,299][root][INFO] - Epoch: 99, loss: 1.9496
[2026-05-28 14:15:11,366][root][INFO] - Epoch: 100, loss: 1.9142
[2026-05-28 14:15:11,436][root][INFO] - Epoch: 101, loss: 1.9854
[2026-05-28 14:15:11,503][root][INFO] - Epoch: 102, loss: 1.9024
[2026-05-28 14:15:11,570][root][INFO] - Epoch: 103, loss: 1.9235
[2026-05-28 14:15:11,637][root][INFO] - Epoch: 104, loss: 1.9370
[2026-05-28 14:15:11,705][root][INFO] - Epoch: 105, loss: 1.8804
[2026-05-28 14:15:11,772][root][INFO] - Epoch: 106, loss: 1.8808
[2026-05-28 14:15:11,838][root][INFO] - Epoch: 107, loss: 1.8217
[2026-05-28 14:15:11,905][root][INFO] - Epoch: 108, loss: 1.8045
[2026-05-28 14:15:11,972][root][INFO] - Epoch: 109, loss: 1.8135
[2026-05-28 14:15:12,039][root][INFO] - Epoch: 110, loss: 1.7709
[2026-05-28 14:15:12,106][root][INFO] - Epoch: 111, loss: 1.7687
[2026-05-28 14:15:12,173][root][INFO] - Epoch: 112, loss: 1.7591
[2026-05-28 14:15:12,240][root][INFO] - Epoch: 113, loss: 1.9484
[2026-05-28 14:15:12,307][root][INFO] - Epoch: 114, loss: 1.8500
[2026-05-28 14:15:12,375][root][INFO] - Epoch: 115, loss: 1.8103
[2026-05-28 14:15:12,442][root][INFO] - Epoch: 116, loss: 1.7599
[2026-05-28 14:15:12,509][root][INFO] - Epoch: 117, loss: 1.7206
[2026-05-28 14:15:12,576][root][INFO] - Epoch: 118, loss: 1.6970
[2026-05-28 14:15:12,643][root][INFO] - Epoch: 119, loss: 1.7252
[2026-05-28 14:15:12,710][root][INFO] - Epoch: 120, loss: 1.6777
[2026-05-28 14:15:12,776][root][INFO] - Epoch: 121, loss: 1.6476
[2026-05-28 14:15:12,843][root][INFO] - Epoch: 122, loss: 1.6707
[2026-05-28 14:15:12,910][root][INFO] - Epoch: 123, loss: 1.7742
[2026-05-28 14:15:12,977][root][INFO] - Epoch: 124, loss: 1.7148
[2026-05-28 14:15:13,044][root][INFO] - Epoch: 125, loss: 1.6469
[2026-05-28 14:15:13,112][root][INFO] - Epoch: 126, loss: 1.6083
[2026-05-28 14:15:13,179][root][INFO] - Epoch: 127, loss: 1.5497
[2026-05-28 14:15:13,245][root][INFO] - Epoch: 128, loss: 1.5966
[2026-05-28 14:15:13,313][root][INFO] - Epoch: 129, loss: 1.5844
[2026-05-28 14:15:13,380][root][INFO] - Epoch: 130, loss: 1.5466
[2026-05-28 14:15:13,447][root][INFO] - Epoch: 131, loss: 1.6958
[2026-05-28 14:15:13,513][root][INFO] - Epoch: 132, loss: 1.6401
[2026-05-28 14:15:13,580][root][INFO] - Epoch: 133, loss: 1.6130
[2026-05-28 14:15:13,647][root][INFO] - Epoch: 134, loss: 1.5651
[2026-05-28 14:15:13,713][root][INFO] - Epoch: 135, loss: 1.4808
[2026-05-28 14:15:13,780][root][INFO] - Epoch: 136, loss: 1.4722
[2026-05-28 14:15:13,848][root][INFO] - Epoch: 137, loss: 1.4242
[2026-05-28 14:15:13,915][root][INFO] - Epoch: 138, loss: 1.4721
[2026-05-28 14:15:13,982][root][INFO] - Epoch: 139, loss: 1.5018
[2026-05-28 14:15:14,050][root][INFO] - Epoch: 140, loss: 1.3750
[2026-05-28 14:15:14,117][root][INFO] - Epoch: 141, loss: 1.3782
[2026-05-28 14:15:14,183][root][INFO] - Epoch: 142, loss: 1.4108
[2026-05-28 14:15:14,251][root][INFO] - Epoch: 143, loss: 1.3629
[2026-05-28 14:15:14,319][root][INFO] - Epoch: 144, loss: 1.3334
[2026-05-28 14:15:14,386][root][INFO] - Epoch: 145, loss: 1.3688
[2026-05-28 14:15:14,452][root][INFO] - Epoch: 146, loss: 1.3741
[2026-05-28 14:15:14,519][root][INFO] - Epoch: 147, loss: 1.4100
[2026-05-28 14:15:14,586][root][INFO] - Epoch: 148, loss: 1.3659
[2026-05-28 14:15:14,654][root][INFO] - Epoch: 149, loss: 1.6559
[2026-05-28 14:15:14,720][root][INFO] - Epoch: 150, loss: 1.4710
[2026-05-28 14:15:14,787][root][INFO] - Epoch: 151, loss: 1.4892
[2026-05-28 14:15:14,854][root][INFO] - Epoch: 152, loss: 1.3680
[2026-05-28 14:15:14,921][root][INFO] - Epoch: 153, loss: 1.4129
[2026-05-28 14:15:14,988][root][INFO] - Epoch: 154, loss: 1.9025
[2026-05-28 14:15:15,055][root][INFO] - Epoch: 155, loss: 1.9011
[2026-05-28 14:15:15,055][root][INFO] - Early stopping at epoch: 154
[2026-05-28 14:15:15,084][root][INFO] - {'model_loss': '1.9011', 'recon_loss': '0.0000', 'triplet_loss': '1.9011'}
[2026-05-28 14:15:15,087][root][INFO] - Generation 56/400 - Time: 0.00 seconds
[2026-05-28 14:15:15,087][root][INFO] - {'coverage': '100.00', 'max_fitness': '-12.21', 'passive_coverage': '48.63', 'passive_max_fitness': '-12.21', 'passive_mean_fitness': '-62.74', 'passive_qd_score': '39185.48', 'qd_score': '93941.11', 'mean_fitness_top_k': '-38.54'}
[2026-05-28 14:15:16,067][root][INFO] - Generation 57/400 - Time: 0.00 seconds
[2026-05-28 14:15:16,068][root][INFO] - {'coverage': '100.00', 'max_fitness': '-12.21', 'passive_coverage': '49.41', 'passive_max_fitness': '-12.21', 'passive_mean_fitness': '-62.88', 'passive_qd_score': '39740.28', 'qd_score': '81829.70', 'mean_fitness_top_k': '-28.24'}
[2026-05-28 14:15:17,047][root][INFO] - Generation 58/400 - Time: 0.00 seconds
[2026-05-28 14:15:17,048][root][INFO] - {'coverage': '100.00', 'max_fitness': '-12.21', 'passive_coverage': '49.90', 'passive_max_fitness': '-12.21', 'passive_mean_fitness': '-63.10', 'passive_qd_score': '40022.12', 'qd_score': '83421.58', 'mean_fitness_top_k': '-26.22'}
[2026-05-28 14:15:18,026][root][INFO] - Generation 59/400 - Time: 0.00 seconds
[2026-05-28 14:15:18,027][root][INFO] - {'coverage': '100.00', 'max_fitness': '-12.21', 'passive_coverage': '50.20', 'passive_max_fitness': '-12.21', 'passive_mean_fitness': '-63.01', 'passive_qd_score': '40305.90', 'qd_score': '84300.61', 'mean_fitness_top_k': '-26.00'}
[2026-05-28 14:15:19,039][root][INFO] - Generation 60/400 - Time: 0.00 seconds
[2026-05-28 14:15:19,040][root][INFO] - {'coverage': '100.00', 'max_fitness': '-12.21', 'passive_coverage': '50.68', 'passive_max_fitness': '-12.21', 'passive_mean_fitness': '-63.02', 'passive_qd_score': '40692.38', 'qd_score': '85716.76', 'mean_fitness_top_k': '-24.86'}
[2026-05-28 14:15:20,022][root][INFO] - Generation 61/400 - Time: 0.00 seconds
[2026-05-28 14:15:20,023][root][INFO] - {'coverage': '100.00', 'max_fitness': '-12.21', 'passive_coverage': '51.07', 'passive_max_fitness': '-12.21', 'passive_mean_fitness': '-63.16', 'passive_qd_score': '40930.21', 'qd_score': '86254.31', 'mean_fitness_top_k': '-24.37'}
[2026-05-28 14:15:20,024][root][INFO] - Saving snapshot to runs/20260528_141105_kheperax_seed42/plots/latent_generation_305_5_gens_after_ext_gen280.png
[2026-05-28 14:15:22,320][root][INFO] - Generation 62/400 - Time: 0.00 seconds
[2026-05-28 14:15:22,321][root][INFO] - {'coverage': '100.00', 'max_fitness': '-12.21', 'passive_coverage': '51.17', 'passive_max_fitness': '-12.21', 'passive_mean_fitness': '-63.19', 'passive_qd_score': '40991.30', 'qd_score': '87137.92', 'mean_fitness_top_k': '-23.18'}
[2026-05-28 14:15:23,327][root][INFO] - Generation 63/400 - Time: 0.00 seconds
[2026-05-28 14:15:23,327][root][INFO] - {'coverage': '100.00', 'max_fitness': '-12.21', 'passive_coverage': '51.17', 'passive_max_fitness': '-12.21', 'passive_mean_fitness': '-63.19', 'passive_qd_score': '40994.35', 'qd_score': '87246.28', 'mean_fitness_top_k': '-23.29'}
[2026-05-28 14:15:24,398][root][INFO] - Generation 64/400 - Time: 0.00 seconds
[2026-05-28 14:15:24,399][root][INFO] - {'coverage': '100.00', 'max_fitness': '-12.21', 'passive_coverage': '51.17', 'passive_max_fitness': '-12.21', 'passive_mean_fitness': '-63.18', 'passive_qd_score': '40998.50', 'qd_score': '87427.98', 'mean_fitness_top_k': '-22.82'}
[2026-05-28 14:15:25,381][root][INFO] - Generation 65/400 - Time: 0.00 seconds
[2026-05-28 14:15:25,381][root][INFO] - {'coverage': '100.00', 'max_fitness': '-12.21', 'passive_coverage': '51.56', 'passive_max_fitness': '-12.21', 'passive_mean_fitness': '-63.22', 'passive_qd_score': '41291.66', 'qd_score': '87108.87', 'mean_fitness_top_k': '-23.56'}
[2026-05-28 14:15:26,393][root][INFO] - Generation 66/400 - Time: 0.00 seconds
[2026-05-28 14:15:26,394][root][INFO] - {'coverage': '100.00', 'max_fitness': '-12.21', 'passive_coverage': '51.66', 'passive_max_fitness': '-12.21', 'passive_mean_fitness': '-63.17', 'passive_qd_score': '41397.21', 'qd_score': '87190.94', 'mean_fitness_top_k': '-23.42'}
[2026-05-28 14:15:27,384][root][INFO] - Generation 67/400 - Time: 0.00 seconds
[2026-05-28 14:15:27,385][root][INFO] - {'coverage': '100.00', 'max_fitness': '-12.21', 'passive_coverage': '51.76', 'passive_max_fitness': '-12.21', 'passive_mean_fitness': '-63.13', 'passive_qd_score': '41492.00', 'qd_score': '87401.11', 'mean_fitness_top_k': '-23.83'}
[2026-05-28 14:15:28,365][root][INFO] - Generation 68/400 - Time: 0.00 seconds
[2026-05-28 14:15:28,365][root][INFO] - {'coverage': '100.00', 'max_fitness': '-12.21', 'passive_coverage': '51.76', 'passive_max_fitness': '-12.21', 'passive_mean_fitness': '-63.13', 'passive_qd_score': '41494.25', 'qd_score': '87750.15', 'mean_fitness_top_k': '-23.73'}
[2026-05-28 14:15:29,352][root][INFO] - Generation 69/400 - Time: 0.00 seconds
[2026-05-28 14:15:29,353][root][INFO] - {'coverage': '100.00', 'max_fitness': '-12.21', 'passive_coverage': '52.05', 'passive_max_fitness': '-12.21', 'passive_mean_fitness': '-63.14', 'passive_qd_score': '41725.01', 'qd_score': '87961.33', 'mean_fitness_top_k': '-24.17'}
[2026-05-28 14:15:30,360][root][INFO] - Generation 70/400 - Time: 0.00 seconds
[2026-05-28 14:15:30,361][root][INFO] - {'coverage': '100.00', 'max_fitness': '-12.21', 'passive_coverage': '52.05', 'passive_max_fitness': '-12.21', 'passive_mean_fitness': '-63.13', 'passive_qd_score': '41728.29', 'qd_score': '88079.43', 'mean_fitness_top_k': '-23.74'}
[2026-05-28 14:15:31,347][root][INFO] - Generation 71/400 - Time: 0.00 seconds
[2026-05-28 14:15:31,348][root][INFO] - {'coverage': '100.00', 'max_fitness': '-12.21', 'passive_coverage': '52.15', 'passive_max_fitness': '-12.21', 'passive_mean_fitness': '-63.11', 'passive_qd_score': '41817.05', 'qd_score': '87838.49', 'mean_fitness_top_k': '-24.35'}
[2026-05-28 14:15:32,326][root][INFO] - Updating AE...
[2026-05-28 14:15:33,036][root][INFO] - Epoch: 1, loss: 242.4174
[2026-05-28 14:15:33,106][root][INFO] - Epoch: 2, loss: 233.4751
[2026-05-28 14:15:33,176][root][INFO] - Epoch: 3, loss: 226.7193
[2026-05-28 14:15:33,245][root][INFO] - Epoch: 4, loss: 222.8533
[2026-05-28 14:15:33,313][root][INFO] - Epoch: 5, loss: 219.8992
[2026-05-28 14:15:33,380][root][INFO] - Epoch: 6, loss: 216.8813
[2026-05-28 14:15:33,448][root][INFO] - Epoch: 7, loss: 213.3898
[2026-05-28 14:15:33,516][root][INFO] - Epoch: 8, loss: 209.7919
[2026-05-28 14:15:33,584][root][INFO] - Epoch: 9, loss: 207.5538
[2026-05-28 14:15:33,651][root][INFO] - Epoch: 10, loss: 204.2098
[2026-05-28 14:15:33,718][root][INFO] - Epoch: 11, loss: 202.0360
[2026-05-28 14:15:33,786][root][INFO] - Epoch: 12, loss: 199.8860
[2026-05-28 14:15:33,853][root][INFO] - Epoch: 13, loss: 198.0306
[2026-05-28 14:15:33,921][root][INFO] - Epoch: 14, loss: 196.6776
[2026-05-28 14:15:33,988][root][INFO] - Epoch: 15, loss: 196.0241
[2026-05-28 14:15:34,056][root][INFO] - Epoch: 16, loss: 193.2764
[2026-05-28 14:15:34,124][root][INFO] - Epoch: 17, loss: 191.9230
[2026-05-28 14:15:34,192][root][INFO] - Epoch: 18, loss: 191.0281
[2026-05-28 14:15:34,259][root][INFO] - Epoch: 19, loss: 188.9288
[2026-05-28 14:15:34,327][root][INFO] - Epoch: 20, loss: 201.8504
[2026-05-28 14:15:34,394][root][INFO] - Epoch: 21, loss: 191.6273
[2026-05-28 14:15:34,462][root][INFO] - Epoch: 22, loss: 193.5647
[2026-05-28 14:15:34,529][root][INFO] - Epoch: 23, loss: 190.6988
[2026-05-28 14:15:34,596][root][INFO] - Epoch: 24, loss: 188.8348
[2026-05-28 14:15:34,664][root][INFO] - Epoch: 25, loss: 186.7455
[2026-05-28 14:15:34,731][root][INFO] - Epoch: 26, loss: 185.4638
[2026-05-28 14:15:34,799][root][INFO] - Epoch: 27, loss: 184.2389
[2026-05-28 14:15:34,866][root][INFO] - Epoch: 28, loss: 182.4904
[2026-05-28 14:15:34,934][root][INFO] - Epoch: 29, loss: 181.6142
[2026-05-28 14:15:35,001][root][INFO] - Epoch: 30, loss: 180.3269
[2026-05-28 14:15:35,069][root][INFO] - Epoch: 31, loss: 179.0002
[2026-05-28 14:15:35,136][root][INFO] - Epoch: 32, loss: 177.7233
[2026-05-28 14:15:35,204][root][INFO] - Epoch: 33, loss: 175.7677
[2026-05-28 14:15:35,271][root][INFO] - Epoch: 34, loss: 175.1396
[2026-05-28 14:15:35,339][root][INFO] - Epoch: 35, loss: 173.7002
[2026-05-28 14:15:35,407][root][INFO] - Epoch: 36, loss: 172.2085
[2026-05-28 14:15:35,474][root][INFO] - Epoch: 37, loss: 171.8065
[2026-05-28 14:15:35,542][root][INFO] - Epoch: 38, loss: 169.8811
[2026-05-28 14:15:35,609][root][INFO] - Epoch: 39, loss: 170.4289
[2026-05-28 14:15:35,676][root][INFO] - Epoch: 40, loss: 169.9585
[2026-05-28 14:15:35,743][root][INFO] - Epoch: 41, loss: 169.9152
[2026-05-28 14:15:35,810][root][INFO] - Epoch: 42, loss: 167.7738
[2026-05-28 14:15:35,877][root][INFO] - Epoch: 43, loss: 168.0563
[2026-05-28 14:15:35,945][root][INFO] - Epoch: 44, loss: 164.0301
[2026-05-28 14:15:36,013][root][INFO] - Epoch: 45, loss: 163.3997
[2026-05-28 14:15:36,079][root][INFO] - Epoch: 46, loss: 162.0977
[2026-05-28 14:15:36,146][root][INFO] - Epoch: 47, loss: 161.6120
[2026-05-28 14:15:36,213][root][INFO] - Epoch: 48, loss: 160.4075
[2026-05-28 14:15:36,283][root][INFO] - Epoch: 49, loss: 158.0666
[2026-05-28 14:15:36,350][root][INFO] - Epoch: 50, loss: 157.5279
[2026-05-28 14:15:36,418][root][INFO] - Epoch: 51, loss: 157.3063
[2026-05-28 14:15:36,486][root][INFO] - Epoch: 52, loss: 157.0449
[2026-05-28 14:15:36,553][root][INFO] - Epoch: 53, loss: 154.0621
[2026-05-28 14:15:36,620][root][INFO] - Epoch: 54, loss: 153.4707
[2026-05-28 14:15:36,688][root][INFO] - Epoch: 55, loss: 153.2047
[2026-05-28 14:15:36,756][root][INFO] - Epoch: 56, loss: 153.6852
[2026-05-28 14:15:36,823][root][INFO] - Epoch: 57, loss: 152.2819
[2026-05-28 14:15:36,891][root][INFO] - Epoch: 58, loss: 152.2882
[2026-05-28 14:15:36,958][root][INFO] - Epoch: 59, loss: 153.6626
[2026-05-28 14:15:37,025][root][INFO] - Epoch: 60, loss: 151.1531
[2026-05-28 14:15:37,092][root][INFO] - Epoch: 61, loss: 149.6059
[2026-05-28 14:15:37,160][root][INFO] - Epoch: 62, loss: 149.9849
[2026-05-28 14:15:37,227][root][INFO] - Epoch: 63, loss: 147.5416
[2026-05-28 14:15:37,295][root][INFO] - Epoch: 64, loss: 149.6502
[2026-05-28 14:15:37,363][root][INFO] - Epoch: 65, loss: 149.9170
[2026-05-28 14:15:37,431][root][INFO] - Epoch: 66, loss: 148.7415
[2026-05-28 14:15:37,498][root][INFO] - Epoch: 67, loss: 148.5545
[2026-05-28 14:15:37,566][root][INFO] - Epoch: 68, loss: 147.0432
[2026-05-28 14:15:37,634][root][INFO] - Epoch: 69, loss: 147.9626
[2026-05-28 14:15:37,701][root][INFO] - Epoch: 70, loss: 145.7652
[2026-05-28 14:15:37,769][root][INFO] - Epoch: 71, loss: 144.9268
[2026-05-28 14:15:37,836][root][INFO] - Epoch: 72, loss: 143.8812
[2026-05-28 14:15:37,903][root][INFO] - Epoch: 73, loss: 142.4820
[2026-05-28 14:15:37,970][root][INFO] - Epoch: 74, loss: 141.1454
[2026-05-28 14:15:38,037][root][INFO] - Epoch: 75, loss: 141.5537
[2026-05-28 14:15:38,104][root][INFO] - Epoch: 76, loss: 139.8636
[2026-05-28 14:15:38,172][root][INFO] - Epoch: 77, loss: 140.5398
[2026-05-28 14:15:38,240][root][INFO] - Epoch: 78, loss: 139.8297
[2026-05-28 14:15:38,308][root][INFO] - Epoch: 79, loss: 137.7688
[2026-05-28 14:15:38,375][root][INFO] - Epoch: 80, loss: 135.8022
[2026-05-28 14:15:38,443][root][INFO] - Epoch: 81, loss: 133.8974
[2026-05-28 14:15:38,512][root][INFO] - Epoch: 82, loss: 134.7887
[2026-05-28 14:15:38,582][root][INFO] - Epoch: 83, loss: 132.8360
[2026-05-28 14:15:38,649][root][INFO] - Epoch: 84, loss: 134.4707
[2026-05-28 14:15:38,717][root][INFO] - Epoch: 85, loss: 134.9550
[2026-05-28 14:15:38,785][root][INFO] - Epoch: 86, loss: 135.2975
[2026-05-28 14:15:38,852][root][INFO] - Epoch: 87, loss: 130.8976
[2026-05-28 14:15:38,919][root][INFO] - Epoch: 88, loss: 948.8116
[2026-05-28 14:15:38,987][root][INFO] - Epoch: 89, loss: 664.3988
[2026-05-28 14:15:39,054][root][INFO] - Epoch: 90, loss: 206.8335
[2026-05-28 14:15:39,122][root][INFO] - Epoch: 91, loss: 207.4233
[2026-05-28 14:15:39,190][root][INFO] - Epoch: 92, loss: 208.3244
[2026-05-28 14:15:39,257][root][INFO] - Epoch: 93, loss: 208.2901
[2026-05-28 14:15:39,325][root][INFO] - Epoch: 94, loss: 207.5043
[2026-05-28 14:15:39,392][root][INFO] - Epoch: 95, loss: 206.7691
[2026-05-28 14:15:39,460][root][INFO] - Epoch: 96, loss: 205.8281
[2026-05-28 14:15:39,528][root][INFO] - Epoch: 97, loss: 204.9849
[2026-05-28 14:15:39,596][root][INFO] - Epoch: 98, loss: 203.7725
[2026-05-28 14:15:39,596][root][INFO] - Early stopping at epoch: 97
[2026-05-28 14:15:39,629][root][INFO] - {'model_loss': '203.7725', 'recon_loss': '0.0000', 'triplet_loss': '203.7725'}
[2026-05-28 14:15:39,633][root][INFO] - Extinction event (pre-encoder)...
[2026-05-28 14:15:39,634][root][INFO] - Saving snapshot to runs/20260528_141105_kheperax_seed42/plots/latent_generation_360_before_ext.png
[2026-05-28 14:15:40,715][root][INFO] - Saving snapshot to runs/20260528_141105_kheperax_seed42/plots/latent_generation_360_after_ext.png
[2026-05-28 14:15:41,605][root][INFO] - Updating AE...
[2026-05-28 14:15:42,314][root][INFO] - Epoch: 1, loss: 38.4917
[2026-05-28 14:15:42,384][root][INFO] - Epoch: 2, loss: 8.9606
[2026-05-28 14:15:42,453][root][INFO] - Epoch: 3, loss: 4.1915
[2026-05-28 14:15:42,521][root][INFO] - Epoch: 4, loss: 2.6654
[2026-05-28 14:15:42,589][root][INFO] - Epoch: 5, loss: 2.0375
[2026-05-28 14:15:42,657][root][INFO] - Epoch: 6, loss: 1.7284
[2026-05-28 14:15:42,725][root][INFO] - Epoch: 7, loss: 1.5384
[2026-05-28 14:15:42,793][root][INFO] - Epoch: 8, loss: 1.4177
[2026-05-28 14:15:42,861][root][INFO] - Epoch: 9, loss: 1.3391
[2026-05-28 14:15:42,929][root][INFO] - Epoch: 10, loss: 1.2807
[2026-05-28 14:15:42,997][root][INFO] - Epoch: 11, loss: 1.2336
[2026-05-28 14:15:43,066][root][INFO] - Epoch: 12, loss: 1.1976
[2026-05-28 14:15:43,134][root][INFO] - Epoch: 13, loss: 1.1666
[2026-05-28 14:15:43,202][root][INFO] - Epoch: 14, loss: 1.1430
[2026-05-28 14:15:43,270][root][INFO] - Epoch: 15, loss: 1.1244
[2026-05-28 14:15:43,338][root][INFO] - Epoch: 16, loss: 1.1057
[2026-05-28 14:15:43,406][root][INFO] - Epoch: 17, loss: 1.0900
[2026-05-28 14:15:43,475][root][INFO] - Epoch: 18, loss: 1.0762
[2026-05-28 14:15:43,543][root][INFO] - Epoch: 19, loss: 1.0657
[2026-05-28 14:15:43,610][root][INFO] - Epoch: 20, loss: 1.0543
[2026-05-28 14:15:43,677][root][INFO] - Epoch: 21, loss: 1.0455
[2026-05-28 14:15:43,745][root][INFO] - Epoch: 22, loss: 1.0365
[2026-05-28 14:15:43,813][root][INFO] - Epoch: 23, loss: 1.0276
[2026-05-28 14:15:43,881][root][INFO] - Epoch: 24, loss: 1.0192
[2026-05-28 14:15:43,949][root][INFO] - Epoch: 25, loss: 1.0124
[2026-05-28 14:15:44,017][root][INFO] - Epoch: 26, loss: 1.0049
[2026-05-28 14:15:44,085][root][INFO] - Epoch: 27, loss: 0.9983
[2026-05-28 14:15:44,153][root][INFO] - Epoch: 28, loss: 0.9925
[2026-05-28 14:15:44,221][root][INFO] - Epoch: 29, loss: 0.9855
[2026-05-28 14:15:44,287][root][INFO] - Epoch: 30, loss: 0.9796
[2026-05-28 14:15:44,355][root][INFO] - Epoch: 31, loss: 0.9734
[2026-05-28 14:15:44,423][root][INFO] - Epoch: 32, loss: 0.9651
[2026-05-28 14:15:44,490][root][INFO] - Epoch: 33, loss: 0.9584
[2026-05-28 14:15:44,558][root][INFO] - Epoch: 34, loss: 0.9487
[2026-05-28 14:15:44,626][root][INFO] - Epoch: 35, loss: 0.9388
[2026-05-28 14:15:44,693][root][INFO] - Epoch: 36, loss: 0.9275
[2026-05-28 14:15:44,760][root][INFO] - Epoch: 37, loss: 0.9192
[2026-05-28 14:15:44,828][root][INFO] - Epoch: 38, loss: 0.9090
[2026-05-28 14:15:44,895][root][INFO] - Epoch: 39, loss: 0.8997
[2026-05-28 14:15:44,963][root][INFO] - Epoch: 40, loss: 0.8941
[2026-05-28 14:15:45,030][root][INFO] - Epoch: 41, loss: 0.8853
[2026-05-28 14:15:45,098][root][INFO] - Epoch: 42, loss: 0.8811
[2026-05-28 14:15:45,166][root][INFO] - Epoch: 43, loss: 0.8730
[2026-05-28 14:15:45,233][root][INFO] - Epoch: 44, loss: 0.8708
[2026-05-28 14:15:45,301][root][INFO] - Epoch: 45, loss: 0.8632
[2026-05-28 14:15:45,369][root][INFO] - Epoch: 46, loss: 0.8579
[2026-05-28 14:15:45,436][root][INFO] - Epoch: 47, loss: 0.8537
[2026-05-28 14:15:45,504][root][INFO] - Epoch: 48, loss: 0.8496
[2026-05-28 14:15:45,570][root][INFO] - Epoch: 49, loss: 0.8446
[2026-05-28 14:15:45,637][root][INFO] - Epoch: 50, loss: 0.8414
[2026-05-28 14:15:45,705][root][INFO] - Epoch: 51, loss: 0.8374
[2026-05-28 14:15:45,773][root][INFO] - Epoch: 52, loss: 0.8379
[2026-05-28 14:15:45,840][root][INFO] - Epoch: 53, loss: 0.8324
[2026-05-28 14:15:45,907][root][INFO] - Epoch: 54, loss: 0.8328
[2026-05-28 14:15:45,975][root][INFO] - Epoch: 55, loss: 0.8272
[2026-05-28 14:15:46,042][root][INFO] - Epoch: 56, loss: 0.8245
[2026-05-28 14:15:46,109][root][INFO] - Epoch: 57, loss: 0.8214
[2026-05-28 14:15:46,176][root][INFO] - Epoch: 58, loss: 0.8171
[2026-05-28 14:15:46,243][root][INFO] - Epoch: 59, loss: 0.8164
[2026-05-28 14:15:46,311][root][INFO] - Epoch: 60, loss: 0.8153
[2026-05-28 14:15:46,378][root][INFO] - Epoch: 61, loss: 0.8102
[2026-05-28 14:15:46,446][root][INFO] - Epoch: 62, loss: 0.8103
[2026-05-28 14:15:46,512][root][INFO] - Epoch: 63, loss: 0.8069
[2026-05-28 14:15:46,579][root][INFO] - Epoch: 64, loss: 0.8052
[2026-05-28 14:15:46,647][root][INFO] - Epoch: 65, loss: 0.8033
[2026-05-28 14:15:46,715][root][INFO] - Epoch: 66, loss: 0.8004
[2026-05-28 14:15:46,782][root][INFO] - Epoch: 67, loss: 0.7969
[2026-05-28 14:15:46,850][root][INFO] - Epoch: 68, loss: 0.7967
[2026-05-28 14:15:46,921][root][INFO] - Epoch: 69, loss: 0.7959
[2026-05-28 14:15:46,988][root][INFO] - Epoch: 70, loss: 0.7920
[2026-05-28 14:15:47,056][root][INFO] - Epoch: 71, loss: 0.7907
[2026-05-28 14:15:47,125][root][INFO] - Epoch: 72, loss: 0.7872
[2026-05-28 14:15:47,193][root][INFO] - Epoch: 73, loss: 0.7842
[2026-05-28 14:15:47,260][root][INFO] - Epoch: 74, loss: 0.7867
[2026-05-28 14:15:47,328][root][INFO] - Epoch: 75, loss: 0.7834
[2026-05-28 14:15:47,395][root][INFO] - Epoch: 76, loss: 0.7794
[2026-05-28 14:15:47,463][root][INFO] - Epoch: 77, loss: 0.7806
[2026-05-28 14:15:47,530][root][INFO] - Epoch: 78, loss: 0.7822
[2026-05-28 14:15:47,598][root][INFO] - Epoch: 79, loss: 0.7754
[2026-05-28 14:15:47,666][root][INFO] - Epoch: 80, loss: 0.7712
[2026-05-28 14:15:47,734][root][INFO] - Epoch: 81, loss: 0.7758
[2026-05-28 14:15:47,801][root][INFO] - Epoch: 82, loss: 0.7678
[2026-05-28 14:15:47,869][root][INFO] - Epoch: 83, loss: 0.7786
[2026-05-28 14:15:47,937][root][INFO] - Epoch: 84, loss: 0.7718
[2026-05-28 14:15:48,005][root][INFO] - Epoch: 85, loss: 0.7645
[2026-05-28 14:15:48,073][root][INFO] - Epoch: 86, loss: 0.7624
[2026-05-28 14:15:48,141][root][INFO] - Epoch: 87, loss: 0.7672
[2026-05-28 14:15:48,209][root][INFO] - Epoch: 88, loss: 0.7603
[2026-05-28 14:15:48,276][root][INFO] - Epoch: 89, loss: 0.7633
[2026-05-28 14:15:48,344][root][INFO] - Epoch: 90, loss: 0.7549
[2026-05-28 14:15:48,411][root][INFO] - Epoch: 91, loss: 0.7539
[2026-05-28 14:15:48,479][root][INFO] - Epoch: 92, loss: 0.7529
[2026-05-28 14:15:48,548][root][INFO] - Epoch: 93, loss: 0.7484
[2026-05-28 14:15:48,618][root][INFO] - Epoch: 94, loss: 0.7526
[2026-05-28 14:15:48,686][root][INFO] - Epoch: 95, loss: 0.7467
[2026-05-28 14:15:48,753][root][INFO] - Epoch: 96, loss: 0.7494
[2026-05-28 14:15:48,821][root][INFO] - Epoch: 97, loss: 0.7399
[2026-05-28 14:15:48,889][root][INFO] - Epoch: 98, loss: 0.7408
[2026-05-28 14:15:48,958][root][INFO] - Epoch: 99, loss: 0.7428
[2026-05-28 14:15:49,026][root][INFO] - Epoch: 100, loss: 0.7350
[2026-05-28 14:15:49,094][root][INFO] - Epoch: 101, loss: 0.7412
[2026-05-28 14:15:49,161][root][INFO] - Epoch: 102, loss: 0.7394
[2026-05-28 14:15:49,229][root][INFO] - Epoch: 103, loss: 0.7295
[2026-05-28 14:15:49,296][root][INFO] - Epoch: 104, loss: 0.7262
[2026-05-28 14:15:49,364][root][INFO] - Epoch: 105, loss: 0.7231
[2026-05-28 14:15:49,432][root][INFO] - Epoch: 106, loss: 0.7216
[2026-05-28 14:15:49,499][root][INFO] - Epoch: 107, loss: 0.7208
[2026-05-28 14:15:49,567][root][INFO] - Epoch: 108, loss: 0.7191
[2026-05-28 14:15:49,635][root][INFO] - Epoch: 109, loss: 0.7238
[2026-05-28 14:15:49,703][root][INFO] - Epoch: 110, loss: 0.7147
[2026-05-28 14:15:49,771][root][INFO] - Epoch: 111, loss: 0.7154
[2026-05-28 14:15:49,839][root][INFO] - Epoch: 112, loss: 0.7130
[2026-05-28 14:15:49,907][root][INFO] - Epoch: 113, loss: 0.7131
[2026-05-28 14:15:49,974][root][INFO] - Epoch: 114, loss: 0.7060
[2026-05-28 14:15:50,042][root][INFO] - Epoch: 115, loss: 0.7044
[2026-05-28 14:15:50,110][root][INFO] - Epoch: 116, loss: 0.6978
[2026-05-28 14:15:50,178][root][INFO] - Epoch: 117, loss: 0.6989
[2026-05-28 14:15:50,246][root][INFO] - Epoch: 118, loss: 0.6976
[2026-05-28 14:15:50,314][root][INFO] - Epoch: 119, loss: 0.6908
[2026-05-28 14:15:50,382][root][INFO] - Epoch: 120, loss: 0.6879
[2026-05-28 14:15:50,450][root][INFO] - Epoch: 121, loss: 0.6830
[2026-05-28 14:15:50,517][root][INFO] - Epoch: 122, loss: 0.6809
[2026-05-28 14:15:50,585][root][INFO] - Epoch: 123, loss: 0.6849
[2026-05-28 14:15:50,652][root][INFO] - Epoch: 124, loss: 0.6852
[2026-05-28 14:15:50,720][root][INFO] - Epoch: 125, loss: 0.6824
[2026-05-28 14:15:50,788][root][INFO] - Epoch: 126, loss: 0.6884
[2026-05-28 14:15:50,856][root][INFO] - Epoch: 127, loss: 0.6738
[2026-05-28 14:15:50,924][root][INFO] - Epoch: 128, loss: 0.6674
[2026-05-28 14:15:50,993][root][INFO] - Epoch: 129, loss: 0.6617
[2026-05-28 14:15:51,061][root][INFO] - Epoch: 130, loss: 0.6484
[2026-05-28 14:15:51,129][root][INFO] - Epoch: 131, loss: 0.6495
[2026-05-28 14:15:51,197][root][INFO] - Epoch: 132, loss: 0.6515
[2026-05-28 14:15:51,264][root][INFO] - Epoch: 133, loss: 0.6398
[2026-05-28 14:15:51,332][root][INFO] - Epoch: 134, loss: 0.6434
[2026-05-28 14:15:51,399][root][INFO] - Epoch: 135, loss: 0.6322
[2026-05-28 14:15:51,467][root][INFO] - Epoch: 136, loss: 0.6336
[2026-05-28 14:15:51,535][root][INFO] - Epoch: 137, loss: 0.6251
[2026-05-28 14:15:51,603][root][INFO] - Epoch: 138, loss: 0.6203
[2026-05-28 14:15:51,671][root][INFO] - Epoch: 139, loss: 0.6144
[2026-05-28 14:15:51,738][root][INFO] - Epoch: 140, loss: 0.6094
[2026-05-28 14:15:51,806][root][INFO] - Epoch: 141, loss: 0.6095
[2026-05-28 14:15:51,873][root][INFO] - Epoch: 142, loss: 0.6128
[2026-05-28 14:15:51,941][root][INFO] - Epoch: 143, loss: 0.6093
[2026-05-28 14:15:52,009][root][INFO] - Epoch: 144, loss: 0.6006
[2026-05-28 14:15:52,076][root][INFO] - Epoch: 145, loss: 0.5976
[2026-05-28 14:15:52,144][root][INFO] - Epoch: 146, loss: 0.5867
[2026-05-28 14:15:52,212][root][INFO] - Epoch: 147, loss: 0.5920
[2026-05-28 14:15:52,279][root][INFO] - Epoch: 148, loss: 0.5864
[2026-05-28 14:15:52,347][root][INFO] - Epoch: 149, loss: 0.5839
[2026-05-28 14:15:52,416][root][INFO] - Epoch: 150, loss: 0.5710
[2026-05-28 14:15:52,484][root][INFO] - Epoch: 151, loss: 0.5771
[2026-05-28 14:15:52,551][root][INFO] - Epoch: 152, loss: 0.5792
[2026-05-28 14:15:52,618][root][INFO] - Epoch: 153, loss: 0.5658
[2026-05-28 14:15:52,685][root][INFO] - Epoch: 154, loss: 0.5772
[2026-05-28 14:15:52,753][root][INFO] - Epoch: 155, loss: 0.5852
[2026-05-28 14:15:52,820][root][INFO] - Epoch: 156, loss: 0.5532
[2026-05-28 14:15:52,888][root][INFO] - Epoch: 157, loss: 0.5665
[2026-05-28 14:15:52,956][root][INFO] - Epoch: 158, loss: 0.5614
[2026-05-28 14:15:53,023][root][INFO] - Epoch: 159, loss: 0.5517
[2026-05-28 14:15:53,091][root][INFO] - Epoch: 160, loss: 0.5432
[2026-05-28 14:15:53,159][root][INFO] - Epoch: 161, loss: 0.5418
[2026-05-28 14:15:53,227][root][INFO] - Epoch: 162, loss: 0.5618
[2026-05-28 14:15:53,295][root][INFO] - Epoch: 163, loss: 0.5717
[2026-05-28 14:15:53,363][root][INFO] - Epoch: 164, loss: 0.5630
[2026-05-28 14:15:53,430][root][INFO] - Epoch: 165, loss: 0.5538
[2026-05-28 14:15:53,498][root][INFO] - Epoch: 166, loss: 0.5307
[2026-05-28 14:15:53,566][root][INFO] - Epoch: 167, loss: 0.5214
[2026-05-28 14:15:53,634][root][INFO] - Epoch: 168, loss: 0.4814
[2026-05-28 14:15:53,701][root][INFO] - Epoch: 169, loss: 0.4682
[2026-05-28 14:15:53,769][root][INFO] - Epoch: 170, loss: 0.4622
[2026-05-28 14:15:53,837][root][INFO] - Epoch: 171, loss: 0.4759
[2026-05-28 14:15:53,904][root][INFO] - Epoch: 172, loss: 0.4311
[2026-05-28 14:15:53,972][root][INFO] - Epoch: 173, loss: 0.4323
[2026-05-28 14:15:54,039][root][INFO] - Epoch: 174, loss: 0.4328
[2026-05-28 14:15:54,106][root][INFO] - Epoch: 175, loss: 0.4111
[2026-05-28 14:15:54,174][root][INFO] - Epoch: 176, loss: 0.4267
[2026-05-28 14:15:54,240][root][INFO] - Epoch: 177, loss: 0.4146
[2026-05-28 14:15:54,307][root][INFO] - Epoch: 178, loss: 0.4154
[2026-05-28 14:15:54,378][root][INFO] - Epoch: 179, loss: 0.4242
[2026-05-28 14:15:54,446][root][INFO] - Epoch: 180, loss: 0.3796
[2026-05-28 14:15:54,514][root][INFO] - Epoch: 181, loss: 0.3696
[2026-05-28 14:15:54,582][root][INFO] - Epoch: 182, loss: 0.4879
[2026-05-28 14:15:54,649][root][INFO] - Epoch: 183, loss: 0.4128
[2026-05-28 14:15:54,717][root][INFO] - Epoch: 184, loss: 0.3808
[2026-05-28 14:15:54,785][root][INFO] - Epoch: 185, loss: 0.3654
[2026-05-28 14:15:54,852][root][INFO] - Epoch: 186, loss: 0.3669
[2026-05-28 14:15:54,919][root][INFO] - Epoch: 187, loss: 0.3428
[2026-05-28 14:15:54,987][root][INFO] - Epoch: 188, loss: 0.3585
[2026-05-28 14:15:55,053][root][INFO] - Epoch: 189, loss: 0.3838
[2026-05-28 14:15:55,120][root][INFO] - Epoch: 190, loss: 0.3166
[2026-05-28 14:15:55,188][root][INFO] - Epoch: 191, loss: 0.3490
[2026-05-28 14:15:55,255][root][INFO] - Epoch: 192, loss: 0.3584
[2026-05-28 14:15:55,321][root][INFO] - Epoch: 193, loss: 0.3732
[2026-05-28 14:15:55,390][root][INFO] - Epoch: 194, loss: 0.3810
[2026-05-28 14:15:55,457][root][INFO] - Epoch: 195, loss: 0.3115
[2026-05-28 14:15:55,524][root][INFO] - Epoch: 196, loss: 0.3207
[2026-05-28 14:15:55,591][root][INFO] - Epoch: 197, loss: 0.3435
[2026-05-28 14:15:55,658][root][INFO] - Epoch: 198, loss: 0.2871
[2026-05-28 14:15:55,725][root][INFO] - Epoch: 199, loss: 0.3210
[2026-05-28 14:15:55,792][root][INFO] - Epoch: 200, loss: 0.3838
[2026-05-28 14:15:55,824][root][INFO] - {'model_loss': '0.3838', 'recon_loss': '0.0000', 'triplet_loss': '0.3838'}
[2026-05-28 14:15:55,827][root][INFO] - Generation 72/400 - Time: 0.00 seconds
[2026-05-28 14:15:55,827][root][INFO] - {'coverage': '100.00', 'max_fitness': '-12.21', 'passive_coverage': '52.34', 'passive_max_fitness': '-12.21', 'passive_mean_fitness': '-63.15', 'passive_qd_score': '41952.41', 'qd_score': '88017.06', 'mean_fitness_top_k': '-24.67'}
[2026-05-28 14:15:56,853][root][INFO] - Generation 73/400 - Time: 0.00 seconds
[2026-05-28 14:15:56,855][root][INFO] - {'coverage': '100.00', 'max_fitness': '-12.21', 'passive_coverage': '52.93', 'passive_max_fitness': '-12.21', 'passive_mean_fitness': '-63.46', 'passive_qd_score': '42254.23', 'qd_score': '87756.25', 'mean_fitness_top_k': '-22.70'}
[2026-05-28 14:15:57,886][root][INFO] - Generation 74/400 - Time: 0.00 seconds
[2026-05-28 14:15:57,887][root][INFO] - {'coverage': '100.00', 'max_fitness': '-12.21', 'passive_coverage': '53.32', 'passive_max_fitness': '-12.21', 'passive_mean_fitness': '-63.54', 'passive_qd_score': '42520.99', 'qd_score': '90808.85', 'mean_fitness_top_k': '-21.71'}
[2026-05-28 14:15:58,977][root][INFO] - Generation 75/400 - Time: 0.00 seconds
[2026-05-28 14:15:58,977][root][INFO] - {'coverage': '100.00', 'max_fitness': '-12.21', 'passive_coverage': '53.42', 'passive_max_fitness': '-12.21', 'passive_mean_fitness': '-63.57', 'passive_qd_score': '42582.74', 'qd_score': '92498.37', 'mean_fitness_top_k': '-20.88'}
[2026-05-28 14:15:59,966][root][INFO] - Generation 76/400 - Time: 0.00 seconds
[2026-05-28 14:15:59,967][root][INFO] - {'coverage': '100.00', 'max_fitness': '-12.21', 'passive_coverage': '53.71', 'passive_max_fitness': '-12.21', 'passive_mean_fitness': '-63.69', 'passive_qd_score': '42751.12', 'qd_score': '93180.84', 'mean_fitness_top_k': '-21.04'}
[2026-05-28 14:16:00,997][root][INFO] - Generation 77/400 - Time: 0.00 seconds
[2026-05-28 14:16:00,997][root][INFO] - {'coverage': '100.00', 'max_fitness': '-12.21', 'passive_coverage': '54.00', 'passive_max_fitness': '-12.21', 'passive_mean_fitness': '-63.81', 'passive_qd_score': '42919.68', 'qd_score': '93527.34', 'mean_fitness_top_k': '-20.98'}
[2026-05-28 14:16:00,999][root][INFO] - Saving snapshot to runs/20260528_141105_kheperax_seed42/plots/latent_generation_385_5_gens_after_ext_gen360.png
[2026-05-28 14:16:03,131][root][INFO] - Generation 78/400 - Time: 0.00 seconds
[2026-05-28 14:16:03,132][root][INFO] - {'coverage': '100.00', 'max_fitness': '-12.21', 'passive_coverage': '54.49', 'passive_max_fitness': '-12.21', 'passive_mean_fitness': '-64.00', 'passive_qd_score': '43203.79', 'qd_score': '93237.06', 'mean_fitness_top_k': '-21.49'}
[2026-05-28 14:16:04,161][root][INFO] - Generation 79/400 - Time: 0.00 seconds
[2026-05-28 14:16:04,162][root][INFO] - {'coverage': '100.00', 'max_fitness': '-12.21', 'passive_coverage': '54.79', 'passive_max_fitness': '-12.21', 'passive_mean_fitness': '-64.07', 'passive_qd_score': '43392.30', 'qd_score': '93732.83', 'mean_fitness_top_k': '-21.31'}
[2026-05-28 14:16:05,192][root][INFO] - Generation 80/400 - Time: 0.00 seconds
[2026-05-28 14:16:05,193][root][INFO] - {'coverage': '100.00', 'max_fitness': '-12.21', 'passive_coverage': '54.88', 'passive_max_fitness': '-12.21', 'passive_mean_fitness': '-64.08', 'passive_qd_score': '43463.99', 'qd_score': '93913.42', 'mean_fitness_top_k': '-21.42'}
[2026-05-28 14:16:06,181][root][INFO] - Generation 81/400 - Time: 0.00 seconds
[2026-05-28 14:16:06,182][root][INFO] - {'coverage': '100.00', 'max_fitness': '-12.21', 'passive_coverage': '55.18', 'passive_max_fitness': '-12.21', 'passive_mean_fitness': '-64.05', 'passive_qd_score': '43717.61', 'qd_score': '93928.94', 'mean_fitness_top_k': '-21.77'}
[2026-05-28 14:16:07,267][root][INFO] - Generation 82/400 - Time: 0.00 seconds
[2026-05-28 14:16:07,268][root][INFO] - {'coverage': '100.00', 'max_fitness': '-12.21', 'passive_coverage': '55.57', 'passive_max_fitness': '-12.21', 'passive_mean_fitness': '-64.04', 'passive_qd_score': '44029.68', 'qd_score': '94407.59', 'mean_fitness_top_k': '-22.20'}
[2026-05-28 14:16:08,262][root][INFO] - Generation 83/400 - Time: 0.00 seconds
[2026-05-28 14:16:08,263][root][INFO] - {'coverage': '100.00', 'max_fitness': '-12.21', 'passive_coverage': '55.86', 'passive_max_fitness': '-12.21', 'passive_mean_fitness': '-63.97', 'passive_qd_score': '44304.14', 'qd_score': '95432.39', 'mean_fitness_top_k': '-21.80'}
[2026-05-28 14:16:09,249][root][INFO] - Generation 84/400 - Time: 0.00 seconds
[2026-05-28 14:16:09,249][root][INFO] - {'coverage': '100.00', 'max_fitness': '-12.21', 'passive_coverage': '56.05', 'passive_max_fitness': '-12.21', 'passive_mean_fitness': '-63.86', 'passive_qd_score': '44523.02', 'qd_score': '95404.81', 'mean_fitness_top_k': '-21.75'}
[2026-05-28 14:16:10,261][root][INFO] - Generation 85/400 - Time: 0.00 seconds
[2026-05-28 14:16:10,262][root][INFO] - {'coverage': '100.00', 'max_fitness': '-12.21', 'passive_coverage': '56.05', 'passive_max_fitness': '-12.21', 'passive_mean_fitness': '-63.84', 'passive_qd_score': '44532.52', 'qd_score': '96003.22', 'mean_fitness_top_k': '-21.65'}
[2026-05-28 14:16:11,249][root][INFO] - Generation 86/400 - Time: 0.00 seconds
[2026-05-28 14:16:11,250][root][INFO] - {'coverage': '100.00', 'max_fitness': '-12.21', 'passive_coverage': '56.25', 'passive_max_fitness': '-12.21', 'passive_mean_fitness': '-63.82', 'passive_qd_score': '44700.58', 'qd_score': '95635.61', 'mean_fitness_top_k': '-22.38'}
[2026-05-28 14:16:12,281][root][INFO] - Generation 87/400 - Time: 0.00 seconds
[2026-05-28 14:16:12,282][root][INFO] - {'coverage': '100.00', 'max_fitness': '-12.21', 'passive_coverage': '56.54', 'passive_max_fitness': '-12.21', 'passive_mean_fitness': '-63.73', 'passive_qd_score': '44982.78', 'qd_score': '95587.31', 'mean_fitness_top_k': '-22.48'}
[2026-05-28 14:16:13,272][root][INFO] - Generation 88/400 - Time: 0.00 seconds
[2026-05-28 14:16:13,273][root][INFO] - {'coverage': '100.00', 'max_fitness': '-12.21', 'passive_coverage': '56.64', 'passive_max_fitness': '-12.21', 'passive_mean_fitness': '-63.74', 'passive_qd_score': '45056.17', 'qd_score': '95948.93', 'mean_fitness_top_k': '-22.26'}
[2026-05-28 14:16:14,260][root][INFO] - Generation 89/400 - Time: 0.00 seconds
[2026-05-28 14:16:14,261][root][INFO] - {'coverage': '100.00', 'max_fitness': '-12.21', 'passive_coverage': '56.93', 'passive_max_fitness': '-12.21', 'passive_mean_fitness': '-63.68', 'passive_qd_score': '45322.77', 'qd_score': '96293.27', 'mean_fitness_top_k': '-22.07'}
[2026-05-28 14:16:15,246][root][INFO] - Updating AE...
[2026-05-28 14:16:15,958][root][INFO] - Epoch: 1, loss: 196.0376
[2026-05-28 14:16:16,028][root][INFO] - Epoch: 2, loss: 174.6077
[2026-05-28 14:16:16,098][root][INFO] - Epoch: 3, loss: 2002.6659
[2026-05-28 14:16:16,167][root][INFO] - Epoch: 4, loss: 172.3940
[2026-05-28 14:16:16,235][root][INFO] - Epoch: 5, loss: 172.8462
[2026-05-28 14:16:16,304][root][INFO] - Epoch: 6, loss: 173.2912
[2026-05-28 14:16:16,372][root][INFO] - Epoch: 7, loss: 173.4191
[2026-05-28 14:16:16,439][root][INFO] - Epoch: 8, loss: 173.4377
[2026-05-28 14:16:16,507][root][INFO] - Epoch: 9, loss: 173.4260
[2026-05-28 14:16:16,575][root][INFO] - Epoch: 10, loss: 173.3900
[2026-05-28 14:16:16,642][root][INFO] - Epoch: 11, loss: 173.3472
[2026-05-28 14:16:16,709][root][INFO] - Epoch: 12, loss: 173.3013
[2026-05-28 14:16:16,777][root][INFO] - Epoch: 13, loss: 173.2446
[2026-05-28 14:16:16,845][root][INFO] - Epoch: 14, loss: 173.2060
[2026-05-28 14:16:16,912][root][INFO] - Epoch: 15, loss: 173.1562
[2026-05-28 14:16:16,913][root][INFO] - Early stopping at epoch: 14
[2026-05-28 14:16:16,940][root][INFO] - {'model_loss': '173.1562', 'recon_loss': '0.0000', 'triplet_loss': '173.1562'}
[2026-05-28 14:16:16,944][root][INFO] - Extinction event (pre-encoder)...
[2026-05-28 14:16:16,944][root][INFO] - Saving snapshot to runs/20260528_141105_kheperax_seed42/plots/latent_generation_450_before_ext.png
[2026-05-28 14:16:18,036][root][INFO] - Saving snapshot to runs/20260528_141105_kheperax_seed42/plots/latent_generation_450_after_ext.png
[2026-05-28 14:16:19,440][root][INFO] - Updating AE...
[2026-05-28 14:16:20,331][root][INFO] - Epoch: 1, loss: 16.8591
[2026-05-28 14:16:20,400][root][INFO] - Epoch: 2, loss: 14.6386
[2026-05-28 14:16:20,469][root][INFO] - Epoch: 3, loss: 13.3978
[2026-05-28 14:16:20,538][root][INFO] - Epoch: 4, loss: 12.4058
[2026-05-28 14:16:20,606][root][INFO] - Epoch: 5, loss: 11.6347
[2026-05-28 14:16:20,673][root][INFO] - Epoch: 6, loss: 10.9552
[2026-05-28 14:16:20,741][root][INFO] - Epoch: 7, loss: 10.7059
[2026-05-28 14:16:20,808][root][INFO] - Epoch: 8, loss: 10.3293
[2026-05-28 14:16:20,875][root][INFO] - Epoch: 9, loss: 9.7593
[2026-05-28 14:16:20,942][root][INFO] - Epoch: 10, loss: 9.2485
[2026-05-28 14:16:21,010][root][INFO] - Epoch: 11, loss: 8.8150
[2026-05-28 14:16:21,077][root][INFO] - Epoch: 12, loss: 8.5203
[2026-05-28 14:16:21,145][root][INFO] - Epoch: 13, loss: 8.0841
[2026-05-28 14:16:21,213][root][INFO] - Epoch: 14, loss: 8.0840
[2026-05-28 14:16:21,281][root][INFO] - Epoch: 15, loss: 8.0028
[2026-05-28 14:16:21,349][root][INFO] - Epoch: 16, loss: 7.3053
[2026-05-28 14:16:21,416][root][INFO] - Epoch: 17, loss: 7.3462
[2026-05-28 14:16:21,484][root][INFO] - Epoch: 18, loss: 7.2195
[2026-05-28 14:16:21,551][root][INFO] - Epoch: 19, loss: 7.1127
[2026-05-28 14:16:21,618][root][INFO] - Epoch: 20, loss: 6.8520
[2026-05-28 14:16:21,685][root][INFO] - Epoch: 21, loss: 7.0389
[2026-05-28 14:16:21,752][root][INFO] - Epoch: 22, loss: 6.7133
[2026-05-28 14:16:21,819][root][INFO] - Epoch: 23, loss: 7.3369
[2026-05-28 14:16:21,887][root][INFO] - Epoch: 24, loss: 7.5331
[2026-05-28 14:16:21,955][root][INFO] - Epoch: 25, loss: 7.4822
[2026-05-28 14:16:22,022][root][INFO] - Epoch: 26, loss: 7.3366
[2026-05-28 14:16:22,090][root][INFO] - Epoch: 27, loss: 6.6697
[2026-05-28 14:16:22,157][root][INFO] - Epoch: 28, loss: 6.5884
[2026-05-28 14:16:22,225][root][INFO] - Epoch: 29, loss: 6.8272
[2026-05-28 14:16:22,292][root][INFO] - Epoch: 30, loss: 6.5188
[2026-05-28 14:16:22,359][root][INFO] - Epoch: 31, loss: 6.4613
[2026-05-28 14:16:22,426][root][INFO] - Epoch: 32, loss: 7.0440
[2026-05-28 14:16:22,494][root][INFO] - Epoch: 33, loss: 6.2907
[2026-05-28 14:16:22,561][root][INFO] - Epoch: 34, loss: 6.1570
[2026-05-28 14:16:22,629][root][INFO] - Epoch: 35, loss: 5.9656
[2026-05-28 14:16:22,697][root][INFO] - Epoch: 36, loss: 6.1637
[2026-05-28 14:16:22,764][root][INFO] - Epoch: 37, loss: 6.0210
[2026-05-28 14:16:22,831][root][INFO] - Epoch: 38, loss: 5.7316
[2026-05-28 14:16:22,899][root][INFO] - Epoch: 39, loss: 6.2852
[2026-05-28 14:16:22,966][root][INFO] - Epoch: 40, loss: 6.8265
[2026-05-28 14:16:23,034][root][INFO] - Epoch: 41, loss: 6.3438
[2026-05-28 14:16:23,101][root][INFO] - Epoch: 42, loss: 5.9179
[2026-05-28 14:16:23,169][root][INFO] - Epoch: 43, loss: 5.8331
[2026-05-28 14:16:23,235][root][INFO] - Epoch: 44, loss: 5.6090
[2026-05-28 14:16:23,303][root][INFO] - Epoch: 45, loss: 5.4787
[2026-05-28 14:16:23,370][root][INFO] - Epoch: 46, loss: 5.5333
[2026-05-28 14:16:23,437][root][INFO] - Epoch: 47, loss: 6.1610
[2026-05-28 14:16:23,505][root][INFO] - Epoch: 48, loss: 6.2342
[2026-05-28 14:16:23,572][root][INFO] - Epoch: 49, loss: 5.9830
[2026-05-28 14:16:23,640][root][INFO] - Epoch: 50, loss: 5.6681
[2026-05-28 14:16:23,707][root][INFO] - Epoch: 51, loss: 5.4289
[2026-05-28 14:16:23,775][root][INFO] - Epoch: 52, loss: 5.3416
[2026-05-28 14:16:23,842][root][INFO] - Epoch: 53, loss: 5.4551
[2026-05-28 14:16:23,910][root][INFO] - Epoch: 54, loss: 5.4004
[2026-05-28 14:16:23,977][root][INFO] - Epoch: 55, loss: 5.3747
[2026-05-28 14:16:24,046][root][INFO] - Epoch: 56, loss: 5.3599
[2026-05-28 14:16:24,113][root][INFO] - Epoch: 57, loss: 5.7004
[2026-05-28 14:16:24,180][root][INFO] - Epoch: 58, loss: 5.7617
[2026-05-28 14:16:24,248][root][INFO] - Epoch: 59, loss: 5.6009
[2026-05-28 14:16:24,316][root][INFO] - Epoch: 60, loss: 5.6030
[2026-05-28 14:16:24,385][root][INFO] - Epoch: 61, loss: 5.8660
[2026-05-28 14:16:24,452][root][INFO] - Epoch: 62, loss: 5.3987
[2026-05-28 14:16:24,520][root][INFO] - Epoch: 63, loss: 5.2733
[2026-05-28 14:16:24,587][root][INFO] - Epoch: 64, loss: 5.3626
[2026-05-28 14:16:24,654][root][INFO] - Epoch: 65, loss: 5.4013
[2026-05-28 14:16:24,721][root][INFO] - Epoch: 66, loss: 5.2007
[2026-05-28 14:16:24,788][root][INFO] - Epoch: 67, loss: 4.9738
[2026-05-28 14:16:24,856][root][INFO] - Epoch: 68, loss: 5.1075
[2026-05-28 14:16:24,922][root][INFO] - Epoch: 69, loss: 5.2045
[2026-05-28 14:16:24,989][root][INFO] - Epoch: 70, loss: 4.9589
[2026-05-28 14:16:25,057][root][INFO] - Epoch: 71, loss: 5.0006
[2026-05-28 14:16:25,125][root][INFO] - Epoch: 72, loss: 4.8110
[2026-05-28 14:16:25,192][root][INFO] - Epoch: 73, loss: 4.9929
[2026-05-28 14:16:25,260][root][INFO] - Epoch: 74, loss: 5.0205
[2026-05-28 14:16:25,327][root][INFO] - Epoch: 75, loss: 5.1701
[2026-05-28 14:16:25,394][root][INFO] - Epoch: 76, loss: 4.7252
[2026-05-28 14:16:25,461][root][INFO] - Epoch: 77, loss: 4.7672
[2026-05-28 14:16:25,528][root][INFO] - Epoch: 78, loss: 4.8117
[2026-05-28 14:16:25,596][root][INFO] - Epoch: 79, loss: 4.4981
[2026-05-28 14:16:25,663][root][INFO] - Epoch: 80, loss: 4.9667
[2026-05-28 14:16:25,730][root][INFO] - Epoch: 81, loss: 5.0408
[2026-05-28 14:16:25,797][root][INFO] - Epoch: 82, loss: 4.7060
[2026-05-28 14:16:25,864][root][INFO] - Epoch: 83, loss: 4.8746
[2026-05-28 14:16:25,932][root][INFO] - Epoch: 84, loss: 4.5281
[2026-05-28 14:16:25,999][root][INFO] - Epoch: 85, loss: 6.5071
[2026-05-28 14:16:26,067][root][INFO] - Epoch: 86, loss: 6.4797
[2026-05-28 14:16:26,134][root][INFO] - Epoch: 87, loss: 5.3950
[2026-05-28 14:16:26,201][root][INFO] - Epoch: 88, loss: 5.1070
[2026-05-28 14:16:26,269][root][INFO] - Epoch: 89, loss: 4.4781
[2026-05-28 14:16:26,336][root][INFO] - Epoch: 90, loss: 4.3491
[2026-05-28 14:16:26,403][root][INFO] - Epoch: 91, loss: 3.9111
[2026-05-28 14:16:26,471][root][INFO] - Epoch: 92, loss: 3.9255
[2026-05-28 14:16:26,538][root][INFO] - Epoch: 93, loss: 3.9578
[2026-05-28 14:16:26,606][root][INFO] - Epoch: 94, loss: 3.9602
[2026-05-28 14:16:26,674][root][INFO] - Epoch: 95, loss: 4.3329
[2026-05-28 14:16:26,742][root][INFO] - Epoch: 96, loss: 3.8442
[2026-05-28 14:16:26,808][root][INFO] - Epoch: 97, loss: 4.1739
[2026-05-28 14:16:26,875][root][INFO] - Epoch: 98, loss: 3.9216
[2026-05-28 14:16:26,948][root][INFO] - Epoch: 99, loss: 4.0838
[2026-05-28 14:16:27,018][root][INFO] - Epoch: 100, loss: 3.8673
[2026-05-28 14:16:27,087][root][INFO] - Epoch: 101, loss: 3.4885
[2026-05-28 14:16:27,158][root][INFO] - Epoch: 102, loss: 3.4806
[2026-05-28 14:16:27,228][root][INFO] - Epoch: 103, loss: 3.2687
[2026-05-28 14:16:27,299][root][INFO] - Epoch: 104, loss: 3.3681
[2026-05-28 14:16:27,367][root][INFO] - Epoch: 105, loss: 4.2033
[2026-05-28 14:16:27,435][root][INFO] - Epoch: 106, loss: 3.8215
[2026-05-28 14:16:27,502][root][INFO] - Epoch: 107, loss: 3.6056
[2026-05-28 14:16:27,569][root][INFO] - Epoch: 108, loss: 3.7267
[2026-05-28 14:16:27,636][root][INFO] - Epoch: 109, loss: 3.5377
[2026-05-28 14:16:27,703][root][INFO] - Epoch: 110, loss: 3.5887
[2026-05-28 14:16:27,769][root][INFO] - Epoch: 111, loss: 3.4494
[2026-05-28 14:16:27,837][root][INFO] - Epoch: 112, loss: 3.1802
[2026-05-28 14:16:27,904][root][INFO] - Epoch: 113, loss: 3.3047
[2026-05-28 14:16:27,972][root][INFO] - Epoch: 114, loss: 3.0860
[2026-05-28 14:16:28,039][root][INFO] - Epoch: 115, loss: 3.1147
[2026-05-28 14:16:28,106][root][INFO] - Epoch: 116, loss: 2.9898
[2026-05-28 14:16:28,174][root][INFO] - Epoch: 117, loss: 3.2274
[2026-05-28 14:16:28,244][root][INFO] - Epoch: 118, loss: 3.0989
[2026-05-28 14:16:28,313][root][INFO] - Epoch: 119, loss: 3.4609
[2026-05-28 14:16:28,381][root][INFO] - Epoch: 120, loss: 3.3010
[2026-05-28 14:16:28,448][root][INFO] - Epoch: 121, loss: 3.1496
[2026-05-28 14:16:28,518][root][INFO] - Epoch: 122, loss: 2.9269
[2026-05-28 14:16:28,588][root][INFO] - Epoch: 123, loss: 4.5566
[2026-05-28 14:16:28,656][root][INFO] - Epoch: 124, loss: 4.6809
[2026-05-28 14:16:28,723][root][INFO] - Epoch: 125, loss: 3.7204
[2026-05-28 14:16:28,791][root][INFO] - Epoch: 126, loss: 3.4044
[2026-05-28 14:16:28,859][root][INFO] - Epoch: 127, loss: 3.4945
[2026-05-28 14:16:28,926][root][INFO] - Epoch: 128, loss: 3.4191
[2026-05-28 14:16:28,993][root][INFO] - Epoch: 129, loss: 3.3310
[2026-05-28 14:16:29,060][root][INFO] - Epoch: 130, loss: 3.3533
[2026-05-28 14:16:29,128][root][INFO] - Epoch: 131, loss: 3.1467
[2026-05-28 14:16:29,195][root][INFO] - Epoch: 132, loss: 3.3671
[2026-05-28 14:16:29,263][root][INFO] - Epoch: 133, loss: 3.0635
[2026-05-28 14:16:29,263][root][INFO] - Early stopping at epoch: 132
[2026-05-28 14:16:29,304][root][INFO] - {'model_loss': '3.0635', 'recon_loss': '0.0000', 'triplet_loss': '3.0635'}
[2026-05-28 14:16:29,308][root][INFO] - Generation 90/400 - Time: 0.00 seconds
[2026-05-28 14:16:29,308][root][INFO] - {'coverage': '100.00', 'max_fitness': '0.00', 'passive_coverage': '57.32', 'passive_max_fitness': '0.00', 'passive_mean_fitness': '-63.60', 'passive_qd_score': '45682.94', 'qd_score': '96817.16', 'mean_fitness_top_k': '-21.81'}
[2026-05-28 14:16:30,316][root][INFO] - Generation 91/400 - Time: 0.00 seconds
[2026-05-28 14:16:30,317][root][INFO] - {'coverage': '100.00', 'max_fitness': '0.00', 'passive_coverage': '58.11', 'passive_max_fitness': '0.00', 'passive_mean_fitness': '-63.70', 'passive_qd_score': '46242.92', 'qd_score': '83543.97', 'mean_fitness_top_k': '-27.11'}
[2026-05-28 14:16:31,306][root][INFO] - Generation 92/400 - Time: 0.00 seconds
[2026-05-28 14:16:31,306][root][INFO] - {'coverage': '100.00', 'max_fitness': '0.00', 'passive_coverage': '58.30', 'passive_max_fitness': '0.00', 'passive_mean_fitness': '-63.74', 'passive_qd_score': '46377.38', 'qd_score': '83852.38', 'mean_fitness_top_k': '-28.46'}
[2026-05-28 14:16:32,295][root][INFO] - Generation 93/400 - Time: 0.00 seconds
[2026-05-28 14:16:32,296][root][INFO] - {'coverage': '100.00', 'max_fitness': '0.00', 'passive_coverage': '58.59', 'passive_max_fitness': '0.00', 'passive_mean_fitness': '-63.70', 'passive_qd_score': '46635.70', 'qd_score': '83700.27', 'mean_fitness_top_k': '-29.09'}
[2026-05-28 14:16:33,283][root][INFO] - Generation 94/400 - Time: 0.00 seconds
[2026-05-28 14:16:33,284][root][INFO] - {'coverage': '100.00', 'max_fitness': '0.00', 'passive_coverage': '58.79', 'passive_max_fitness': '0.00', 'passive_mean_fitness': '-63.63', 'passive_qd_score': '46831.03', 'qd_score': '84745.05', 'mean_fitness_top_k': '-29.78'}
[2026-05-28 14:16:34,273][root][INFO] - Generation 95/400 - Time: 0.00 seconds
[2026-05-28 14:16:34,274][root][INFO] - {'coverage': '100.00', 'max_fitness': '0.00', 'passive_coverage': '58.98', 'passive_max_fitness': '0.00', 'passive_mean_fitness': '-63.59', 'passive_qd_score': '47012.69', 'qd_score': '84647.74', 'mean_fitness_top_k': '-30.61'}
[2026-05-28 14:16:34,275][root][INFO] - Saving snapshot to runs/20260528_141105_kheperax_seed42/plots/latent_generation_475_5_gens_after_ext_gen450.png
[2026-05-28 14:16:36,442][root][INFO] - Generation 96/400 - Time: 0.00 seconds
[2026-05-28 14:16:36,443][root][INFO] - {'coverage': '100.00', 'max_fitness': '0.00', 'passive_coverage': '59.08', 'passive_max_fitness': '0.00', 'passive_mean_fitness': '-63.55', 'passive_qd_score': '47111.98', 'qd_score': '84356.77', 'mean_fitness_top_k': '-31.14'}
[2026-05-28 14:16:37,499][root][INFO] - Generation 97/400 - Time: 0.00 seconds
[2026-05-28 14:16:37,500][root][INFO] - {'coverage': '100.00', 'max_fitness': '0.00', 'passive_coverage': '59.28', 'passive_max_fitness': '0.00', 'passive_mean_fitness': '-63.64', 'passive_qd_score': '47215.93', 'qd_score': '84148.27', 'mean_fitness_top_k': '-31.12'}
[2026-05-28 14:16:38,566][root][INFO] - Generation 98/400 - Time: 0.00 seconds
[2026-05-28 14:16:38,566][root][INFO] - {'coverage': '100.00', 'max_fitness': '0.00', 'passive_coverage': '59.28', 'passive_max_fitness': '0.00', 'passive_mean_fitness': '-63.63', 'passive_qd_score': '47217.05', 'qd_score': '84633.67', 'mean_fitness_top_k': '-31.52'}
[2026-05-28 14:16:39,627][root][INFO] - Generation 99/400 - Time: 0.00 seconds
[2026-05-28 14:16:39,628][root][INFO] - {'coverage': '100.00', 'max_fitness': '0.00', 'passive_coverage': '59.38', 'passive_max_fitness': '0.00', 'passive_mean_fitness': '-63.68', 'passive_qd_score': '47269.65', 'qd_score': '84627.53', 'mean_fitness_top_k': '-31.44'}
[2026-05-28 14:16:40,618][root][INFO] - Generation 100/400 - Time: 0.00 seconds
[2026-05-28 14:16:40,619][root][INFO] - {'coverage': '100.00', 'max_fitness': '0.00', 'passive_coverage': '59.47', 'passive_max_fitness': '0.00', 'passive_mean_fitness': '-63.66', 'passive_qd_score': '47357.71', 'qd_score': '84902.38', 'mean_fitness_top_k': '-31.40'}
[2026-05-28 14:16:41,596][root][INFO] - Generation 101/400 - Time: 0.00 seconds
[2026-05-28 14:16:41,598][root][INFO] - {'coverage': '100.00', 'max_fitness': '0.00', 'passive_coverage': '59.57', 'passive_max_fitness': '0.00', 'passive_mean_fitness': '-63.68', 'passive_qd_score': '47422.60', 'qd_score': '84629.96', 'mean_fitness_top_k': '-32.18'}
[2026-05-28 14:16:42,580][root][INFO] - Generation 102/400 - Time: 0.00 seconds
[2026-05-28 14:16:42,581][root][INFO] - {'coverage': '100.00', 'max_fitness': '0.00', 'passive_coverage': '59.86', 'passive_max_fitness': '0.00', 'passive_mean_fitness': '-63.49', 'passive_qd_score': '47774.74', 'qd_score': '84822.34', 'mean_fitness_top_k': '-31.90'}
[2026-05-28 14:16:43,572][root][INFO] - Generation 103/400 - Time: 0.00 seconds
[2026-05-28 14:16:43,573][root][INFO] - {'coverage': '100.00', 'max_fitness': '0.00', 'passive_coverage': '60.25', 'passive_max_fitness': '0.00', 'passive_mean_fitness': '-63.29', 'passive_qd_score': '48206.59', 'qd_score': '85677.98', 'mean_fitness_top_k': '-30.95'}
[2026-05-28 14:16:44,564][root][INFO] - Generation 104/400 - Time: 0.00 seconds
[2026-05-28 14:16:44,565][root][INFO] - {'coverage': '100.00', 'max_fitness': '0.00', 'passive_coverage': '60.25', 'passive_max_fitness': '0.00', 'passive_mean_fitness': '-63.28', 'passive_qd_score': '48211.95', 'qd_score': '86050.43', 'mean_fitness_top_k': '-31.01'}
[2026-05-28 14:16:45,553][root][INFO] - Generation 105/400 - Time: 0.00 seconds
[2026-05-28 14:16:45,553][root][INFO] - {'coverage': '100.00', 'max_fitness': '0.00', 'passive_coverage': '60.35', 'passive_max_fitness': '0.00', 'passive_mean_fitness': '-63.23', 'passive_qd_score': '48319.94', 'qd_score': '86325.00', 'mean_fitness_top_k': '-30.84'}
[2026-05-28 14:16:46,610][root][INFO] - Generation 106/400 - Time: 0.00 seconds
[2026-05-28 14:16:46,611][root][INFO] - {'coverage': '100.00', 'max_fitness': '0.00', 'passive_coverage': '60.35', 'passive_max_fitness': '0.00', 'passive_mean_fitness': '-63.23', 'passive_qd_score': '48319.94', 'qd_score': '86003.94', 'mean_fitness_top_k': '-31.76'}
[2026-05-28 14:16:47,669][root][INFO] - Generation 107/400 - Time: 0.00 seconds
[2026-05-28 14:16:47,669][root][INFO] - {'coverage': '100.00', 'max_fitness': '0.00', 'passive_coverage': '60.45', 'passive_max_fitness': '0.00', 'passive_mean_fitness': '-63.28', 'passive_qd_score': '48372.11', 'qd_score': '86504.50', 'mean_fitness_top_k': '-31.23'}
[2026-05-28 14:16:48,733][root][INFO] - Generation 108/400 - Time: 0.00 seconds
[2026-05-28 14:16:48,734][root][INFO] - {'coverage': '100.00', 'max_fitness': '0.00', 'passive_coverage': '60.64', 'passive_max_fitness': '0.00', 'passive_mean_fitness': '-63.26', 'passive_qd_score': '48538.24', 'qd_score': '86387.50', 'mean_fitness_top_k': '-31.64'}
[2026-05-28 14:16:49,723][root][INFO] - Generation 109/400 - Time: 0.00 seconds
[2026-05-28 14:16:49,724][root][INFO] - {'coverage': '100.00', 'max_fitness': '0.00', 'passive_coverage': '60.64', 'passive_max_fitness': '0.00', 'passive_mean_fitness': '-63.26', 'passive_qd_score': '48538.24', 'qd_score': '86455.16', 'mean_fitness_top_k': '-31.90'}
[2026-05-28 14:16:50,721][root][INFO] - Updating AE...
[2026-05-28 14:16:51,436][root][INFO] - Epoch: 1, loss: 1120.5878
[2026-05-28 14:16:51,506][root][INFO] - Epoch: 2, loss: 636.2886
[2026-05-28 14:16:51,576][root][INFO] - Epoch: 3, loss: 618.6624
[2026-05-28 14:16:51,646][root][INFO] - Epoch: 4, loss: 604.9390
[2026-05-28 14:16:51,713][root][INFO] - Epoch: 5, loss: 598.6158
[2026-05-28 14:16:51,780][root][INFO] - Epoch: 6, loss: 596.5525
[2026-05-28 14:16:51,848][root][INFO] - Epoch: 7, loss: 595.3701
[2026-05-28 14:16:51,916][root][INFO] - Epoch: 8, loss: 593.9159
[2026-05-28 14:16:51,989][root][INFO] - Epoch: 9, loss: 592.1702
[2026-05-28 14:16:52,060][root][INFO] - Epoch: 10, loss: 590.2839
[2026-05-28 14:16:52,130][root][INFO] - Epoch: 11, loss: 588.3782
[2026-05-28 14:16:52,199][root][INFO] - Epoch: 12, loss: 587.7933
[2026-05-28 14:16:52,268][root][INFO] - Epoch: 13, loss: 585.0023
[2026-05-28 14:16:52,336][root][INFO] - Epoch: 14, loss: 583.6132
[2026-05-28 14:16:52,403][root][INFO] - Epoch: 15, loss: 582.1848
[2026-05-28 14:16:52,471][root][INFO] - Epoch: 16, loss: 579.7026
[2026-05-28 14:16:52,538][root][INFO] - Epoch: 17, loss: 576.9994
[2026-05-28 14:16:52,606][root][INFO] - Epoch: 18, loss: 574.6191
[2026-05-28 14:16:52,673][root][INFO] - Epoch: 19, loss: 572.0782
[2026-05-28 14:16:52,741][root][INFO] - Epoch: 20, loss: 569.5231
[2026-05-28 14:16:52,808][root][INFO] - Epoch: 21, loss: 567.5387
[2026-05-28 14:16:52,876][root][INFO] - Epoch: 22, loss: 566.0230
[2026-05-28 14:16:52,944][root][INFO] - Epoch: 23, loss: 563.4244
[2026-05-28 14:16:53,012][root][INFO] - Epoch: 24, loss: 565.2615
[2026-05-28 14:16:53,080][root][INFO] - Epoch: 25, loss: 573.4853
[2026-05-28 14:16:53,149][root][INFO] - Epoch: 26, loss: 569.8518
[2026-05-28 14:16:53,220][root][INFO] - Epoch: 27, loss: 573.7525
[2026-05-28 14:16:53,295][root][INFO] - Epoch: 28, loss: 593.4839
[2026-05-28 14:16:53,367][root][INFO] - Epoch: 29, loss: 603.1526
[2026-05-28 14:16:53,437][root][INFO] - Epoch: 30, loss: 600.2869
[2026-05-28 14:16:53,508][root][INFO] - Epoch: 31, loss: 590.8422
[2026-05-28 14:16:53,577][root][INFO] - Epoch: 32, loss: 589.5807
[2026-05-28 14:16:53,646][root][INFO] - Epoch: 33, loss: 586.6015
[2026-05-28 14:16:53,714][root][INFO] - Epoch: 34, loss: 583.0441
[2026-05-28 14:16:53,715][root][INFO] - Early stopping at epoch: 33
[2026-05-28 14:16:53,743][root][INFO] - {'model_loss': '583.0441', 'recon_loss': '0.0000', 'triplet_loss': '583.0441'}
[2026-05-28 14:16:53,747][root][INFO] - Extinction event (pre-encoder)...
[2026-05-28 14:16:53,747][root][INFO] - Saving snapshot to runs/20260528_141105_kheperax_seed42/plots/latent_generation_550_before_ext.png
[2026-05-28 14:16:55,309][root][INFO] - Saving snapshot to runs/20260528_141105_kheperax_seed42/plots/latent_generation_550_after_ext.png
[2026-05-28 14:16:57,044][root][INFO] - Updating AE...
[2026-05-28 14:16:57,819][root][INFO] - Epoch: 1, loss: 445.2240
[2026-05-28 14:16:57,892][root][INFO] - Epoch: 2, loss: 41.6586
[2026-05-28 14:16:57,965][root][INFO] - Epoch: 3, loss: 33.4011
[2026-05-28 14:16:58,037][root][INFO] - Epoch: 4, loss: 26.6197
[2026-05-28 14:16:58,110][root][INFO] - Epoch: 5, loss: 21.6368
[2026-05-28 14:16:58,183][root][INFO] - Epoch: 6, loss: 18.2556
[2026-05-28 14:16:58,254][root][INFO] - Epoch: 7, loss: 15.8027
[2026-05-28 14:16:58,325][root][INFO] - Epoch: 8, loss: 13.8284
[2026-05-28 14:16:58,394][root][INFO] - Epoch: 9, loss: 12.4586
[2026-05-28 14:16:58,465][root][INFO] - Epoch: 10, loss: 11.2965
[2026-05-28 14:16:58,542][root][INFO] - Epoch: 11, loss: 10.3615
[2026-05-28 14:16:58,614][root][INFO] - Epoch: 12, loss: 9.5859
[2026-05-28 14:16:58,686][root][INFO] - Epoch: 13, loss: 9.2706
[2026-05-28 14:16:58,757][root][INFO] - Epoch: 14, loss: 9.1216
[2026-05-28 14:16:58,827][root][INFO] - Epoch: 15, loss: 9.1817
[2026-05-28 14:16:58,900][root][INFO] - Epoch: 16, loss: 9.0413
[2026-05-28 14:16:58,972][root][INFO] - Epoch: 17, loss: 8.7810
[2026-05-28 14:16:59,043][root][INFO] - Epoch: 18, loss: 8.5157
[2026-05-28 14:16:59,113][root][INFO] - Epoch: 19, loss: 8.2935
[2026-05-28 14:16:59,184][root][INFO] - Epoch: 20, loss: 8.1185
[2026-05-28 14:16:59,256][root][INFO] - Epoch: 21, loss: 7.9460
[2026-05-28 14:16:59,328][root][INFO] - Epoch: 22, loss: 7.8046
[2026-05-28 14:16:59,397][root][INFO] - Epoch: 23, loss: 7.6827
[2026-05-28 14:16:59,472][root][INFO] - Epoch: 24, loss: 7.5673
[2026-05-28 14:16:59,550][root][INFO] - Epoch: 25, loss: 7.4669
[2026-05-28 14:16:59,625][root][INFO] - Epoch: 26, loss: 7.3655
[2026-05-28 14:16:59,697][root][INFO] - Epoch: 27, loss: 7.2746
[2026-05-28 14:16:59,769][root][INFO] - Epoch: 28, loss: 7.1906
[2026-05-28 14:16:59,840][root][INFO] - Epoch: 29, loss: 7.1022
[2026-05-28 14:16:59,910][root][INFO] - Epoch: 30, loss: 7.0283
[2026-05-28 14:16:59,982][root][INFO] - Epoch: 31, loss: 6.9576
[2026-05-28 14:17:00,053][root][INFO] - Epoch: 32, loss: 6.8888
[2026-05-28 14:17:00,123][root][INFO] - Epoch: 33, loss: 6.8229
[2026-05-28 14:17:00,193][root][INFO] - Epoch: 34, loss: 6.7568
[2026-05-28 14:17:00,264][root][INFO] - Epoch: 35, loss: 6.6960
[2026-05-28 14:17:00,334][root][INFO] - Epoch: 36, loss: 6.6416
[2026-05-28 14:17:00,406][root][INFO] - Epoch: 37, loss: 6.5893
[2026-05-28 14:17:00,476][root][INFO] - Epoch: 38, loss: 6.5313
[2026-05-28 14:17:00,548][root][INFO] - Epoch: 39, loss: 6.4834
[2026-05-28 14:17:00,619][root][INFO] - Epoch: 40, loss: 6.4378
[2026-05-28 14:17:00,690][root][INFO] - Epoch: 41, loss: 6.3887
[2026-05-28 14:17:00,761][root][INFO] - Epoch: 42, loss: 6.3506
[2026-05-28 14:17:00,832][root][INFO] - Epoch: 43, loss: 6.3066
[2026-05-28 14:17:00,903][root][INFO] - Epoch: 44, loss: 6.2667
[2026-05-28 14:17:00,974][root][INFO] - Epoch: 45, loss: 6.2350
[2026-05-28 14:17:01,045][root][INFO] - Epoch: 46, loss: 6.1947
[2026-05-28 14:17:01,116][root][INFO] - Epoch: 47, loss: 6.1645
[2026-05-28 14:17:01,188][root][INFO] - Epoch: 48, loss: 6.1310
[2026-05-28 14:17:01,259][root][INFO] - Epoch: 49, loss: 6.1009
[2026-05-28 14:17:01,332][root][INFO] - Epoch: 50, loss: 6.0686
[2026-05-28 14:17:01,402][root][INFO] - Epoch: 51, loss: 6.0394
[2026-05-28 14:17:01,472][root][INFO] - Epoch: 52, loss: 6.0132
[2026-05-28 14:17:01,542][root][INFO] - Epoch: 53, loss: 5.9813
[2026-05-28 14:17:01,612][root][INFO] - Epoch: 54, loss: 5.9559
[2026-05-28 14:17:01,683][root][INFO] - Epoch: 55, loss: 5.9302
[2026-05-28 14:17:01,753][root][INFO] - Epoch: 56, loss: 5.9038
[2026-05-28 14:17:01,823][root][INFO] - Epoch: 57, loss: 5.8803
[2026-05-28 14:17:01,893][root][INFO] - Epoch: 58, loss: 5.8541
[2026-05-28 14:17:01,963][root][INFO] - Epoch: 59, loss: 5.8306
[2026-05-28 14:17:02,033][root][INFO] - Epoch: 60, loss: 5.8075
[2026-05-28 14:17:02,107][root][INFO] - Epoch: 61, loss: 5.7842
[2026-05-28 14:17:02,181][root][INFO] - Epoch: 62, loss: 5.7609
[2026-05-28 14:17:02,254][root][INFO] - Epoch: 63, loss: 5.7377
[2026-05-28 14:17:02,326][root][INFO] - Epoch: 64, loss: 5.7127
[2026-05-28 14:17:02,399][root][INFO] - Epoch: 65, loss: 5.6880
[2026-05-28 14:17:02,472][root][INFO] - Epoch: 66, loss: 5.6648
[2026-05-28 14:17:02,543][root][INFO] - Epoch: 67, loss: 5.6361
[2026-05-28 14:17:02,616][root][INFO] - Epoch: 68, loss: 5.6059
[2026-05-28 14:17:02,687][root][INFO] - Epoch: 69, loss: 5.5804
[2026-05-28 14:17:02,758][root][INFO] - Epoch: 70, loss: 5.5491
[2026-05-28 14:17:02,831][root][INFO] - Epoch: 71, loss: 5.5192
[2026-05-28 14:17:02,903][root][INFO] - Epoch: 72, loss: 5.4927
[2026-05-28 14:17:02,974][root][INFO] - Epoch: 73, loss: 5.4689
[2026-05-28 14:17:03,044][root][INFO] - Epoch: 74, loss: 5.4498
[2026-05-28 14:17:03,114][root][INFO] - Epoch: 75, loss: 5.4317
[2026-05-28 14:17:03,185][root][INFO] - Epoch: 76, loss: 5.4157
[2026-05-28 14:17:03,255][root][INFO] - Epoch: 77, loss: 5.4002
[2026-05-28 14:17:03,326][root][INFO] - Epoch: 78, loss: 5.3845
[2026-05-28 14:17:03,396][root][INFO] - Epoch: 79, loss: 5.3713
[2026-05-28 14:17:03,467][root][INFO] - Epoch: 80, loss: 5.3575
[2026-05-28 14:17:03,537][root][INFO] - Epoch: 81, loss: 5.3444
[2026-05-28 14:17:03,607][root][INFO] - Epoch: 82, loss: 5.3307
[2026-05-28 14:17:03,677][root][INFO] - Epoch: 83, loss: 5.3182
[2026-05-28 14:17:03,748][root][INFO] - Epoch: 84, loss: 5.3075
[2026-05-28 14:17:03,819][root][INFO] - Epoch: 85, loss: 5.2941
[2026-05-28 14:17:03,889][root][INFO] - Epoch: 86, loss: 5.2839
[2026-05-28 14:17:03,960][root][INFO] - Epoch: 87, loss: 5.2723
[2026-05-28 14:17:04,030][root][INFO] - Epoch: 88, loss: 5.2618
[2026-05-28 14:17:04,101][root][INFO] - Epoch: 89, loss: 5.2499
[2026-05-28 14:17:04,171][root][INFO] - Epoch: 90, loss: 5.2387
[2026-05-28 14:17:04,241][root][INFO] - Epoch: 91, loss: 5.2277
[2026-05-28 14:17:04,311][root][INFO] - Epoch: 92, loss: 5.2205
[2026-05-28 14:17:04,382][root][INFO] - Epoch: 93, loss: 5.2074
[2026-05-28 14:17:04,452][root][INFO] - Epoch: 94, loss: 5.1971
[2026-05-28 14:17:04,523][root][INFO] - Epoch: 95, loss: 5.1848
[2026-05-28 14:17:04,593][root][INFO] - Epoch: 96, loss: 5.1747
[2026-05-28 14:17:04,664][root][INFO] - Epoch: 97, loss: 5.1656
[2026-05-28 14:17:04,734][root][INFO] - Epoch: 98, loss: 5.1523
[2026-05-28 14:17:04,804][root][INFO] - Epoch: 99, loss: 5.1419
[2026-05-28 14:17:04,875][root][INFO] - Epoch: 100, loss: 5.1329
[2026-05-28 14:17:04,946][root][INFO] - Epoch: 101, loss: 5.1219
[2026-05-28 14:17:05,016][root][INFO] - Epoch: 102, loss: 5.1075
[2026-05-28 14:17:05,087][root][INFO] - Epoch: 103, loss: 5.0990
[2026-05-28 14:17:05,158][root][INFO] - Epoch: 104, loss: 5.0864
[2026-05-28 14:17:05,228][root][INFO] - Epoch: 105, loss: 5.0768
[2026-05-28 14:17:05,299][root][INFO] - Epoch: 106, loss: 5.0660
[2026-05-28 14:17:05,369][root][INFO] - Epoch: 107, loss: 5.0551
[2026-05-28 14:17:05,440][root][INFO] - Epoch: 108, loss: 5.0469
[2026-05-28 14:17:05,510][root][INFO] - Epoch: 109, loss: 5.0380
[2026-05-28 14:17:05,581][root][INFO] - Epoch: 110, loss: 5.0280
[2026-05-28 14:17:05,652][root][INFO] - Epoch: 111, loss: 5.0214
[2026-05-28 14:17:05,723][root][INFO] - Epoch: 112, loss: 5.0123
[2026-05-28 14:17:05,793][root][INFO] - Epoch: 113, loss: 5.0079
[2026-05-28 14:17:05,863][root][INFO] - Epoch: 114, loss: 4.9988
[2026-05-28 14:17:05,933][root][INFO] - Epoch: 115, loss: 4.9927
[2026-05-28 14:17:06,004][root][INFO] - Epoch: 116, loss: 4.9858
[2026-05-28 14:17:06,075][root][INFO] - Epoch: 117, loss: 4.9794
[2026-05-28 14:17:06,145][root][INFO] - Epoch: 118, loss: 4.9757
[2026-05-28 14:17:06,215][root][INFO] - Epoch: 119, loss: 4.9676
[2026-05-28 14:17:06,286][root][INFO] - Epoch: 120, loss: 4.9628
[2026-05-28 14:17:06,357][root][INFO] - Epoch: 121, loss: 4.9564
[2026-05-28 14:17:06,427][root][INFO] - Epoch: 122, loss: 4.9524
[2026-05-28 14:17:06,498][root][INFO] - Epoch: 123, loss: 4.9462
[2026-05-28 14:17:06,568][root][INFO] - Epoch: 124, loss: 4.9390
[2026-05-28 14:17:06,638][root][INFO] - Epoch: 125, loss: 4.9362
[2026-05-28 14:17:06,710][root][INFO] - Epoch: 126, loss: 4.9303
[2026-05-28 14:17:06,780][root][INFO] - Epoch: 127, loss: 4.9260
[2026-05-28 14:17:06,851][root][INFO] - Epoch: 128, loss: 4.9208
[2026-05-28 14:17:06,922][root][INFO] - Epoch: 129, loss: 4.9145
[2026-05-28 14:17:06,993][root][INFO] - Epoch: 130, loss: 4.9124
[2026-05-28 14:17:07,064][root][INFO] - Epoch: 131, loss: 4.9079
[2026-05-28 14:17:07,134][root][INFO] - Epoch: 132, loss: 4.9011
[2026-05-28 14:17:07,206][root][INFO] - Epoch: 133, loss: 4.8988
[2026-05-28 14:17:07,277][root][INFO] - Epoch: 134, loss: 4.8927
[2026-05-28 14:17:07,348][root][INFO] - Epoch: 135, loss: 4.8880
[2026-05-28 14:17:07,419][root][INFO] - Epoch: 136, loss: 4.8814
[2026-05-28 14:17:07,490][root][INFO] - Epoch: 137, loss: 4.8791
[2026-05-28 14:17:07,561][root][INFO] - Epoch: 138, loss: 4.8764
[2026-05-28 14:17:07,631][root][INFO] - Epoch: 139, loss: 4.8713
[2026-05-28 14:17:07,702][root][INFO] - Epoch: 140, loss: 4.8683
[2026-05-28 14:17:07,772][root][INFO] - Epoch: 141, loss: 4.8624
[2026-05-28 14:17:07,843][root][INFO] - Epoch: 142, loss: 4.8583
[2026-05-28 14:17:07,913][root][INFO] - Epoch: 143, loss: 4.8532
[2026-05-28 14:17:07,985][root][INFO] - Epoch: 144, loss: 4.8486
[2026-05-28 14:17:08,058][root][INFO] - Epoch: 145, loss: 4.8484
[2026-05-28 14:17:08,128][root][INFO] - Epoch: 146, loss: 4.8407
[2026-05-28 14:17:08,199][root][INFO] - Epoch: 147, loss: 4.8371
[2026-05-28 14:17:08,270][root][INFO] - Epoch: 148, loss: 4.8328
[2026-05-28 14:17:08,342][root][INFO] - Epoch: 149, loss: 4.8284
[2026-05-28 14:17:08,412][root][INFO] - Epoch: 150, loss: 4.8239
[2026-05-28 14:17:08,484][root][INFO] - Epoch: 151, loss: 4.8201
[2026-05-28 14:17:08,556][root][INFO] - Epoch: 152, loss: 4.8154
[2026-05-28 14:17:08,627][root][INFO] - Epoch: 153, loss: 4.8111
[2026-05-28 14:17:08,697][root][INFO] - Epoch: 154, loss: 4.8088
[2026-05-28 14:17:08,768][root][INFO] - Epoch: 155, loss: 4.8090
[2026-05-28 14:17:08,839][root][INFO] - Epoch: 156, loss: 4.8015
[2026-05-28 14:17:08,910][root][INFO] - Epoch: 157, loss: 4.7999
[2026-05-28 14:17:08,981][root][INFO] - Epoch: 158, loss: 4.7944
[2026-05-28 14:17:09,051][root][INFO] - Epoch: 159, loss: 4.7875
[2026-05-28 14:17:09,123][root][INFO] - Epoch: 160, loss: 4.7841
[2026-05-28 14:17:09,193][root][INFO] - Epoch: 161, loss: 4.7820
[2026-05-28 14:17:09,265][root][INFO] - Epoch: 162, loss: 4.7776
[2026-05-28 14:17:09,335][root][INFO] - Epoch: 163, loss: 4.7735
[2026-05-28 14:17:09,408][root][INFO] - Epoch: 164, loss: 4.7722
[2026-05-28 14:17:09,479][root][INFO] - Epoch: 165, loss: 4.7683
[2026-05-28 14:17:09,550][root][INFO] - Epoch: 166, loss: 4.7636
[2026-05-28 14:17:09,621][root][INFO] - Epoch: 167, loss: 4.7626
[2026-05-28 14:17:09,693][root][INFO] - Epoch: 168, loss: 4.7569
[2026-05-28 14:17:09,763][root][INFO] - Epoch: 169, loss: 4.7563
[2026-05-28 14:17:09,833][root][INFO] - Epoch: 170, loss: 4.7499
[2026-05-28 14:17:09,903][root][INFO] - Epoch: 171, loss: 4.7466
[2026-05-28 14:17:09,974][root][INFO] - Epoch: 172, loss: 4.7474
[2026-05-28 14:17:10,044][root][INFO] - Epoch: 173, loss: 4.7429
[2026-05-28 14:17:10,115][root][INFO] - Epoch: 174, loss: 4.7366
[2026-05-28 14:17:10,186][root][INFO] - Epoch: 175, loss: 4.7357
[2026-05-28 14:17:10,257][root][INFO] - Epoch: 176, loss: 4.7330
[2026-05-28 14:17:10,327][root][INFO] - Epoch: 177, loss: 4.7289
[2026-05-28 14:17:10,399][root][INFO] - Epoch: 178, loss: 4.7258
[2026-05-28 14:17:10,470][root][INFO] - Epoch: 179, loss: 4.7232
[2026-05-28 14:17:10,541][root][INFO] - Epoch: 180, loss: 4.7193
[2026-05-28 14:17:10,611][root][INFO] - Epoch: 181, loss: 4.7192
[2026-05-28 14:17:10,682][root][INFO] - Epoch: 182, loss: 4.7138
[2026-05-28 14:17:10,753][root][INFO] - Epoch: 183, loss: 4.7101
[2026-05-28 14:17:10,824][root][INFO] - Epoch: 184, loss: 4.7074
[2026-05-28 14:17:10,895][root][INFO] - Epoch: 185, loss: 4.7065
[2026-05-28 14:17:10,966][root][INFO] - Epoch: 186, loss: 4.7017
[2026-05-28 14:17:11,037][root][INFO] - Epoch: 187, loss: 4.6969
[2026-05-28 14:17:11,107][root][INFO] - Epoch: 188, loss: 4.6952
[2026-05-28 14:17:11,177][root][INFO] - Epoch: 189, loss: 4.6956
[2026-05-28 14:17:11,248][root][INFO] - Epoch: 190, loss: 4.6874
[2026-05-28 14:17:11,318][root][INFO] - Epoch: 191, loss: 4.6854
[2026-05-28 14:17:11,388][root][INFO] - Epoch: 192, loss: 4.6800
[2026-05-28 14:17:11,459][root][INFO] - Epoch: 193, loss: 4.6775
[2026-05-28 14:17:11,530][root][INFO] - Epoch: 194, loss: 4.6728
[2026-05-28 14:17:11,600][root][INFO] - Epoch: 195, loss: 4.6681
[2026-05-28 14:17:11,671][root][INFO] - Epoch: 196, loss: 4.6634
[2026-05-28 14:17:11,742][root][INFO] - Epoch: 197, loss: 4.6616
[2026-05-28 14:17:11,813][root][INFO] - Epoch: 198, loss: 4.6557
[2026-05-28 14:17:11,885][root][INFO] - Epoch: 199, loss: 4.6498
[2026-05-28 14:17:11,955][root][INFO] - Epoch: 200, loss: 4.6470
[2026-05-28 14:17:11,989][root][INFO] - {'model_loss': '4.6470', 'recon_loss': '0.0000', 'triplet_loss': '4.6470'}
[2026-05-28 14:17:11,993][root][INFO] - Generation 110/400 - Time: 0.00 seconds
[2026-05-28 14:17:11,993][root][INFO] - {'coverage': '100.00', 'max_fitness': '0.00', 'passive_coverage': '60.64', 'passive_max_fitness': '0.00', 'passive_mean_fitness': '-63.26', 'passive_qd_score': '48539.25', 'qd_score': '86460.88', 'mean_fitness_top_k': '-31.88'}
[2026-05-28 14:17:12,984][root][INFO] - Generation 111/400 - Time: 0.00 seconds
[2026-05-28 14:17:12,984][root][INFO] - {'coverage': '100.00', 'max_fitness': '0.00', 'passive_coverage': '60.84', 'passive_max_fitness': '0.00', 'passive_mean_fitness': '-63.24', 'passive_qd_score': '48707.07', 'qd_score': '92441.25', 'mean_fitness_top_k': '-21.24'}
[2026-05-28 14:17:14,007][root][INFO] - Generation 112/400 - Time: 0.00 seconds
[2026-05-28 14:17:14,008][root][INFO] - {'coverage': '100.00', 'max_fitness': '0.00', 'passive_coverage': '61.43', 'passive_max_fitness': '0.00', 'passive_mean_fitness': '-63.37', 'passive_qd_score': '49092.45', 'qd_score': '94239.79', 'mean_fitness_top_k': '-20.65'}
[2026-05-28 14:17:14,999][root][INFO] - Generation 113/400 - Time: 0.00 seconds
[2026-05-28 14:17:15,000][root][INFO] - {'coverage': '100.00', 'max_fitness': '0.00', 'passive_coverage': '61.72', 'passive_max_fitness': '0.00', 'passive_mean_fitness': '-63.40', 'passive_qd_score': '49306.37', 'qd_score': '94551.83', 'mean_fitness_top_k': '-21.19'}
[2026-05-28 14:17:15,981][root][INFO] - Generation 114/400 - Time: 0.00 seconds
[2026-05-28 14:17:15,981][root][INFO] - {'coverage': '100.00', 'max_fitness': '0.00', 'passive_coverage': '61.91', 'passive_max_fitness': '0.00', 'passive_mean_fitness': '-63.32', 'passive_qd_score': '49516.04', 'qd_score': '94756.08', 'mean_fitness_top_k': '-21.77'}
[2026-05-28 14:17:16,965][root][INFO] - Generation 115/400 - Time: 0.00 seconds
[2026-05-28 14:17:16,965][root][INFO] - {'coverage': '100.00', 'max_fitness': '0.00', 'passive_coverage': '61.91', 'passive_max_fitness': '0.00', 'passive_mean_fitness': '-63.32', 'passive_qd_score': '49518.43', 'qd_score': '94980.45', 'mean_fitness_top_k': '-22.11'}
[2026-05-28 14:17:16,967][root][INFO] - Saving snapshot to runs/20260528_141105_kheperax_seed42/plots/latent_generation_575_5_gens_after_ext_gen550.png
[2026-05-28 14:17:19,390][root][INFO] - Generation 116/400 - Time: 0.00 seconds
[2026-05-28 14:17:19,391][root][INFO] - {'coverage': '100.00', 'max_fitness': '0.00', 'passive_coverage': '62.01', 'passive_max_fitness': '0.00', 'passive_mean_fitness': '-63.30', 'passive_qd_score': '49606.49', 'qd_score': '95632.12', 'mean_fitness_top_k': '-22.61'}
[2026-05-28 14:17:20,365][root][INFO] - Generation 117/400 - Time: 0.00 seconds
[2026-05-28 14:17:20,366][root][INFO] - {'coverage': '100.00', 'max_fitness': '0.00', 'passive_coverage': '62.11', 'passive_max_fitness': '0.00', 'passive_mean_fitness': '-63.27', 'passive_qd_score': '49702.59', 'qd_score': '96196.66', 'mean_fitness_top_k': '-23.40'}
[2026-05-28 14:17:21,343][root][INFO] - Generation 118/400 - Time: 0.00 seconds
[2026-05-28 14:17:21,344][root][INFO] - {'coverage': '100.00', 'max_fitness': '0.00', 'passive_coverage': '62.11', 'passive_max_fitness': '0.00', 'passive_mean_fitness': '-63.27', 'passive_qd_score': '49703.34', 'qd_score': '97027.88', 'mean_fitness_top_k': '-24.15'}
[2026-05-28 14:17:22,320][root][INFO] - Generation 119/400 - Time: 0.00 seconds
[2026-05-28 14:17:22,320][root][INFO] - {'coverage': '100.00', 'max_fitness': '0.00', 'passive_coverage': '62.11', 'passive_max_fitness': '0.00', 'passive_mean_fitness': '-63.27', 'passive_qd_score': '49703.57', 'qd_score': '96762.19', 'mean_fitness_top_k': '-25.14'}
[2026-05-28 14:17:23,328][root][INFO] - Generation 120/400 - Time: 0.00 seconds
[2026-05-28 14:17:23,329][root][INFO] - {'coverage': '100.00', 'max_fitness': '0.00', 'passive_coverage': '62.11', 'passive_max_fitness': '0.00', 'passive_mean_fitness': '-63.27', 'passive_qd_score': '49705.29', 'qd_score': '97264.09', 'mean_fitness_top_k': '-25.18'}
[2026-05-28 14:17:24,334][root][INFO] - Generation 121/400 - Time: 0.00 seconds
[2026-05-28 14:17:24,334][root][INFO] - {'coverage': '100.00', 'max_fitness': '0.00', 'passive_coverage': '62.11', 'passive_max_fitness': '0.00', 'passive_mean_fitness': '-63.27', 'passive_qd_score': '49705.30', 'qd_score': '97239.03', 'mean_fitness_top_k': '-25.63'}
[2026-05-28 14:17:25,307][root][INFO] - Generation 122/400 - Time: 0.00 seconds
[2026-05-28 14:17:25,307][root][INFO] - {'coverage': '100.00', 'max_fitness': '0.00', 'passive_coverage': '62.11', 'passive_max_fitness': '0.00', 'passive_mean_fitness': '-63.27', 'passive_qd_score': '49707.29', 'qd_score': '97451.70', 'mean_fitness_top_k': '-26.02'}
[2026-05-28 14:17:26,282][root][INFO] - Generation 123/400 - Time: 0.00 seconds
[2026-05-28 14:17:26,283][root][INFO] - {'coverage': '100.00', 'max_fitness': '0.00', 'passive_coverage': '62.21', 'passive_max_fitness': '0.00', 'passive_mean_fitness': '-63.27', 'passive_qd_score': '49785.02', 'qd_score': '97540.26', 'mean_fitness_top_k': '-26.72'}
[2026-05-28 14:17:27,261][root][INFO] - Generation 124/400 - Time: 0.00 seconds
[2026-05-28 14:17:27,262][root][INFO] - {'coverage': '100.00', 'max_fitness': '0.00', 'passive_coverage': '62.21', 'passive_max_fitness': '0.00', 'passive_mean_fitness': '-63.27', 'passive_qd_score': '49785.43', 'qd_score': '98130.17', 'mean_fitness_top_k': '-26.82'}
[2026-05-28 14:17:28,241][root][INFO] - Generation 125/400 - Time: 0.00 seconds
[2026-05-28 14:17:28,243][root][INFO] - {'coverage': '100.00', 'max_fitness': '0.00', 'passive_coverage': '62.30', 'passive_max_fitness': '0.00', 'passive_mean_fitness': '-63.31', 'passive_qd_score': '49834.05', 'qd_score': '98307.66', 'mean_fitness_top_k': '-27.16'}
[2026-05-28 14:17:29,216][root][INFO] - Generation 126/400 - Time: 0.00 seconds
[2026-05-28 14:17:29,217][root][INFO] - {'coverage': '100.00', 'max_fitness': '0.00', 'passive_coverage': '62.30', 'passive_max_fitness': '0.00', 'passive_mean_fitness': '-63.31', 'passive_qd_score': '49834.20', 'qd_score': '98402.13', 'mean_fitness_top_k': '-27.51'}
[2026-05-28 14:17:30,223][root][INFO] - Generation 127/400 - Time: 0.00 seconds
[2026-05-28 14:17:30,224][root][INFO] - {'coverage': '100.00', 'max_fitness': '0.00', 'passive_coverage': '62.40', 'passive_max_fitness': '0.00', 'passive_mean_fitness': '-63.33', 'passive_qd_score': '49898.89', 'qd_score': '98652.34', 'mean_fitness_top_k': '-27.06'}
[2026-05-28 14:17:31,197][root][INFO] - Generation 128/400 - Time: 0.00 seconds
[2026-05-28 14:17:31,198][root][INFO] - {'coverage': '100.00', 'max_fitness': '0.00', 'passive_coverage': '62.40', 'passive_max_fitness': '0.00', 'passive_mean_fitness': '-63.33', 'passive_qd_score': '49898.91', 'qd_score': '98640.11', 'mean_fitness_top_k': '-27.88'}
[2026-05-28 14:17:32,199][root][INFO] - Generation 129/400 - Time: 0.00 seconds
[2026-05-28 14:17:32,200][root][INFO] - {'coverage': '100.00', 'max_fitness': '0.00', 'passive_coverage': '62.40', 'passive_max_fitness': '0.00', 'passive_mean_fitness': '-63.33', 'passive_qd_score': '49898.91', 'qd_score': '98989.61', 'mean_fitness_top_k': '-28.32'}
[2026-05-28 14:17:33,200][root][INFO] - Generation 130/400 - Time: 0.00 seconds
[2026-05-28 14:17:33,200][root][INFO] - {'coverage': '100.00', 'max_fitness': '0.00', 'passive_coverage': '62.40', 'passive_max_fitness': '0.00', 'passive_mean_fitness': '-63.33', 'passive_qd_score': '49898.91', 'qd_score': '98929.02', 'mean_fitness_top_k': '-28.14'}
[2026-05-28 14:17:34,202][root][INFO] - Generation 131/400 - Time: 0.00 seconds
[2026-05-28 14:17:34,203][root][INFO] - {'coverage': '100.00', 'max_fitness': '0.00', 'passive_coverage': '62.40', 'passive_max_fitness': '0.00', 'passive_mean_fitness': '-63.33', 'passive_qd_score': '49898.96', 'qd_score': '99137.94', 'mean_fitness_top_k': '-28.14'}
[2026-05-28 14:17:35,167][root][INFO] - Updating AE...
[2026-05-28 14:17:35,900][root][INFO] - Epoch: 1, loss: 561.3922
[2026-05-28 14:17:35,972][root][INFO] - Epoch: 2, loss: 268.1747
[2026-05-28 14:17:36,044][root][INFO] - Epoch: 3, loss: 266.1218
[2026-05-28 14:17:36,116][root][INFO] - Epoch: 4, loss: 264.9328
[2026-05-28 14:17:36,187][root][INFO] - Epoch: 5, loss: 262.8058
[2026-05-28 14:17:36,259][root][INFO] - Epoch: 6, loss: 260.0027
[2026-05-28 14:17:36,329][root][INFO] - Epoch: 7, loss: 258.3245
[2026-05-28 14:17:36,400][root][INFO] - Epoch: 8, loss: 256.5605
[2026-05-28 14:17:36,471][root][INFO] - Epoch: 9, loss: 255.4049
[2026-05-28 14:17:36,542][root][INFO] - Epoch: 10, loss: 253.2720
[2026-05-28 14:17:36,612][root][INFO] - Epoch: 11, loss: 252.3089
[2026-05-28 14:17:36,683][root][INFO] - Epoch: 12, loss: 251.1210
[2026-05-28 14:17:36,753][root][INFO] - Epoch: 13, loss: 249.3793
[2026-05-28 14:17:36,824][root][INFO] - Epoch: 14, loss: 248.1771
[2026-05-28 14:17:36,895][root][INFO] - Epoch: 15, loss: 246.4179
[2026-05-28 14:17:36,966][root][INFO] - Epoch: 16, loss: 245.0940
[2026-05-28 14:17:37,037][root][INFO] - Epoch: 17, loss: 244.1576
[2026-05-28 14:17:37,107][root][INFO] - Epoch: 18, loss: 242.4019
[2026-05-28 14:17:37,178][root][INFO] - Epoch: 19, loss: 261.4973
[2026-05-28 14:17:37,251][root][INFO] - Epoch: 20, loss: 246.9382
[2026-05-28 14:17:37,322][root][INFO] - Epoch: 21, loss: 252.4940
[2026-05-28 14:17:37,393][root][INFO] - Epoch: 22, loss: 250.6497
[2026-05-28 14:17:37,464][root][INFO] - Epoch: 23, loss: 248.6013
[2026-05-28 14:17:37,535][root][INFO] - Epoch: 24, loss: 246.0339
[2026-05-28 14:17:37,605][root][INFO] - Epoch: 25, loss: 243.4218
[2026-05-28 14:17:37,676][root][INFO] - Epoch: 26, loss: 241.8774
[2026-05-28 14:17:37,747][root][INFO] - Epoch: 27, loss: 240.5376
[2026-05-28 14:17:37,819][root][INFO] - Epoch: 28, loss: 239.7439
[2026-05-28 14:17:37,889][root][INFO] - Epoch: 29, loss: 238.4402
[2026-05-28 14:17:37,960][root][INFO] - Epoch: 30, loss: 237.0036
[2026-05-28 14:17:38,032][root][INFO] - Epoch: 31, loss: 235.8461
[2026-05-28 14:17:38,102][root][INFO] - Epoch: 32, loss: 234.3089
[2026-05-28 14:17:38,173][root][INFO] - Epoch: 33, loss: 233.8215
[2026-05-28 14:17:38,244][root][INFO] - Epoch: 34, loss: 232.4180
[2026-05-28 14:17:38,315][root][INFO] - Epoch: 35, loss: 230.7406
[2026-05-28 14:17:38,385][root][INFO] - Epoch: 36, loss: 229.0821
[2026-05-28 14:17:38,456][root][INFO] - Epoch: 37, loss: 229.0746
[2026-05-28 14:17:38,528][root][INFO] - Epoch: 38, loss: 225.9705
[2026-05-28 14:17:38,600][root][INFO] - Epoch: 39, loss: 224.8202
[2026-05-28 14:17:38,672][root][INFO] - Epoch: 40, loss: 224.9552
[2026-05-28 14:17:38,742][root][INFO] - Epoch: 41, loss: 222.1142
[2026-05-28 14:17:38,813][root][INFO] - Epoch: 42, loss: 222.3948
[2026-05-28 14:17:38,884][root][INFO] - Epoch: 43, loss: 220.7697
[2026-05-28 14:17:38,954][root][INFO] - Epoch: 44, loss: 220.4506
[2026-05-28 14:17:39,025][root][INFO] - Epoch: 45, loss: 218.9233
[2026-05-28 14:17:39,097][root][INFO] - Epoch: 46, loss: 218.7435
[2026-05-28 14:17:39,168][root][INFO] - Epoch: 47, loss: 217.0426
[2026-05-28 14:17:39,238][root][INFO] - Epoch: 48, loss: 216.4198
[2026-05-28 14:17:39,309][root][INFO] - Epoch: 49, loss: 215.8318
[2026-05-28 14:17:39,379][root][INFO] - Epoch: 50, loss: 218.0718
[2026-05-28 14:17:39,450][root][INFO] - Epoch: 51, loss: 214.6579
[2026-05-28 14:17:39,521][root][INFO] - Epoch: 52, loss: 215.8038
[2026-05-28 14:17:39,592][root][INFO] - Epoch: 53, loss: 214.0580
[2026-05-28 14:17:39,663][root][INFO] - Epoch: 54, loss: 213.9650
[2026-05-28 14:17:39,734][root][INFO] - Epoch: 55, loss: 215.0094
[2026-05-28 14:17:39,805][root][INFO] - Epoch: 56, loss: 211.2985
[2026-05-28 14:17:39,876][root][INFO] - Epoch: 57, loss: 211.4605
[2026-05-28 14:17:39,947][root][INFO] - Epoch: 58, loss: 209.9346
[2026-05-28 14:17:40,018][root][INFO] - Epoch: 59, loss: 361.7826
[2026-05-28 14:17:40,090][root][INFO] - Epoch: 60, loss: 256.6730
[2026-05-28 14:17:40,161][root][INFO] - Epoch: 61, loss: 251.5787
[2026-05-28 14:17:40,233][root][INFO] - Epoch: 62, loss: 252.0313
[2026-05-28 14:17:40,304][root][INFO] - Epoch: 63, loss: 251.8273
[2026-05-28 14:17:40,376][root][INFO] - Epoch: 64, loss: 250.6826
[2026-05-28 14:17:40,446][root][INFO] - Epoch: 65, loss: 249.1606
[2026-05-28 14:17:40,517][root][INFO] - Epoch: 66, loss: 247.7355
[2026-05-28 14:17:40,588][root][INFO] - Epoch: 67, loss: 247.2086
[2026-05-28 14:17:40,660][root][INFO] - Epoch: 68, loss: 245.4917
[2026-05-28 14:17:40,732][root][INFO] - Epoch: 69, loss: 245.1312
[2026-05-28 14:17:40,732][root][INFO] - Early stopping at epoch: 68
[2026-05-28 14:17:40,764][root][INFO] - {'model_loss': '245.1312', 'recon_loss': '0.0000', 'triplet_loss': '245.1312'}
[2026-05-28 14:17:40,768][root][INFO] - Extinction event (pre-encoder)...
[2026-05-28 14:17:40,769][root][INFO] - Saving snapshot to runs/20260528_141105_kheperax_seed42/plots/latent_generation_660_before_ext.png
[2026-05-28 14:17:42,120][root][INFO] - Saving snapshot to runs/20260528_141105_kheperax_seed42/plots/latent_generation_660_after_ext.png
[2026-05-28 14:17:43,424][root][INFO] - Updating AE...
[2026-05-28 14:17:44,395][root][INFO] - Epoch: 1, loss: 503.5460
[2026-05-28 14:17:44,467][root][INFO] - Epoch: 2, loss: 24.6057
[2026-05-28 14:17:44,538][root][INFO] - Epoch: 3, loss: 17.4798
[2026-05-28 14:17:44,611][root][INFO] - Epoch: 4, loss: 12.7062
[2026-05-28 14:17:44,682][root][INFO] - Epoch: 5, loss: 10.3197
[2026-05-28 14:17:44,753][root][INFO] - Epoch: 6, loss: 8.5525
[2026-05-28 14:17:44,824][root][INFO] - Epoch: 7, loss: 7.3409
[2026-05-28 14:17:44,895][root][INFO] - Epoch: 8, loss: 6.4852
[2026-05-28 14:17:44,967][root][INFO] - Epoch: 9, loss: 5.9340
[2026-05-28 14:17:45,038][root][INFO] - Epoch: 10, loss: 5.5891
[2026-05-28 14:17:45,109][root][INFO] - Epoch: 11, loss: 5.1833
[2026-05-28 14:17:45,181][root][INFO] - Epoch: 12, loss: 4.8742
[2026-05-28 14:17:45,252][root][INFO] - Epoch: 13, loss: 4.5405
[2026-05-28 14:17:45,324][root][INFO] - Epoch: 14, loss: 4.2792
[2026-05-28 14:17:45,394][root][INFO] - Epoch: 15, loss: 4.0694
[2026-05-28 14:17:45,465][root][INFO] - Epoch: 16, loss: 3.8459
[2026-05-28 14:17:45,536][root][INFO] - Epoch: 17, loss: 3.6677
[2026-05-28 14:17:45,608][root][INFO] - Epoch: 18, loss: 3.5058
[2026-05-28 14:17:45,682][root][INFO] - Epoch: 19, loss: 3.3583
[2026-05-28 14:17:45,752][root][INFO] - Epoch: 20, loss: 3.2486
[2026-05-28 14:17:45,823][root][INFO] - Epoch: 21, loss: 3.1410
[2026-05-28 14:17:45,895][root][INFO] - Epoch: 22, loss: 3.0628
[2026-05-28 14:17:45,966][root][INFO] - Epoch: 23, loss: 2.9773
[2026-05-28 14:17:46,037][root][INFO] - Epoch: 24, loss: 2.9082
[2026-05-28 14:17:46,107][root][INFO] - Epoch: 25, loss: 2.8370
[2026-05-28 14:17:46,178][root][INFO] - Epoch: 26, loss: 2.7766
[2026-05-28 14:17:46,248][root][INFO] - Epoch: 27, loss: 2.7061
[2026-05-28 14:17:46,318][root][INFO] - Epoch: 28, loss: 2.6589
[2026-05-28 14:17:46,389][root][INFO] - Epoch: 29, loss: 2.5913
[2026-05-28 14:17:46,459][root][INFO] - Epoch: 30, loss: 2.5390
[2026-05-28 14:17:46,529][root][INFO] - Epoch: 31, loss: 2.4835
[2026-05-28 14:17:46,601][root][INFO] - Epoch: 32, loss: 2.4330
[2026-05-28 14:17:46,672][root][INFO] - Epoch: 33, loss: 2.3879
[2026-05-28 14:17:46,742][root][INFO] - Epoch: 34, loss: 2.3330
[2026-05-28 14:17:46,813][root][INFO] - Epoch: 35, loss: 2.2864
[2026-05-28 14:17:46,886][root][INFO] - Epoch: 36, loss: 2.2354
[2026-05-28 14:17:46,958][root][INFO] - Epoch: 37, loss: 2.1884
[2026-05-28 14:17:47,030][root][INFO] - Epoch: 38, loss: 2.1437
[2026-05-28 14:17:47,102][root][INFO] - Epoch: 39, loss: 2.0926
[2026-05-28 14:17:47,172][root][INFO] - Epoch: 40, loss: 2.0375
[2026-05-28 14:17:47,242][root][INFO] - Epoch: 41, loss: 1.9788
[2026-05-28 14:17:47,312][root][INFO] - Epoch: 42, loss: 1.8895
[2026-05-28 14:17:47,382][root][INFO] - Epoch: 43, loss: 1.8522
[2026-05-28 14:17:47,453][root][INFO] - Epoch: 44, loss: 1.8249
[2026-05-28 14:17:47,523][root][INFO] - Epoch: 45, loss: 1.7845
[2026-05-28 14:17:47,593][root][INFO] - Epoch: 46, loss: 1.7604
[2026-05-28 14:17:47,663][root][INFO] - Epoch: 47, loss: 1.7348
[2026-05-28 14:17:47,732][root][INFO] - Epoch: 48, loss: 1.7161
[2026-05-28 14:17:47,803][root][INFO] - Epoch: 49, loss: 1.6930
[2026-05-28 14:17:47,872][root][INFO] - Epoch: 50, loss: 1.6707
[2026-05-28 14:17:47,943][root][INFO] - Epoch: 51, loss: 1.6517
[2026-05-28 14:17:48,014][root][INFO] - Epoch: 52, loss: 1.6362
[2026-05-28 14:17:48,084][root][INFO] - Epoch: 53, loss: 1.6160
[2026-05-28 14:17:48,154][root][INFO] - Epoch: 54, loss: 1.6023
[2026-05-28 14:17:48,224][root][INFO] - Epoch: 55, loss: 1.5818
[2026-05-28 14:17:48,297][root][INFO] - Epoch: 56, loss: 1.5618
[2026-05-28 14:17:48,367][root][INFO] - Epoch: 57, loss: 1.5407
[2026-05-28 14:17:48,438][root][INFO] - Epoch: 58, loss: 1.5253
[2026-05-28 14:17:48,508][root][INFO] - Epoch: 59, loss: 1.5147
[2026-05-28 14:17:48,580][root][INFO] - Epoch: 60, loss: 1.4942
[2026-05-28 14:17:48,652][root][INFO] - Epoch: 61, loss: 1.4765
[2026-05-28 14:17:48,723][root][INFO] - Epoch: 62, loss: 1.4617
[2026-05-28 14:17:48,795][root][INFO] - Epoch: 63, loss: 1.4468
[2026-05-28 14:17:48,865][root][INFO] - Epoch: 64, loss: 1.4321
[2026-05-28 14:17:48,935][root][INFO] - Epoch: 65, loss: 1.4194
[2026-05-28 14:17:49,006][root][INFO] - Epoch: 66, loss: 1.4034
[2026-05-28 14:17:49,077][root][INFO] - Epoch: 67, loss: 1.3901
[2026-05-28 14:17:49,148][root][INFO] - Epoch: 68, loss: 1.3733
[2026-05-28 14:17:49,218][root][INFO] - Epoch: 69, loss: 1.3627
[2026-05-28 14:17:49,289][root][INFO] - Epoch: 70, loss: 1.3469
[2026-05-28 14:17:49,359][root][INFO] - Epoch: 71, loss: 1.3434
[2026-05-28 14:17:49,430][root][INFO] - Epoch: 72, loss: 1.3252
[2026-05-28 14:17:49,500][root][INFO] - Epoch: 73, loss: 1.3107
[2026-05-28 14:17:49,571][root][INFO] - Epoch: 74, loss: 1.2988
[2026-05-28 14:17:49,641][root][INFO] - Epoch: 75, loss: 1.2872
[2026-05-28 14:17:49,712][root][INFO] - Epoch: 76, loss: 1.2750
[2026-05-28 14:17:49,782][root][INFO] - Epoch: 77, loss: 1.2647
[2026-05-28 14:17:49,852][root][INFO] - Epoch: 78, loss: 1.2524
[2026-05-28 14:17:49,923][root][INFO] - Epoch: 79, loss: 1.2431
[2026-05-28 14:17:49,993][root][INFO] - Epoch: 80, loss: 1.2311
[2026-05-28 14:17:50,063][root][INFO] - Epoch: 81, loss: 1.2189
[2026-05-28 14:17:50,133][root][INFO] - Epoch: 82, loss: 1.2098
[2026-05-28 14:17:50,203][root][INFO] - Epoch: 83, loss: 1.1991
[2026-05-28 14:17:50,273][root][INFO] - Epoch: 84, loss: 1.1914
[2026-05-28 14:17:50,343][root][INFO] - Epoch: 85, loss: 1.1825
[2026-05-28 14:17:50,414][root][INFO] - Epoch: 86, loss: 1.1703
[2026-05-28 14:17:50,484][root][INFO] - Epoch: 87, loss: 1.1617
[2026-05-28 14:17:50,554][root][INFO] - Epoch: 88, loss: 1.1516
[2026-05-28 14:17:50,625][root][INFO] - Epoch: 89, loss: 1.1448
[2026-05-28 14:17:50,695][root][INFO] - Epoch: 90, loss: 1.1363
[2026-05-28 14:17:50,766][root][INFO] - Epoch: 91, loss: 1.1295
[2026-05-28 14:17:50,836][root][INFO] - Epoch: 92, loss: 1.1220
[2026-05-28 14:17:50,906][root][INFO] - Epoch: 93, loss: 1.1138
[2026-05-28 14:17:50,976][root][INFO] - Epoch: 94, loss: 1.1055
[2026-05-28 14:17:51,046][root][INFO] - Epoch: 95, loss: 1.0983
[2026-05-28 14:17:51,116][root][INFO] - Epoch: 96, loss: 1.0939
[2026-05-28 14:17:51,186][root][INFO] - Epoch: 97, loss: 1.0851
[2026-05-28 14:17:51,256][root][INFO] - Epoch: 98, loss: 1.0840
[2026-05-28 14:17:51,327][root][INFO] - Epoch: 99, loss: 1.0721
[2026-05-28 14:17:51,397][root][INFO] - Epoch: 100, loss: 1.0663
[2026-05-28 14:17:51,467][root][INFO] - Epoch: 101, loss: 1.0613
[2026-05-28 14:17:51,536][root][INFO] - Epoch: 102, loss: 1.0587
[2026-05-28 14:17:51,607][root][INFO] - Epoch: 103, loss: 1.0494
[2026-05-28 14:17:51,677][root][INFO] - Epoch: 104, loss: 1.0435
[2026-05-28 14:17:51,748][root][INFO] - Epoch: 105, loss: 1.0394
[2026-05-28 14:17:51,818][root][INFO] - Epoch: 106, loss: 1.0356
[2026-05-28 14:17:51,887][root][INFO] - Epoch: 107, loss: 1.0312
[2026-05-28 14:17:51,958][root][INFO] - Epoch: 108, loss: 1.0237
[2026-05-28 14:17:52,028][root][INFO] - Epoch: 109, loss: 1.0209
[2026-05-28 14:17:52,099][root][INFO] - Epoch: 110, loss: 1.0159
[2026-05-28 14:17:52,168][root][INFO] - Epoch: 111, loss: 1.0103
[2026-05-28 14:17:52,238][root][INFO] - Epoch: 112, loss: 1.0070
[2026-05-28 14:17:52,309][root][INFO] - Epoch: 113, loss: 1.0023
[2026-05-28 14:17:52,379][root][INFO] - Epoch: 114, loss: 0.9981
[2026-05-28 14:17:52,450][root][INFO] - Epoch: 115, loss: 0.9927
[2026-05-28 14:17:52,521][root][INFO] - Epoch: 116, loss: 0.9908
[2026-05-28 14:17:52,591][root][INFO] - Epoch: 117, loss: 0.9859
[2026-05-28 14:17:52,663][root][INFO] - Epoch: 118, loss: 0.9871
[2026-05-28 14:17:52,733][root][INFO] - Epoch: 119, loss: 0.9769
[2026-05-28 14:17:52,805][root][INFO] - Epoch: 120, loss: 0.9762
[2026-05-28 14:17:52,877][root][INFO] - Epoch: 121, loss: 0.9704
[2026-05-28 14:17:52,947][root][INFO] - Epoch: 122, loss: 0.9673
[2026-05-28 14:17:53,017][root][INFO] - Epoch: 123, loss: 0.9641
[2026-05-28 14:17:53,088][root][INFO] - Epoch: 124, loss: 0.9608
[2026-05-28 14:17:53,159][root][INFO] - Epoch: 125, loss: 0.9575
[2026-05-28 14:17:53,231][root][INFO] - Epoch: 126, loss: 0.9532
[2026-05-28 14:17:53,302][root][INFO] - Epoch: 127, loss: 0.9503
[2026-05-28 14:17:53,373][root][INFO] - Epoch: 128, loss: 0.9467
[2026-05-28 14:17:53,444][root][INFO] - Epoch: 129, loss: 0.9469
[2026-05-28 14:17:53,515][root][INFO] - Epoch: 130, loss: 0.9409
[2026-05-28 14:17:53,587][root][INFO] - Epoch: 131, loss: 0.9395
[2026-05-28 14:17:53,658][root][INFO] - Epoch: 132, loss: 0.9366
[2026-05-28 14:17:53,730][root][INFO] - Epoch: 133, loss: 0.9327
[2026-05-28 14:17:53,801][root][INFO] - Epoch: 134, loss: 0.9298
[2026-05-28 14:17:53,872][root][INFO] - Epoch: 135, loss: 0.9278
[2026-05-28 14:17:53,943][root][INFO] - Epoch: 136, loss: 0.9239
[2026-05-28 14:17:54,014][root][INFO] - Epoch: 137, loss: 0.9211
[2026-05-28 14:17:54,085][root][INFO] - Epoch: 138, loss: 0.9190
[2026-05-28 14:17:54,157][root][INFO] - Epoch: 139, loss: 0.9157
[2026-05-28 14:17:54,227][root][INFO] - Epoch: 140, loss: 0.9151
[2026-05-28 14:17:54,297][root][INFO] - Epoch: 141, loss: 0.9118
[2026-05-28 14:17:54,369][root][INFO] - Epoch: 142, loss: 0.9096
[2026-05-28 14:17:54,440][root][INFO] - Epoch: 143, loss: 0.9066
[2026-05-28 14:17:54,510][root][INFO] - Epoch: 144, loss: 0.9057
[2026-05-28 14:17:54,581][root][INFO] - Epoch: 145, loss: 0.9024
[2026-05-28 14:17:54,652][root][INFO] - Epoch: 146, loss: 0.8989
[2026-05-28 14:17:54,722][root][INFO] - Epoch: 147, loss: 0.8981
[2026-05-28 14:17:54,793][root][INFO] - Epoch: 148, loss: 0.8951
[2026-05-28 14:17:54,864][root][INFO] - Epoch: 149, loss: 0.8923
[2026-05-28 14:17:54,934][root][INFO] - Epoch: 150, loss: 0.8894
[2026-05-28 14:17:55,005][root][INFO] - Epoch: 151, loss: 0.8878
[2026-05-28 14:17:55,076][root][INFO] - Epoch: 152, loss: 0.8860
[2026-05-28 14:17:55,146][root][INFO] - Epoch: 153, loss: 0.8842
[2026-05-28 14:17:55,217][root][INFO] - Epoch: 154, loss: 0.8854
[2026-05-28 14:17:55,288][root][INFO] - Epoch: 155, loss: 0.8804
[2026-05-28 14:17:55,359][root][INFO] - Epoch: 156, loss: 0.8795
[2026-05-28 14:17:55,429][root][INFO] - Epoch: 157, loss: 0.8756
[2026-05-28 14:17:55,501][root][INFO] - Epoch: 158, loss: 0.8738
[2026-05-28 14:17:55,571][root][INFO] - Epoch: 159, loss: 0.8707
[2026-05-28 14:17:55,641][root][INFO] - Epoch: 160, loss: 0.8686
[2026-05-28 14:17:55,713][root][INFO] - Epoch: 161, loss: 0.8668
[2026-05-28 14:17:55,783][root][INFO] - Epoch: 162, loss: 0.8663
[2026-05-28 14:17:55,854][root][INFO] - Epoch: 163, loss: 0.8625
[2026-05-28 14:17:55,924][root][INFO] - Epoch: 164, loss: 0.8613
[2026-05-28 14:17:55,994][root][INFO] - Epoch: 165, loss: 0.8615
[2026-05-28 14:17:56,065][root][INFO] - Epoch: 166, loss: 0.8614
[2026-05-28 14:17:56,135][root][INFO] - Epoch: 167, loss: 0.8556
[2026-05-28 14:17:56,206][root][INFO] - Epoch: 168, loss: 0.8554
[2026-05-28 14:17:56,276][root][INFO] - Epoch: 169, loss: 0.8518
[2026-05-28 14:17:56,347][root][INFO] - Epoch: 170, loss: 0.8500
[2026-05-28 14:17:56,417][root][INFO] - Epoch: 171, loss: 0.8512
[2026-05-28 14:17:56,488][root][INFO] - Epoch: 172, loss: 0.8476
[2026-05-28 14:17:56,559][root][INFO] - Epoch: 173, loss: 0.8502
[2026-05-28 14:17:56,630][root][INFO] - Epoch: 174, loss: 0.8436
[2026-05-28 14:17:56,701][root][INFO] - Epoch: 175, loss: 0.8441
[2026-05-28 14:17:56,772][root][INFO] - Epoch: 176, loss: 0.8411
[2026-05-28 14:17:56,842][root][INFO] - Epoch: 177, loss: 0.8390
[2026-05-28 14:17:56,912][root][INFO] - Epoch: 178, loss: 0.8362
[2026-05-28 14:17:56,984][root][INFO] - Epoch: 179, loss: 0.8352
[2026-05-28 14:17:57,056][root][INFO] - Epoch: 180, loss: 0.8343
[2026-05-28 14:17:57,126][root][INFO] - Epoch: 181, loss: 0.8324
[2026-05-28 14:17:57,196][root][INFO] - Epoch: 182, loss: 0.8309
[2026-05-28 14:17:57,267][root][INFO] - Epoch: 183, loss: 0.8287
[2026-05-28 14:17:57,337][root][INFO] - Epoch: 184, loss: 0.8302
[2026-05-28 14:17:57,408][root][INFO] - Epoch: 185, loss: 0.8285
[2026-05-28 14:17:57,479][root][INFO] - Epoch: 186, loss: 0.8245
[2026-05-28 14:17:57,549][root][INFO] - Epoch: 187, loss: 0.8238
[2026-05-28 14:17:57,619][root][INFO] - Epoch: 188, loss: 0.8217
[2026-05-28 14:17:57,689][root][INFO] - Epoch: 189, loss: 0.8203
[2026-05-28 14:17:57,760][root][INFO] - Epoch: 190, loss: 0.8186
[2026-05-28 14:17:57,830][root][INFO] - Epoch: 191, loss: 0.8177
[2026-05-28 14:17:57,900][root][INFO] - Epoch: 192, loss: 0.8176
[2026-05-28 14:17:57,970][root][INFO] - Epoch: 193, loss: 0.8175
[2026-05-28 14:17:58,040][root][INFO] - Epoch: 194, loss: 0.8130
[2026-05-28 14:17:58,111][root][INFO] - Epoch: 195, loss: 0.8140
[2026-05-28 14:17:58,181][root][INFO] - Epoch: 196, loss: 0.8132
[2026-05-28 14:17:58,251][root][INFO] - Epoch: 197, loss: 0.8099
[2026-05-28 14:17:58,321][root][INFO] - Epoch: 198, loss: 0.8095
[2026-05-28 14:17:58,391][root][INFO] - Epoch: 199, loss: 0.8076
[2026-05-28 14:17:58,461][root][INFO] - Epoch: 200, loss: 0.8068
[2026-05-28 14:17:58,495][root][INFO] - {'model_loss': '0.8068', 'recon_loss': '0.0000', 'triplet_loss': '0.8068'}
[2026-05-28 14:17:58,499][root][INFO] - Generation 132/400 - Time: 0.00 seconds
[2026-05-28 14:17:58,500][root][INFO] - {'coverage': '100.00', 'max_fitness': '0.00', 'passive_coverage': '62.40', 'passive_max_fitness': '0.00', 'passive_mean_fitness': '-63.33', 'passive_qd_score': '49898.96', 'qd_score': '99331.45', 'mean_fitness_top_k': '-28.24'}
[2026-05-28 14:17:59,480][root][INFO] - Generation 133/400 - Time: 0.00 seconds
[2026-05-28 14:17:59,481][root][INFO] - {'coverage': '100.00', 'max_fitness': '0.00', 'passive_coverage': '62.60', 'passive_max_fitness': '0.00', 'passive_mean_fitness': '-63.43', 'passive_qd_score': '49991.91', 'qd_score': '97936.27', 'mean_fitness_top_k': '-15.75'}
[2026-05-28 14:18:00,461][root][INFO] - Generation 134/400 - Time: 0.00 seconds
[2026-05-28 14:18:00,462][root][INFO] - {'coverage': '100.00', 'max_fitness': '0.00', 'passive_coverage': '62.60', 'passive_max_fitness': '0.00', 'passive_mean_fitness': '-63.42', 'passive_qd_score': '49999.29', 'qd_score': '97439.20', 'mean_fitness_top_k': '-16.07'}
[2026-05-28 14:18:01,438][root][INFO] - Generation 135/400 - Time: 0.00 seconds
[2026-05-28 14:18:01,439][root][INFO] - {'coverage': '100.00', 'max_fitness': '0.00', 'passive_coverage': '62.60', 'passive_max_fitness': '0.00', 'passive_mean_fitness': '-63.41', 'passive_qd_score': '50003.80', 'qd_score': '98317.84', 'mean_fitness_top_k': '-15.96'}
[2026-05-28 14:18:02,414][root][INFO] - Generation 136/400 - Time: 0.00 seconds
[2026-05-28 14:18:02,415][root][INFO] - {'coverage': '100.00', 'max_fitness': '0.00', 'passive_coverage': '62.70', 'passive_max_fitness': '0.00', 'passive_mean_fitness': '-63.42', 'passive_qd_score': '50076.04', 'qd_score': '98291.84', 'mean_fitness_top_k': '-15.59'}
[2026-05-28 14:18:03,392][root][INFO] - Generation 137/400 - Time: 0.00 seconds
[2026-05-28 14:18:03,392][root][INFO] - {'coverage': '100.00', 'max_fitness': '0.00', 'passive_coverage': '62.79', 'passive_max_fitness': '0.00', 'passive_mean_fitness': '-63.33', 'passive_qd_score': '50211.60', 'qd_score': '98276.19', 'mean_fitness_top_k': '-15.64'}
[2026-05-28 14:18:03,394][root][INFO] - Saving snapshot to runs/20260528_141105_kheperax_seed42/plots/latent_generation_685_5_gens_after_ext_gen660.png
[2026-05-28 14:18:05,823][root][INFO] - Generation 138/400 - Time: 0.00 seconds
[2026-05-28 14:18:05,824][root][INFO] - {'coverage': '100.00', 'max_fitness': '0.00', 'passive_coverage': '62.79', 'passive_max_fitness': '0.00', 'passive_mean_fitness': '-63.33', 'passive_qd_score': '50212.79', 'qd_score': '98447.77', 'mean_fitness_top_k': '-15.67'}
[2026-05-28 14:18:06,840][root][INFO] - Generation 139/400 - Time: 0.00 seconds
[2026-05-28 14:18:06,841][root][INFO] - {'coverage': '100.00', 'max_fitness': '0.00', 'passive_coverage': '62.79', 'passive_max_fitness': '0.00', 'passive_mean_fitness': '-63.32', 'passive_qd_score': '50218.00', 'qd_score': '98521.09', 'mean_fitness_top_k': '-15.63'}
[2026-05-28 14:18:07,863][root][INFO] - Generation 140/400 - Time: 0.00 seconds
[2026-05-28 14:18:07,864][root][INFO] - {'coverage': '100.00', 'max_fitness': '0.00', 'passive_coverage': '62.79', 'passive_max_fitness': '0.00', 'passive_mean_fitness': '-63.32', 'passive_qd_score': '50219.65', 'qd_score': '98126.57', 'mean_fitness_top_k': '-15.78'}
[2026-05-28 14:18:08,894][root][INFO] - Generation 141/400 - Time: 0.00 seconds
[2026-05-28 14:18:08,895][root][INFO] - {'coverage': '100.00', 'max_fitness': '0.00', 'passive_coverage': '62.79', 'passive_max_fitness': '0.00', 'passive_mean_fitness': '-63.32', 'passive_qd_score': '50219.66', 'qd_score': '97977.15', 'mean_fitness_top_k': '-15.75'}
[2026-05-28 14:18:09,862][root][INFO] - Generation 142/400 - Time: 0.00 seconds
[2026-05-28 14:18:09,863][root][INFO] - {'coverage': '100.00', 'max_fitness': '0.00', 'passive_coverage': '62.79', 'passive_max_fitness': '0.00', 'passive_mean_fitness': '-63.32', 'passive_qd_score': '50220.19', 'qd_score': '97222.59', 'mean_fitness_top_k': '-16.33'}
[2026-05-28 14:18:10,830][root][INFO] - Generation 143/400 - Time: 0.00 seconds
[2026-05-28 14:18:10,831][root][INFO] - {'coverage': '100.00', 'max_fitness': '0.00', 'passive_coverage': '62.79', 'passive_max_fitness': '0.00', 'passive_mean_fitness': '-63.32', 'passive_qd_score': '50220.28', 'qd_score': '97265.23', 'mean_fitness_top_k': '-16.48'}
[2026-05-28 14:18:11,830][root][INFO] - Generation 144/400 - Time: 0.00 seconds
[2026-05-28 14:18:11,831][root][INFO] - {'coverage': '100.00', 'max_fitness': '0.00', 'passive_coverage': '62.79', 'passive_max_fitness': '0.00', 'passive_mean_fitness': '-63.32', 'passive_qd_score': '50220.54', 'qd_score': '96701.88', 'mean_fitness_top_k': '-17.68'}
[2026-05-28 14:18:12,799][root][INFO] - Generation 145/400 - Time: 0.00 seconds
[2026-05-28 14:18:12,800][root][INFO] - {'coverage': '100.00', 'max_fitness': '0.00', 'passive_coverage': '62.79', 'passive_max_fitness': '0.00', 'passive_mean_fitness': '-63.32', 'passive_qd_score': '50220.54', 'qd_score': '96597.71', 'mean_fitness_top_k': '-18.00'}
[2026-05-28 14:18:13,772][root][INFO] - Generation 146/400 - Time: 0.00 seconds
[2026-05-28 14:18:13,773][root][INFO] - {'coverage': '100.00', 'max_fitness': '0.00', 'passive_coverage': '62.79', 'passive_max_fitness': '0.00', 'passive_mean_fitness': '-63.32', 'passive_qd_score': '50220.54', 'qd_score': '95900.86', 'mean_fitness_top_k': '-18.73'}
[2026-05-28 14:18:14,788][root][INFO] - Generation 147/400 - Time: 0.00 seconds
[2026-05-28 14:18:14,789][root][INFO] - {'coverage': '100.00', 'max_fitness': '0.00', 'passive_coverage': '62.79', 'passive_max_fitness': '0.00', 'passive_mean_fitness': '-63.32', 'passive_qd_score': '50220.54', 'qd_score': '95017.38', 'mean_fitness_top_k': '-19.60'}
[2026-05-28 14:18:15,802][root][INFO] - Generation 148/400 - Time: 0.00 seconds
[2026-05-28 14:18:15,802][root][INFO] - {'coverage': '100.00', 'max_fitness': '0.00', 'passive_coverage': '62.79', 'passive_max_fitness': '0.00', 'passive_mean_fitness': '-63.32', 'passive_qd_score': '50220.55', 'qd_score': '94620.62', 'mean_fitness_top_k': '-20.22'}
[2026-05-28 14:18:16,774][root][INFO] - Generation 149/400 - Time: 0.00 seconds
[2026-05-28 14:18:16,775][root][INFO] - {'coverage': '100.00', 'max_fitness': '0.00', 'passive_coverage': '62.79', 'passive_max_fitness': '0.00', 'passive_mean_fitness': '-63.32', 'passive_qd_score': '50221.28', 'qd_score': '94592.30', 'mean_fitness_top_k': '-20.18'}
[2026-05-28 14:18:17,776][root][INFO] - Generation 150/400 - Time: 0.00 seconds
[2026-05-28 14:18:17,777][root][INFO] - {'coverage': '100.00', 'max_fitness': '0.00', 'passive_coverage': '62.79', 'passive_max_fitness': '0.00', 'passive_mean_fitness': '-63.32', 'passive_qd_score': '50221.28', 'qd_score': '94661.05', 'mean_fitness_top_k': '-20.33'}
[2026-05-28 14:18:18,772][root][INFO] - Generation 151/400 - Time: 0.00 seconds
[2026-05-28 14:18:18,773][root][INFO] - {'coverage': '100.00', 'max_fitness': '0.00', 'passive_coverage': '62.79', 'passive_max_fitness': '0.00', 'passive_mean_fitness': '-63.32', 'passive_qd_score': '50221.46', 'qd_score': '94650.90', 'mean_fitness_top_k': '-20.66'}
[2026-05-28 14:18:19,740][root][INFO] - Generation 152/400 - Time: 0.00 seconds
[2026-05-28 14:18:19,740][root][INFO] - {'coverage': '100.00', 'max_fitness': '0.00', 'passive_coverage': '62.79', 'passive_max_fitness': '0.00', 'passive_mean_fitness': '-63.32', 'passive_qd_score': '50221.46', 'qd_score': '95210.47', 'mean_fitness_top_k': '-20.49'}
[2026-05-28 14:18:20,753][root][INFO] - Generation 153/400 - Time: 0.00 seconds
[2026-05-28 14:18:20,754][root][INFO] - {'coverage': '100.00', 'max_fitness': '0.00', 'passive_coverage': '62.79', 'passive_max_fitness': '0.00', 'passive_mean_fitness': '-63.32', 'passive_qd_score': '50221.46', 'qd_score': '95384.45', 'mean_fitness_top_k': '-19.98'}
[2026-05-28 14:18:21,768][root][INFO] - Generation 154/400 - Time: 0.00 seconds
[2026-05-28 14:18:21,769][root][INFO] - {'coverage': '100.00', 'max_fitness': '0.00', 'passive_coverage': '62.79', 'passive_max_fitness': '0.00', 'passive_mean_fitness': '-63.32', 'passive_qd_score': '50221.46', 'qd_score': '95267.41', 'mean_fitness_top_k': '-20.55'}
[2026-05-28 14:18:22,768][root][INFO] - Generation 155/400 - Time: 0.00 seconds
[2026-05-28 14:18:22,769][root][INFO] - {'coverage': '100.00', 'max_fitness': '0.00', 'passive_coverage': '62.79', 'passive_max_fitness': '0.00', 'passive_mean_fitness': '-63.32', 'passive_qd_score': '50221.46', 'qd_score': '95394.43', 'mean_fitness_top_k': '-21.06'}
[2026-05-28 14:18:23,761][root][INFO] - Updating AE...
[2026-05-28 14:18:24,494][root][INFO] - Epoch: 1, loss: 209.8354
[2026-05-28 14:18:24,565][root][INFO] - Epoch: 2, loss: 205.1445
[2026-05-28 14:18:24,638][root][INFO] - Epoch: 3, loss: 202.4666
[2026-05-28 14:18:24,709][root][INFO] - Epoch: 4, loss: 205.2504
[2026-05-28 14:18:24,781][root][INFO] - Epoch: 5, loss: 204.8253
[2026-05-28 14:18:24,852][root][INFO] - Epoch: 6, loss: 205.0995
[2026-05-28 14:18:24,924][root][INFO] - Epoch: 7, loss: 205.0348
[2026-05-28 14:18:24,996][root][INFO] - Epoch: 8, loss: 204.3741
[2026-05-28 14:18:25,067][root][INFO] - Epoch: 9, loss: 204.2443
[2026-05-28 14:18:25,138][root][INFO] - Epoch: 10, loss: 203.7363
[2026-05-28 14:18:25,209][root][INFO] - Epoch: 11, loss: 203.1609
[2026-05-28 14:18:25,281][root][INFO] - Epoch: 12, loss: 202.4794
[2026-05-28 14:18:25,352][root][INFO] - Epoch: 13, loss: 201.4035
[2026-05-28 14:18:25,422][root][INFO] - Epoch: 14, loss: 198.5353
[2026-05-28 14:18:25,494][root][INFO] - Epoch: 15, loss: 195.3718
[2026-05-28 14:18:25,566][root][INFO] - Epoch: 16, loss: 195.6053
[2026-05-28 14:18:25,639][root][INFO] - Epoch: 17, loss: 194.3007
[2026-05-28 14:18:25,710][root][INFO] - Epoch: 18, loss: 181.0493
[2026-05-28 14:18:25,782][root][INFO] - Epoch: 19, loss: 177.0539
[2026-05-28 14:18:25,852][root][INFO] - Epoch: 20, loss: 175.1540
[2026-05-28 14:18:25,924][root][INFO] - Epoch: 21, loss: 171.8977
[2026-05-28 14:18:25,996][root][INFO] - Epoch: 22, loss: 167.6182
[2026-05-28 14:18:26,068][root][INFO] - Epoch: 23, loss: 164.5142
[2026-05-28 14:18:26,138][root][INFO] - Epoch: 24, loss: 157.9690
[2026-05-28 14:18:26,210][root][INFO] - Epoch: 25, loss: 161.4775
[2026-05-28 14:18:26,281][root][INFO] - Epoch: 26, loss: 154.0422
[2026-05-28 14:18:26,353][root][INFO] - Epoch: 27, loss: 147.6624
[2026-05-28 14:18:26,424][root][INFO] - Epoch: 28, loss: 142.7078
[2026-05-28 14:18:26,495][root][INFO] - Epoch: 29, loss: 139.7098
[2026-05-28 14:18:26,565][root][INFO] - Epoch: 30, loss: 139.3235
[2026-05-28 14:18:26,635][root][INFO] - Epoch: 31, loss: 133.0648
[2026-05-28 14:18:26,705][root][INFO] - Epoch: 32, loss: 133.2936
[2026-05-28 14:18:26,776][root][INFO] - Epoch: 33, loss: 136.7424
[2026-05-28 14:18:26,846][root][INFO] - Epoch: 34, loss: 132.3584
[2026-05-28 14:18:26,916][root][INFO] - Epoch: 35, loss: 124.5386
[2026-05-28 14:18:26,987][root][INFO] - Epoch: 36, loss: 120.0483
[2026-05-28 14:18:27,058][root][INFO] - Epoch: 37, loss: 121.0467
[2026-05-28 14:18:27,129][root][INFO] - Epoch: 38, loss: 115.6802
[2026-05-28 14:18:27,199][root][INFO] - Epoch: 39, loss: 145.3115
[2026-05-28 14:18:27,270][root][INFO] - Epoch: 40, loss: 363.3026
[2026-05-28 14:18:27,341][root][INFO] - Epoch: 41, loss: 147.9894
[2026-05-28 14:18:27,411][root][INFO] - Epoch: 42, loss: 164.5312
[2026-05-28 14:18:27,481][root][INFO] - Epoch: 43, loss: 162.2643
[2026-05-28 14:18:27,552][root][INFO] - Epoch: 44, loss: 159.6302
[2026-05-28 14:18:27,628][root][INFO] - Epoch: 45, loss: 153.2876
[2026-05-28 14:18:27,702][root][INFO] - Epoch: 46, loss: 148.0177
[2026-05-28 14:18:27,773][root][INFO] - Epoch: 47, loss: 145.8308
[2026-05-28 14:18:27,846][root][INFO] - Epoch: 48, loss: 142.4993
[2026-05-28 14:18:27,918][root][INFO] - Epoch: 49, loss: 138.3292
[2026-05-28 14:18:27,919][root][INFO] - Early stopping at epoch: 48
[2026-05-28 14:18:27,949][root][INFO] - {'model_loss': '138.3292', 'recon_loss': '0.0000', 'triplet_loss': '138.3292'}
[2026-05-28 14:18:27,953][root][INFO] - Extinction event (pre-encoder)...
[2026-05-28 14:18:27,953][root][INFO] - Saving snapshot to runs/20260528_141105_kheperax_seed42/plots/latent_generation_780_before_ext.png
[2026-05-28 14:18:29,452][root][INFO] - Saving snapshot to runs/20260528_141105_kheperax_seed42/plots/latent_generation_780_after_ext.png
[2026-05-28 14:18:30,737][root][INFO] - Updating AE...
[2026-05-28 14:18:31,480][root][INFO] - Epoch: 1, loss: 263.5434
[2026-05-28 14:18:31,552][root][INFO] - Epoch: 2, loss: 14.5544
[2026-05-28 14:18:31,625][root][INFO] - Epoch: 3, loss: 13.8969
[2026-05-28 14:18:31,696][root][INFO] - Epoch: 4, loss: 13.1782
[2026-05-28 14:18:31,768][root][INFO] - Epoch: 5, loss: 12.2921
[2026-05-28 14:18:31,838][root][INFO] - Epoch: 6, loss: 11.4595
[2026-05-28 14:18:31,908][root][INFO] - Epoch: 7, loss: 10.6652
[2026-05-28 14:18:31,978][root][INFO] - Epoch: 8, loss: 10.0450
[2026-05-28 14:18:32,048][root][INFO] - Epoch: 9, loss: 9.3805
[2026-05-28 14:18:32,119][root][INFO] - Epoch: 10, loss: 8.7750
[2026-05-28 14:18:32,189][root][INFO] - Epoch: 11, loss: 8.2175
[2026-05-28 14:18:32,262][root][INFO] - Epoch: 12, loss: 7.9928
[2026-05-28 14:18:32,333][root][INFO] - Epoch: 13, loss: 7.7677
[2026-05-28 14:18:32,403][root][INFO] - Epoch: 14, loss: 7.5899
[2026-05-28 14:18:32,473][root][INFO] - Epoch: 15, loss: 7.4278
[2026-05-28 14:18:32,543][root][INFO] - Epoch: 16, loss: 7.2676
[2026-05-28 14:18:32,613][root][INFO] - Epoch: 17, loss: 7.1234
[2026-05-28 14:18:32,684][root][INFO] - Epoch: 18, loss: 6.9989
[2026-05-28 14:18:32,754][root][INFO] - Epoch: 19, loss: 6.8806
[2026-05-28 14:18:32,824][root][INFO] - Epoch: 20, loss: 6.7614
[2026-05-28 14:18:32,894][root][INFO] - Epoch: 21, loss: 6.6651
[2026-05-28 14:18:32,964][root][INFO] - Epoch: 22, loss: 6.5581
[2026-05-28 14:18:33,034][root][INFO] - Epoch: 23, loss: 6.4657
[2026-05-28 14:18:33,106][root][INFO] - Epoch: 24, loss: 6.3727
[2026-05-28 14:18:33,176][root][INFO] - Epoch: 25, loss: 6.2897
[2026-05-28 14:18:33,246][root][INFO] - Epoch: 26, loss: 6.2040
[2026-05-28 14:18:33,317][root][INFO] - Epoch: 27, loss: 6.1199
[2026-05-28 14:18:33,390][root][INFO] - Epoch: 28, loss: 6.0348
[2026-05-28 14:18:33,463][root][INFO] - Epoch: 29, loss: 5.9147
[2026-05-28 14:18:33,533][root][INFO] - Epoch: 30, loss: 5.7612
[2026-05-28 14:18:33,604][root][INFO] - Epoch: 31, loss: 5.6722
[2026-05-28 14:18:33,675][root][INFO] - Epoch: 32, loss: 5.6271
[2026-05-28 14:18:33,745][root][INFO] - Epoch: 33, loss: 5.5772
[2026-05-28 14:18:33,815][root][INFO] - Epoch: 34, loss: 5.5477
[2026-05-28 14:18:33,886][root][INFO] - Epoch: 35, loss: 5.5080
[2026-05-28 14:18:33,956][root][INFO] - Epoch: 36, loss: 5.4749
[2026-05-28 14:18:34,026][root][INFO] - Epoch: 37, loss: 5.4450
[2026-05-28 14:18:34,097][root][INFO] - Epoch: 38, loss: 5.4117
[2026-05-28 14:18:34,167][root][INFO] - Epoch: 39, loss: 5.3845
[2026-05-28 14:18:34,238][root][INFO] - Epoch: 40, loss: 5.3542
[2026-05-28 14:18:34,308][root][INFO] - Epoch: 41, loss: 5.3293
[2026-05-28 14:18:34,378][root][INFO] - Epoch: 42, loss: 5.3050
[2026-05-28 14:18:34,450][root][INFO] - Epoch: 43, loss: 5.2797
[2026-05-28 14:18:34,520][root][INFO] - Epoch: 44, loss: 5.2603
[2026-05-28 14:18:34,591][root][INFO] - Epoch: 45, loss: 5.2346
[2026-05-28 14:18:34,661][root][INFO] - Epoch: 46, loss: 5.2120
[2026-05-28 14:18:34,730][root][INFO] - Epoch: 47, loss: 5.1914
[2026-05-28 14:18:34,801][root][INFO] - Epoch: 48, loss: 5.1804
[2026-05-28 14:18:34,871][root][INFO] - Epoch: 49, loss: 5.1481
[2026-05-28 14:18:34,943][root][INFO] - Epoch: 50, loss: 5.1283
[2026-05-28 14:18:35,013][root][INFO] - Epoch: 51, loss: 5.1048
[2026-05-28 14:18:35,084][root][INFO] - Epoch: 52, loss: 5.0743
[2026-05-28 14:18:35,155][root][INFO] - Epoch: 53, loss: 5.0509
[2026-05-28 14:18:35,225][root][INFO] - Epoch: 54, loss: 5.0177
[2026-05-28 14:18:35,296][root][INFO] - Epoch: 55, loss: 4.9974
[2026-05-28 14:18:35,367][root][INFO] - Epoch: 56, loss: 4.9784
[2026-05-28 14:18:35,437][root][INFO] - Epoch: 57, loss: 4.9840
[2026-05-28 14:18:35,507][root][INFO] - Epoch: 58, loss: 4.8978
[2026-05-28 14:18:35,578][root][INFO] - Epoch: 59, loss: 4.8898
[2026-05-28 14:18:35,648][root][INFO] - Epoch: 60, loss: 4.8551
[2026-05-28 14:18:35,718][root][INFO] - Epoch: 61, loss: 4.8194
[2026-05-28 14:18:35,789][root][INFO] - Epoch: 62, loss: 4.7687
[2026-05-28 14:18:35,861][root][INFO] - Epoch: 63, loss: 4.7221
[2026-05-28 14:18:35,931][root][INFO] - Epoch: 64, loss: 4.7127
[2026-05-28 14:18:36,002][root][INFO] - Epoch: 65, loss: 4.6465
[2026-05-28 14:18:36,073][root][INFO] - Epoch: 66, loss: 4.6913
[2026-05-28 14:18:36,144][root][INFO] - Epoch: 67, loss: 4.6031
[2026-05-28 14:18:36,214][root][INFO] - Epoch: 68, loss: 4.5587
[2026-05-28 14:18:36,286][root][INFO] - Epoch: 69, loss: 4.5740
[2026-05-28 14:18:36,357][root][INFO] - Epoch: 70, loss: 4.5402
[2026-05-28 14:18:36,430][root][INFO] - Epoch: 71, loss: 4.5329
[2026-05-28 14:18:36,500][root][INFO] - Epoch: 72, loss: 4.5507
[2026-05-28 14:18:36,570][root][INFO] - Epoch: 73, loss: 4.4890
[2026-05-28 14:18:36,641][root][INFO] - Epoch: 74, loss: 4.5558
[2026-05-28 14:18:36,712][root][INFO] - Epoch: 75, loss: 4.5351
[2026-05-28 14:18:36,783][root][INFO] - Epoch: 76, loss: 4.6135
[2026-05-28 14:18:36,854][root][INFO] - Epoch: 77, loss: 4.5155
[2026-05-28 14:18:36,925][root][INFO] - Epoch: 78, loss: 4.5473
[2026-05-28 14:18:36,995][root][INFO] - Epoch: 79, loss: 4.4500
[2026-05-28 14:18:37,067][root][INFO] - Epoch: 80, loss: 4.3983
[2026-05-28 14:18:37,138][root][INFO] - Epoch: 81, loss: 4.4155
[2026-05-28 14:18:37,208][root][INFO] - Epoch: 82, loss: 4.3699
[2026-05-28 14:18:37,279][root][INFO] - Epoch: 83, loss: 4.3674
[2026-05-28 14:18:37,351][root][INFO] - Epoch: 84, loss: 4.3351
[2026-05-28 14:18:37,421][root][INFO] - Epoch: 85, loss: 4.3282
[2026-05-28 14:18:37,493][root][INFO] - Epoch: 86, loss: 4.4905
[2026-05-28 14:18:37,563][root][INFO] - Epoch: 87, loss: 4.3795
[2026-05-28 14:18:37,634][root][INFO] - Epoch: 88, loss: 4.3588
[2026-05-28 14:18:37,704][root][INFO] - Epoch: 89, loss: 4.3766
[2026-05-28 14:18:37,775][root][INFO] - Epoch: 90, loss: 4.3023
[2026-05-28 14:18:37,846][root][INFO] - Epoch: 91, loss: 4.3066
[2026-05-28 14:18:37,917][root][INFO] - Epoch: 92, loss: 4.3184
[2026-05-28 14:18:37,989][root][INFO] - Epoch: 93, loss: 4.2962
[2026-05-28 14:18:38,060][root][INFO] - Epoch: 94, loss: 4.3171
[2026-05-28 14:18:38,131][root][INFO] - Epoch: 95, loss: 4.2279
[2026-05-28 14:18:38,201][root][INFO] - Epoch: 96, loss: 4.2516
[2026-05-28 14:18:38,273][root][INFO] - Epoch: 97, loss: 4.2522
[2026-05-28 14:18:38,345][root][INFO] - Epoch: 98, loss: 4.2121
[2026-05-28 14:18:38,415][root][INFO] - Epoch: 99, loss: 4.2049
[2026-05-28 14:18:38,486][root][INFO] - Epoch: 100, loss: 4.2320
[2026-05-28 14:18:38,558][root][INFO] - Epoch: 101, loss: 4.2255
[2026-05-28 14:18:38,629][root][INFO] - Epoch: 102, loss: 4.1963
[2026-05-28 14:18:38,702][root][INFO] - Epoch: 103, loss: 4.2367
[2026-05-28 14:18:38,773][root][INFO] - Epoch: 104, loss: 4.1961
[2026-05-28 14:18:38,843][root][INFO] - Epoch: 105, loss: 4.2284
[2026-05-28 14:18:38,914][root][INFO] - Epoch: 106, loss: 4.1881
[2026-05-28 14:18:38,985][root][INFO] - Epoch: 107, loss: 4.2016
[2026-05-28 14:18:39,056][root][INFO] - Epoch: 108, loss: 4.1694
[2026-05-28 14:18:39,126][root][INFO] - Epoch: 109, loss: 4.1678
[2026-05-28 14:18:39,198][root][INFO] - Epoch: 110, loss: 4.2415
[2026-05-28 14:18:39,269][root][INFO] - Epoch: 111, loss: 4.2903
[2026-05-28 14:18:39,340][root][INFO] - Epoch: 112, loss: 4.4257
[2026-05-28 14:18:39,411][root][INFO] - Epoch: 113, loss: 4.4853
[2026-05-28 14:18:39,481][root][INFO] - Epoch: 114, loss: 4.2986
[2026-05-28 14:18:39,553][root][INFO] - Epoch: 115, loss: 4.2055
[2026-05-28 14:18:39,623][root][INFO] - Epoch: 116, loss: 4.1286
[2026-05-28 14:18:39,693][root][INFO] - Epoch: 117, loss: 4.1277
[2026-05-28 14:18:39,763][root][INFO] - Epoch: 118, loss: 4.1016
[2026-05-28 14:18:39,834][root][INFO] - Epoch: 119, loss: 4.0719
[2026-05-28 14:18:39,904][root][INFO] - Epoch: 120, loss: 4.0929
[2026-05-28 14:18:39,974][root][INFO] - Epoch: 121, loss: 4.0901
[2026-05-28 14:18:40,045][root][INFO] - Epoch: 122, loss: 4.0477
[2026-05-28 14:18:40,115][root][INFO] - Epoch: 123, loss: 4.0559
[2026-05-28 14:18:40,185][root][INFO] - Epoch: 124, loss: 4.0215
[2026-05-28 14:18:40,254][root][INFO] - Epoch: 125, loss: 4.0508
[2026-05-28 14:18:40,324][root][INFO] - Epoch: 126, loss: 4.0273
[2026-05-28 14:18:40,394][root][INFO] - Epoch: 127, loss: 4.0653
[2026-05-28 14:18:40,464][root][INFO] - Epoch: 128, loss: 4.2530
[2026-05-28 14:18:40,534][root][INFO] - Epoch: 129, loss: 4.2767
[2026-05-28 14:18:40,604][root][INFO] - Epoch: 130, loss: 4.1835
[2026-05-28 14:18:40,675][root][INFO] - Epoch: 131, loss: 4.0880
[2026-05-28 14:18:40,746][root][INFO] - Epoch: 132, loss: 4.1311
[2026-05-28 14:18:40,815][root][INFO] - Epoch: 133, loss: 4.0649
[2026-05-28 14:18:40,886][root][INFO] - Epoch: 134, loss: 4.0175
[2026-05-28 14:18:40,956][root][INFO] - Epoch: 135, loss: 3.9489
[2026-05-28 14:18:41,027][root][INFO] - Epoch: 136, loss: 3.9693
[2026-05-28 14:18:41,097][root][INFO] - Epoch: 137, loss: 3.9953
[2026-05-28 14:18:41,168][root][INFO] - Epoch: 138, loss: 4.1214
[2026-05-28 14:18:41,238][root][INFO] - Epoch: 139, loss: 4.1466
[2026-05-28 14:18:41,308][root][INFO] - Epoch: 140, loss: 4.0590
[2026-05-28 14:18:41,378][root][INFO] - Epoch: 141, loss: 4.0250
[2026-05-28 14:18:41,449][root][INFO] - Epoch: 142, loss: 4.0120
[2026-05-28 14:18:41,519][root][INFO] - Epoch: 143, loss: 4.0291
[2026-05-28 14:18:41,589][root][INFO] - Epoch: 144, loss: 4.0144
[2026-05-28 14:18:41,659][root][INFO] - Epoch: 145, loss: 3.9664
[2026-05-28 14:18:41,730][root][INFO] - Epoch: 146, loss: 3.9778
[2026-05-28 14:18:41,730][root][INFO] - Early stopping at epoch: 145
[2026-05-28 14:18:41,761][root][INFO] - {'model_loss': '3.9778', 'recon_loss': '0.0000', 'triplet_loss': '3.9778'}
[2026-05-28 14:18:41,765][root][INFO] - Generation 156/400 - Time: 0.00 seconds
[2026-05-28 14:18:41,765][root][INFO] - {'coverage': '100.00', 'max_fitness': '0.00', 'passive_coverage': '62.79', 'passive_max_fitness': '0.00', 'passive_mean_fitness': '-63.32', 'passive_qd_score': '50221.46', 'qd_score': '95355.54', 'mean_fitness_top_k': '-21.06'}
[2026-05-28 14:18:42,751][root][INFO] - Generation 157/400 - Time: 0.00 seconds
[2026-05-28 14:18:42,752][root][INFO] - {'coverage': '100.00', 'max_fitness': '0.00', 'passive_coverage': '63.67', 'passive_max_fitness': '0.00', 'passive_mean_fitness': '-63.36', 'passive_qd_score': '50892.86', 'qd_score': '90868.00', 'mean_fitness_top_k': '-21.69'}
[2026-05-28 14:18:43,729][root][INFO] - Generation 158/400 - Time: 0.00 seconds
[2026-05-28 14:18:43,729][root][INFO] - {'coverage': '100.00', 'max_fitness': '0.00', 'passive_coverage': '64.45', 'passive_max_fitness': '0.00', 'passive_mean_fitness': '-63.49', 'passive_qd_score': '51435.70', 'qd_score': '92385.28', 'mean_fitness_top_k': '-20.63'}
[2026-05-28 14:18:44,702][root][INFO] - Generation 159/400 - Time: 0.00 seconds
[2026-05-28 14:18:44,703][root][INFO] - {'coverage': '100.00', 'max_fitness': '0.00', 'passive_coverage': '65.04', 'passive_max_fitness': '0.00', 'passive_mean_fitness': '-63.51', 'passive_qd_score': '51890.09', 'qd_score': '93954.05', 'mean_fitness_top_k': '-20.47'}
[2026-05-28 14:18:45,670][root][INFO] - Generation 160/400 - Time: 0.00 seconds
[2026-05-28 14:18:45,670][root][INFO] - {'coverage': '100.00', 'max_fitness': '0.00', 'passive_coverage': '65.53', 'passive_max_fitness': '0.00', 'passive_mean_fitness': '-63.45', 'passive_qd_score': '52317.19', 'qd_score': '96300.97', 'mean_fitness_top_k': '-21.08'}
[2026-05-28 14:18:46,631][root][INFO] - Generation 161/400 - Time: 0.00 seconds
[2026-05-28 14:18:46,632][root][INFO] - {'coverage': '100.00', 'max_fitness': '0.00', 'passive_coverage': '65.53', 'passive_max_fitness': '0.00', 'passive_mean_fitness': '-63.45', 'passive_qd_score': '52320.00', 'qd_score': '98354.98', 'mean_fitness_top_k': '-25.09'}
[2026-05-28 14:18:46,634][root][INFO] - Saving snapshot to runs/20260528_141105_kheperax_seed42/plots/latent_generation_805_5_gens_after_ext_gen780.png
[2026-05-28 14:18:49,040][root][INFO] - Generation 162/400 - Time: 0.00 seconds
[2026-05-28 14:18:49,041][root][INFO] - {'coverage': '100.00', 'max_fitness': '0.00', 'passive_coverage': '65.53', 'passive_max_fitness': '0.00', 'passive_mean_fitness': '-63.45', 'passive_qd_score': '52322.05', 'qd_score': '98517.59', 'mean_fitness_top_k': '-29.18'}
[2026-05-28 14:18:49,990][root][INFO] - Generation 163/400 - Time: 0.00 seconds
[2026-05-28 14:18:49,991][root][INFO] - {'coverage': '100.00', 'max_fitness': '0.00', 'passive_coverage': '65.62', 'passive_max_fitness': '0.00', 'passive_mean_fitness': '-63.40', 'passive_qd_score': '52427.04', 'qd_score': '98561.85', 'mean_fitness_top_k': '-26.74'}
[2026-05-28 14:18:50,942][root][INFO] - Generation 164/400 - Time: 0.00 seconds
[2026-05-28 14:18:50,943][root][INFO] - {'coverage': '100.00', 'max_fitness': '0.00', 'passive_coverage': '65.62', 'passive_max_fitness': '0.00', 'passive_mean_fitness': '-63.40', 'passive_qd_score': '52427.05', 'qd_score': '98933.79', 'mean_fitness_top_k': '-27.93'}
[2026-05-28 14:18:51,887][root][INFO] - Generation 165/400 - Time: 0.00 seconds
[2026-05-28 14:18:51,888][root][INFO] - {'coverage': '100.00', 'max_fitness': '0.00', 'passive_coverage': '65.62', 'passive_max_fitness': '0.00', 'passive_mean_fitness': '-63.40', 'passive_qd_score': '52427.59', 'qd_score': '98977.20', 'mean_fitness_top_k': '-27.27'}
[2026-05-28 14:18:52,842][root][INFO] - Generation 166/400 - Time: 0.00 seconds
[2026-05-28 14:18:52,843][root][INFO] - {'coverage': '100.00', 'max_fitness': '0.00', 'passive_coverage': '65.72', 'passive_max_fitness': '0.00', 'passive_mean_fitness': '-63.43', 'passive_qd_score': '52486.72', 'qd_score': '99078.14', 'mean_fitness_top_k': '-26.87'}
[2026-05-28 14:18:53,796][root][INFO] - Generation 167/400 - Time: 0.00 seconds
[2026-05-28 14:18:53,797][root][INFO] - {'coverage': '100.00', 'max_fitness': '0.00', 'passive_coverage': '65.82', 'passive_max_fitness': '0.00', 'passive_mean_fitness': '-63.42', 'passive_qd_score': '52571.55', 'qd_score': '98811.47', 'mean_fitness_top_k': '-26.15'}
[2026-05-28 14:18:54,749][root][INFO] - Generation 168/400 - Time: 0.00 seconds
[2026-05-28 14:18:54,750][root][INFO] - {'coverage': '100.00', 'max_fitness': '0.00', 'passive_coverage': '66.11', 'passive_max_fitness': '0.00', 'passive_mean_fitness': '-63.34', 'passive_qd_score': '52863.02', 'qd_score': '98940.48', 'mean_fitness_top_k': '-26.27'}
[2026-05-28 14:18:55,703][root][INFO] - Generation 169/400 - Time: 0.00 seconds
[2026-05-28 14:18:55,704][root][INFO] - {'coverage': '100.00', 'max_fitness': '0.00', 'passive_coverage': '66.21', 'passive_max_fitness': '0.00', 'passive_mean_fitness': '-63.38', 'passive_qd_score': '52911.36', 'qd_score': '98891.74', 'mean_fitness_top_k': '-25.45'}
[2026-05-28 14:18:56,656][root][INFO] - Generation 170/400 - Time: 0.00 seconds
[2026-05-28 14:18:56,657][root][INFO] - {'coverage': '100.00', 'max_fitness': '0.00', 'passive_coverage': '66.31', 'passive_max_fitness': '0.00', 'passive_mean_fitness': '-63.38', 'passive_qd_score': '52993.15', 'qd_score': '99370.91', 'mean_fitness_top_k': '-24.80'}
[2026-05-28 14:18:57,607][root][INFO] - Generation 171/400 - Time: 0.00 seconds
[2026-05-28 14:18:57,608][root][INFO] - {'coverage': '100.00', 'max_fitness': '0.00', 'passive_coverage': '66.50', 'passive_max_fitness': '0.00', 'passive_mean_fitness': '-63.46', 'passive_qd_score': '53094.93', 'qd_score': '99019.23', 'mean_fitness_top_k': '-25.15'}
[2026-05-28 14:18:58,561][root][INFO] - Generation 172/400 - Time: 0.00 seconds
[2026-05-28 14:18:58,562][root][INFO] - {'coverage': '100.00', 'max_fitness': '0.00', 'passive_coverage': '66.60', 'passive_max_fitness': '0.00', 'passive_mean_fitness': '-63.45', 'passive_qd_score': '53176.56', 'qd_score': '98089.94', 'mean_fitness_top_k': '-22.64'}
[2026-05-28 14:18:59,528][root][INFO] - Generation 173/400 - Time: 0.00 seconds
[2026-05-28 14:18:59,529][root][INFO] - {'coverage': '100.00', 'max_fitness': '0.00', 'passive_coverage': '67.38', 'passive_max_fitness': '0.00', 'passive_mean_fitness': '-63.49', 'passive_qd_score': '53771.25', 'qd_score': '97039.29', 'mean_fitness_top_k': '-19.40'}
[2026-05-28 14:19:00,505][root][INFO] - Generation 174/400 - Time: 0.00 seconds
[2026-05-28 14:19:00,506][root][INFO] - {'coverage': '100.00', 'max_fitness': '0.00', 'passive_coverage': '67.48', 'passive_max_fitness': '0.00', 'passive_mean_fitness': '-63.51', 'passive_qd_score': '53839.57', 'qd_score': '96984.38', 'mean_fitness_top_k': '-19.67'}
[2026-05-28 14:19:01,480][root][INFO] - Generation 175/400 - Time: 0.00 seconds
[2026-05-28 14:19:01,481][root][INFO] - {'coverage': '100.00', 'max_fitness': '0.00', 'passive_coverage': '67.68', 'passive_max_fitness': '0.00', 'passive_mean_fitness': '-63.48', 'passive_qd_score': '54015.65', 'qd_score': '97808.84', 'mean_fitness_top_k': '-19.91'}
[2026-05-28 14:19:02,480][root][INFO] - Generation 176/400 - Time: 0.00 seconds
[2026-05-28 14:19:02,481][root][INFO] - {'coverage': '100.00', 'max_fitness': '0.00', 'passive_coverage': '67.97', 'passive_max_fitness': '0.00', 'passive_mean_fitness': '-63.39', 'passive_qd_score': '54308.53', 'qd_score': '97723.09', 'mean_fitness_top_k': '-19.90'}
[2026-05-28 14:19:03,459][root][INFO] - Generation 177/400 - Time: 0.00 seconds
[2026-05-28 14:19:03,460][root][INFO] - {'coverage': '100.00', 'max_fitness': '0.00', 'passive_coverage': '68.26', 'passive_max_fitness': '0.00', 'passive_mean_fitness': '-63.41', 'passive_qd_score': '54532.04', 'qd_score': '97311.05', 'mean_fitness_top_k': '-19.62'}
[2026-05-28 14:19:04,437][root][INFO] - Generation 178/400 - Time: 0.00 seconds
[2026-05-28 14:19:04,437][root][INFO] - {'coverage': '100.00', 'max_fitness': '0.00', 'passive_coverage': '68.46', 'passive_max_fitness': '0.00', 'passive_mean_fitness': '-63.32', 'passive_qd_score': '54747.63', 'qd_score': '97502.36', 'mean_fitness_top_k': '-19.87'}
[2026-05-28 14:19:05,416][root][INFO] - Generation 179/400 - Time: 0.00 seconds
[2026-05-28 14:19:05,417][root][INFO] - {'coverage': '100.00', 'max_fitness': '0.00', 'passive_coverage': '68.85', 'passive_max_fitness': '0.00', 'passive_mean_fitness': '-63.26', 'passive_qd_score': '55102.39', 'qd_score': '97438.14', 'mean_fitness_top_k': '-20.29'}
[2026-05-28 14:19:06,391][root][INFO] - Generation 180/400 - Time: 0.00 seconds
[2026-05-28 14:19:06,392][root][INFO] - {'coverage': '100.00', 'max_fitness': '0.00', 'passive_coverage': '69.14', 'passive_max_fitness': '0.00', 'passive_mean_fitness': '-63.12', 'passive_qd_score': '55438.03', 'qd_score': '97654.89', 'mean_fitness_top_k': '-20.05'}
[2026-05-28 14:19:07,369][root][INFO] - Generation 181/400 - Time: 0.00 seconds
[2026-05-28 14:19:07,370][root][INFO] - {'coverage': '100.00', 'max_fitness': '0.00', 'passive_coverage': '69.53', 'passive_max_fitness': '0.00', 'passive_mean_fitness': '-62.96', 'passive_qd_score': '55867.72', 'qd_score': '98126.80', 'mean_fitness_top_k': '-20.15'}
[2026-05-28 14:19:08,343][root][INFO] - Updating AE...
[2026-05-28 14:19:09,092][root][INFO] - Epoch: 1, loss: 33235.2852
[2026-05-28 14:19:09,164][root][INFO] - Epoch: 2, loss: 293.1477
[2026-05-28 14:19:09,235][root][INFO] - Epoch: 3, loss: 246.1419
[2026-05-28 14:19:09,308][root][INFO] - Epoch: 4, loss: 197.4180
[2026-05-28 14:19:09,378][root][INFO] - Epoch: 5, loss: 182.1758
[2026-05-28 14:19:09,449][root][INFO] - Epoch: 6, loss: 171.1362
[2026-05-28 14:19:09,520][root][INFO] - Epoch: 7, loss: 164.8816
[2026-05-28 14:19:09,592][root][INFO] - Epoch: 8, loss: 160.6177
[2026-05-28 14:19:09,662][root][INFO] - Epoch: 9, loss: 157.4763
[2026-05-28 14:19:09,732][root][INFO] - Epoch: 10, loss: 155.6763
[2026-05-28 14:19:09,803][root][INFO] - Epoch: 11, loss: 153.8369
[2026-05-28 14:19:09,874][root][INFO] - Epoch: 12, loss: 152.6132
[2026-05-28 14:19:09,944][root][INFO] - Epoch: 13, loss: 151.8066
[2026-05-28 14:19:10,015][root][INFO] - Epoch: 14, loss: 151.1654
[2026-05-28 14:19:10,086][root][INFO] - Epoch: 15, loss: 150.6722
[2026-05-28 14:19:10,157][root][INFO] - Epoch: 16, loss: 150.2620
[2026-05-28 14:19:10,227][root][INFO] - Epoch: 17, loss: 149.9195
[2026-05-28 14:19:10,297][root][INFO] - Epoch: 18, loss: 149.6081
[2026-05-28 14:19:10,368][root][INFO] - Epoch: 19, loss: 149.3377
[2026-05-28 14:19:10,439][root][INFO] - Epoch: 20, loss: 149.0374
[2026-05-28 14:19:10,509][root][INFO] - Epoch: 21, loss: 148.8087
[2026-05-28 14:19:10,580][root][INFO] - Epoch: 22, loss: 148.6166
[2026-05-28 14:19:10,650][root][INFO] - Epoch: 23, loss: 148.4397
[2026-05-28 14:19:10,720][root][INFO] - Epoch: 24, loss: 148.1904
[2026-05-28 14:19:10,791][root][INFO] - Epoch: 25, loss: 148.0543
[2026-05-28 14:19:10,863][root][INFO] - Epoch: 26, loss: 147.8891
[2026-05-28 14:19:10,933][root][INFO] - Epoch: 27, loss: 147.7394
[2026-05-28 14:19:11,005][root][INFO] - Epoch: 28, loss: 147.5898
[2026-05-28 14:19:11,076][root][INFO] - Epoch: 29, loss: 147.4733
[2026-05-28 14:19:11,147][root][INFO] - Epoch: 30, loss: 147.3441
[2026-05-28 14:19:11,218][root][INFO] - Epoch: 31, loss: 147.2111
[2026-05-28 14:19:11,289][root][INFO] - Epoch: 32, loss: 147.1024
[2026-05-28 14:19:11,360][root][INFO] - Epoch: 33, loss: 146.9987
[2026-05-28 14:19:11,432][root][INFO] - Epoch: 34, loss: 146.8960
[2026-05-28 14:19:11,504][root][INFO] - Epoch: 35, loss: 146.7935
[2026-05-28 14:19:11,575][root][INFO] - Epoch: 36, loss: 146.6973
[2026-05-28 14:19:11,648][root][INFO] - Epoch: 37, loss: 146.6019
[2026-05-28 14:19:11,721][root][INFO] - Epoch: 38, loss: 146.5371
[2026-05-28 14:19:11,794][root][INFO] - Epoch: 39, loss: 146.4431
[2026-05-28 14:19:11,865][root][INFO] - Epoch: 40, loss: 146.3681
[2026-05-28 14:19:11,935][root][INFO] - Epoch: 41, loss: 146.2924
[2026-05-28 14:19:12,005][root][INFO] - Epoch: 42, loss: 146.1937
[2026-05-28 14:19:12,076][root][INFO] - Epoch: 43, loss: 146.1059
[2026-05-28 14:19:12,146][root][INFO] - Epoch: 44, loss: 146.0577
[2026-05-28 14:19:12,217][root][INFO] - Epoch: 45, loss: 145.9846
[2026-05-28 14:19:12,288][root][INFO] - Epoch: 46, loss: 145.9398
[2026-05-28 14:19:12,358][root][INFO] - Epoch: 47, loss: 145.8747
[2026-05-28 14:19:12,428][root][INFO] - Epoch: 48, loss: 145.7987
[2026-05-28 14:19:12,500][root][INFO] - Epoch: 49, loss: 145.7391
[2026-05-28 14:19:12,571][root][INFO] - Epoch: 50, loss: 145.6418
[2026-05-28 14:19:12,641][root][INFO] - Epoch: 51, loss: 145.5369
[2026-05-28 14:19:12,713][root][INFO] - Epoch: 52, loss: 145.4515
[2026-05-28 14:19:12,784][root][INFO] - Epoch: 53, loss: 145.3557
[2026-05-28 14:19:12,855][root][INFO] - Epoch: 54, loss: 145.2376
[2026-05-28 14:19:12,925][root][INFO] - Epoch: 55, loss: 145.1485
[2026-05-28 14:19:12,995][root][INFO] - Epoch: 56, loss: 145.0830
[2026-05-28 14:19:13,066][root][INFO] - Epoch: 57, loss: 145.0228
[2026-05-28 14:19:13,136][root][INFO] - Epoch: 58, loss: 144.9527
[2026-05-28 14:19:13,207][root][INFO] - Epoch: 59, loss: 144.9214
[2026-05-28 14:19:13,278][root][INFO] - Epoch: 60, loss: 144.8404
[2026-05-28 14:19:13,348][root][INFO] - Epoch: 61, loss: 144.7842
[2026-05-28 14:19:13,419][root][INFO] - Epoch: 62, loss: 144.7090
[2026-05-28 14:19:13,490][root][INFO] - Epoch: 63, loss: 144.6477
[2026-05-28 14:19:13,561][root][INFO] - Epoch: 64, loss: 144.5254
[2026-05-28 14:19:13,631][root][INFO] - Epoch: 65, loss: 144.2820
[2026-05-28 14:19:13,702][root][INFO] - Epoch: 66, loss: 143.9390
[2026-05-28 14:19:13,774][root][INFO] - Epoch: 67, loss: 143.6419
[2026-05-28 14:19:13,845][root][INFO] - Epoch: 68, loss: 143.7591
[2026-05-28 14:19:13,916][root][INFO] - Epoch: 69, loss: 143.6604
[2026-05-28 14:19:13,988][root][INFO] - Epoch: 70, loss: 143.6858
[2026-05-28 14:19:14,060][root][INFO] - Epoch: 71, loss: 143.4928
[2026-05-28 14:19:14,132][root][INFO] - Epoch: 72, loss: 143.4704
[2026-05-28 14:19:14,203][root][INFO] - Epoch: 73, loss: 143.4793
[2026-05-28 14:19:14,274][root][INFO] - Epoch: 74, loss: 143.3826
[2026-05-28 14:19:14,346][root][INFO] - Epoch: 75, loss: 143.3766
[2026-05-28 14:19:14,416][root][INFO] - Epoch: 76, loss: 143.3074
[2026-05-28 14:19:14,487][root][INFO] - Epoch: 77, loss: 143.2488
[2026-05-28 14:19:14,558][root][INFO] - Epoch: 78, loss: 143.4154
[2026-05-28 14:19:14,628][root][INFO] - Epoch: 79, loss: 143.2514
[2026-05-28 14:19:14,699][root][INFO] - Epoch: 80, loss: 143.3586
[2026-05-28 14:19:14,769][root][INFO] - Epoch: 81, loss: 143.1386
[2026-05-28 14:19:14,840][root][INFO] - Epoch: 82, loss: 143.1235
[2026-05-28 14:19:14,911][root][INFO] - Epoch: 83, loss: 143.0774
[2026-05-28 14:19:14,982][root][INFO] - Epoch: 84, loss: 143.0896
[2026-05-28 14:19:15,052][root][INFO] - Epoch: 85, loss: 143.0034
[2026-05-28 14:19:15,123][root][INFO] - Epoch: 86, loss: 143.0242
[2026-05-28 14:19:15,194][root][INFO] - Epoch: 87, loss: 142.9718
[2026-05-28 14:19:15,265][root][INFO] - Epoch: 88, loss: 142.9334
[2026-05-28 14:19:15,335][root][INFO] - Epoch: 89, loss: 142.8630
[2026-05-28 14:19:15,406][root][INFO] - Epoch: 90, loss: 142.8424
[2026-05-28 14:19:15,478][root][INFO] - Epoch: 91, loss: 142.8011
[2026-05-28 14:19:15,548][root][INFO] - Epoch: 92, loss: 142.7260
[2026-05-28 14:19:15,620][root][INFO] - Epoch: 93, loss: 142.7447
[2026-05-28 14:19:15,691][root][INFO] - Epoch: 94, loss: 142.6719
[2026-05-28 14:19:15,762][root][INFO] - Epoch: 95, loss: 142.6576
[2026-05-28 14:19:15,833][root][INFO] - Epoch: 96, loss: 142.6476
[2026-05-28 14:19:15,904][root][INFO] - Epoch: 97, loss: 142.5308
[2026-05-28 14:19:15,975][root][INFO] - Epoch: 98, loss: 142.5931
[2026-05-28 14:19:16,046][root][INFO] - Epoch: 99, loss: 142.4799
[2026-05-28 14:19:16,116][root][INFO] - Epoch: 100, loss: 142.5128
[2026-05-28 14:19:16,186][root][INFO] - Epoch: 101, loss: 142.5055
[2026-05-28 14:19:16,257][root][INFO] - Epoch: 102, loss: 142.4352
[2026-05-28 14:19:16,327][root][INFO] - Epoch: 103, loss: 142.4636
[2026-05-28 14:19:16,397][root][INFO] - Epoch: 104, loss: 142.4223
[2026-05-28 14:19:16,467][root][INFO] - Epoch: 105, loss: 142.3750
[2026-05-28 14:19:16,537][root][INFO] - Epoch: 106, loss: 142.1450
[2026-05-28 14:19:16,608][root][INFO] - Epoch: 107, loss: 142.1600
[2026-05-28 14:19:16,678][root][INFO] - Epoch: 108, loss: 142.1395
[2026-05-28 14:19:16,749][root][INFO] - Epoch: 109, loss: 142.0771
[2026-05-28 14:19:16,820][root][INFO] - Epoch: 110, loss: 142.0376
[2026-05-28 14:19:16,890][root][INFO] - Epoch: 111, loss: 141.9952
[2026-05-28 14:19:16,960][root][INFO] - Epoch: 112, loss: 141.8587
[2026-05-28 14:19:17,029][root][INFO] - Epoch: 113, loss: 142.0088
[2026-05-28 14:19:17,099][root][INFO] - Epoch: 114, loss: 141.7955
[2026-05-28 14:19:17,169][root][INFO] - Epoch: 115, loss: 141.7951
[2026-05-28 14:19:17,240][root][INFO] - Epoch: 116, loss: 141.7552
[2026-05-28 14:19:17,311][root][INFO] - Epoch: 117, loss: 141.7039
[2026-05-28 14:19:17,381][root][INFO] - Epoch: 118, loss: 141.5992
[2026-05-28 14:19:17,451][root][INFO] - Epoch: 119, loss: 141.4088
[2026-05-28 14:19:17,521][root][INFO] - Epoch: 120, loss: 141.3848
[2026-05-28 14:19:17,592][root][INFO] - Epoch: 121, loss: 141.2628
[2026-05-28 14:19:17,662][root][INFO] - Epoch: 122, loss: 141.0906
[2026-05-28 14:19:17,733][root][INFO] - Epoch: 123, loss: 140.7967
[2026-05-28 14:19:17,803][root][INFO] - Epoch: 124, loss: 140.5442
[2026-05-28 14:19:17,873][root][INFO] - Epoch: 125, loss: 140.3697
[2026-05-28 14:19:17,944][root][INFO] - Epoch: 126, loss: 140.2783
[2026-05-28 14:19:18,014][root][INFO] - Epoch: 127, loss: 140.1167
[2026-05-28 14:19:18,084][root][INFO] - Epoch: 128, loss: 139.9998
[2026-05-28 14:19:18,155][root][INFO] - Epoch: 129, loss: 139.9050
[2026-05-28 14:19:18,226][root][INFO] - Epoch: 130, loss: 139.6740
[2026-05-28 14:19:18,297][root][INFO] - Epoch: 131, loss: 139.5934
[2026-05-28 14:19:18,368][root][INFO] - Epoch: 132, loss: 139.5159
[2026-05-28 14:19:18,438][root][INFO] - Epoch: 133, loss: 139.3242
[2026-05-28 14:19:18,508][root][INFO] - Epoch: 134, loss: 139.2460
[2026-05-28 14:19:18,579][root][INFO] - Epoch: 135, loss: 139.0677
[2026-05-28 14:19:18,651][root][INFO] - Epoch: 136, loss: 139.1240
[2026-05-28 14:19:18,722][root][INFO] - Epoch: 137, loss: 138.1539
[2026-05-28 14:19:18,792][root][INFO] - Epoch: 138, loss: 137.9088
[2026-05-28 14:19:18,864][root][INFO] - Epoch: 139, loss: 137.7621
[2026-05-28 14:19:18,934][root][INFO] - Epoch: 140, loss: 137.6560
[2026-05-28 14:19:19,004][root][INFO] - Epoch: 141, loss: 137.5451
[2026-05-28 14:19:19,074][root][INFO] - Epoch: 142, loss: 137.3694
[2026-05-28 14:19:19,145][root][INFO] - Epoch: 143, loss: 137.3044
[2026-05-28 14:19:19,216][root][INFO] - Epoch: 144, loss: 137.2594
[2026-05-28 14:19:19,286][root][INFO] - Epoch: 145, loss: 137.2699
[2026-05-28 14:19:19,356][root][INFO] - Epoch: 146, loss: 137.2607
[2026-05-28 14:19:19,427][root][INFO] - Epoch: 147, loss: 137.1765
[2026-05-28 14:19:19,498][root][INFO] - Epoch: 148, loss: 137.0576
[2026-05-28 14:19:19,568][root][INFO] - Epoch: 149, loss: 136.9844
[2026-05-28 14:19:19,639][root][INFO] - Epoch: 150, loss: 137.0218
[2026-05-28 14:19:19,710][root][INFO] - Epoch: 151, loss: 136.8632
[2026-05-28 14:19:19,781][root][INFO] - Epoch: 152, loss: 136.8389
[2026-05-28 14:19:19,851][root][INFO] - Epoch: 153, loss: 136.9744
[2026-05-28 14:19:19,922][root][INFO] - Epoch: 154, loss: 136.7912
[2026-05-28 14:19:19,992][root][INFO] - Epoch: 155, loss: 136.6981
[2026-05-28 14:19:20,062][root][INFO] - Epoch: 156, loss: 136.6804
[2026-05-28 14:19:20,133][root][INFO] - Epoch: 157, loss: 136.5204
[2026-05-28 14:19:20,204][root][INFO] - Epoch: 158, loss: 136.5782
[2026-05-28 14:19:20,274][root][INFO] - Epoch: 159, loss: 136.4218
[2026-05-28 14:19:20,344][root][INFO] - Epoch: 160, loss: 136.3122
[2026-05-28 14:19:20,415][root][INFO] - Epoch: 161, loss: 136.2683
[2026-05-28 14:19:20,485][root][INFO] - Epoch: 162, loss: 136.2571
[2026-05-28 14:19:20,555][root][INFO] - Epoch: 163, loss: 136.1563
[2026-05-28 14:19:20,625][root][INFO] - Epoch: 164, loss: 136.1841
[2026-05-28 14:19:20,695][root][INFO] - Epoch: 165, loss: 135.9712
[2026-05-28 14:19:20,766][root][INFO] - Epoch: 166, loss: 136.0301
[2026-05-28 14:19:20,835][root][INFO] - Epoch: 167, loss: 135.7725
[2026-05-28 14:19:20,906][root][INFO] - Epoch: 168, loss: 135.6599
[2026-05-28 14:19:20,976][root][INFO] - Epoch: 169, loss: 135.6481
[2026-05-28 14:19:21,046][root][INFO] - Epoch: 170, loss: 135.4494
[2026-05-28 14:19:21,116][root][INFO] - Epoch: 171, loss: 135.3524
[2026-05-28 14:19:21,187][root][INFO] - Epoch: 172, loss: 135.2988
[2026-05-28 14:19:21,258][root][INFO] - Epoch: 173, loss: 135.0270
[2026-05-28 14:19:21,329][root][INFO] - Epoch: 174, loss: 134.8702
[2026-05-28 14:19:21,400][root][INFO] - Epoch: 175, loss: 134.8329
[2026-05-28 14:19:21,470][root][INFO] - Epoch: 176, loss: 134.7396
[2026-05-28 14:19:21,541][root][INFO] - Epoch: 177, loss: 134.5738
[2026-05-28 14:19:21,611][root][INFO] - Epoch: 178, loss: 134.5206
[2026-05-28 14:19:21,682][root][INFO] - Epoch: 179, loss: 134.2885
[2026-05-28 14:19:21,753][root][INFO] - Epoch: 180, loss: 134.1635
[2026-05-28 14:19:21,824][root][INFO] - Epoch: 181, loss: 133.9381
[2026-05-28 14:19:21,894][root][INFO] - Epoch: 182, loss: 133.8513
[2026-05-28 14:19:21,965][root][INFO] - Epoch: 183, loss: 136.1602
[2026-05-28 14:19:22,035][root][INFO] - Epoch: 184, loss: 133.6161
[2026-05-28 14:19:22,106][root][INFO] - Epoch: 185, loss: 133.5434
[2026-05-28 14:19:22,177][root][INFO] - Epoch: 186, loss: 133.1621
[2026-05-28 14:19:22,248][root][INFO] - Epoch: 187, loss: 133.2344
[2026-05-28 14:19:22,320][root][INFO] - Epoch: 188, loss: 132.9542
[2026-05-28 14:19:22,392][root][INFO] - Epoch: 189, loss: 132.6846
[2026-05-28 14:19:22,462][root][INFO] - Epoch: 190, loss: 132.4257
[2026-05-28 14:19:22,533][root][INFO] - Epoch: 191, loss: 132.3010
[2026-05-28 14:19:22,603][root][INFO] - Epoch: 192, loss: 132.1173
[2026-05-28 14:19:22,674][root][INFO] - Epoch: 193, loss: 131.9931
[2026-05-28 14:19:22,745][root][INFO] - Epoch: 194, loss: 131.8372
[2026-05-28 14:19:22,816][root][INFO] - Epoch: 195, loss: 131.8651
[2026-05-28 14:19:22,887][root][INFO] - Epoch: 196, loss: 131.5537
[2026-05-28 14:19:22,958][root][INFO] - Epoch: 197, loss: 131.4671
[2026-05-28 14:19:23,030][root][INFO] - Epoch: 198, loss: 131.3026
[2026-05-28 14:19:23,101][root][INFO] - Epoch: 199, loss: 131.2126
[2026-05-28 14:19:23,172][root][INFO] - Epoch: 200, loss: 131.2516
[2026-05-28 14:19:23,207][root][INFO] - {'model_loss': '131.2516', 'recon_loss': '0.0000', 'triplet_loss': '131.2516'}
[2026-05-28 14:19:23,212][root][INFO] - Extinction event (pre-encoder)...
[2026-05-28 14:19:23,212][root][INFO] - Saving snapshot to runs/20260528_141105_kheperax_seed42/plots/latent_generation_910_before_ext.png
[2026-05-28 14:19:24,591][root][INFO] - Saving snapshot to runs/20260528_141105_kheperax_seed42/plots/latent_generation_910_after_ext.png
[2026-05-28 14:19:25,862][root][INFO] - Updating AE...
[2026-05-28 14:19:26,862][root][INFO] - Epoch: 1, loss: 42.5801
[2026-05-28 14:19:26,934][root][INFO] - Epoch: 2, loss: 36.6225
[2026-05-28 14:19:27,007][root][INFO] - Epoch: 3, loss: 32.9512
[2026-05-28 14:19:27,078][root][INFO] - Epoch: 4, loss: 31.4161
[2026-05-28 14:19:27,150][root][INFO] - Epoch: 5, loss: 30.0238
[2026-05-28 14:19:27,222][root][INFO] - Epoch: 6, loss: 28.9167
[2026-05-28 14:19:27,293][root][INFO] - Epoch: 7, loss: 27.4553
[2026-05-28 14:19:27,365][root][INFO] - Epoch: 8, loss: 26.7322
[2026-05-28 14:19:27,436][root][INFO] - Epoch: 9, loss: 25.6268
[2026-05-28 14:19:27,506][root][INFO] - Epoch: 10, loss: 24.8749
[2026-05-28 14:19:27,577][root][INFO] - Epoch: 11, loss: 24.4763
[2026-05-28 14:19:27,648][root][INFO] - Epoch: 12, loss: 23.7042
[2026-05-28 14:19:27,719][root][INFO] - Epoch: 13, loss: 23.1549
[2026-05-28 14:19:27,790][root][INFO] - Epoch: 14, loss: 24.1251
[2026-05-28 14:19:27,864][root][INFO] - Epoch: 15, loss: 22.7908
[2026-05-28 14:19:27,938][root][INFO] - Epoch: 16, loss: 21.6331
[2026-05-28 14:19:28,010][root][INFO] - Epoch: 17, loss: 20.7270
[2026-05-28 14:19:28,082][root][INFO] - Epoch: 18, loss: 19.7324
[2026-05-28 14:19:28,156][root][INFO] - Epoch: 19, loss: 18.9711
[2026-05-28 14:19:28,228][root][INFO] - Epoch: 20, loss: 18.9612
[2026-05-28 14:19:28,300][root][INFO] - Epoch: 21, loss: 18.6465
[2026-05-28 14:19:28,371][root][INFO] - Epoch: 22, loss: 18.0074
[2026-05-28 14:19:28,443][root][INFO] - Epoch: 23, loss: 18.0033
[2026-05-28 14:19:28,514][root][INFO] - Epoch: 24, loss: 18.2850
[2026-05-28 14:19:28,586][root][INFO] - Epoch: 25, loss: 18.0067
[2026-05-28 14:19:28,657][root][INFO] - Epoch: 26, loss: 17.4268
[2026-05-28 14:19:28,728][root][INFO] - Epoch: 27, loss: 17.1546
[2026-05-28 14:19:28,799][root][INFO] - Epoch: 28, loss: 16.8802
[2026-05-28 14:19:28,869][root][INFO] - Epoch: 29, loss: 17.3819
[2026-05-28 14:19:28,942][root][INFO] - Epoch: 30, loss: 16.9137
[2026-05-28 14:19:29,013][root][INFO] - Epoch: 31, loss: 16.5140
[2026-05-28 14:19:29,085][root][INFO] - Epoch: 32, loss: 16.3057
[2026-05-28 14:19:29,158][root][INFO] - Epoch: 33, loss: 15.6035
[2026-05-28 14:19:29,229][root][INFO] - Epoch: 34, loss: 15.9929
[2026-05-28 14:19:29,300][root][INFO] - Epoch: 35, loss: 15.5093
[2026-05-28 14:19:29,370][root][INFO] - Epoch: 36, loss: 15.7980
[2026-05-28 14:19:29,441][root][INFO] - Epoch: 37, loss: 16.0372
[2026-05-28 14:19:29,513][root][INFO] - Epoch: 38, loss: 15.7150
[2026-05-28 14:19:29,586][root][INFO] - Epoch: 39, loss: 15.6702
[2026-05-28 14:19:29,658][root][INFO] - Epoch: 40, loss: 15.1238
[2026-05-28 14:19:29,731][root][INFO] - Epoch: 41, loss: 14.4219
[2026-05-28 14:19:29,802][root][INFO] - Epoch: 42, loss: 14.3793
[2026-05-28 14:19:29,873][root][INFO] - Epoch: 43, loss: 13.6046
[2026-05-28 14:19:29,944][root][INFO] - Epoch: 44, loss: 14.0483
[2026-05-28 14:19:30,014][root][INFO] - Epoch: 45, loss: 14.3209
[2026-05-28 14:19:30,085][root][INFO] - Epoch: 46, loss: 13.9940
[2026-05-28 14:19:30,155][root][INFO] - Epoch: 47, loss: 14.1804
[2026-05-28 14:19:30,225][root][INFO] - Epoch: 48, loss: 14.4725
[2026-05-28 14:19:30,296][root][INFO] - Epoch: 49, loss: 13.2131
[2026-05-28 14:19:30,367][root][INFO] - Epoch: 50, loss: 14.9390
[2026-05-28 14:19:30,437][root][INFO] - Epoch: 51, loss: 14.4212
[2026-05-28 14:19:30,508][root][INFO] - Epoch: 52, loss: 12.9854
[2026-05-28 14:19:30,578][root][INFO] - Epoch: 53, loss: 13.5057
[2026-05-28 14:19:30,648][root][INFO] - Epoch: 54, loss: 12.9512
[2026-05-28 14:19:30,719][root][INFO] - Epoch: 55, loss: 15.8213
[2026-05-28 14:19:30,789][root][INFO] - Epoch: 56, loss: 18.3601
[2026-05-28 14:19:30,860][root][INFO] - Epoch: 57, loss: 16.5153
[2026-05-28 14:19:30,930][root][INFO] - Epoch: 58, loss: 15.5944
[2026-05-28 14:19:31,000][root][INFO] - Epoch: 59, loss: 13.5920
[2026-05-28 14:19:31,071][root][INFO] - Epoch: 60, loss: 13.6330
[2026-05-28 14:19:31,141][root][INFO] - Epoch: 61, loss: 13.4716
[2026-05-28 14:19:31,212][root][INFO] - Epoch: 62, loss: 13.8468
[2026-05-28 14:19:31,283][root][INFO] - Epoch: 63, loss: 12.2365
[2026-05-28 14:19:31,354][root][INFO] - Epoch: 64, loss: 13.6329
[2026-05-28 14:19:31,425][root][INFO] - Epoch: 65, loss: 12.0913
[2026-05-28 14:19:31,495][root][INFO] - Epoch: 66, loss: 12.6306
[2026-05-28 14:19:31,566][root][INFO] - Epoch: 67, loss: 12.1264
[2026-05-28 14:19:31,636][root][INFO] - Epoch: 68, loss: 11.6260
[2026-05-28 14:19:31,706][root][INFO] - Epoch: 69, loss: 11.6445
[2026-05-28 14:19:31,777][root][INFO] - Epoch: 70, loss: 11.1180
[2026-05-28 14:19:31,847][root][INFO] - Epoch: 71, loss: 10.8510
[2026-05-28 14:19:31,918][root][INFO] - Epoch: 72, loss: 10.6605
[2026-05-28 14:19:31,989][root][INFO] - Epoch: 73, loss: 10.4673
[2026-05-28 14:19:32,060][root][INFO] - Epoch: 74, loss: 13.9408
[2026-05-28 14:19:32,130][root][INFO] - Epoch: 75, loss: 16.8191
[2026-05-28 14:19:32,200][root][INFO] - Epoch: 76, loss: 15.6025
[2026-05-28 14:19:32,271][root][INFO] - Epoch: 77, loss: 14.1997
[2026-05-28 14:19:32,341][root][INFO] - Epoch: 78, loss: 12.1068
[2026-05-28 14:19:32,412][root][INFO] - Epoch: 79, loss: 11.4513
[2026-05-28 14:19:32,482][root][INFO] - Epoch: 80, loss: 10.5173
[2026-05-28 14:19:32,554][root][INFO] - Epoch: 81, loss: 10.4964
[2026-05-28 14:19:32,625][root][INFO] - Epoch: 82, loss: 10.9011
[2026-05-28 14:19:32,695][root][INFO] - Epoch: 83, loss: 10.4416
[2026-05-28 14:19:32,765][root][INFO] - Epoch: 84, loss: 9.9567
[2026-05-28 14:19:32,835][root][INFO] - Epoch: 85, loss: 9.4478
[2026-05-28 14:19:32,906][root][INFO] - Epoch: 86, loss: 9.4440
[2026-05-28 14:19:32,976][root][INFO] - Epoch: 87, loss: 10.4039
[2026-05-28 14:19:33,046][root][INFO] - Epoch: 88, loss: 11.6349
[2026-05-28 14:19:33,117][root][INFO] - Epoch: 89, loss: 11.3090
[2026-05-28 14:19:33,187][root][INFO] - Epoch: 90, loss: 10.6923
[2026-05-28 14:19:33,258][root][INFO] - Epoch: 91, loss: 9.9410
[2026-05-28 14:19:33,328][root][INFO] - Epoch: 92, loss: 9.5478
[2026-05-28 14:19:33,399][root][INFO] - Epoch: 93, loss: 8.8951
[2026-05-28 14:19:33,469][root][INFO] - Epoch: 94, loss: 8.6304
[2026-05-28 14:19:33,540][root][INFO] - Epoch: 95, loss: 8.9143
[2026-05-28 14:19:33,610][root][INFO] - Epoch: 96, loss: 8.8037
[2026-05-28 14:19:33,681][root][INFO] - Epoch: 97, loss: 8.3637
[2026-05-28 14:19:33,751][root][INFO] - Epoch: 98, loss: 9.8830
[2026-05-28 14:19:33,821][root][INFO] - Epoch: 99, loss: 9.3955
[2026-05-28 14:19:33,892][root][INFO] - Epoch: 100, loss: 9.6343
[2026-05-28 14:19:33,963][root][INFO] - Epoch: 101, loss: 8.3206
[2026-05-28 14:19:34,033][root][INFO] - Epoch: 102, loss: 9.0712
[2026-05-28 14:19:34,104][root][INFO] - Epoch: 103, loss: 9.5399
[2026-05-28 14:19:34,175][root][INFO] - Epoch: 104, loss: 9.6246
[2026-05-28 14:19:34,245][root][INFO] - Epoch: 105, loss: 9.4008
[2026-05-28 14:19:34,315][root][INFO] - Epoch: 106, loss: 11.3495
[2026-05-28 14:19:34,386][root][INFO] - Epoch: 107, loss: 9.5435
[2026-05-28 14:19:34,457][root][INFO] - Epoch: 108, loss: 9.5937
[2026-05-28 14:19:34,528][root][INFO] - Epoch: 109, loss: 8.6759
[2026-05-28 14:19:34,598][root][INFO] - Epoch: 110, loss: 8.8490
[2026-05-28 14:19:34,669][root][INFO] - Epoch: 111, loss: 8.3544
[2026-05-28 14:19:34,739][root][INFO] - Epoch: 112, loss: 8.3845
[2026-05-28 14:19:34,740][root][INFO] - Early stopping at epoch: 111
[2026-05-28 14:19:34,776][root][INFO] - {'model_loss': '8.3845', 'recon_loss': '0.0000', 'triplet_loss': '8.3845'}
[2026-05-28 14:19:34,779][root][INFO] - Generation 182/400 - Time: 0.00 seconds
[2026-05-28 14:19:34,780][root][INFO] - {'coverage': '100.00', 'max_fitness': '0.00', 'passive_coverage': '69.53', 'passive_max_fitness': '0.00', 'passive_mean_fitness': '-62.95', 'passive_qd_score': '55869.25', 'qd_score': '98143.51', 'mean_fitness_top_k': '-20.23'}
[2026-05-28 14:19:35,774][root][INFO] - Generation 183/400 - Time: 0.00 seconds
[2026-05-28 14:19:35,774][root][INFO] - {'coverage': '100.00', 'max_fitness': '0.00', 'passive_coverage': '69.92', 'passive_max_fitness': '0.00', 'passive_mean_fitness': '-63.03', 'passive_qd_score': '56124.71', 'qd_score': '84012.39', 'mean_fitness_top_k': '-26.91'}
[2026-05-28 14:19:36,747][root][INFO] - Generation 184/400 - Time: 0.00 seconds
[2026-05-28 14:19:36,748][root][INFO] - {'coverage': '100.00', 'max_fitness': '0.00', 'passive_coverage': '69.92', 'passive_max_fitness': '0.00', 'passive_mean_fitness': '-63.03', 'passive_qd_score': '56125.61', 'qd_score': '83077.50', 'mean_fitness_top_k': '-29.72'}
[2026-05-28 14:19:37,749][root][INFO] - Generation 185/400 - Time: 0.00 seconds
[2026-05-28 14:19:37,750][root][INFO] - {'coverage': '100.00', 'max_fitness': '0.00', 'passive_coverage': '70.21', 'passive_max_fitness': '0.00', 'passive_mean_fitness': '-63.05', 'passive_qd_score': '56351.02', 'qd_score': '82952.17', 'mean_fitness_top_k': '-30.85'}
[2026-05-28 14:19:38,733][root][INFO] - Generation 186/400 - Time: 0.00 seconds
[2026-05-28 14:19:38,734][root][INFO] - {'coverage': '100.00', 'max_fitness': '0.00', 'passive_coverage': '70.21', 'passive_max_fitness': '0.00', 'passive_mean_fitness': '-63.04', 'passive_qd_score': '56354.75', 'qd_score': '82984.66', 'mean_fitness_top_k': '-30.96'}
[2026-05-28 14:19:39,711][root][INFO] - Generation 187/400 - Time: 0.00 seconds
[2026-05-28 14:19:39,712][root][INFO] - {'coverage': '100.00', 'max_fitness': '0.00', 'passive_coverage': '70.31', 'passive_max_fitness': '0.00', 'passive_mean_fitness': '-63.02', 'passive_qd_score': '56451.12', 'qd_score': '82687.73', 'mean_fitness_top_k': '-31.75'}
[2026-05-28 14:19:39,714][root][INFO] - Saving snapshot to runs/20260528_141105_kheperax_seed42/plots/latent_generation_935_5_gens_after_ext_gen910.png
[2026-05-28 14:19:42,112][root][INFO] - Generation 188/400 - Time: 0.00 seconds
[2026-05-28 14:19:42,113][root][INFO] - {'coverage': '100.00', 'max_fitness': '0.00', 'passive_coverage': '70.31', 'passive_max_fitness': '0.00', 'passive_mean_fitness': '-63.02', 'passive_qd_score': '56451.12', 'qd_score': '83010.20', 'mean_fitness_top_k': '-32.23'}
[2026-05-28 14:19:43,087][root][INFO] - Generation 189/400 - Time: 0.00 seconds
[2026-05-28 14:19:43,088][root][INFO] - {'coverage': '100.00', 'max_fitness': '0.00', 'passive_coverage': '70.51', 'passive_max_fitness': '0.00', 'passive_mean_fitness': '-62.90', 'passive_qd_score': '56693.27', 'qd_score': '83652.62', 'mean_fitness_top_k': '-31.76'}
[2026-05-28 14:19:44,109][root][INFO] - Generation 190/400 - Time: 0.00 seconds
[2026-05-28 14:19:44,109][root][INFO] - {'coverage': '100.00', 'max_fitness': '0.00', 'passive_coverage': '70.51', 'passive_max_fitness': '0.00', 'passive_mean_fitness': '-62.90', 'passive_qd_score': '56695.27', 'qd_score': '83714.59', 'mean_fitness_top_k': '-32.29'}
[2026-05-28 14:19:45,081][root][INFO] - Generation 191/400 - Time: 0.00 seconds
[2026-05-28 14:19:45,082][root][INFO] - {'coverage': '100.00', 'max_fitness': '0.00', 'passive_coverage': '70.51', 'passive_max_fitness': '0.00', 'passive_mean_fitness': '-62.90', 'passive_qd_score': '56695.27', 'qd_score': '84519.10', 'mean_fitness_top_k': '-31.55'}
[2026-05-28 14:19:46,051][root][INFO] - Generation 192/400 - Time: 0.00 seconds
[2026-05-28 14:19:46,052][root][INFO] - {'coverage': '100.00', 'max_fitness': '0.00', 'passive_coverage': '70.51', 'passive_max_fitness': '0.00', 'passive_mean_fitness': '-62.89', 'passive_qd_score': '56697.34', 'qd_score': '84712.16', 'mean_fitness_top_k': '-31.61'}
[2026-05-28 14:19:47,074][root][INFO] - Generation 193/400 - Time: 0.00 seconds
[2026-05-28 14:19:47,075][root][INFO] - {'coverage': '100.00', 'max_fitness': '0.00', 'passive_coverage': '70.61', 'passive_max_fitness': '0.00', 'passive_mean_fitness': '-62.81', 'passive_qd_score': '56839.06', 'qd_score': '85370.86', 'mean_fitness_top_k': '-30.78'}
[2026-05-28 14:19:48,049][root][INFO] - Generation 194/400 - Time: 0.00 seconds
[2026-05-28 14:19:48,050][root][INFO] - {'coverage': '100.00', 'max_fitness': '0.00', 'passive_coverage': '70.61', 'passive_max_fitness': '0.00', 'passive_mean_fitness': '-62.80', 'passive_qd_score': '56840.35', 'qd_score': '85402.04', 'mean_fitness_top_k': '-31.22'}
[2026-05-28 14:19:49,099][root][INFO] - Generation 195/400 - Time: 0.00 seconds
[2026-05-28 14:19:49,100][root][INFO] - {'coverage': '100.00', 'max_fitness': '0.00', 'passive_coverage': '70.61', 'passive_max_fitness': '0.00', 'passive_mean_fitness': '-62.80', 'passive_qd_score': '56841.08', 'qd_score': '85468.30', 'mean_fitness_top_k': '-31.74'}
[2026-05-28 14:19:50,117][root][INFO] - Generation 196/400 - Time: 0.00 seconds
[2026-05-28 14:19:50,118][root][INFO] - {'coverage': '100.00', 'max_fitness': '0.00', 'passive_coverage': '70.61', 'passive_max_fitness': '0.00', 'passive_mean_fitness': '-62.80', 'passive_qd_score': '56842.61', 'qd_score': '85602.27', 'mean_fitness_top_k': '-31.57'}
[2026-05-28 14:19:51,096][root][INFO] - Generation 197/400 - Time: 0.00 seconds
[2026-05-28 14:19:51,097][root][INFO] - {'coverage': '100.00', 'max_fitness': '0.00', 'passive_coverage': '70.61', 'passive_max_fitness': '0.00', 'passive_mean_fitness': '-62.80', 'passive_qd_score': '56843.41', 'qd_score': '85646.50', 'mean_fitness_top_k': '-31.28'}
[2026-05-28 14:19:52,101][root][INFO] - Generation 198/400 - Time: 0.00 seconds
[2026-05-28 14:19:52,102][root][INFO] - {'coverage': '100.00', 'max_fitness': '0.00', 'passive_coverage': '70.61', 'passive_max_fitness': '0.00', 'passive_mean_fitness': '-62.80', 'passive_qd_score': '56843.41', 'qd_score': '85633.55', 'mean_fitness_top_k': '-31.28'}
[2026-05-28 14:19:53,103][root][INFO] - Generation 199/400 - Time: 0.00 seconds
[2026-05-28 14:19:53,103][root][INFO] - {'coverage': '100.00', 'max_fitness': '0.00', 'passive_coverage': '70.70', 'passive_max_fitness': '0.00', 'passive_mean_fitness': '-62.74', 'passive_qd_score': '56964.51', 'qd_score': '85843.84', 'mean_fitness_top_k': '-30.97'}
[2026-05-28 14:19:54,151][root][INFO] - Generation 200/400 - Time: 0.00 seconds
[2026-05-28 14:19:54,152][root][INFO] - {'coverage': '100.00', 'max_fitness': '0.00', 'passive_coverage': '70.70', 'passive_max_fitness': '0.00', 'passive_mean_fitness': '-62.74', 'passive_qd_score': '56967.85', 'qd_score': '86122.88', 'mean_fitness_top_k': '-30.70'}
[2026-05-28 14:19:55,117][root][INFO] - Generation 201/400 - Time: 0.00 seconds
[2026-05-28 14:19:55,118][root][INFO] - {'coverage': '100.00', 'max_fitness': '0.00', 'passive_coverage': '70.70', 'passive_max_fitness': '0.00', 'passive_mean_fitness': '-62.74', 'passive_qd_score': '56967.85', 'qd_score': '86525.95', 'mean_fitness_top_k': '-30.35'}
[2026-05-28 14:19:56,096][root][INFO] - Generation 202/400 - Time: 0.00 seconds
[2026-05-28 14:19:56,096][root][INFO] - {'coverage': '100.00', 'max_fitness': '0.00', 'passive_coverage': '70.80', 'passive_max_fitness': '0.00', 'passive_mean_fitness': '-62.73', 'passive_qd_score': '57054.36', 'qd_score': '86519.33', 'mean_fitness_top_k': '-30.52'}
[2026-05-28 14:19:57,108][root][INFO] - Generation 203/400 - Time: 0.00 seconds
[2026-05-28 14:19:57,109][root][INFO] - {'coverage': '100.00', 'max_fitness': '0.00', 'passive_coverage': '70.80', 'passive_max_fitness': '0.00', 'passive_mean_fitness': '-62.73', 'passive_qd_score': '57054.36', 'qd_score': '86691.54', 'mean_fitness_top_k': '-30.58'}
[2026-05-28 14:19:58,082][root][INFO] - Generation 204/400 - Time: 0.00 seconds
[2026-05-28 14:19:58,083][root][INFO] - {'coverage': '100.00', 'max_fitness': '0.00', 'passive_coverage': '70.90', 'passive_max_fitness': '0.00', 'passive_mean_fitness': '-62.72', 'passive_qd_score': '57134.96', 'qd_score': '86693.43', 'mean_fitness_top_k': '-30.66'}
[2026-05-28 14:19:59,056][root][INFO] - Generation 205/400 - Time: 0.00 seconds
[2026-05-28 14:19:59,056][root][INFO] - {'coverage': '100.00', 'max_fitness': '0.00', 'passive_coverage': '70.90', 'passive_max_fitness': '0.00', 'passive_mean_fitness': '-62.72', 'passive_qd_score': '57134.96', 'qd_score': '86781.37', 'mean_fitness_top_k': '-30.53'}
[2026-05-28 14:20:00,053][root][INFO] - Generation 206/400 - Time: 0.00 seconds
[2026-05-28 14:20:00,054][root][INFO] - {'coverage': '100.00', 'max_fitness': '0.00', 'passive_coverage': '70.90', 'passive_max_fitness': '0.00', 'passive_mean_fitness': '-62.72', 'passive_qd_score': '57138.01', 'qd_score': '87020.60', 'mean_fitness_top_k': '-29.98'}
[2026-05-28 14:20:01,026][root][INFO] - Generation 207/400 - Time: 0.00 seconds
[2026-05-28 14:20:01,026][root][INFO] - {'coverage': '100.00', 'max_fitness': '0.00', 'passive_coverage': '70.90', 'passive_max_fitness': '0.00', 'passive_mean_fitness': '-62.72', 'passive_qd_score': '57138.12', 'qd_score': '87100.77', 'mean_fitness_top_k': '-30.32'}
[2026-05-28 14:20:02,024][root][INFO] - Generation 208/400 - Time: 0.00 seconds
[2026-05-28 14:20:02,025][root][INFO] - {'coverage': '100.00', 'max_fitness': '0.00', 'passive_coverage': '70.90', 'passive_max_fitness': '0.00', 'passive_mean_fitness': '-62.72', 'passive_qd_score': '57138.13', 'qd_score': '87233.17', 'mean_fitness_top_k': '-30.46'}
[2026-05-28 14:20:02,993][root][INFO] - Generation 209/400 - Time: 0.00 seconds
[2026-05-28 14:20:02,994][root][INFO] - {'coverage': '100.00', 'max_fitness': '0.00', 'passive_coverage': '71.00', 'passive_max_fitness': '0.00', 'passive_mean_fitness': '-62.64', 'passive_qd_score': '57272.97', 'qd_score': '86948.13', 'mean_fitness_top_k': '-30.83'}
[2026-05-28 14:20:04,023][root][INFO] - Updating AE...
[2026-05-28 14:20:04,766][root][INFO] - Epoch: 1, loss: 1140.3890
[2026-05-28 14:20:04,838][root][INFO] - Epoch: 2, loss: 626.1258
[2026-05-28 14:20:04,910][root][INFO] - Epoch: 3, loss: 605.4459
[2026-05-28 14:20:04,982][root][INFO] - Epoch: 4, loss: 595.1639
[2026-05-28 14:20:05,053][root][INFO] - Epoch: 5, loss: 592.3812
[2026-05-28 14:20:05,124][root][INFO] - Epoch: 6, loss: 589.4955
[2026-05-28 14:20:05,195][root][INFO] - Epoch: 7, loss: 586.1440
[2026-05-28 14:20:05,266][root][INFO] - Epoch: 8, loss: 583.7938
[2026-05-28 14:20:05,336][root][INFO] - Epoch: 9, loss: 580.4987
[2026-05-28 14:20:05,407][root][INFO] - Epoch: 10, loss: 577.9720
[2026-05-28 14:20:05,477][root][INFO] - Epoch: 11, loss: 576.5291
[2026-05-28 14:20:05,548][root][INFO] - Epoch: 12, loss: 575.0413
[2026-05-28 14:20:05,619][root][INFO] - Epoch: 13, loss: 574.4686
[2026-05-28 14:20:05,689][root][INFO] - Epoch: 14, loss: 572.7203
[2026-05-28 14:20:05,761][root][INFO] - Epoch: 15, loss: 571.4374
[2026-05-28 14:20:05,831][root][INFO] - Epoch: 16, loss: 570.3624
[2026-05-28 14:20:05,901][root][INFO] - Epoch: 17, loss: 569.5112
[2026-05-28 14:20:05,972][root][INFO] - Epoch: 18, loss: 568.7379
[2026-05-28 14:20:06,043][root][INFO] - Epoch: 19, loss: 569.0900
[2026-05-28 14:20:06,114][root][INFO] - Epoch: 20, loss: 567.3466
[2026-05-28 14:20:06,185][root][INFO] - Epoch: 21, loss: 565.5519
[2026-05-28 14:20:06,256][root][INFO] - Epoch: 22, loss: 564.7183
[2026-05-28 14:20:06,326][root][INFO] - Epoch: 23, loss: 563.4315
[2026-05-28 14:20:06,397][root][INFO] - Epoch: 24, loss: 561.1482
[2026-05-28 14:20:06,467][root][INFO] - Epoch: 25, loss: 559.1315
[2026-05-28 14:20:06,538][root][INFO] - Epoch: 26, loss: 556.4244
[2026-05-28 14:20:06,609][root][INFO] - Epoch: 27, loss: 554.6657
[2026-05-28 14:20:06,680][root][INFO] - Epoch: 28, loss: 552.6496
[2026-05-28 14:20:06,751][root][INFO] - Epoch: 29, loss: 548.0156
[2026-05-28 14:20:06,821][root][INFO] - Epoch: 30, loss: 549.1360
[2026-05-28 14:20:06,891][root][INFO] - Epoch: 31, loss: 547.4424
[2026-05-28 14:20:06,961][root][INFO] - Epoch: 32, loss: 544.3000
[2026-05-28 14:20:07,032][root][INFO] - Epoch: 33, loss: 591.1146
[2026-05-28 14:20:07,103][root][INFO] - Epoch: 34, loss: 582.5730
[2026-05-28 14:20:07,173][root][INFO] - Epoch: 35, loss: 574.4792
[2026-05-28 14:20:07,244][root][INFO] - Epoch: 36, loss: 582.1121
[2026-05-28 14:20:07,314][root][INFO] - Epoch: 37, loss: 578.9410
[2026-05-28 14:20:07,384][root][INFO] - Epoch: 38, loss: 568.5698
[2026-05-28 14:20:07,455][root][INFO] - Epoch: 39, loss: 563.6561
[2026-05-28 14:20:07,526][root][INFO] - Epoch: 40, loss: 557.0201
[2026-05-28 14:20:07,596][root][INFO] - Epoch: 41, loss: 551.6714
[2026-05-28 14:20:07,667][root][INFO] - Epoch: 42, loss: 550.4100
[2026-05-28 14:20:07,737][root][INFO] - Epoch: 43, loss: 546.2833
[2026-05-28 14:20:07,738][root][INFO] - Early stopping at epoch: 42
[2026-05-28 14:20:07,768][root][INFO] - {'model_loss': '546.2833', 'recon_loss': '0.0000', 'triplet_loss': '546.2833'}
[2026-05-28 14:20:07,772][root][INFO] - Extinction event (pre-encoder)...
[2026-05-28 14:20:07,772][root][INFO] - Saving snapshot to runs/20260528_141105_kheperax_seed42/plots/latent_generation_1050_before_ext.png
[2026-05-28 14:20:09,204][root][INFO] - Saving snapshot to runs/20260528_141105_kheperax_seed42/plots/latent_generation_1050_after_ext.png
[2026-05-28 14:20:10,439][root][INFO] - Updating AE...
[2026-05-28 14:20:11,177][root][INFO] - Epoch: 1, loss: 56.7664
[2026-05-28 14:20:11,250][root][INFO] - Epoch: 2, loss: 15.2037
[2026-05-28 14:20:11,322][root][INFO] - Epoch: 3, loss: 12.9464
[2026-05-28 14:20:11,395][root][INFO] - Epoch: 4, loss: 11.5514
[2026-05-28 14:20:11,465][root][INFO] - Epoch: 5, loss: 10.8096
[2026-05-28 14:20:11,535][root][INFO] - Epoch: 6, loss: 10.5444
[2026-05-28 14:20:11,605][root][INFO] - Epoch: 7, loss: 10.3878
[2026-05-28 14:20:11,676][root][INFO] - Epoch: 8, loss: 10.2981
[2026-05-28 14:20:11,748][root][INFO] - Epoch: 9, loss: 10.2015
[2026-05-28 14:20:11,819][root][INFO] - Epoch: 10, loss: 10.1198
[2026-05-28 14:20:11,890][root][INFO] - Epoch: 11, loss: 10.0361
[2026-05-28 14:20:11,960][root][INFO] - Epoch: 12, loss: 9.9280
[2026-05-28 14:20:12,030][root][INFO] - Epoch: 13, loss: 9.8013
[2026-05-28 14:20:12,101][root][INFO] - Epoch: 14, loss: 9.6207
[2026-05-28 14:20:12,171][root][INFO] - Epoch: 15, loss: 9.5129
[2026-05-28 14:20:12,241][root][INFO] - Epoch: 16, loss: 9.4038
[2026-05-28 14:20:12,311][root][INFO] - Epoch: 17, loss: 9.3309
[2026-05-28 14:20:12,382][root][INFO] - Epoch: 18, loss: 9.2192
[2026-05-28 14:20:12,452][root][INFO] - Epoch: 19, loss: 9.1341
[2026-05-28 14:20:12,523][root][INFO] - Epoch: 20, loss: 9.0587
[2026-05-28 14:20:12,592][root][INFO] - Epoch: 21, loss: 8.9455
[2026-05-28 14:20:12,663][root][INFO] - Epoch: 22, loss: 8.8494
[2026-05-28 14:20:12,733][root][INFO] - Epoch: 23, loss: 8.7317
[2026-05-28 14:20:12,803][root][INFO] - Epoch: 24, loss: 8.6259
[2026-05-28 14:20:12,873][root][INFO] - Epoch: 25, loss: 8.5660
[2026-05-28 14:20:12,944][root][INFO] - Epoch: 26, loss: 8.4697
[2026-05-28 14:20:13,014][root][INFO] - Epoch: 27, loss: 8.3968
[2026-05-28 14:20:13,084][root][INFO] - Epoch: 28, loss: 8.3200
[2026-05-28 14:20:13,155][root][INFO] - Epoch: 29, loss: 8.2372
[2026-05-28 14:20:13,226][root][INFO] - Epoch: 30, loss: 8.1538
[2026-05-28 14:20:13,298][root][INFO] - Epoch: 31, loss: 8.0795
[2026-05-28 14:20:13,369][root][INFO] - Epoch: 32, loss: 8.0161
[2026-05-28 14:20:13,440][root][INFO] - Epoch: 33, loss: 7.9245
[2026-05-28 14:20:13,510][root][INFO] - Epoch: 34, loss: 7.7886
[2026-05-28 14:20:13,581][root][INFO] - Epoch: 35, loss: 7.6423
[2026-05-28 14:20:13,651][root][INFO] - Epoch: 36, loss: 7.9891
[2026-05-28 14:20:13,722][root][INFO] - Epoch: 37, loss: 7.4723
[2026-05-28 14:20:13,794][root][INFO] - Epoch: 38, loss: 7.5036
[2026-05-28 14:20:13,864][root][INFO] - Epoch: 39, loss: 7.3412
[2026-05-28 14:20:13,934][root][INFO] - Epoch: 40, loss: 7.2464
[2026-05-28 14:20:14,004][root][INFO] - Epoch: 41, loss: 7.1184
[2026-05-28 14:20:14,074][root][INFO] - Epoch: 42, loss: 7.0325
[2026-05-28 14:20:14,145][root][INFO] - Epoch: 43, loss: 7.0032
[2026-05-28 14:20:14,216][root][INFO] - Epoch: 44, loss: 6.9521
[2026-05-28 14:20:14,288][root][INFO] - Epoch: 45, loss: 6.9512
[2026-05-28 14:20:14,359][root][INFO] - Epoch: 46, loss: 6.8767
[2026-05-28 14:20:14,430][root][INFO] - Epoch: 47, loss: 6.8714
[2026-05-28 14:20:14,501][root][INFO] - Epoch: 48, loss: 6.7733
[2026-05-28 14:20:14,572][root][INFO] - Epoch: 49, loss: 6.7027
[2026-05-28 14:20:14,644][root][INFO] - Epoch: 50, loss: 6.7400
[2026-05-28 14:20:14,715][root][INFO] - Epoch: 51, loss: 6.6686
[2026-05-28 14:20:14,787][root][INFO] - Epoch: 52, loss: 6.6864
[2026-05-28 14:20:14,858][root][INFO] - Epoch: 53, loss: 6.5185
[2026-05-28 14:20:14,928][root][INFO] - Epoch: 54, loss: 6.4848
[2026-05-28 14:20:14,999][root][INFO] - Epoch: 55, loss: 6.4806
[2026-05-28 14:20:15,070][root][INFO] - Epoch: 56, loss: 6.3976
[2026-05-28 14:20:15,140][root][INFO] - Epoch: 57, loss: 6.4198
[2026-05-28 14:20:15,212][root][INFO] - Epoch: 58, loss: 6.4277
[2026-05-28 14:20:15,283][root][INFO] - Epoch: 59, loss: 6.3263
[2026-05-28 14:20:15,355][root][INFO] - Epoch: 60, loss: 6.2830
[2026-05-28 14:20:15,426][root][INFO] - Epoch: 61, loss: 6.3040
[2026-05-28 14:20:15,497][root][INFO] - Epoch: 62, loss: 6.1991
[2026-05-28 14:20:15,567][root][INFO] - Epoch: 63, loss: 6.1496
[2026-05-28 14:20:15,639][root][INFO] - Epoch: 64, loss: 6.1229
[2026-05-28 14:20:15,710][root][INFO] - Epoch: 65, loss: 6.0938
[2026-05-28 14:20:15,780][root][INFO] - Epoch: 66, loss: 6.0777
[2026-05-28 14:20:15,851][root][INFO] - Epoch: 67, loss: 6.0357
[2026-05-28 14:20:15,923][root][INFO] - Epoch: 68, loss: 5.9407
[2026-05-28 14:20:15,994][root][INFO] - Epoch: 69, loss: 5.9361
[2026-05-28 14:20:16,066][root][INFO] - Epoch: 70, loss: 5.9567
[2026-05-28 14:20:16,138][root][INFO] - Epoch: 71, loss: 5.9145
[2026-05-28 14:20:16,209][root][INFO] - Epoch: 72, loss: 5.8520
[2026-05-28 14:20:16,279][root][INFO] - Epoch: 73, loss: 5.7837
[2026-05-28 14:20:16,350][root][INFO] - Epoch: 74, loss: 5.6933
[2026-05-28 14:20:16,421][root][INFO] - Epoch: 75, loss: 5.6909
[2026-05-28 14:20:16,493][root][INFO] - Epoch: 76, loss: 5.7734
[2026-05-28 14:20:16,564][root][INFO] - Epoch: 77, loss: 5.6905
[2026-05-28 14:20:16,635][root][INFO] - Epoch: 78, loss: 5.6922
[2026-05-28 14:20:16,705][root][INFO] - Epoch: 79, loss: 5.5848
[2026-05-28 14:20:16,775][root][INFO] - Epoch: 80, loss: 5.6274
[2026-05-28 14:20:16,846][root][INFO] - Epoch: 81, loss: 5.5169
[2026-05-28 14:20:16,917][root][INFO] - Epoch: 82, loss: 5.4810
[2026-05-28 14:20:16,988][root][INFO] - Epoch: 83, loss: 5.5971
[2026-05-28 14:20:17,059][root][INFO] - Epoch: 84, loss: 5.4882
[2026-05-28 14:20:17,131][root][INFO] - Epoch: 85, loss: 5.5888
[2026-05-28 14:20:17,202][root][INFO] - Epoch: 86, loss: 5.5690
[2026-05-28 14:20:17,274][root][INFO] - Epoch: 87, loss: 5.4438
[2026-05-28 14:20:17,345][root][INFO] - Epoch: 88, loss: 5.4482
[2026-05-28 14:20:17,416][root][INFO] - Epoch: 89, loss: 5.3896
[2026-05-28 14:20:17,487][root][INFO] - Epoch: 90, loss: 5.4142
[2026-05-28 14:20:17,559][root][INFO] - Epoch: 91, loss: 5.4404
[2026-05-28 14:20:17,629][root][INFO] - Epoch: 92, loss: 5.3462
[2026-05-28 14:20:17,700][root][INFO] - Epoch: 93, loss: 5.3490
[2026-05-28 14:20:17,771][root][INFO] - Epoch: 94, loss: 5.2629
[2026-05-28 14:20:17,841][root][INFO] - Epoch: 95, loss: 5.2618
[2026-05-28 14:20:17,913][root][INFO] - Epoch: 96, loss: 5.3007
[2026-05-28 14:20:17,984][root][INFO] - Epoch: 97, loss: 5.2385
[2026-05-28 14:20:18,055][root][INFO] - Epoch: 98, loss: 5.2200
[2026-05-28 14:20:18,127][root][INFO] - Epoch: 99, loss: 5.2030
[2026-05-28 14:20:18,198][root][INFO] - Epoch: 100, loss: 5.1920
[2026-05-28 14:20:18,268][root][INFO] - Epoch: 101, loss: 5.2038
[2026-05-28 14:20:18,339][root][INFO] - Epoch: 102, loss: 5.1492
[2026-05-28 14:20:18,410][root][INFO] - Epoch: 103, loss: 5.0960
[2026-05-28 14:20:18,480][root][INFO] - Epoch: 104, loss: 5.0582
[2026-05-28 14:20:18,551][root][INFO] - Epoch: 105, loss: 5.0827
[2026-05-28 14:20:18,622][root][INFO] - Epoch: 106, loss: 5.0468
[2026-05-28 14:20:18,693][root][INFO] - Epoch: 107, loss: 5.0756
[2026-05-28 14:20:18,764][root][INFO] - Epoch: 108, loss: 4.9863
[2026-05-28 14:20:18,837][root][INFO] - Epoch: 109, loss: 5.1166
[2026-05-28 14:20:18,907][root][INFO] - Epoch: 110, loss: 4.9839
[2026-05-28 14:20:18,979][root][INFO] - Epoch: 111, loss: 5.0244
[2026-05-28 14:20:19,049][root][INFO] - Epoch: 112, loss: 5.1029
[2026-05-28 14:20:19,120][root][INFO] - Epoch: 113, loss: 4.9569
[2026-05-28 14:20:19,191][root][INFO] - Epoch: 114, loss: 4.9973
[2026-05-28 14:20:19,263][root][INFO] - Epoch: 115, loss: 4.9299
[2026-05-28 14:20:19,333][root][INFO] - Epoch: 116, loss: 4.8919
[2026-05-28 14:20:19,404][root][INFO] - Epoch: 117, loss: 4.9250
[2026-05-28 14:20:19,474][root][INFO] - Epoch: 118, loss: 4.8282
[2026-05-28 14:20:19,544][root][INFO] - Epoch: 119, loss: 4.8605
[2026-05-28 14:20:19,616][root][INFO] - Epoch: 120, loss: 4.7993
[2026-05-28 14:20:19,686][root][INFO] - Epoch: 121, loss: 4.9358
[2026-05-28 14:20:19,757][root][INFO] - Epoch: 122, loss: 4.7260
[2026-05-28 14:20:19,828][root][INFO] - Epoch: 123, loss: 4.7453
[2026-05-28 14:20:19,898][root][INFO] - Epoch: 124, loss: 4.7826
[2026-05-28 14:20:19,969][root][INFO] - Epoch: 125, loss: 4.6788
[2026-05-28 14:20:20,039][root][INFO] - Epoch: 126, loss: 4.7721
[2026-05-28 14:20:20,110][root][INFO] - Epoch: 127, loss: 4.7077
[2026-05-28 14:20:20,180][root][INFO] - Epoch: 128, loss: 4.9447
[2026-05-28 14:20:20,250][root][INFO] - Epoch: 129, loss: 5.1368
[2026-05-28 14:20:20,320][root][INFO] - Epoch: 130, loss: 4.9998
[2026-05-28 14:20:20,390][root][INFO] - Epoch: 131, loss: 4.7725
[2026-05-28 14:20:20,461][root][INFO] - Epoch: 132, loss: 4.6686
[2026-05-28 14:20:20,531][root][INFO] - Epoch: 133, loss: 4.5780
[2026-05-28 14:20:20,602][root][INFO] - Epoch: 134, loss: 4.5618
[2026-05-28 14:20:20,672][root][INFO] - Epoch: 135, loss: 4.4309
[2026-05-28 14:20:20,743][root][INFO] - Epoch: 136, loss: 4.4199
[2026-05-28 14:20:20,813][root][INFO] - Epoch: 137, loss: 4.4792
[2026-05-28 14:20:20,884][root][INFO] - Epoch: 138, loss: 7.6701
[2026-05-28 14:20:20,954][root][INFO] - Epoch: 139, loss: 9.1887
[2026-05-28 14:20:21,024][root][INFO] - Epoch: 140, loss: 7.3120
[2026-05-28 14:20:21,094][root][INFO] - Epoch: 141, loss: 6.8613
[2026-05-28 14:20:21,165][root][INFO] - Epoch: 142, loss: 6.5161
[2026-05-28 14:20:21,235][root][INFO] - Epoch: 143, loss: 6.1907
[2026-05-28 14:20:21,305][root][INFO] - Epoch: 144, loss: 5.9627
[2026-05-28 14:20:21,375][root][INFO] - Epoch: 145, loss: 5.7848
[2026-05-28 14:20:21,445][root][INFO] - Epoch: 146, loss: 5.7437
[2026-05-28 14:20:21,515][root][INFO] - Epoch: 147, loss: 5.6126
[2026-05-28 14:20:21,516][root][INFO] - Early stopping at epoch: 146
[2026-05-28 14:20:21,562][root][INFO] - {'model_loss': '5.6126', 'recon_loss': '0.0000', 'triplet_loss': '5.6126'}
[2026-05-28 14:20:21,566][root][INFO] - Generation 210/400 - Time: 0.00 seconds
[2026-05-28 14:20:21,566][root][INFO] - {'coverage': '100.00', 'max_fitness': '0.00', 'passive_coverage': '71.00', 'passive_max_fitness': '0.00', 'passive_mean_fitness': '-62.64', 'passive_qd_score': '57272.97', 'qd_score': '87315.58', 'mean_fitness_top_k': '-30.46'}
[2026-05-28 14:20:22,550][root][INFO] - Generation 211/400 - Time: 0.00 seconds
[2026-05-28 14:20:22,551][root][INFO] - {'coverage': '100.00', 'max_fitness': '0.00', 'passive_coverage': '71.48', 'passive_max_fitness': '0.00', 'passive_mean_fitness': '-62.71', 'passive_qd_score': '57615.61', 'qd_score': '86576.17', 'mean_fitness_top_k': '-26.53'}
[2026-05-28 14:20:23,526][root][INFO] - Generation 212/400 - Time: 0.00 seconds
[2026-05-28 14:20:23,527][root][INFO] - {'coverage': '100.00', 'max_fitness': '0.00', 'passive_coverage': '71.68', 'passive_max_fitness': '0.00', 'passive_mean_fitness': '-62.66', 'passive_qd_score': '57808.73', 'qd_score': '86774.48', 'mean_fitness_top_k': '-29.85'}
[2026-05-28 14:20:24,498][root][INFO] - Generation 213/400 - Time: 0.00 seconds
[2026-05-28 14:20:24,498][root][INFO] - {'coverage': '100.00', 'max_fitness': '0.00', 'passive_coverage': '71.68', 'passive_max_fitness': '0.00', 'passive_mean_fitness': '-62.66', 'passive_qd_score': '57813.79', 'qd_score': '87672.73', 'mean_fitness_top_k': '-30.28'}
[2026-05-28 14:20:25,472][root][INFO] - Generation 214/400 - Time: 0.00 seconds
[2026-05-28 14:20:25,473][root][INFO] - {'coverage': '100.00', 'max_fitness': '0.00', 'passive_coverage': '72.07', 'passive_max_fitness': '0.00', 'passive_mean_fitness': '-62.72', 'passive_qd_score': '58084.03', 'qd_score': '88415.98', 'mean_fitness_top_k': '-30.38'}
[2026-05-28 14:20:26,490][root][INFO] - Generation 215/400 - Time: 0.00 seconds
[2026-05-28 14:20:26,490][root][INFO] - {'coverage': '100.00', 'max_fitness': '0.00', 'passive_coverage': '72.17', 'passive_max_fitness': '0.00', 'passive_mean_fitness': '-62.62', 'passive_qd_score': '58230.84', 'qd_score': '88717.95', 'mean_fitness_top_k': '-30.48'}
[2026-05-28 14:20:26,492][root][INFO] - Saving snapshot to runs/20260528_141105_kheperax_seed42/plots/latent_generation_1075_5_gens_after_ext_gen1050.png
[2026-05-28 14:20:28,999][root][INFO] - Generation 216/400 - Time: 0.00 seconds
[2026-05-28 14:20:29,000][root][INFO] - {'coverage': '100.00', 'max_fitness': '0.00', 'passive_coverage': '72.27', 'passive_max_fitness': '0.00', 'passive_mean_fitness': '-62.61', 'passive_qd_score': '58316.94', 'qd_score': '89153.21', 'mean_fitness_top_k': '-31.36'}
[2026-05-28 14:20:29,976][root][INFO] - Generation 217/400 - Time: 0.00 seconds
[2026-05-28 14:20:29,976][root][INFO] - {'coverage': '100.00', 'max_fitness': '0.00', 'passive_coverage': '72.27', 'passive_max_fitness': '0.00', 'passive_mean_fitness': '-62.61', 'passive_qd_score': '58318.83', 'qd_score': '89502.20', 'mean_fitness_top_k': '-31.33'}
[2026-05-28 14:20:30,951][root][INFO] - Generation 218/400 - Time: 0.00 seconds
[2026-05-28 14:20:30,953][root][INFO] - {'coverage': '100.00', 'max_fitness': '0.00', 'passive_coverage': '72.27', 'passive_max_fitness': '0.00', 'passive_mean_fitness': '-62.61', 'passive_qd_score': '58320.54', 'qd_score': '89530.34', 'mean_fitness_top_k': '-31.23'}
[2026-05-28 14:20:31,920][root][INFO] - Generation 219/400 - Time: 0.00 seconds
[2026-05-28 14:20:31,921][root][INFO] - {'coverage': '100.00', 'max_fitness': '0.00', 'passive_coverage': '72.27', 'passive_max_fitness': '0.00', 'passive_mean_fitness': '-62.61', 'passive_qd_score': '58322.95', 'qd_score': '90212.31', 'mean_fitness_top_k': '-30.27'}
[2026-05-28 14:20:32,938][root][INFO] - Generation 220/400 - Time: 0.00 seconds
[2026-05-28 14:20:32,939][root][INFO] - {'coverage': '100.00', 'max_fitness': '0.00', 'passive_coverage': '72.36', 'passive_max_fitness': '0.00', 'passive_mean_fitness': '-62.61', 'passive_qd_score': '58397.81', 'qd_score': '90023.05', 'mean_fitness_top_k': '-30.51'}
[2026-05-28 14:20:33,957][root][INFO] - Generation 221/400 - Time: 0.00 seconds
[2026-05-28 14:20:33,958][root][INFO] - {'coverage': '100.00', 'max_fitness': '0.00', 'passive_coverage': '72.46', 'passive_max_fitness': '0.00', 'passive_mean_fitness': '-62.54', 'passive_qd_score': '58528.87', 'qd_score': '90347.46', 'mean_fitness_top_k': '-30.04'}
[2026-05-28 14:20:34,930][root][INFO] - Generation 222/400 - Time: 0.00 seconds
[2026-05-28 14:20:34,931][root][INFO] - {'coverage': '100.00', 'max_fitness': '0.00', 'passive_coverage': '72.46', 'passive_max_fitness': '0.00', 'passive_mean_fitness': '-62.54', 'passive_qd_score': '58530.27', 'qd_score': '90352.30', 'mean_fitness_top_k': '-30.22'}
[2026-05-28 14:20:35,899][root][INFO] - Generation 223/400 - Time: 0.00 seconds
[2026-05-28 14:20:35,900][root][INFO] - {'coverage': '100.00', 'max_fitness': '0.00', 'passive_coverage': '72.56', 'passive_max_fitness': '0.00', 'passive_mean_fitness': '-62.53', 'passive_qd_score': '58619.07', 'qd_score': '90601.98', 'mean_fitness_top_k': '-30.44'}
[2026-05-28 14:20:36,866][root][INFO] - Generation 224/400 - Time: 0.00 seconds
[2026-05-28 14:20:36,867][root][INFO] - {'coverage': '100.00', 'max_fitness': '0.00', 'passive_coverage': '72.56', 'passive_max_fitness': '0.00', 'passive_mean_fitness': '-62.52', 'passive_qd_score': '58624.92', 'qd_score': '90824.29', 'mean_fitness_top_k': '-30.07'}
[2026-05-28 14:20:37,889][root][INFO] - Generation 225/400 - Time: 0.00 seconds
[2026-05-28 14:20:37,889][root][INFO] - {'coverage': '100.00', 'max_fitness': '0.00', 'passive_coverage': '72.56', 'passive_max_fitness': '0.00', 'passive_mean_fitness': '-62.52', 'passive_qd_score': '58624.92', 'qd_score': '91045.39', 'mean_fitness_top_k': '-29.96'}
[2026-05-28 14:20:38,912][root][INFO] - Generation 226/400 - Time: 0.00 seconds
[2026-05-28 14:20:38,913][root][INFO] - {'coverage': '100.00', 'max_fitness': '0.00', 'passive_coverage': '72.56', 'passive_max_fitness': '0.00', 'passive_mean_fitness': '-62.52', 'passive_qd_score': '58624.92', 'qd_score': '91002.60', 'mean_fitness_top_k': '-29.77'}
[2026-05-28 14:20:39,882][root][INFO] - Generation 227/400 - Time: 0.00 seconds
[2026-05-28 14:20:39,883][root][INFO] - {'coverage': '100.00', 'max_fitness': '0.00', 'passive_coverage': '72.56', 'passive_max_fitness': '0.00', 'passive_mean_fitness': '-62.52', 'passive_qd_score': '58624.94', 'qd_score': '90820.38', 'mean_fitness_top_k': '-30.01'}
[2026-05-28 14:20:40,851][root][INFO] - Generation 228/400 - Time: 0.00 seconds
[2026-05-28 14:20:40,852][root][INFO] - {'coverage': '100.00', 'max_fitness': '0.00', 'passive_coverage': '72.56', 'passive_max_fitness': '0.00', 'passive_mean_fitness': '-62.52', 'passive_qd_score': '58626.39', 'qd_score': '90998.20', 'mean_fitness_top_k': '-29.94'}
[2026-05-28 14:20:41,817][root][INFO] - Generation 229/400 - Time: 0.00 seconds
[2026-05-28 14:20:41,818][root][INFO] - {'coverage': '100.00', 'max_fitness': '0.00', 'passive_coverage': '72.56', 'passive_max_fitness': '0.00', 'passive_mean_fitness': '-62.52', 'passive_qd_score': '58626.39', 'qd_score': '91308.64', 'mean_fitness_top_k': '-30.11'}
[2026-05-28 14:20:42,785][root][INFO] - Generation 230/400 - Time: 0.00 seconds
[2026-05-28 14:20:42,786][root][INFO] - {'coverage': '100.00', 'max_fitness': '0.00', 'passive_coverage': '72.56', 'passive_max_fitness': '0.00', 'passive_mean_fitness': '-62.51', 'passive_qd_score': '58629.68', 'qd_score': '91450.34', 'mean_fitness_top_k': '-29.91'}
[2026-05-28 14:20:43,755][root][INFO] - Generation 231/400 - Time: 0.00 seconds
[2026-05-28 14:20:43,756][root][INFO] - {'coverage': '100.00', 'max_fitness': '0.00', 'passive_coverage': '72.56', 'passive_max_fitness': '0.00', 'passive_mean_fitness': '-62.51', 'passive_qd_score': '58629.99', 'qd_score': '91483.95', 'mean_fitness_top_k': '-29.88'}
[2026-05-28 14:20:44,725][root][INFO] - Generation 232/400 - Time: 0.00 seconds
[2026-05-28 14:20:44,726][root][INFO] - {'coverage': '100.00', 'max_fitness': '0.00', 'passive_coverage': '72.56', 'passive_max_fitness': '0.00', 'passive_mean_fitness': '-62.51', 'passive_qd_score': '58629.99', 'qd_score': '91242.67', 'mean_fitness_top_k': '-30.18'}
[2026-05-28 14:20:45,723][root][INFO] - Generation 233/400 - Time: 0.00 seconds
[2026-05-28 14:20:45,724][root][INFO] - {'coverage': '100.00', 'max_fitness': '0.00', 'passive_coverage': '72.56', 'passive_max_fitness': '0.00', 'passive_mean_fitness': '-62.51', 'passive_qd_score': '58631.29', 'qd_score': '91136.84', 'mean_fitness_top_k': '-30.11'}
[2026-05-28 14:20:46,722][root][INFO] - Generation 234/400 - Time: 0.00 seconds
[2026-05-28 14:20:46,723][root][INFO] - {'coverage': '100.00', 'max_fitness': '0.00', 'passive_coverage': '72.56', 'passive_max_fitness': '0.00', 'passive_mean_fitness': '-62.51', 'passive_qd_score': '58633.46', 'qd_score': '91604.10', 'mean_fitness_top_k': '-30.02'}
[2026-05-28 14:20:47,740][root][INFO] - Generation 235/400 - Time: 0.00 seconds
[2026-05-28 14:20:47,741][root][INFO] - {'coverage': '100.00', 'max_fitness': '0.00', 'passive_coverage': '72.66', 'passive_max_fitness': '0.00', 'passive_mean_fitness': '-62.48', 'passive_qd_score': '58732.62', 'qd_score': '91579.59', 'mean_fitness_top_k': '-30.03'}
[2026-05-28 14:20:48,715][root][INFO] - Generation 236/400 - Time: 0.00 seconds
[2026-05-28 14:20:48,716][root][INFO] - {'coverage': '100.00', 'max_fitness': '0.00', 'passive_coverage': '72.66', 'passive_max_fitness': '0.00', 'passive_mean_fitness': '-62.48', 'passive_qd_score': '58735.91', 'qd_score': '91640.76', 'mean_fitness_top_k': '-30.51'}
[2026-05-28 14:20:49,719][root][INFO] - Generation 237/400 - Time: 0.00 seconds
[2026-05-28 14:20:49,720][root][INFO] - {'coverage': '100.00', 'max_fitness': '0.00', 'passive_coverage': '72.66', 'passive_max_fitness': '0.00', 'passive_mean_fitness': '-62.47', 'passive_qd_score': '58738.10', 'qd_score': '91560.45', 'mean_fitness_top_k': '-30.65'}
[2026-05-28 14:20:50,685][root][INFO] - Generation 238/400 - Time: 0.00 seconds
[2026-05-28 14:20:50,686][root][INFO] - {'coverage': '100.00', 'max_fitness': '0.00', 'passive_coverage': '72.66', 'passive_max_fitness': '0.00', 'passive_mean_fitness': '-62.47', 'passive_qd_score': '58738.28', 'qd_score': '91654.97', 'mean_fitness_top_k': '-30.76'}
[2026-05-28 14:20:51,702][root][INFO] - Generation 239/400 - Time: 0.00 seconds
[2026-05-28 14:20:51,703][root][INFO] - {'coverage': '100.00', 'max_fitness': '0.00', 'passive_coverage': '72.66', 'passive_max_fitness': '0.00', 'passive_mean_fitness': '-62.47', 'passive_qd_score': '58741.79', 'qd_score': '91908.52', 'mean_fitness_top_k': '-30.14'}
[2026-05-28 14:20:52,668][root][INFO] - Updating AE...
[2026-05-28 14:20:53,405][root][INFO] - Epoch: 1, loss: 1209.1088
[2026-05-28 14:20:53,476][root][INFO] - Epoch: 2, loss: 551.0573
[2026-05-28 14:20:53,548][root][INFO] - Epoch: 3, loss: 496.1640
[2026-05-28 14:20:53,619][root][INFO] - Epoch: 4, loss: 478.6722
[2026-05-28 14:20:53,691][root][INFO] - Epoch: 5, loss: 469.9831
[2026-05-28 14:20:53,762][root][INFO] - Epoch: 6, loss: 464.7166
[2026-05-28 14:20:53,831][root][INFO] - Epoch: 7, loss: 461.3430
[2026-05-28 14:20:53,902][root][INFO] - Epoch: 8, loss: 459.3030
[2026-05-28 14:20:53,972][root][INFO] - Epoch: 9, loss: 456.8591
[2026-05-28 14:20:54,042][root][INFO] - Epoch: 10, loss: 454.4153
[2026-05-28 14:20:54,112][root][INFO] - Epoch: 11, loss: 452.5416
[2026-05-28 14:20:54,182][root][INFO] - Epoch: 12, loss: 450.7293
[2026-05-28 14:20:54,252][root][INFO] - Epoch: 13, loss: 448.8635
[2026-05-28 14:20:54,322][root][INFO] - Epoch: 14, loss: 447.3168
[2026-05-28 14:20:54,392][root][INFO] - Epoch: 15, loss: 445.7253
[2026-05-28 14:20:54,462][root][INFO] - Epoch: 16, loss: 444.3102
[2026-05-28 14:20:54,532][root][INFO] - Epoch: 17, loss: 443.1210
[2026-05-28 14:20:54,602][root][INFO] - Epoch: 18, loss: 441.9579
[2026-05-28 14:20:54,673][root][INFO] - Epoch: 19, loss: 440.4575
[2026-05-28 14:20:54,743][root][INFO] - Epoch: 20, loss: 439.5085
[2026-05-28 14:20:54,813][root][INFO] - Epoch: 21, loss: 437.6137
[2026-05-28 14:20:54,883][root][INFO] - Epoch: 22, loss: 436.6512
[2026-05-28 14:20:54,954][root][INFO] - Epoch: 23, loss: 435.0419
[2026-05-28 14:20:55,023][root][INFO] - Epoch: 24, loss: 434.3779
[2026-05-28 14:20:55,094][root][INFO] - Epoch: 25, loss: 432.7598
[2026-05-28 14:20:55,164][root][INFO] - Epoch: 26, loss: 433.2003
[2026-05-28 14:20:55,236][root][INFO] - Epoch: 27, loss: 429.4371
[2026-05-28 14:20:55,307][root][INFO] - Epoch: 28, loss: 429.4900
[2026-05-28 14:20:55,379][root][INFO] - Epoch: 29, loss: 427.0076
[2026-05-28 14:20:55,450][root][INFO] - Epoch: 30, loss: 426.1885
[2026-05-28 14:20:55,522][root][INFO] - Epoch: 31, loss: 423.4241
[2026-05-28 14:20:55,593][root][INFO] - Epoch: 32, loss: 422.6795
[2026-05-28 14:20:55,664][root][INFO] - Epoch: 33, loss: 422.0354
[2026-05-28 14:20:55,735][root][INFO] - Epoch: 34, loss: 420.0420
[2026-05-28 14:20:55,807][root][INFO] - Epoch: 35, loss: 419.2978
[2026-05-28 14:20:55,878][root][INFO] - Epoch: 36, loss: 416.9872
[2026-05-28 14:20:55,949][root][INFO] - Epoch: 37, loss: 416.9291
[2026-05-28 14:20:56,019][root][INFO] - Epoch: 38, loss: 4671.8950
[2026-05-28 14:20:56,089][root][INFO] - Epoch: 39, loss: 446.7012
[2026-05-28 14:20:56,161][root][INFO] - Epoch: 40, loss: 544.5075
[2026-05-28 14:20:56,232][root][INFO] - Epoch: 41, loss: 453.8918
[2026-05-28 14:20:56,303][root][INFO] - Epoch: 42, loss: 437.7556
[2026-05-28 14:20:56,375][root][INFO] - Epoch: 43, loss: 437.2588
[2026-05-28 14:20:56,446][root][INFO] - Epoch: 44, loss: 431.0204
[2026-05-28 14:20:56,516][root][INFO] - Epoch: 45, loss: 513.2516
[2026-05-28 14:20:56,587][root][INFO] - Epoch: 46, loss: 539.2090
[2026-05-28 14:20:56,658][root][INFO] - Epoch: 47, loss: 491.9308
[2026-05-28 14:20:56,729][root][INFO] - Epoch: 48, loss: 451.4715
[2026-05-28 14:20:56,729][root][INFO] - Early stopping at epoch: 47
[2026-05-28 14:20:56,759][root][INFO] - {'model_loss': '451.4715', 'recon_loss': '0.0000', 'triplet_loss': '451.4715'}
[2026-05-28 14:20:56,763][root][INFO] - Extinction event (pre-encoder)...
[2026-05-28 14:20:56,764][root][INFO] - Saving snapshot to runs/20260528_141105_kheperax_seed42/plots/latent_generation_1200_before_ext.png
[2026-05-28 14:20:58,188][root][INFO] - Saving snapshot to runs/20260528_141105_kheperax_seed42/plots/latent_generation_1200_after_ext.png
[2026-05-28 14:20:59,540][root][INFO] - Updating AE...
[2026-05-28 14:21:00,274][root][INFO] - Epoch: 1, loss: 73.0680
[2026-05-28 14:21:00,347][root][INFO] - Epoch: 2, loss: 10.7630
[2026-05-28 14:21:00,420][root][INFO] - Epoch: 3, loss: 5.9261
[2026-05-28 14:21:00,491][root][INFO] - Epoch: 4, loss: 3.9236
[2026-05-28 14:21:00,564][root][INFO] - Epoch: 5, loss: 2.7648
[2026-05-28 14:21:00,636][root][INFO] - Epoch: 6, loss: 2.2119
[2026-05-28 14:21:00,708][root][INFO] - Epoch: 7, loss: 1.8698
[2026-05-28 14:21:00,780][root][INFO] - Epoch: 8, loss: 1.6351
[2026-05-28 14:21:00,852][root][INFO] - Epoch: 9, loss: 1.4497
[2026-05-28 14:21:00,924][root][INFO] - Epoch: 10, loss: 1.2995
[2026-05-28 14:21:00,996][root][INFO] - Epoch: 11, loss: 1.1808
[2026-05-28 14:21:01,068][root][INFO] - Epoch: 12, loss: 1.0782
[2026-05-28 14:21:01,141][root][INFO] - Epoch: 13, loss: 0.9904
[2026-05-28 14:21:01,212][root][INFO] - Epoch: 14, loss: 0.9131
[2026-05-28 14:21:01,284][root][INFO] - Epoch: 15, loss: 0.8471
[2026-05-28 14:21:01,355][root][INFO] - Epoch: 16, loss: 0.7816
[2026-05-28 14:21:01,426][root][INFO] - Epoch: 17, loss: 0.7264
[2026-05-28 14:21:01,498][root][INFO] - Epoch: 18, loss: 0.6773
[2026-05-28 14:21:01,569][root][INFO] - Epoch: 19, loss: 0.6319
[2026-05-28 14:21:01,640][root][INFO] - Epoch: 20, loss: 0.5934
[2026-05-28 14:21:01,712][root][INFO] - Epoch: 21, loss: 0.5534
[2026-05-28 14:21:01,783][root][INFO] - Epoch: 22, loss: 0.5205
[2026-05-28 14:21:01,854][root][INFO] - Epoch: 23, loss: 0.4889
[2026-05-28 14:21:01,924][root][INFO] - Epoch: 24, loss: 0.4601
[2026-05-28 14:21:01,995][root][INFO] - Epoch: 25, loss: 0.4360
[2026-05-28 14:21:02,065][root][INFO] - Epoch: 26, loss: 0.4114
[2026-05-28 14:21:02,136][root][INFO] - Epoch: 27, loss: 0.3885
[2026-05-28 14:21:02,208][root][INFO] - Epoch: 28, loss: 0.3696
[2026-05-28 14:21:02,279][root][INFO] - Epoch: 29, loss: 0.3505
[2026-05-28 14:21:02,349][root][INFO] - Epoch: 30, loss: 0.3327
[2026-05-28 14:21:02,420][root][INFO] - Epoch: 31, loss: 0.3172
[2026-05-28 14:21:02,493][root][INFO] - Epoch: 32, loss: 0.3026
[2026-05-28 14:21:02,564][root][INFO] - Epoch: 33, loss: 0.2880
[2026-05-28 14:21:02,636][root][INFO] - Epoch: 34, loss: 0.2751
[2026-05-28 14:21:02,706][root][INFO] - Epoch: 35, loss: 0.2633
[2026-05-28 14:21:02,776][root][INFO] - Epoch: 36, loss: 0.2516
[2026-05-28 14:21:02,847][root][INFO] - Epoch: 37, loss: 0.2412
[2026-05-28 14:21:02,918][root][INFO] - Epoch: 38, loss: 0.2313
[2026-05-28 14:21:02,988][root][INFO] - Epoch: 39, loss: 0.2223
[2026-05-28 14:21:03,058][root][INFO] - Epoch: 40, loss: 0.2137
[2026-05-28 14:21:03,129][root][INFO] - Epoch: 41, loss: 0.2048
[2026-05-28 14:21:03,201][root][INFO] - Epoch: 42, loss: 0.1976
[2026-05-28 14:21:03,271][root][INFO] - Epoch: 43, loss: 0.1900
[2026-05-28 14:21:03,343][root][INFO] - Epoch: 44, loss: 0.1833
[2026-05-28 14:21:03,413][root][INFO] - Epoch: 45, loss: 0.1770
[2026-05-28 14:21:03,485][root][INFO] - Epoch: 46, loss: 0.1704
[2026-05-28 14:21:03,556][root][INFO] - Epoch: 47, loss: 0.1648
[2026-05-28 14:21:03,628][root][INFO] - Epoch: 48, loss: 0.1592
[2026-05-28 14:21:03,700][root][INFO] - Epoch: 49, loss: 0.1540
[2026-05-28 14:21:03,770][root][INFO] - Epoch: 50, loss: 0.1491
[2026-05-28 14:21:03,840][root][INFO] - Epoch: 51, loss: 0.1443
[2026-05-28 14:21:03,912][root][INFO] - Epoch: 52, loss: 0.1397
[2026-05-28 14:21:03,983][root][INFO] - Epoch: 53, loss: 0.1355
[2026-05-28 14:21:04,055][root][INFO] - Epoch: 54, loss: 0.1314
[2026-05-28 14:21:04,127][root][INFO] - Epoch: 55, loss: 0.1274
[2026-05-28 14:21:04,198][root][INFO] - Epoch: 56, loss: 0.1236
[2026-05-28 14:21:04,268][root][INFO] - Epoch: 57, loss: 0.1201
[2026-05-28 14:21:04,339][root][INFO] - Epoch: 58, loss: 0.1167
[2026-05-28 14:21:04,409][root][INFO] - Epoch: 59, loss: 0.1135
[2026-05-28 14:21:04,480][root][INFO] - Epoch: 60, loss: 0.1103
[2026-05-28 14:21:04,550][root][INFO] - Epoch: 61, loss: 0.1073
[2026-05-28 14:21:04,621][root][INFO] - Epoch: 62, loss: 0.1044
[2026-05-28 14:21:04,694][root][INFO] - Epoch: 63, loss: 0.1016
[2026-05-28 14:21:04,765][root][INFO] - Epoch: 64, loss: 0.0991
[2026-05-28 14:21:04,835][root][INFO] - Epoch: 65, loss: 0.0965
[2026-05-28 14:21:04,905][root][INFO] - Epoch: 66, loss: 0.0941
[2026-05-28 14:21:04,976][root][INFO] - Epoch: 67, loss: 0.0918
[2026-05-28 14:21:05,046][root][INFO] - Epoch: 68, loss: 0.0895
[2026-05-28 14:21:05,116][root][INFO] - Epoch: 69, loss: 0.0874
[2026-05-28 14:21:05,187][root][INFO] - Epoch: 70, loss: 0.0854
[2026-05-28 14:21:05,257][root][INFO] - Epoch: 71, loss: 0.0833
[2026-05-28 14:21:05,328][root][INFO] - Epoch: 72, loss: 0.0814
[2026-05-28 14:21:05,399][root][INFO] - Epoch: 73, loss: 0.0796
[2026-05-28 14:21:05,470][root][INFO] - Epoch: 74, loss: 0.0779
[2026-05-28 14:21:05,540][root][INFO] - Epoch: 75, loss: 0.0761
[2026-05-28 14:21:05,611][root][INFO] - Epoch: 76, loss: 0.0745
[2026-05-28 14:21:05,681][root][INFO] - Epoch: 77, loss: 0.0729
[2026-05-28 14:21:05,752][root][INFO] - Epoch: 78, loss: 0.0714
[2026-05-28 14:21:05,823][root][INFO] - Epoch: 79, loss: 0.0699
[2026-05-28 14:21:05,894][root][INFO] - Epoch: 80, loss: 0.0684
[2026-05-28 14:21:05,964][root][INFO] - Epoch: 81, loss: 0.0671
[2026-05-28 14:21:06,035][root][INFO] - Epoch: 82, loss: 0.0658
[2026-05-28 14:21:06,106][root][INFO] - Epoch: 83, loss: 0.0645
[2026-05-28 14:21:06,176][root][INFO] - Epoch: 84, loss: 0.0632
[2026-05-28 14:21:06,246][root][INFO] - Epoch: 85, loss: 0.0620
[2026-05-28 14:21:06,317][root][INFO] - Epoch: 86, loss: 0.0608
[2026-05-28 14:21:06,388][root][INFO] - Epoch: 87, loss: 0.0597
[2026-05-28 14:21:06,458][root][INFO] - Epoch: 88, loss: 0.0586
[2026-05-28 14:21:06,529][root][INFO] - Epoch: 89, loss: 0.0576
[2026-05-28 14:21:06,599][root][INFO] - Epoch: 90, loss: 0.0565
[2026-05-28 14:21:06,669][root][INFO] - Epoch: 91, loss: 0.0555
[2026-05-28 14:21:06,739][root][INFO] - Epoch: 92, loss: 0.0545
[2026-05-28 14:21:06,809][root][INFO] - Epoch: 93, loss: 0.0536
[2026-05-28 14:21:06,879][root][INFO] - Epoch: 94, loss: 0.0527
[2026-05-28 14:21:06,950][root][INFO] - Epoch: 95, loss: 0.0518
[2026-05-28 14:21:07,020][root][INFO] - Epoch: 96, loss: 0.0509
[2026-05-28 14:21:07,089][root][INFO] - Epoch: 97, loss: 0.0501
[2026-05-28 14:21:07,160][root][INFO] - Epoch: 98, loss: 0.0492
[2026-05-28 14:21:07,230][root][INFO] - Epoch: 99, loss: 0.0484
[2026-05-28 14:21:07,301][root][INFO] - Epoch: 100, loss: 0.0477
[2026-05-28 14:21:07,371][root][INFO] - Epoch: 101, loss: 0.0469
[2026-05-28 14:21:07,441][root][INFO] - Epoch: 102, loss: 0.0462
[2026-05-28 14:21:07,512][root][INFO] - Epoch: 103, loss: 0.0454
[2026-05-28 14:21:07,582][root][INFO] - Epoch: 104, loss: 0.0448
[2026-05-28 14:21:07,653][root][INFO] - Epoch: 105, loss: 0.0441
[2026-05-28 14:21:07,723][root][INFO] - Epoch: 106, loss: 0.0434
[2026-05-28 14:21:07,794][root][INFO] - Epoch: 107, loss: 0.0427
[2026-05-28 14:21:07,865][root][INFO] - Epoch: 108, loss: 0.0421
[2026-05-28 14:21:07,935][root][INFO] - Epoch: 109, loss: 0.0415
[2026-05-28 14:21:08,007][root][INFO] - Epoch: 110, loss: 0.0409
[2026-05-28 14:21:08,079][root][INFO] - Epoch: 111, loss: 0.0403
[2026-05-28 14:21:08,151][root][INFO] - Epoch: 112, loss: 0.0397
[2026-05-28 14:21:08,221][root][INFO] - Epoch: 113, loss: 0.0391
[2026-05-28 14:21:08,292][root][INFO] - Epoch: 114, loss: 0.0386
[2026-05-28 14:21:08,362][root][INFO] - Epoch: 115, loss: 0.0380
[2026-05-28 14:21:08,433][root][INFO] - Epoch: 116, loss: 0.0375
[2026-05-28 14:21:08,503][root][INFO] - Epoch: 117, loss: 0.0370
[2026-05-28 14:21:08,574][root][INFO] - Epoch: 118, loss: 0.0365
[2026-05-28 14:21:08,647][root][INFO] - Epoch: 119, loss: 0.0360
[2026-05-28 14:21:08,719][root][INFO] - Epoch: 120, loss: 0.0355
[2026-05-28 14:21:08,790][root][INFO] - Epoch: 121, loss: 0.0351
[2026-05-28 14:21:08,861][root][INFO] - Epoch: 122, loss: 0.0346
[2026-05-28 14:21:08,932][root][INFO] - Epoch: 123, loss: 0.0341
[2026-05-28 14:21:09,003][root][INFO] - Epoch: 124, loss: 0.0337
[2026-05-28 14:21:09,073][root][INFO] - Epoch: 125, loss: 0.0333
[2026-05-28 14:21:09,144][root][INFO] - Epoch: 126, loss: 0.0329
[2026-05-28 14:21:09,215][root][INFO] - Epoch: 127, loss: 0.0325
[2026-05-28 14:21:09,285][root][INFO] - Epoch: 128, loss: 0.0321
[2026-05-28 14:21:09,356][root][INFO] - Epoch: 129, loss: 0.0317
[2026-05-28 14:21:09,427][root][INFO] - Epoch: 130, loss: 0.0313
[2026-05-28 14:21:09,498][root][INFO] - Epoch: 131, loss: 0.0309
[2026-05-28 14:21:09,568][root][INFO] - Epoch: 132, loss: 0.0306
[2026-05-28 14:21:09,639][root][INFO] - Epoch: 133, loss: 0.0302
[2026-05-28 14:21:09,710][root][INFO] - Epoch: 134, loss: 0.0299
[2026-05-28 14:21:09,784][root][INFO] - Epoch: 135, loss: 0.0295
[2026-05-28 14:21:09,855][root][INFO] - Epoch: 136, loss: 0.0292
[2026-05-28 14:21:09,927][root][INFO] - Epoch: 137, loss: 0.0288
[2026-05-28 14:21:09,997][root][INFO] - Epoch: 138, loss: 0.0285
[2026-05-28 14:21:10,068][root][INFO] - Epoch: 139, loss: 0.0282
[2026-05-28 14:21:10,138][root][INFO] - Epoch: 140, loss: 0.0279
[2026-05-28 14:21:10,209][root][INFO] - Epoch: 141, loss: 0.0276
[2026-05-28 14:21:10,279][root][INFO] - Epoch: 142, loss: 0.0273
[2026-05-28 14:21:10,350][root][INFO] - Epoch: 143, loss: 0.0270
[2026-05-28 14:21:10,421][root][INFO] - Epoch: 144, loss: 0.0267
[2026-05-28 14:21:10,491][root][INFO] - Epoch: 145, loss: 0.0264
[2026-05-28 14:21:10,563][root][INFO] - Epoch: 146, loss: 0.0261
[2026-05-28 14:21:10,635][root][INFO] - Epoch: 147, loss: 0.0259
[2026-05-28 14:21:10,706][root][INFO] - Epoch: 148, loss: 0.0256
[2026-05-28 14:21:10,777][root][INFO] - Epoch: 149, loss: 0.0253
[2026-05-28 14:21:10,848][root][INFO] - Epoch: 150, loss: 0.0251
[2026-05-28 14:21:10,918][root][INFO] - Epoch: 151, loss: 0.0248
[2026-05-28 14:21:10,989][root][INFO] - Epoch: 152, loss: 0.0246
[2026-05-28 14:21:11,060][root][INFO] - Epoch: 153, loss: 0.0243
[2026-05-28 14:21:11,132][root][INFO] - Epoch: 154, loss: 0.0241
[2026-05-28 14:21:11,203][root][INFO] - Epoch: 155, loss: 0.0239
[2026-05-28 14:21:11,273][root][INFO] - Epoch: 156, loss: 0.0236
[2026-05-28 14:21:11,344][root][INFO] - Epoch: 157, loss: 0.0234
[2026-05-28 14:21:11,417][root][INFO] - Epoch: 158, loss: 0.0232
[2026-05-28 14:21:11,488][root][INFO] - Epoch: 159, loss: 0.0229
[2026-05-28 14:21:11,559][root][INFO] - Epoch: 160, loss: 0.0227
[2026-05-28 14:21:11,629][root][INFO] - Epoch: 161, loss: 0.0225
[2026-05-28 14:21:11,700][root][INFO] - Epoch: 162, loss: 0.0223
[2026-05-28 14:21:11,772][root][INFO] - Epoch: 163, loss: 0.0221
[2026-05-28 14:21:11,844][root][INFO] - Epoch: 164, loss: 0.0219
[2026-05-28 14:21:11,915][root][INFO] - Epoch: 165, loss: 0.0217
[2026-05-28 14:21:11,986][root][INFO] - Epoch: 166, loss: 0.0215
[2026-05-28 14:21:12,056][root][INFO] - Epoch: 167, loss: 0.0213
[2026-05-28 14:21:12,127][root][INFO] - Epoch: 168, loss: 0.0211
[2026-05-28 14:21:12,199][root][INFO] - Epoch: 169, loss: 0.0209
[2026-05-28 14:21:12,270][root][INFO] - Epoch: 170, loss: 0.0208
[2026-05-28 14:21:12,341][root][INFO] - Epoch: 171, loss: 0.0206
[2026-05-28 14:21:12,411][root][INFO] - Epoch: 172, loss: 0.0204
[2026-05-28 14:21:12,482][root][INFO] - Epoch: 173, loss: 0.0202
[2026-05-28 14:21:12,553][root][INFO] - Epoch: 174, loss: 0.0200
[2026-05-28 14:21:12,624][root][INFO] - Epoch: 175, loss: 0.0199
[2026-05-28 14:21:12,696][root][INFO] - Epoch: 176, loss: 0.0197
[2026-05-28 14:21:12,767][root][INFO] - Epoch: 177, loss: 0.0195
[2026-05-28 14:21:12,838][root][INFO] - Epoch: 178, loss: 0.0194
[2026-05-28 14:21:12,909][root][INFO] - Epoch: 179, loss: 0.0192
[2026-05-28 14:21:12,980][root][INFO] - Epoch: 180, loss: 0.0190
[2026-05-28 14:21:13,051][root][INFO] - Epoch: 181, loss: 0.0189
[2026-05-28 14:21:13,122][root][INFO] - Epoch: 182, loss: 0.0187
[2026-05-28 14:21:13,193][root][INFO] - Epoch: 183, loss: 0.0186
[2026-05-28 14:21:13,265][root][INFO] - Epoch: 184, loss: 0.0184
[2026-05-28 14:21:13,337][root][INFO] - Epoch: 185, loss: 0.0183
[2026-05-28 14:21:13,408][root][INFO] - Epoch: 186, loss: 0.0182
[2026-05-28 14:21:13,480][root][INFO] - Epoch: 187, loss: 0.0180
[2026-05-28 14:21:13,551][root][INFO] - Epoch: 188, loss: 0.0179
[2026-05-28 14:21:13,621][root][INFO] - Epoch: 189, loss: 0.0177
[2026-05-28 14:21:13,692][root][INFO] - Epoch: 190, loss: 0.0176
[2026-05-28 14:21:13,762][root][INFO] - Epoch: 191, loss: 0.0175
[2026-05-28 14:21:13,833][root][INFO] - Epoch: 192, loss: 0.0173
[2026-05-28 14:21:13,904][root][INFO] - Epoch: 193, loss: 0.0172
[2026-05-28 14:21:13,976][root][INFO] - Epoch: 194, loss: 0.0171
[2026-05-28 14:21:14,048][root][INFO] - Epoch: 195, loss: 0.0169
[2026-05-28 14:21:14,118][root][INFO] - Epoch: 196, loss: 0.0168
[2026-05-28 14:21:14,189][root][INFO] - Epoch: 197, loss: 0.0167
[2026-05-28 14:21:14,260][root][INFO] - Epoch: 198, loss: 0.0166
[2026-05-28 14:21:14,330][root][INFO] - Epoch: 199, loss: 0.0165
[2026-05-28 14:21:14,401][root][INFO] - Epoch: 200, loss: 0.0163
[2026-05-28 14:21:14,434][root][INFO] - {'model_loss': '0.0163', 'recon_loss': '0.0000', 'triplet_loss': '0.0163'}
[2026-05-28 14:21:14,438][root][INFO] - Generation 240/400 - Time: 0.00 seconds
[2026-05-28 14:21:14,438][root][INFO] - {'coverage': '100.00', 'max_fitness': '0.00', 'passive_coverage': '72.66', 'passive_max_fitness': '0.00', 'passive_mean_fitness': '-62.47', 'passive_qd_score': '58741.79', 'qd_score': '92040.88', 'mean_fitness_top_k': '-29.90'}
[2026-05-28 14:21:15,407][root][INFO] - Generation 241/400 - Time: 0.00 seconds
[2026-05-28 14:21:15,408][root][INFO] - {'coverage': '100.00', 'max_fitness': '0.00', 'passive_coverage': '72.95', 'passive_max_fitness': '0.00', 'passive_mean_fitness': '-62.58', 'passive_qd_score': '58893.78', 'qd_score': '90549.29', 'mean_fitness_top_k': '-23.17'}
[2026-05-28 14:21:16,383][root][INFO] - Generation 242/400 - Time: 0.00 seconds
[2026-05-28 14:21:16,384][root][INFO] - {'coverage': '100.00', 'max_fitness': '0.00', 'passive_coverage': '73.14', 'passive_max_fitness': '0.00', 'passive_mean_fitness': '-62.60', 'passive_qd_score': '59039.57', 'qd_score': '92600.89', 'mean_fitness_top_k': '-22.22'}
[2026-05-28 14:21:17,355][root][INFO] - Generation 243/400 - Time: 0.00 seconds
[2026-05-28 14:21:17,356][root][INFO] - {'coverage': '100.00', 'max_fitness': '0.00', 'passive_coverage': '73.34', 'passive_max_fitness': '0.00', 'passive_mean_fitness': '-62.66', 'passive_qd_score': '59147.12', 'qd_score': '93912.08', 'mean_fitness_top_k': '-21.18'}
[2026-05-28 14:21:18,403][root][INFO] - Generation 244/400 - Time: 0.00 seconds
[2026-05-28 14:21:18,403][root][INFO] - {'coverage': '100.00', 'max_fitness': '0.00', 'passive_coverage': '73.44', 'passive_max_fitness': '0.00', 'passive_mean_fitness': '-62.65', 'passive_qd_score': '59232.35', 'qd_score': '94250.60', 'mean_fitness_top_k': '-20.64'}
[2026-05-28 14:21:19,449][root][INFO] - Generation 245/400 - Time: 0.00 seconds
[2026-05-28 14:21:19,449][root][INFO] - {'coverage': '100.00', 'max_fitness': '0.00', 'passive_coverage': '73.63', 'passive_max_fitness': '0.00', 'passive_mean_fitness': '-62.66', 'passive_qd_score': '59382.59', 'qd_score': '94026.64', 'mean_fitness_top_k': '-20.69'}
[2026-05-28 14:21:19,451][root][INFO] - Saving snapshot to runs/20260528_141105_kheperax_seed42/plots/latent_generation_1225_5_gens_after_ext_gen1200.png
[2026-05-28 14:21:21,911][root][INFO] - Generation 246/400 - Time: 0.00 seconds
[2026-05-28 14:21:21,912][root][INFO] - {'coverage': '100.00', 'max_fitness': '0.00', 'passive_coverage': '73.83', 'passive_max_fitness': '0.00', 'passive_mean_fitness': '-62.53', 'passive_qd_score': '59642.13', 'qd_score': '93893.78', 'mean_fitness_top_k': '-21.72'}
[2026-05-28 14:21:22,955][root][INFO] - Generation 247/400 - Time: 0.00 seconds
[2026-05-28 14:21:22,956][root][INFO] - {'coverage': '100.00', 'max_fitness': '0.00', 'passive_coverage': '73.93', 'passive_max_fitness': '0.00', 'passive_mean_fitness': '-62.45', 'passive_qd_score': '59783.62', 'qd_score': '93863.39', 'mean_fitness_top_k': '-21.60'}
[2026-05-28 14:21:23,931][root][INFO] - Generation 248/400 - Time: 0.00 seconds
[2026-05-28 14:21:23,931][root][INFO] - {'coverage': '100.00', 'max_fitness': '0.00', 'passive_coverage': '73.93', 'passive_max_fitness': '0.00', 'passive_mean_fitness': '-62.45', 'passive_qd_score': '59783.62', 'qd_score': '93468.14', 'mean_fitness_top_k': '-22.46'}
[2026-05-28 14:21:24,981][root][INFO] - Generation 249/400 - Time: 0.00 seconds
[2026-05-28 14:21:24,982][root][INFO] - {'coverage': '100.00', 'max_fitness': '0.00', 'passive_coverage': '74.02', 'passive_max_fitness': '0.00', 'passive_mean_fitness': '-62.42', 'passive_qd_score': '59885.73', 'qd_score': '93675.55', 'mean_fitness_top_k': '-23.60'}
[2026-05-28 14:21:25,952][root][INFO] - Generation 250/400 - Time: 0.00 seconds
[2026-05-28 14:21:25,953][root][INFO] - {'coverage': '100.00', 'max_fitness': '0.00', 'passive_coverage': '74.22', 'passive_max_fitness': '0.00', 'passive_mean_fitness': '-62.41', 'passive_qd_score': '60050.27', 'qd_score': '93302.45', 'mean_fitness_top_k': '-23.95'}
[2026-05-28 14:21:26,948][root][INFO] - Generation 251/400 - Time: 0.00 seconds
[2026-05-28 14:21:26,949][root][INFO] - {'coverage': '100.00', 'max_fitness': '0.00', 'passive_coverage': '74.22', 'passive_max_fitness': '0.00', 'passive_mean_fitness': '-62.41', 'passive_qd_score': '60050.27', 'qd_score': '93401.41', 'mean_fitness_top_k': '-23.97'}
[2026-05-28 14:21:27,991][root][INFO] - Generation 252/400 - Time: 0.00 seconds
[2026-05-28 14:21:27,992][root][INFO] - {'coverage': '100.00', 'max_fitness': '0.00', 'passive_coverage': '74.22', 'passive_max_fitness': '0.00', 'passive_mean_fitness': '-62.41', 'passive_qd_score': '60050.83', 'qd_score': '93166.59', 'mean_fitness_top_k': '-25.22'}
[2026-05-28 14:21:28,980][root][INFO] - Generation 253/400 - Time: 0.00 seconds
[2026-05-28 14:21:28,981][root][INFO] - {'coverage': '100.00', 'max_fitness': '0.00', 'passive_coverage': '74.22', 'passive_max_fitness': '0.00', 'passive_mean_fitness': '-62.41', 'passive_qd_score': '60050.83', 'qd_score': '92915.30', 'mean_fitness_top_k': '-26.15'}
[2026-05-28 14:21:30,028][root][INFO] - Generation 254/400 - Time: 0.00 seconds
[2026-05-28 14:21:30,029][root][INFO] - {'coverage': '100.00', 'max_fitness': '0.00', 'passive_coverage': '74.22', 'passive_max_fitness': '0.00', 'passive_mean_fitness': '-62.41', 'passive_qd_score': '60052.32', 'qd_score': '92937.41', 'mean_fitness_top_k': '-25.98'}
[2026-05-28 14:21:30,998][root][INFO] - Generation 255/400 - Time: 0.00 seconds
[2026-05-28 14:21:30,999][root][INFO] - {'coverage': '100.00', 'max_fitness': '0.00', 'passive_coverage': '74.22', 'passive_max_fitness': '0.00', 'passive_mean_fitness': '-62.41', 'passive_qd_score': '60052.32', 'qd_score': '93174.77', 'mean_fitness_top_k': '-25.84'}
[2026-05-28 14:21:31,996][root][INFO] - Generation 256/400 - Time: 0.00 seconds
[2026-05-28 14:21:31,997][root][INFO] - {'coverage': '100.00', 'max_fitness': '0.00', 'passive_coverage': '74.22', 'passive_max_fitness': '0.00', 'passive_mean_fitness': '-62.41', 'passive_qd_score': '60052.32', 'qd_score': '93217.72', 'mean_fitness_top_k': '-26.13'}
[2026-05-28 14:21:32,967][root][INFO] - Generation 257/400 - Time: 0.00 seconds
[2026-05-28 14:21:32,968][root][INFO] - {'coverage': '100.00', 'max_fitness': '0.00', 'passive_coverage': '74.22', 'passive_max_fitness': '0.00', 'passive_mean_fitness': '-62.40', 'passive_qd_score': '60052.68', 'qd_score': '92991.27', 'mean_fitness_top_k': '-26.36'}
[2026-05-28 14:21:33,936][root][INFO] - Generation 258/400 - Time: 0.00 seconds
[2026-05-28 14:21:33,937][root][INFO] - {'coverage': '100.00', 'max_fitness': '0.00', 'passive_coverage': '74.22', 'passive_max_fitness': '0.00', 'passive_mean_fitness': '-62.40', 'passive_qd_score': '60052.68', 'qd_score': '92930.22', 'mean_fitness_top_k': '-26.42'}
[2026-05-28 14:21:34,905][root][INFO] - Generation 259/400 - Time: 0.00 seconds
[2026-05-28 14:21:34,906][root][INFO] - {'coverage': '100.00', 'max_fitness': '0.00', 'passive_coverage': '74.32', 'passive_max_fitness': '0.00', 'passive_mean_fitness': '-62.35', 'passive_qd_score': '60176.13', 'qd_score': '93014.91', 'mean_fitness_top_k': '-26.96'}
[2026-05-28 14:21:35,873][root][INFO] - Generation 260/400 - Time: 0.00 seconds
[2026-05-28 14:21:35,873][root][INFO] - {'coverage': '100.00', 'max_fitness': '0.00', 'passive_coverage': '74.32', 'passive_max_fitness': '0.00', 'passive_mean_fitness': '-62.35', 'passive_qd_score': '60176.13', 'qd_score': '93260.95', 'mean_fitness_top_k': '-26.79'}
[2026-05-28 14:21:36,915][root][INFO] - Generation 261/400 - Time: 0.00 seconds
[2026-05-28 14:21:36,916][root][INFO] - {'coverage': '100.00', 'max_fitness': '0.00', 'passive_coverage': '74.32', 'passive_max_fitness': '0.00', 'passive_mean_fitness': '-62.35', 'passive_qd_score': '60176.28', 'qd_score': '93244.26', 'mean_fitness_top_k': '-27.53'}
[2026-05-28 14:21:37,895][root][INFO] - Generation 262/400 - Time: 0.00 seconds
[2026-05-28 14:21:37,896][root][INFO] - {'coverage': '100.00', 'max_fitness': '0.00', 'passive_coverage': '74.32', 'passive_max_fitness': '0.00', 'passive_mean_fitness': '-62.35', 'passive_qd_score': '60176.28', 'qd_score': '93484.16', 'mean_fitness_top_k': '-27.51'}
[2026-05-28 14:21:38,870][root][INFO] - Generation 263/400 - Time: 0.00 seconds
[2026-05-28 14:21:38,871][root][INFO] - {'coverage': '100.00', 'max_fitness': '0.00', 'passive_coverage': '74.32', 'passive_max_fitness': '0.00', 'passive_mean_fitness': '-62.35', 'passive_qd_score': '60176.28', 'qd_score': '93468.19', 'mean_fitness_top_k': '-27.67'}
[2026-05-28 14:21:39,870][root][INFO] - Generation 264/400 - Time: 0.00 seconds
[2026-05-28 14:21:39,871][root][INFO] - {'coverage': '100.00', 'max_fitness': '0.00', 'passive_coverage': '74.32', 'passive_max_fitness': '0.00', 'passive_mean_fitness': '-62.35', 'passive_qd_score': '60176.28', 'qd_score': '93570.61', 'mean_fitness_top_k': '-27.93'}
[2026-05-28 14:21:40,836][root][INFO] - Generation 265/400 - Time: 0.00 seconds
[2026-05-28 14:21:40,837][root][INFO] - {'coverage': '100.00', 'max_fitness': '0.00', 'passive_coverage': '74.32', 'passive_max_fitness': '0.00', 'passive_mean_fitness': '-62.35', 'passive_qd_score': '60176.28', 'qd_score': '93515.45', 'mean_fitness_top_k': '-28.48'}
[2026-05-28 14:21:41,801][root][INFO] - Generation 266/400 - Time: 0.00 seconds
[2026-05-28 14:21:41,802][root][INFO] - {'coverage': '100.00', 'max_fitness': '0.00', 'passive_coverage': '74.32', 'passive_max_fitness': '0.00', 'passive_mean_fitness': '-62.35', 'passive_qd_score': '60176.28', 'qd_score': '93793.09', 'mean_fitness_top_k': '-28.44'}
[2026-05-28 14:21:42,769][root][INFO] - Generation 267/400 - Time: 0.00 seconds
[2026-05-28 14:21:42,770][root][INFO] - {'coverage': '100.00', 'max_fitness': '0.00', 'passive_coverage': '74.32', 'passive_max_fitness': '0.00', 'passive_mean_fitness': '-62.34', 'passive_qd_score': '60177.44', 'qd_score': '94060.95', 'mean_fitness_top_k': '-28.10'}
[2026-05-28 14:21:43,739][root][INFO] - Generation 268/400 - Time: 0.00 seconds
[2026-05-28 14:21:43,740][root][INFO] - {'coverage': '100.00', 'max_fitness': '0.00', 'passive_coverage': '74.32', 'passive_max_fitness': '0.00', 'passive_mean_fitness': '-62.34', 'passive_qd_score': '60177.44', 'qd_score': '94381.73', 'mean_fitness_top_k': '-28.22'}
[2026-05-28 14:21:44,783][root][INFO] - Generation 269/400 - Time: 0.00 seconds
[2026-05-28 14:21:44,784][root][INFO] - {'coverage': '100.00', 'max_fitness': '0.00', 'passive_coverage': '74.32', 'passive_max_fitness': '0.00', 'passive_mean_fitness': '-62.34', 'passive_qd_score': '60177.44', 'qd_score': '94401.02', 'mean_fitness_top_k': '-28.27'}
[2026-05-28 14:21:45,746][root][INFO] - Generation 270/400 - Time: 0.00 seconds
[2026-05-28 14:21:45,747][root][INFO] - {'coverage': '100.00', 'max_fitness': '0.00', 'passive_coverage': '74.32', 'passive_max_fitness': '0.00', 'passive_mean_fitness': '-62.34', 'passive_qd_score': '60177.78', 'qd_score': '94778.84', 'mean_fitness_top_k': '-27.73'}
[2026-05-28 14:21:46,717][root][INFO] - Generation 271/400 - Time: 0.00 seconds
[2026-05-28 14:21:46,718][root][INFO] - {'coverage': '100.00', 'max_fitness': '0.00', 'passive_coverage': '74.32', 'passive_max_fitness': '0.00', 'passive_mean_fitness': '-62.34', 'passive_qd_score': '60177.78', 'qd_score': '94932.09', 'mean_fitness_top_k': '-27.24'}
[2026-05-28 14:21:47,680][root][INFO] - Updating AE...
[2026-05-28 14:21:48,704][root][INFO] - Epoch: 1, loss: 135.4163
[2026-05-28 14:21:48,776][root][INFO] - Epoch: 2, loss: 130.0239
[2026-05-28 14:21:48,850][root][INFO] - Epoch: 3, loss: 128.7126
[2026-05-28 14:21:48,921][root][INFO] - Epoch: 4, loss: 125.2346
[2026-05-28 14:21:48,993][root][INFO] - Epoch: 5, loss: 123.1683
[2026-05-28 14:21:49,063][root][INFO] - Epoch: 6, loss: 118.1168
[2026-05-28 14:21:49,134][root][INFO] - Epoch: 7, loss: 116.1606
[2026-05-28 14:21:49,206][root][INFO] - Epoch: 8, loss: 114.8384
[2026-05-28 14:21:49,278][root][INFO] - Epoch: 9, loss: 112.1504
[2026-05-28 14:21:49,349][root][INFO] - Epoch: 10, loss: 110.1303
[2026-05-28 14:21:49,421][root][INFO] - Epoch: 11, loss: 108.7538
[2026-05-28 14:21:49,494][root][INFO] - Epoch: 12, loss: 107.4731
[2026-05-28 14:21:49,565][root][INFO] - Epoch: 13, loss: 107.0872
[2026-05-28 14:21:49,638][root][INFO] - Epoch: 14, loss: 106.5114
[2026-05-28 14:21:49,709][root][INFO] - Epoch: 15, loss: 106.1995
[2026-05-28 14:21:49,780][root][INFO] - Epoch: 16, loss: 105.3438
[2026-05-28 14:21:49,850][root][INFO] - Epoch: 17, loss: 104.9460
[2026-05-28 14:21:49,922][root][INFO] - Epoch: 18, loss: 103.7950
[2026-05-28 14:21:49,994][root][INFO] - Epoch: 19, loss: 102.4083
[2026-05-28 14:21:50,064][root][INFO] - Epoch: 20, loss: 101.2008
[2026-05-28 14:21:50,135][root][INFO] - Epoch: 21, loss: 100.1981
[2026-05-28 14:21:50,206][root][INFO] - Epoch: 22, loss: 99.5014
[2026-05-28 14:21:50,278][root][INFO] - Epoch: 23, loss: 98.8693
[2026-05-28 14:21:50,350][root][INFO] - Epoch: 24, loss: 99.0829
[2026-05-28 14:21:50,421][root][INFO] - Epoch: 25, loss: 97.9836
[2026-05-28 14:21:50,492][root][INFO] - Epoch: 26, loss: 97.6906
[2026-05-28 14:21:50,563][root][INFO] - Epoch: 27, loss: 96.7276
[2026-05-28 14:21:50,633][root][INFO] - Epoch: 28, loss: 95.6357
[2026-05-28 14:21:50,704][root][INFO] - Epoch: 29, loss: 95.0067
[2026-05-28 14:21:50,775][root][INFO] - Epoch: 30, loss: 94.4030
[2026-05-28 14:21:50,846][root][INFO] - Epoch: 31, loss: 94.5138
[2026-05-28 14:21:50,918][root][INFO] - Epoch: 32, loss: 93.7229
[2026-05-28 14:21:50,989][root][INFO] - Epoch: 33, loss: 93.1541
[2026-05-28 14:21:51,060][root][INFO] - Epoch: 34, loss: 93.2123
[2026-05-28 14:21:51,132][root][INFO] - Epoch: 35, loss: 92.7138
[2026-05-28 14:21:51,203][root][INFO] - Epoch: 36, loss: 92.4287
[2026-05-28 14:21:51,273][root][INFO] - Epoch: 37, loss: 92.0356
[2026-05-28 14:21:51,345][root][INFO] - Epoch: 38, loss: 91.8097
[2026-05-28 14:21:51,416][root][INFO] - Epoch: 39, loss: 90.6686
[2026-05-28 14:21:51,487][root][INFO] - Epoch: 40, loss: 91.0616
[2026-05-28 14:21:51,559][root][INFO] - Epoch: 41, loss: 89.7281
[2026-05-28 14:21:51,631][root][INFO] - Epoch: 42, loss: 89.4948
[2026-05-28 14:21:51,702][root][INFO] - Epoch: 43, loss: 88.6112
[2026-05-28 14:21:51,772][root][INFO] - Epoch: 44, loss: 88.6256
[2026-05-28 14:21:51,843][root][INFO] - Epoch: 45, loss: 86.8388
[2026-05-28 14:21:51,914][root][INFO] - Epoch: 46, loss: 86.7019
[2026-05-28 14:21:51,985][root][INFO] - Epoch: 47, loss: 85.9122
[2026-05-28 14:21:52,055][root][INFO] - Epoch: 48, loss: 86.7251
[2026-05-28 14:21:52,126][root][INFO] - Epoch: 49, loss: 87.1590
[2026-05-28 14:21:52,197][root][INFO] - Epoch: 50, loss: 85.8997
[2026-05-28 14:21:52,270][root][INFO] - Epoch: 51, loss: 85.7672
[2026-05-28 14:21:52,342][root][INFO] - Epoch: 52, loss: 85.7357
[2026-05-28 14:21:52,412][root][INFO] - Epoch: 53, loss: 84.9745
[2026-05-28 14:21:52,483][root][INFO] - Epoch: 54, loss: 85.1507
[2026-05-28 14:21:52,555][root][INFO] - Epoch: 55, loss: 84.6810
[2026-05-28 14:21:52,627][root][INFO] - Epoch: 56, loss: 82.7293
[2026-05-28 14:21:52,698][root][INFO] - Epoch: 57, loss: 83.4946
[2026-05-28 14:21:52,769][root][INFO] - Epoch: 58, loss: 83.8042
[2026-05-28 14:21:52,839][root][INFO] - Epoch: 59, loss: 82.3742
[2026-05-28 14:21:52,911][root][INFO] - Epoch: 60, loss: 81.9439
[2026-05-28 14:21:52,982][root][INFO] - Epoch: 61, loss: 81.6867
[2026-05-28 14:21:53,054][root][INFO] - Epoch: 62, loss: 81.9438
[2026-05-28 14:21:53,125][root][INFO] - Epoch: 63, loss: 81.0749
[2026-05-28 14:21:53,196][root][INFO] - Epoch: 64, loss: 81.0946
[2026-05-28 14:21:53,268][root][INFO] - Epoch: 65, loss: 80.6681
[2026-05-28 14:21:53,340][root][INFO] - Epoch: 66, loss: 79.8245
[2026-05-28 14:21:53,410][root][INFO] - Epoch: 67, loss: 79.8517
[2026-05-28 14:21:53,482][root][INFO] - Epoch: 68, loss: 80.1051
[2026-05-28 14:21:53,552][root][INFO] - Epoch: 69, loss: 80.0263
[2026-05-28 14:21:53,623][root][INFO] - Epoch: 70, loss: 79.9983
[2026-05-28 14:21:53,694][root][INFO] - Epoch: 71, loss: 79.8052
[2026-05-28 14:21:53,764][root][INFO] - Epoch: 72, loss: 79.9194
[2026-05-28 14:21:53,835][root][INFO] - Epoch: 73, loss: 79.8366
[2026-05-28 14:21:53,905][root][INFO] - Epoch: 74, loss: 78.6451
[2026-05-28 14:21:53,976][root][INFO] - Epoch: 75, loss: 78.1819
[2026-05-28 14:21:54,046][root][INFO] - Epoch: 76, loss: 78.6975
[2026-05-28 14:21:54,116][root][INFO] - Epoch: 77, loss: 78.6186
[2026-05-28 14:21:54,187][root][INFO] - Epoch: 78, loss: 77.1221
[2026-05-28 14:21:54,258][root][INFO] - Epoch: 79, loss: 77.0480
[2026-05-28 14:21:54,329][root][INFO] - Epoch: 80, loss: 76.3485
[2026-05-28 14:21:54,400][root][INFO] - Epoch: 81, loss: 75.8665
[2026-05-28 14:21:54,472][root][INFO] - Epoch: 82, loss: 75.7114
[2026-05-28 14:21:54,543][root][INFO] - Epoch: 83, loss: 75.2828
[2026-05-28 14:21:54,614][root][INFO] - Epoch: 84, loss: 75.1768
[2026-05-28 14:21:54,685][root][INFO] - Epoch: 85, loss: 75.4421
[2026-05-28 14:21:54,756][root][INFO] - Epoch: 86, loss: 76.1686
[2026-05-28 14:21:54,827][root][INFO] - Epoch: 87, loss: 74.6315
[2026-05-28 14:21:54,898][root][INFO] - Epoch: 88, loss: 87.5606
[2026-05-28 14:21:54,969][root][INFO] - Epoch: 89, loss: 145950.4375
[2026-05-28 14:21:55,040][root][INFO] - Epoch: 90, loss: 131.9699
[2026-05-28 14:21:55,110][root][INFO] - Epoch: 91, loss: 505.3324
[2026-05-28 14:21:55,180][root][INFO] - Epoch: 92, loss: 1480.2483
[2026-05-28 14:21:55,250][root][INFO] - Epoch: 93, loss: 2459.7808
[2026-05-28 14:21:55,321][root][INFO] - Epoch: 94, loss: 2892.0032
[2026-05-28 14:21:55,392][root][INFO] - Epoch: 95, loss: 2951.9902
[2026-05-28 14:21:55,463][root][INFO] - Epoch: 96, loss: 2810.4246
[2026-05-28 14:21:55,533][root][INFO] - Epoch: 97, loss: 2595.0376
[2026-05-28 14:21:55,604][root][INFO] - Epoch: 98, loss: 2435.8257
[2026-05-28 14:21:55,605][root][INFO] - Early stopping at epoch: 97
[2026-05-28 14:21:55,631][root][INFO] - {'model_loss': '2435.8257', 'recon_loss': '0.0000', 'triplet_loss': '2435.8257'}
[2026-05-28 14:21:55,635][root][INFO] - Extinction event (pre-encoder)...
[2026-05-28 14:21:55,636][root][INFO] - Saving snapshot to runs/20260528_141105_kheperax_seed42/plots/latent_generation_1360_before_ext.png
[2026-05-28 14:21:56,969][root][INFO] - Saving snapshot to runs/20260528_141105_kheperax_seed42/plots/latent_generation_1360_after_ext.png
[2026-05-28 14:21:58,240][root][INFO] - Updating AE...
[2026-05-28 14:21:58,982][root][INFO] - Epoch: 1, loss: 235213.5000
[2026-05-28 14:21:59,054][root][INFO] - Epoch: 2, loss: 657.3043
[2026-05-28 14:21:59,128][root][INFO] - Epoch: 3, loss: 292.9998
[2026-05-28 14:21:59,200][root][INFO] - Epoch: 4, loss: 278.7874
[2026-05-28 14:21:59,272][root][INFO] - Epoch: 5, loss: 266.5758
[2026-05-28 14:21:59,342][root][INFO] - Epoch: 6, loss: 256.0929
[2026-05-28 14:21:59,413][root][INFO] - Epoch: 7, loss: 246.3578
[2026-05-28 14:21:59,483][root][INFO] - Epoch: 8, loss: 237.1616
[2026-05-28 14:21:59,554][root][INFO] - Epoch: 9, loss: 227.7345
[2026-05-28 14:21:59,625][root][INFO] - Epoch: 10, loss: 218.7180
[2026-05-28 14:21:59,695][root][INFO] - Epoch: 11, loss: 210.3188
[2026-05-28 14:21:59,766][root][INFO] - Epoch: 12, loss: 201.7296
[2026-05-28 14:21:59,837][root][INFO] - Epoch: 13, loss: 194.1398
[2026-05-28 14:21:59,907][root][INFO] - Epoch: 14, loss: 186.9680
[2026-05-28 14:21:59,978][root][INFO] - Epoch: 15, loss: 179.9664
[2026-05-28 14:22:00,048][root][INFO] - Epoch: 16, loss: 172.9116
[2026-05-28 14:22:00,119][root][INFO] - Epoch: 17, loss: 166.6377
[2026-05-28 14:22:00,190][root][INFO] - Epoch: 18, loss: 160.4609
[2026-05-28 14:22:00,261][root][INFO] - Epoch: 19, loss: 154.2674
[2026-05-28 14:22:00,331][root][INFO] - Epoch: 20, loss: 148.5471
[2026-05-28 14:22:00,402][root][INFO] - Epoch: 21, loss: 144.5865
[2026-05-28 14:22:00,473][root][INFO] - Epoch: 22, loss: 140.6815
[2026-05-28 14:22:00,544][root][INFO] - Epoch: 23, loss: 137.7779
[2026-05-28 14:22:00,614][root][INFO] - Epoch: 24, loss: 134.5490
[2026-05-28 14:22:00,686][root][INFO] - Epoch: 25, loss: 131.8072
[2026-05-28 14:22:00,757][root][INFO] - Epoch: 26, loss: 129.2182
[2026-05-28 14:22:00,828][root][INFO] - Epoch: 27, loss: 126.7984
[2026-05-28 14:22:00,898][root][INFO] - Epoch: 28, loss: 124.5381
[2026-05-28 14:22:00,969][root][INFO] - Epoch: 29, loss: 122.2536
[2026-05-28 14:22:01,039][root][INFO] - Epoch: 30, loss: 120.1656
[2026-05-28 14:22:01,109][root][INFO] - Epoch: 31, loss: 118.2551
[2026-05-28 14:22:01,180][root][INFO] - Epoch: 32, loss: 116.1326
[2026-05-28 14:22:01,250][root][INFO] - Epoch: 33, loss: 114.2161
[2026-05-28 14:22:01,321][root][INFO] - Epoch: 34, loss: 112.3882
[2026-05-28 14:22:01,391][root][INFO] - Epoch: 35, loss: 110.5033
[2026-05-28 14:22:01,462][root][INFO] - Epoch: 36, loss: 108.7154
[2026-05-28 14:22:01,534][root][INFO] - Epoch: 37, loss: 106.9684
[2026-05-28 14:22:01,605][root][INFO] - Epoch: 38, loss: 105.2026
[2026-05-28 14:22:01,676][root][INFO] - Epoch: 39, loss: 103.5483
[2026-05-28 14:22:01,747][root][INFO] - Epoch: 40, loss: 101.9399
[2026-05-28 14:22:01,817][root][INFO] - Epoch: 41, loss: 100.3400
[2026-05-28 14:22:01,889][root][INFO] - Epoch: 42, loss: 98.7295
[2026-05-28 14:22:01,959][root][INFO] - Epoch: 43, loss: 97.0396
[2026-05-28 14:22:02,030][root][INFO] - Epoch: 44, loss: 95.3622
[2026-05-28 14:22:02,100][root][INFO] - Epoch: 45, loss: 93.7003
[2026-05-28 14:22:02,171][root][INFO] - Epoch: 46, loss: 91.7400
[2026-05-28 14:22:02,241][root][INFO] - Epoch: 47, loss: 89.5376
[2026-05-28 14:22:02,311][root][INFO] - Epoch: 48, loss: 87.2913
[2026-05-28 14:22:02,383][root][INFO] - Epoch: 49, loss: 85.3927
[2026-05-28 14:22:02,454][root][INFO] - Epoch: 50, loss: 83.9145
[2026-05-28 14:22:02,525][root][INFO] - Epoch: 51, loss: 82.6682
[2026-05-28 14:22:02,596][root][INFO] - Epoch: 52, loss: 81.2778
[2026-05-28 14:22:02,667][root][INFO] - Epoch: 53, loss: 79.9365
[2026-05-28 14:22:02,739][root][INFO] - Epoch: 54, loss: 78.4551
[2026-05-28 14:22:02,810][root][INFO] - Epoch: 55, loss: 77.1036
[2026-05-28 14:22:02,880][root][INFO] - Epoch: 56, loss: 75.7135
[2026-05-28 14:22:02,951][root][INFO] - Epoch: 57, loss: 74.6008
[2026-05-28 14:22:03,023][root][INFO] - Epoch: 58, loss: 73.3192
[2026-05-28 14:22:03,094][root][INFO] - Epoch: 59, loss: 71.4977
[2026-05-28 14:22:03,165][root][INFO] - Epoch: 60, loss: 70.3178
[2026-05-28 14:22:03,238][root][INFO] - Epoch: 61, loss: 68.7133
[2026-05-28 14:22:03,309][root][INFO] - Epoch: 62, loss: 67.9841
[2026-05-28 14:22:03,381][root][INFO] - Epoch: 63, loss: 66.8447
[2026-05-28 14:22:03,453][root][INFO] - Epoch: 64, loss: 65.1966
[2026-05-28 14:22:03,525][root][INFO] - Epoch: 65, loss: 63.5453
[2026-05-28 14:22:03,598][root][INFO] - Epoch: 66, loss: 61.6636
[2026-05-28 14:22:03,669][root][INFO] - Epoch: 67, loss: 59.8491
[2026-05-28 14:22:03,739][root][INFO] - Epoch: 68, loss: 57.9724
[2026-05-28 14:22:03,811][root][INFO] - Epoch: 69, loss: 56.0211
[2026-05-28 14:22:03,883][root][INFO] - Epoch: 70, loss: 53.9722
[2026-05-28 14:22:03,954][root][INFO] - Epoch: 71, loss: 52.6079
[2026-05-28 14:22:04,027][root][INFO] - Epoch: 72, loss: 51.4590
[2026-05-28 14:22:04,099][root][INFO] - Epoch: 73, loss: 50.2380
[2026-05-28 14:22:04,171][root][INFO] - Epoch: 74, loss: 48.5320
[2026-05-28 14:22:04,241][root][INFO] - Epoch: 75, loss: 31.4231
[2026-05-28 14:22:04,312][root][INFO] - Epoch: 76, loss: 23.6003
[2026-05-28 14:22:04,385][root][INFO] - Epoch: 77, loss: 51.0924
[2026-05-28 14:22:04,459][root][INFO] - Epoch: 78, loss: 39.0064
[2026-05-28 14:22:04,531][root][INFO] - Epoch: 79, loss: 37.7171
[2026-05-28 14:22:04,602][root][INFO] - Epoch: 80, loss: 33.3312
[2026-05-28 14:22:04,672][root][INFO] - Epoch: 81, loss: 39.6021
[2026-05-28 14:22:04,743][root][INFO] - Epoch: 82, loss: 38.6339
[2026-05-28 14:22:04,813][root][INFO] - Epoch: 83, loss: 30.5833
[2026-05-28 14:22:04,884][root][INFO] - Epoch: 84, loss: 26.1377
[2026-05-28 14:22:04,956][root][INFO] - Epoch: 85, loss: 21.9301
[2026-05-28 14:22:05,027][root][INFO] - Epoch: 86, loss: 19.4823
[2026-05-28 14:22:05,099][root][INFO] - Epoch: 87, loss: 18.3364
[2026-05-28 14:22:05,171][root][INFO] - Epoch: 88, loss: 17.5865
[2026-05-28 14:22:05,242][root][INFO] - Epoch: 89, loss: 17.2710
[2026-05-28 14:22:05,313][root][INFO] - Epoch: 90, loss: 16.4486
[2026-05-28 14:22:05,383][root][INFO] - Epoch: 91, loss: 15.6434
[2026-05-28 14:22:05,455][root][INFO] - Epoch: 92, loss: 14.8918
[2026-05-28 14:22:05,527][root][INFO] - Epoch: 93, loss: 14.4762
[2026-05-28 14:22:05,599][root][INFO] - Epoch: 94, loss: 14.0764
[2026-05-28 14:22:05,671][root][INFO] - Epoch: 95, loss: 13.7311
[2026-05-28 14:22:05,742][root][INFO] - Epoch: 96, loss: 13.4756
[2026-05-28 14:22:05,813][root][INFO] - Epoch: 97, loss: 13.1539
[2026-05-28 14:22:05,884][root][INFO] - Epoch: 98, loss: 12.0311
[2026-05-28 14:22:05,956][root][INFO] - Epoch: 99, loss: 11.1284
[2026-05-28 14:22:06,029][root][INFO] - Epoch: 100, loss: 10.6932
[2026-05-28 14:22:06,101][root][INFO] - Epoch: 101, loss: 10.1472
[2026-05-28 14:22:06,172][root][INFO] - Epoch: 102, loss: 9.8092
[2026-05-28 14:22:06,243][root][INFO] - Epoch: 103, loss: 9.4648
[2026-05-28 14:22:06,313][root][INFO] - Epoch: 104, loss: 9.2075
[2026-05-28 14:22:06,384][root][INFO] - Epoch: 105, loss: 8.9284
[2026-05-28 14:22:06,455][root][INFO] - Epoch: 106, loss: 8.4939
[2026-05-28 14:22:06,526][root][INFO] - Epoch: 107, loss: 8.0221
[2026-05-28 14:22:06,597][root][INFO] - Epoch: 108, loss: 7.8701
[2026-05-28 14:22:06,667][root][INFO] - Epoch: 109, loss: 7.7246
[2026-05-28 14:22:06,738][root][INFO] - Epoch: 110, loss: 7.6347
[2026-05-28 14:22:06,811][root][INFO] - Epoch: 111, loss: 7.5608
[2026-05-28 14:22:06,882][root][INFO] - Epoch: 112, loss: 7.5068
[2026-05-28 14:22:06,954][root][INFO] - Epoch: 113, loss: 7.4349
[2026-05-28 14:22:07,025][root][INFO] - Epoch: 114, loss: 7.3730
[2026-05-28 14:22:07,095][root][INFO] - Epoch: 115, loss: 7.3276
[2026-05-28 14:22:07,167][root][INFO] - Epoch: 116, loss: 7.2492
[2026-05-28 14:22:07,239][root][INFO] - Epoch: 117, loss: 7.2031
[2026-05-28 14:22:07,310][root][INFO] - Epoch: 118, loss: 7.1069
[2026-05-28 14:22:07,380][root][INFO] - Epoch: 119, loss: 7.0569
[2026-05-28 14:22:07,450][root][INFO] - Epoch: 120, loss: 6.9765
[2026-05-28 14:22:07,521][root][INFO] - Epoch: 121, loss: 6.9727
[2026-05-28 14:22:07,593][root][INFO] - Epoch: 122, loss: 6.8950
[2026-05-28 14:22:07,663][root][INFO] - Epoch: 123, loss: 6.8629
[2026-05-28 14:22:07,734][root][INFO] - Epoch: 124, loss: 6.7805
[2026-05-28 14:22:07,805][root][INFO] - Epoch: 125, loss: 6.7107
[2026-05-28 14:22:07,876][root][INFO] - Epoch: 126, loss: 6.6509
[2026-05-28 14:22:07,946][root][INFO] - Epoch: 127, loss: 6.5892
[2026-05-28 14:22:08,019][root][INFO] - Epoch: 128, loss: 6.5122
[2026-05-28 14:22:08,091][root][INFO] - Epoch: 129, loss: 6.4833
[2026-05-28 14:22:08,162][root][INFO] - Epoch: 130, loss: 6.3792
[2026-05-28 14:22:08,234][root][INFO] - Epoch: 131, loss: 6.3216
[2026-05-28 14:22:08,304][root][INFO] - Epoch: 132, loss: 6.2491
[2026-05-28 14:22:08,375][root][INFO] - Epoch: 133, loss: 6.1863
[2026-05-28 14:22:08,447][root][INFO] - Epoch: 134, loss: 6.1251
[2026-05-28 14:22:08,517][root][INFO] - Epoch: 135, loss: 6.1140
[2026-05-28 14:22:08,589][root][INFO] - Epoch: 136, loss: 6.0198
[2026-05-28 14:22:08,660][root][INFO] - Epoch: 137, loss: 5.9497
[2026-05-28 14:22:08,731][root][INFO] - Epoch: 138, loss: 5.8704
[2026-05-28 14:22:08,801][root][INFO] - Epoch: 139, loss: 5.7940
[2026-05-28 14:22:08,872][root][INFO] - Epoch: 140, loss: 5.7702
[2026-05-28 14:22:08,943][root][INFO] - Epoch: 141, loss: 5.6637
[2026-05-28 14:22:09,014][root][INFO] - Epoch: 142, loss: 5.5623
[2026-05-28 14:22:09,085][root][INFO] - Epoch: 143, loss: 5.5175
[2026-05-28 14:22:09,155][root][INFO] - Epoch: 144, loss: 5.5056
[2026-05-28 14:22:09,226][root][INFO] - Epoch: 145, loss: 5.3822
[2026-05-28 14:22:09,297][root][INFO] - Epoch: 146, loss: 5.3046
[2026-05-28 14:22:09,368][root][INFO] - Epoch: 147, loss: 5.2501
[2026-05-28 14:22:09,438][root][INFO] - Epoch: 148, loss: 5.1839
[2026-05-28 14:22:09,509][root][INFO] - Epoch: 149, loss: 5.1025
[2026-05-28 14:22:09,580][root][INFO] - Epoch: 150, loss: 5.1271
[2026-05-28 14:22:09,651][root][INFO] - Epoch: 151, loss: 5.0862
[2026-05-28 14:22:09,722][root][INFO] - Epoch: 152, loss: 4.8869
[2026-05-28 14:22:09,793][root][INFO] - Epoch: 153, loss: 4.8023
[2026-05-28 14:22:09,864][root][INFO] - Epoch: 154, loss: 4.8098
[2026-05-28 14:22:09,935][root][INFO] - Epoch: 155, loss: 4.7745
[2026-05-28 14:22:10,005][root][INFO] - Epoch: 156, loss: 4.6932
[2026-05-28 14:22:10,075][root][INFO] - Epoch: 157, loss: 4.6293
[2026-05-28 14:22:10,145][root][INFO] - Epoch: 158, loss: 4.5855
[2026-05-28 14:22:10,215][root][INFO] - Epoch: 159, loss: 4.5200
[2026-05-28 14:22:10,285][root][INFO] - Epoch: 160, loss: 4.4702
[2026-05-28 14:22:10,356][root][INFO] - Epoch: 161, loss: 4.4259
[2026-05-28 14:22:10,427][root][INFO] - Epoch: 162, loss: 4.3632
[2026-05-28 14:22:10,497][root][INFO] - Epoch: 163, loss: 4.3451
[2026-05-28 14:22:10,568][root][INFO] - Epoch: 164, loss: 4.3180
[2026-05-28 14:22:10,639][root][INFO] - Epoch: 165, loss: 4.2422
[2026-05-28 14:22:10,709][root][INFO] - Epoch: 166, loss: 4.2299
[2026-05-28 14:22:10,780][root][INFO] - Epoch: 167, loss: 4.2002
[2026-05-28 14:22:10,851][root][INFO] - Epoch: 168, loss: 4.1328
[2026-05-28 14:22:10,922][root][INFO] - Epoch: 169, loss: 4.0961
[2026-05-28 14:22:10,993][root][INFO] - Epoch: 170, loss: 4.0544
[2026-05-28 14:22:11,064][root][INFO] - Epoch: 171, loss: 4.0619
[2026-05-28 14:22:11,135][root][INFO] - Epoch: 172, loss: 3.9984
[2026-05-28 14:22:11,206][root][INFO] - Epoch: 173, loss: 3.9764
[2026-05-28 14:22:11,276][root][INFO] - Epoch: 174, loss: 3.9283
[2026-05-28 14:22:11,346][root][INFO] - Epoch: 175, loss: 3.8801
[2026-05-28 14:22:11,416][root][INFO] - Epoch: 176, loss: 3.8622
[2026-05-28 14:22:11,487][root][INFO] - Epoch: 177, loss: 3.8147
[2026-05-28 14:22:11,557][root][INFO] - Epoch: 178, loss: 3.7818
[2026-05-28 14:22:11,628][root][INFO] - Epoch: 179, loss: 3.7395
[2026-05-28 14:22:11,698][root][INFO] - Epoch: 180, loss: 3.7218
[2026-05-28 14:22:11,769][root][INFO] - Epoch: 181, loss: 3.6983
[2026-05-28 14:22:11,842][root][INFO] - Epoch: 182, loss: 3.6732
[2026-05-28 14:22:11,912][root][INFO] - Epoch: 183, loss: 3.6415
[2026-05-28 14:22:11,982][root][INFO] - Epoch: 184, loss: 3.6120
[2026-05-28 14:22:12,053][root][INFO] - Epoch: 185, loss: 3.5950
[2026-05-28 14:22:12,123][root][INFO] - Epoch: 186, loss: 3.5887
[2026-05-28 14:22:12,194][root][INFO] - Epoch: 187, loss: 3.5483
[2026-05-28 14:22:12,265][root][INFO] - Epoch: 188, loss: 3.5181
[2026-05-28 14:22:12,336][root][INFO] - Epoch: 189, loss: 3.4962
[2026-05-28 14:22:12,407][root][INFO] - Epoch: 190, loss: 3.4886
[2026-05-28 14:22:12,477][root][INFO] - Epoch: 191, loss: 3.4677
[2026-05-28 14:22:12,548][root][INFO] - Epoch: 192, loss: 3.4523
[2026-05-28 14:22:12,618][root][INFO] - Epoch: 193, loss: 3.4169
[2026-05-28 14:22:12,689][root][INFO] - Epoch: 194, loss: 3.4052
[2026-05-28 14:22:12,761][root][INFO] - Epoch: 195, loss: 3.3751
[2026-05-28 14:22:12,832][root][INFO] - Epoch: 196, loss: 3.3576
[2026-05-28 14:22:12,902][root][INFO] - Epoch: 197, loss: 3.3352
[2026-05-28 14:22:12,973][root][INFO] - Epoch: 198, loss: 3.3242
[2026-05-28 14:22:13,043][root][INFO] - Epoch: 199, loss: 3.3176
[2026-05-28 14:22:13,115][root][INFO] - Epoch: 200, loss: 3.2867
[2026-05-28 14:22:13,148][root][INFO] - {'model_loss': '3.2867', 'recon_loss': '0.0000', 'triplet_loss': '3.2867'}
[2026-05-28 14:22:13,151][root][INFO] - Generation 272/400 - Time: 0.00 seconds
[2026-05-28 14:22:13,152][root][INFO] - {'coverage': '100.00', 'max_fitness': '0.00', 'passive_coverage': '74.32', 'passive_max_fitness': '0.00', 'passive_mean_fitness': '-62.34', 'passive_qd_score': '60177.78', 'qd_score': '95041.13', 'mean_fitness_top_k': '-27.09'}
[2026-05-28 14:22:14,122][root][INFO] - Generation 273/400 - Time: 0.00 seconds
[2026-05-28 14:22:14,123][root][INFO] - {'coverage': '100.00', 'max_fitness': '0.00', 'passive_coverage': '74.90', 'passive_max_fitness': '0.00', 'passive_mean_fitness': '-62.46', 'passive_qd_score': '60562.04', 'qd_score': '94626.23', 'mean_fitness_top_k': '-20.50'}
[2026-05-28 14:22:15,093][root][INFO] - Generation 274/400 - Time: 0.00 seconds
[2026-05-28 14:22:15,094][root][INFO] - {'coverage': '100.00', 'max_fitness': '0.00', 'passive_coverage': '74.90', 'passive_max_fitness': '0.00', 'passive_mean_fitness': '-62.46', 'passive_qd_score': '60562.61', 'qd_score': '94837.56', 'mean_fitness_top_k': '-20.42'}
[2026-05-28 14:22:16,063][root][INFO] - Generation 275/400 - Time: 0.00 seconds
[2026-05-28 14:22:16,063][root][INFO] - {'coverage': '100.00', 'max_fitness': '0.00', 'passive_coverage': '74.90', 'passive_max_fitness': '0.00', 'passive_mean_fitness': '-62.46', 'passive_qd_score': '60563.98', 'qd_score': '95113.94', 'mean_fitness_top_k': '-19.44'}
[2026-05-28 14:22:17,035][root][INFO] - Generation 276/400 - Time: 0.00 seconds
[2026-05-28 14:22:17,036][root][INFO] - {'coverage': '100.00', 'max_fitness': '0.00', 'passive_coverage': '74.90', 'passive_max_fitness': '0.00', 'passive_mean_fitness': '-62.46', 'passive_qd_score': '60563.98', 'qd_score': '95059.64', 'mean_fitness_top_k': '-19.06'}
[2026-05-28 14:22:18,036][root][INFO] - Generation 277/400 - Time: 0.00 seconds
[2026-05-28 14:22:18,036][root][INFO] - {'coverage': '100.00', 'max_fitness': '0.00', 'passive_coverage': '74.90', 'passive_max_fitness': '0.00', 'passive_mean_fitness': '-62.46', 'passive_qd_score': '60563.98', 'qd_score': '95545.34', 'mean_fitness_top_k': '-17.85'}
[2026-05-28 14:22:18,038][root][INFO] - Saving snapshot to runs/20260528_141105_kheperax_seed42/plots/latent_generation_1385_5_gens_after_ext_gen1360.png
[2026-05-28 14:22:20,364][root][INFO] - Generation 278/400 - Time: 0.00 seconds
[2026-05-28 14:22:20,364][root][INFO] - {'coverage': '100.00', 'max_fitness': '0.00', 'passive_coverage': '74.90', 'passive_max_fitness': '0.00', 'passive_mean_fitness': '-62.46', 'passive_qd_score': '60563.98', 'qd_score': '95950.90', 'mean_fitness_top_k': '-17.73'}
[2026-05-28 14:22:21,338][root][INFO] - Generation 279/400 - Time: 0.00 seconds
[2026-05-28 14:22:21,339][root][INFO] - {'coverage': '100.00', 'max_fitness': '0.00', 'passive_coverage': '74.90', 'passive_max_fitness': '0.00', 'passive_mean_fitness': '-62.46', 'passive_qd_score': '60564.23', 'qd_score': '96308.00', 'mean_fitness_top_k': '-17.59'}
[2026-05-28 14:22:22,314][root][INFO] - Generation 280/400 - Time: 0.00 seconds
[2026-05-28 14:22:22,315][root][INFO] - {'coverage': '100.00', 'max_fitness': '0.00', 'passive_coverage': '74.90', 'passive_max_fitness': '0.00', 'passive_mean_fitness': '-62.46', 'passive_qd_score': '60564.23', 'qd_score': '97008.80', 'mean_fitness_top_k': '-16.59'}
[2026-05-28 14:22:23,291][root][INFO] - Generation 281/400 - Time: 0.00 seconds
[2026-05-28 14:22:23,292][root][INFO] - {'coverage': '100.00', 'max_fitness': '0.00', 'passive_coverage': '74.90', 'passive_max_fitness': '0.00', 'passive_mean_fitness': '-62.46', 'passive_qd_score': '60564.23', 'qd_score': '97965.27', 'mean_fitness_top_k': '-15.44'}
[2026-05-28 14:22:24,266][root][INFO] - Generation 282/400 - Time: 0.00 seconds
[2026-05-28 14:22:24,267][root][INFO] - {'coverage': '100.00', 'max_fitness': '0.00', 'passive_coverage': '74.90', 'passive_max_fitness': '0.00', 'passive_mean_fitness': '-62.46', 'passive_qd_score': '60564.23', 'qd_score': '98282.20', 'mean_fitness_top_k': '-14.86'}
[2026-05-28 14:22:25,234][root][INFO] - Generation 283/400 - Time: 0.00 seconds
[2026-05-28 14:22:25,235][root][INFO] - {'coverage': '100.00', 'max_fitness': '0.00', 'passive_coverage': '74.90', 'passive_max_fitness': '0.00', 'passive_mean_fitness': '-62.46', 'passive_qd_score': '60564.23', 'qd_score': '98895.91', 'mean_fitness_top_k': '-13.92'}
[2026-05-28 14:22:26,208][root][INFO] - Generation 284/400 - Time: 0.00 seconds
[2026-05-28 14:22:26,209][root][INFO] - {'coverage': '100.00', 'max_fitness': '0.00', 'passive_coverage': '74.90', 'passive_max_fitness': '0.00', 'passive_mean_fitness': '-62.46', 'passive_qd_score': '60564.23', 'qd_score': '99713.18', 'mean_fitness_top_k': '-12.36'}
[2026-05-28 14:22:27,177][root][INFO] - Generation 285/400 - Time: 0.00 seconds
[2026-05-28 14:22:27,178][root][INFO] - {'coverage': '100.00', 'max_fitness': '0.00', 'passive_coverage': '74.90', 'passive_max_fitness': '0.00', 'passive_mean_fitness': '-62.46', 'passive_qd_score': '60564.23', 'qd_score': '100300.17', 'mean_fitness_top_k': '-10.91'}
[2026-05-28 14:22:28,146][root][INFO] - Generation 286/400 - Time: 0.00 seconds
[2026-05-28 14:22:28,146][root][INFO] - {'coverage': '100.00', 'max_fitness': '0.00', 'passive_coverage': '74.90', 'passive_max_fitness': '0.00', 'passive_mean_fitness': '-62.46', 'passive_qd_score': '60564.23', 'qd_score': '100867.12', 'mean_fitness_top_k': '-10.11'}
[2026-05-28 14:22:29,136][root][INFO] - Generation 287/400 - Time: 0.00 seconds
[2026-05-28 14:22:29,137][root][INFO] - {'coverage': '100.00', 'max_fitness': '0.00', 'passive_coverage': '74.90', 'passive_max_fitness': '0.00', 'passive_mean_fitness': '-62.46', 'passive_qd_score': '60564.23', 'qd_score': '101238.81', 'mean_fitness_top_k': '-9.02'}
[2026-05-28 14:22:30,137][root][INFO] - Generation 288/400 - Time: 0.00 seconds
[2026-05-28 14:22:30,138][root][INFO] - {'coverage': '100.00', 'max_fitness': '0.00', 'passive_coverage': '74.90', 'passive_max_fitness': '0.00', 'passive_mean_fitness': '-62.46', 'passive_qd_score': '60564.23', 'qd_score': '101924.38', 'mean_fitness_top_k': '-7.87'}
[2026-05-28 14:22:31,113][root][INFO] - Generation 289/400 - Time: 0.00 seconds
[2026-05-28 14:22:31,113][root][INFO] - {'coverage': '100.00', 'max_fitness': '0.00', 'passive_coverage': '74.90', 'passive_max_fitness': '0.00', 'passive_mean_fitness': '-62.46', 'passive_qd_score': '60564.23', 'qd_score': '102644.52', 'mean_fitness_top_k': '-6.87'}
[2026-05-28 14:22:32,076][root][INFO] - Generation 290/400 - Time: 0.00 seconds
[2026-05-28 14:22:32,076][root][INFO] - {'coverage': '100.00', 'max_fitness': '0.00', 'passive_coverage': '74.90', 'passive_max_fitness': '0.00', 'passive_mean_fitness': '-62.46', 'passive_qd_score': '60564.23', 'qd_score': '103482.55', 'mean_fitness_top_k': '-5.15'}
[2026-05-28 14:22:33,047][root][INFO] - Generation 291/400 - Time: 0.00 seconds
[2026-05-28 14:22:33,048][root][INFO] - {'coverage': '100.00', 'max_fitness': '0.00', 'passive_coverage': '74.90', 'passive_max_fitness': '0.00', 'passive_mean_fitness': '-62.46', 'passive_qd_score': '60564.23', 'qd_score': '103737.86', 'mean_fitness_top_k': '-4.65'}
[2026-05-28 14:22:34,013][root][INFO] - Generation 292/400 - Time: 0.00 seconds
[2026-05-28 14:22:34,014][root][INFO] - {'coverage': '100.00', 'max_fitness': '0.00', 'passive_coverage': '74.90', 'passive_max_fitness': '0.00', 'passive_mean_fitness': '-62.46', 'passive_qd_score': '60564.23', 'qd_score': '104604.38', 'mean_fitness_top_k': '-3.21'}
[2026-05-28 14:22:34,984][root][INFO] - Generation 293/400 - Time: 0.00 seconds
[2026-05-28 14:22:34,985][root][INFO] - {'coverage': '100.00', 'max_fitness': '0.00', 'passive_coverage': '74.90', 'passive_max_fitness': '0.00', 'passive_mean_fitness': '-62.46', 'passive_qd_score': '60564.23', 'qd_score': '105113.27', 'mean_fitness_top_k': '-2.91'}
[2026-05-28 14:22:35,982][root][INFO] - Generation 294/400 - Time: 0.00 seconds
[2026-05-28 14:22:35,983][root][INFO] - {'coverage': '100.00', 'max_fitness': '0.00', 'passive_coverage': '74.90', 'passive_max_fitness': '0.00', 'passive_mean_fitness': '-62.46', 'passive_qd_score': '60564.23', 'qd_score': '105411.61', 'mean_fitness_top_k': '-2.13'}
[2026-05-28 14:22:36,956][root][INFO] - Generation 295/400 - Time: 0.00 seconds
[2026-05-28 14:22:36,957][root][INFO] - {'coverage': '100.00', 'max_fitness': '0.00', 'passive_coverage': '74.90', 'passive_max_fitness': '0.00', 'passive_mean_fitness': '-62.46', 'passive_qd_score': '60564.23', 'qd_score': '106037.15', 'mean_fitness_top_k': '-1.57'}
[2026-05-28 14:22:37,927][root][INFO] - Generation 296/400 - Time: 0.00 seconds
[2026-05-28 14:22:37,928][root][INFO] - {'coverage': '100.00', 'max_fitness': '0.00', 'passive_coverage': '74.90', 'passive_max_fitness': '0.00', 'passive_mean_fitness': '-62.46', 'passive_qd_score': '60564.23', 'qd_score': '106571.05', 'mean_fitness_top_k': '-0.92'}
[2026-05-28 14:22:38,905][root][INFO] - Generation 297/400 - Time: 0.00 seconds
[2026-05-28 14:22:38,906][root][INFO] - {'coverage': '100.00', 'max_fitness': '0.00', 'passive_coverage': '75.00', 'passive_max_fitness': '0.00', 'passive_mean_fitness': '-62.38', 'passive_qd_score': '60705.65', 'qd_score': '106909.21', 'mean_fitness_top_k': '-0.52'}
[2026-05-28 14:22:39,874][root][INFO] - Generation 298/400 - Time: 0.00 seconds
[2026-05-28 14:22:39,875][root][INFO] - {'coverage': '100.00', 'max_fitness': '0.00', 'passive_coverage': '75.00', 'passive_max_fitness': '0.00', 'passive_mean_fitness': '-62.38', 'passive_qd_score': '60705.65', 'qd_score': '106974.86', 'mean_fitness_top_k': '-0.13'}
[2026-05-28 14:22:40,842][root][INFO] - Generation 299/400 - Time: 0.00 seconds
[2026-05-28 14:22:40,843][root][INFO] - {'coverage': '100.00', 'max_fitness': '0.00', 'passive_coverage': '75.00', 'passive_max_fitness': '0.00', 'passive_mean_fitness': '-62.38', 'passive_qd_score': '60705.65', 'qd_score': '107582.88', 'mean_fitness_top_k': '0.00'}
[2026-05-28 14:22:41,843][root][INFO] - Generation 300/400 - Time: 0.00 seconds
[2026-05-28 14:22:41,844][root][INFO] - {'coverage': '100.00', 'max_fitness': '0.00', 'passive_coverage': '75.10', 'passive_max_fitness': '0.00', 'passive_mean_fitness': '-62.30', 'passive_qd_score': '60847.07', 'qd_score': '107918.92', 'mean_fitness_top_k': '0.00'}
[2026-05-28 14:22:42,838][root][INFO] - Generation 301/400 - Time: 0.00 seconds
[2026-05-28 14:22:42,839][root][INFO] - {'coverage': '100.00', 'max_fitness': '0.00', 'passive_coverage': '75.20', 'passive_max_fitness': '0.00', 'passive_mean_fitness': '-62.22', 'passive_qd_score': '60988.50', 'qd_score': '108606.79', 'mean_fitness_top_k': '0.00'}
[2026-05-28 14:22:43,899][root][INFO] - Generation 302/400 - Time: 0.00 seconds
[2026-05-28 14:22:43,900][root][INFO] - {'coverage': '100.00', 'max_fitness': '0.00', 'passive_coverage': '75.20', 'passive_max_fitness': '0.00', 'passive_mean_fitness': '-62.22', 'passive_qd_score': '60988.50', 'qd_score': '109284.43', 'mean_fitness_top_k': '0.00'}
[2026-05-28 14:22:44,875][root][INFO] - Generation 303/400 - Time: 0.00 seconds
[2026-05-28 14:22:44,876][root][INFO] - {'coverage': '100.00', 'max_fitness': '0.00', 'passive_coverage': '75.20', 'passive_max_fitness': '0.00', 'passive_mean_fitness': '-62.22', 'passive_qd_score': '60988.50', 'qd_score': '109763.47', 'mean_fitness_top_k': '0.00'}
[2026-05-28 14:22:45,840][root][INFO] - Generation 304/400 - Time: 0.00 seconds
[2026-05-28 14:22:45,841][root][INFO] - {'coverage': '100.00', 'max_fitness': '0.00', 'passive_coverage': '75.20', 'passive_max_fitness': '0.00', 'passive_mean_fitness': '-62.22', 'passive_qd_score': '60988.50', 'qd_score': '110138.65', 'mean_fitness_top_k': '0.00'}
[2026-05-28 14:22:46,889][root][INFO] - Generation 305/400 - Time: 0.00 seconds
[2026-05-28 14:22:46,890][root][INFO] - {'coverage': '100.00', 'max_fitness': '0.00', 'passive_coverage': '75.20', 'passive_max_fitness': '0.00', 'passive_mean_fitness': '-62.22', 'passive_qd_score': '60988.50', 'qd_score': '110926.98', 'mean_fitness_top_k': '0.00'}
[2026-05-28 14:22:47,883][root][INFO] - Updating AE...
[2026-05-28 14:22:48,629][root][INFO] - Epoch: 1, loss: 1003.3521
[2026-05-28 14:22:48,703][root][INFO] - Epoch: 2, loss: 797.7355
[2026-05-28 14:22:48,776][root][INFO] - Epoch: 3, loss: 707.6754
[2026-05-28 14:22:48,848][root][INFO] - Epoch: 4, loss: 684.7856
[2026-05-28 14:22:48,921][root][INFO] - Epoch: 5, loss: 673.4000
[2026-05-28 14:22:48,992][root][INFO] - Epoch: 6, loss: 657.3804
[2026-05-28 14:22:49,063][root][INFO] - Epoch: 7, loss: 639.0406
[2026-05-28 14:22:49,134][root][INFO] - Epoch: 8, loss: 633.0973
[2026-05-28 14:22:49,205][root][INFO] - Epoch: 9, loss: 623.8446
[2026-05-28 14:22:49,275][root][INFO] - Epoch: 10, loss: 616.9265
[2026-05-28 14:22:49,345][root][INFO] - Epoch: 11, loss: 611.3856
[2026-05-28 14:22:49,416][root][INFO] - Epoch: 12, loss: 605.6399
[2026-05-28 14:22:49,487][root][INFO] - Epoch: 13, loss: 598.0430
[2026-05-28 14:22:49,557][root][INFO] - Epoch: 14, loss: 593.6515
[2026-05-28 14:22:49,627][root][INFO] - Epoch: 15, loss: 593.9374
[2026-05-28 14:22:49,698][root][INFO] - Epoch: 16, loss: 587.6449
[2026-05-28 14:22:49,769][root][INFO] - Epoch: 17, loss: 574.3542
[2026-05-28 14:22:49,840][root][INFO] - Epoch: 18, loss: 573.6618
[2026-05-28 14:22:49,911][root][INFO] - Epoch: 19, loss: 569.3381
[2026-05-28 14:22:49,981][root][INFO] - Epoch: 20, loss: 567.4304
[2026-05-28 14:22:50,052][root][INFO] - Epoch: 21, loss: 559.4880
[2026-05-28 14:22:50,123][root][INFO] - Epoch: 22, loss: 556.6931
[2026-05-28 14:22:50,194][root][INFO] - Epoch: 23, loss: 552.6317
[2026-05-28 14:22:50,265][root][INFO] - Epoch: 24, loss: 554.1486
[2026-05-28 14:22:50,336][root][INFO] - Epoch: 25, loss: 551.7744
[2026-05-28 14:22:50,406][root][INFO] - Epoch: 26, loss: 549.7124
[2026-05-28 14:22:50,477][root][INFO] - Epoch: 27, loss: 542.4059
[2026-05-28 14:22:50,548][root][INFO] - Epoch: 28, loss: 539.5120
[2026-05-28 14:22:50,618][root][INFO] - Epoch: 29, loss: 537.1144
[2026-05-28 14:22:50,689][root][INFO] - Epoch: 30, loss: 538.8674
[2026-05-28 14:22:50,760][root][INFO] - Epoch: 31, loss: 539.6262
[2026-05-28 14:22:50,830][root][INFO] - Epoch: 32, loss: 533.5246
[2026-05-28 14:22:50,901][root][INFO] - Epoch: 33, loss: 528.8647
[2026-05-28 14:22:50,972][root][INFO] - Epoch: 34, loss: 524.5765
[2026-05-28 14:22:51,044][root][INFO] - Epoch: 35, loss: 523.8790
[2026-05-28 14:22:51,115][root][INFO] - Epoch: 36, loss: 521.3338
[2026-05-28 14:22:51,187][root][INFO] - Epoch: 37, loss: 517.7448
[2026-05-28 14:22:51,258][root][INFO] - Epoch: 38, loss: 522.2284
[2026-05-28 14:22:51,329][root][INFO] - Epoch: 39, loss: 513.5780
[2026-05-28 14:22:51,399][root][INFO] - Epoch: 40, loss: 511.2804
[2026-05-28 14:22:51,470][root][INFO] - Epoch: 41, loss: 509.2744
[2026-05-28 14:22:51,541][root][INFO] - Epoch: 42, loss: 505.9157
[2026-05-28 14:22:51,613][root][INFO] - Epoch: 43, loss: 503.7032
[2026-05-28 14:22:51,685][root][INFO] - Epoch: 44, loss: 512.1462
[2026-05-28 14:22:51,758][root][INFO] - Epoch: 45, loss: 519.8037
[2026-05-28 14:22:51,828][root][INFO] - Epoch: 46, loss: 518.6238
[2026-05-28 14:22:51,899][root][INFO] - Epoch: 47, loss: 513.9362
[2026-05-28 14:22:51,970][root][INFO] - Epoch: 48, loss: 509.0928
[2026-05-28 14:22:52,040][root][INFO] - Epoch: 49, loss: 511.8671
[2026-05-28 14:22:52,112][root][INFO] - Epoch: 50, loss: 513.4401
[2026-05-28 14:22:52,185][root][INFO] - Epoch: 51, loss: 507.0401
[2026-05-28 14:22:52,255][root][INFO] - Epoch: 52, loss: 510.1824
[2026-05-28 14:22:52,327][root][INFO] - Epoch: 53, loss: 499.8065
[2026-05-28 14:22:52,398][root][INFO] - Epoch: 54, loss: 503.8867
[2026-05-28 14:22:52,468][root][INFO] - Epoch: 55, loss: 493.3180
[2026-05-28 14:22:52,541][root][INFO] - Epoch: 56, loss: 493.2232
[2026-05-28 14:22:52,612][root][INFO] - Epoch: 57, loss: 484.1276
[2026-05-28 14:22:52,683][root][INFO] - Epoch: 58, loss: 485.2036
[2026-05-28 14:22:52,754][root][INFO] - Epoch: 59, loss: 490.1757
[2026-05-28 14:22:52,825][root][INFO] - Epoch: 60, loss: 485.6454
[2026-05-28 14:22:52,896][root][INFO] - Epoch: 61, loss: 480.3691
[2026-05-28 14:22:52,967][root][INFO] - Epoch: 62, loss: 474.0805
[2026-05-28 14:22:53,038][root][INFO] - Epoch: 63, loss: 476.3555
[2026-05-28 14:22:53,110][root][INFO] - Epoch: 64, loss: 473.0799
[2026-05-28 14:22:53,180][root][INFO] - Epoch: 65, loss: 462.8523
[2026-05-28 14:22:53,251][root][INFO] - Epoch: 66, loss: 468.6810
[2026-05-28 14:22:53,321][root][INFO] - Epoch: 67, loss: 463.0825
[2026-05-28 14:22:53,392][root][INFO] - Epoch: 68, loss: 466.3495
[2026-05-28 14:22:53,464][root][INFO] - Epoch: 69, loss: 468.3812
[2026-05-28 14:22:53,535][root][INFO] - Epoch: 70, loss: 468.1596
[2026-05-28 14:22:53,607][root][INFO] - Epoch: 71, loss: 486.9710
[2026-05-28 14:22:53,677][root][INFO] - Epoch: 72, loss: 478.8540
[2026-05-28 14:22:53,748][root][INFO] - Epoch: 73, loss: 474.4846
[2026-05-28 14:22:53,819][root][INFO] - Epoch: 74, loss: 468.9019
[2026-05-28 14:22:53,889][root][INFO] - Epoch: 75, loss: 465.4258
[2026-05-28 14:22:53,960][root][INFO] - Epoch: 76, loss: 463.7885
[2026-05-28 14:22:53,960][root][INFO] - Early stopping at epoch: 75
[2026-05-28 14:22:53,993][root][INFO] - {'model_loss': '463.7885', 'recon_loss': '0.0000', 'triplet_loss': '463.7885'}
[2026-05-28 14:22:53,998][root][INFO] - Extinction event (pre-encoder)...
[2026-05-28 14:22:53,998][root][INFO] - Saving snapshot to runs/20260528_141105_kheperax_seed42/plots/latent_generation_1530_before_ext.png
[2026-05-28 14:22:55,383][root][INFO] - Saving snapshot to runs/20260528_141105_kheperax_seed42/plots/latent_generation_1530_after_ext.png
[2026-05-28 14:22:56,688][root][INFO] - Updating AE...
[2026-05-28 14:22:57,385][root][INFO] - Epoch: 1, loss: 317.8042
[2026-05-28 14:22:57,457][root][INFO] - Epoch: 2, loss: 41.9970
[2026-05-28 14:22:57,529][root][INFO] - Epoch: 3, loss: 18.0723
[2026-05-28 14:22:57,601][root][INFO] - Epoch: 4, loss: 12.1701
[2026-05-28 14:22:57,673][root][INFO] - Epoch: 5, loss: 8.6647
[2026-05-28 14:22:57,745][root][INFO] - Epoch: 6, loss: 6.3345
[2026-05-28 14:22:57,816][root][INFO] - Epoch: 7, loss: 5.3521
[2026-05-28 14:22:57,887][root][INFO] - Epoch: 8, loss: 4.9651
[2026-05-28 14:22:57,958][root][INFO] - Epoch: 9, loss: 4.5533
[2026-05-28 14:22:58,029][root][INFO] - Epoch: 10, loss: 4.1786
[2026-05-28 14:22:58,100][root][INFO] - Epoch: 11, loss: 3.8791
[2026-05-28 14:22:58,173][root][INFO] - Epoch: 12, loss: 3.5292
[2026-05-28 14:22:58,245][root][INFO] - Epoch: 13, loss: 3.2732
[2026-05-28 14:22:58,316][root][INFO] - Epoch: 14, loss: 3.1308
[2026-05-28 14:22:58,387][root][INFO] - Epoch: 15, loss: 2.9422
[2026-05-28 14:22:58,458][root][INFO] - Epoch: 16, loss: 2.7909
[2026-05-28 14:22:58,528][root][INFO] - Epoch: 17, loss: 2.6613
[2026-05-28 14:22:58,600][root][INFO] - Epoch: 18, loss: 2.5126
[2026-05-28 14:22:58,673][root][INFO] - Epoch: 19, loss: 2.4535
[2026-05-28 14:22:58,745][root][INFO] - Epoch: 20, loss: 2.2775
[2026-05-28 14:22:58,816][root][INFO] - Epoch: 21, loss: 2.0695
[2026-05-28 14:22:58,888][root][INFO] - Epoch: 22, loss: 1.8822
[2026-05-28 14:22:58,961][root][INFO] - Epoch: 23, loss: 1.6927
[2026-05-28 14:22:59,033][root][INFO] - Epoch: 24, loss: 1.5678
[2026-05-28 14:22:59,106][root][INFO] - Epoch: 25, loss: 1.2299
[2026-05-28 14:22:59,176][root][INFO] - Epoch: 26, loss: 1.3212
[2026-05-28 14:22:59,248][root][INFO] - Epoch: 27, loss: 1.5587
[2026-05-28 14:22:59,321][root][INFO] - Epoch: 28, loss: 1.1616
[2026-05-28 14:22:59,391][root][INFO] - Epoch: 29, loss: 0.8981
[2026-05-28 14:22:59,462][root][INFO] - Epoch: 30, loss: 0.6986
[2026-05-28 14:22:59,533][root][INFO] - Epoch: 31, loss: 0.5269
[2026-05-28 14:22:59,604][root][INFO] - Epoch: 32, loss: 0.4821
[2026-05-28 14:22:59,675][root][INFO] - Epoch: 33, loss: 0.4236
[2026-05-28 14:22:59,748][root][INFO] - Epoch: 34, loss: 0.3522
[2026-05-28 14:22:59,819][root][INFO] - Epoch: 35, loss: 0.2300
[2026-05-28 14:22:59,891][root][INFO] - Epoch: 36, loss: 0.2960
[2026-05-28 14:22:59,963][root][INFO] - Epoch: 37, loss: 0.1904
[2026-05-28 14:23:00,035][root][INFO] - Epoch: 38, loss: 0.2032
[2026-05-28 14:23:00,106][root][INFO] - Epoch: 39, loss: 0.2059
[2026-05-28 14:23:00,179][root][INFO] - Epoch: 40, loss: 0.5652
[2026-05-28 14:23:00,250][root][INFO] - Epoch: 41, loss: 1.1196
[2026-05-28 14:23:00,321][root][INFO] - Epoch: 42, loss: 0.2506
[2026-05-28 14:23:00,392][root][INFO] - Epoch: 43, loss: 0.4340
[2026-05-28 14:23:00,463][root][INFO] - Epoch: 44, loss: 0.2927
[2026-05-28 14:23:00,533][root][INFO] - Epoch: 45, loss: 0.4407
[2026-05-28 14:23:00,604][root][INFO] - Epoch: 46, loss: 0.2191
[2026-05-28 14:23:00,674][root][INFO] - Epoch: 47, loss: 0.1635
[2026-05-28 14:23:00,745][root][INFO] - Epoch: 48, loss: 0.0893
[2026-05-28 14:23:00,815][root][INFO] - Epoch: 49, loss: 0.0822
[2026-05-28 14:23:00,886][root][INFO] - Epoch: 50, loss: 0.1036
[2026-05-28 14:23:00,956][root][INFO] - Epoch: 51, loss: 0.0580
[2026-05-28 14:23:01,027][root][INFO] - Epoch: 52, loss: 0.0503
[2026-05-28 14:23:01,098][root][INFO] - Epoch: 53, loss: 0.0543
[2026-05-28 14:23:01,169][root][INFO] - Epoch: 54, loss: 0.0395
[2026-05-28 14:23:01,240][root][INFO] - Epoch: 55, loss: 0.0380
[2026-05-28 14:23:01,310][root][INFO] - Epoch: 56, loss: 0.0176
[2026-05-28 14:23:01,380][root][INFO] - Epoch: 57, loss: 0.0115
[2026-05-28 14:23:01,451][root][INFO] - Epoch: 58, loss: 0.0155
[2026-05-28 14:23:01,521][root][INFO] - Epoch: 59, loss: 0.0116
[2026-05-28 14:23:01,591][root][INFO] - Epoch: 60, loss: 0.0056
[2026-05-28 14:23:01,661][root][INFO] - Epoch: 61, loss: 0.0048
[2026-05-28 14:23:01,732][root][INFO] - Epoch: 62, loss: 0.0038
[2026-05-28 14:23:01,803][root][INFO] - Epoch: 63, loss: 0.0078
[2026-05-28 14:23:01,874][root][INFO] - Epoch: 64, loss: 0.0033
[2026-05-28 14:23:01,946][root][INFO] - Epoch: 65, loss: 0.0033
[2026-05-28 14:23:02,017][root][INFO] - Epoch: 66, loss: 0.0033
[2026-05-28 14:23:02,087][root][INFO] - Epoch: 67, loss: 0.0033
[2026-05-28 14:23:02,159][root][INFO] - Epoch: 68, loss: 0.0033
[2026-05-28 14:23:02,229][root][INFO] - Epoch: 69, loss: 0.0033
[2026-05-28 14:23:02,300][root][INFO] - Epoch: 70, loss: 0.0033
[2026-05-28 14:23:02,371][root][INFO] - Epoch: 71, loss: 0.0033
[2026-05-28 14:23:02,441][root][INFO] - Epoch: 72, loss: 0.0033
[2026-05-28 14:23:02,512][root][INFO] - Epoch: 73, loss: 0.0033
[2026-05-28 14:23:02,512][root][INFO] - Early stopping at epoch: 72
[2026-05-28 14:23:02,552][root][INFO] - {'model_loss': '0.0033', 'recon_loss': '0.0000', 'triplet_loss': '0.0033'}
[2026-05-28 14:23:02,556][root][INFO] - Generation 306/400 - Time: 0.00 seconds
[2026-05-28 14:23:02,556][root][INFO] - {'coverage': '100.00', 'max_fitness': '0.00', 'passive_coverage': '75.20', 'passive_max_fitness': '0.00', 'passive_mean_fitness': '-62.22', 'passive_qd_score': '60988.50', 'qd_score': '111827.23', 'mean_fitness_top_k': '0.00'}
[2026-05-28 14:23:03,524][root][INFO] - Generation 307/400 - Time: 0.00 seconds
[2026-05-28 14:23:03,524][root][INFO] - {'coverage': '100.00', 'max_fitness': '0.00', 'passive_coverage': '75.98', 'passive_max_fitness': '0.00', 'passive_mean_fitness': '-62.25', 'passive_qd_score': '61597.52', 'qd_score': '94142.52', 'mean_fitness_top_k': '-19.11'}
[2026-05-28 14:23:04,499][root][INFO] - Generation 308/400 - Time: 0.00 seconds
[2026-05-28 14:23:04,500][root][INFO] - {'coverage': '100.00', 'max_fitness': '0.00', 'passive_coverage': '76.17', 'passive_max_fitness': '0.00', 'passive_mean_fitness': '-62.17', 'passive_qd_score': '61815.76', 'qd_score': '95970.35', 'mean_fitness_top_k': '-16.66'}
[2026-05-28 14:23:05,476][root][INFO] - Generation 309/400 - Time: 0.00 seconds
[2026-05-28 14:23:05,477][root][INFO] - {'coverage': '100.00', 'max_fitness': '0.00', 'passive_coverage': '76.17', 'passive_max_fitness': '0.00', 'passive_mean_fitness': '-62.17', 'passive_qd_score': '61816.01', 'qd_score': '96780.08', 'mean_fitness_top_k': '-14.48'}
[2026-05-28 14:23:06,454][root][INFO] - Generation 310/400 - Time: 0.00 seconds
[2026-05-28 14:23:06,455][root][INFO] - {'coverage': '100.00', 'max_fitness': '0.00', 'passive_coverage': '76.37', 'passive_max_fitness': '0.00', 'passive_mean_fitness': '-62.17', 'passive_qd_score': '61978.31', 'qd_score': '97266.22', 'mean_fitness_top_k': '-12.39'}
[2026-05-28 14:23:07,502][root][INFO] - Generation 311/400 - Time: 0.00 seconds
[2026-05-28 14:23:07,503][root][INFO] - {'coverage': '100.00', 'max_fitness': '0.00', 'passive_coverage': '76.37', 'passive_max_fitness': '0.00', 'passive_mean_fitness': '-62.16', 'passive_qd_score': '61979.16', 'qd_score': '97473.93', 'mean_fitness_top_k': '-11.26'}
[2026-05-28 14:23:07,505][root][INFO] - Saving snapshot to runs/20260528_141105_kheperax_seed42/plots/latent_generation_1555_5_gens_after_ext_gen1530.png
[2026-05-28 14:23:09,952][root][INFO] - Generation 312/400 - Time: 0.00 seconds
[2026-05-28 14:23:09,953][root][INFO] - {'coverage': '100.00', 'max_fitness': '0.00', 'passive_coverage': '76.46', 'passive_max_fitness': '0.00', 'passive_mean_fitness': '-62.12', 'passive_qd_score': '62095.41', 'qd_score': '98023.58', 'mean_fitness_top_k': '-8.52'}
[2026-05-28 14:23:11,001][root][INFO] - Generation 313/400 - Time: 0.00 seconds
[2026-05-28 14:23:11,002][root][INFO] - {'coverage': '100.00', 'max_fitness': '0.00', 'passive_coverage': '76.56', 'passive_max_fitness': '0.00', 'passive_mean_fitness': '-62.06', 'passive_qd_score': '62219.52', 'qd_score': '98193.48', 'mean_fitness_top_k': '-7.48'}
[2026-05-28 14:23:11,981][root][INFO] - Generation 314/400 - Time: 0.00 seconds
[2026-05-28 14:23:11,981][root][INFO] - {'coverage': '100.00', 'max_fitness': '0.00', 'passive_coverage': '76.56', 'passive_max_fitness': '0.00', 'passive_mean_fitness': '-62.06', 'passive_qd_score': '62220.45', 'qd_score': '99103.11', 'mean_fitness_top_k': '-4.69'}
[2026-05-28 14:23:12,987][root][INFO] - Generation 315/400 - Time: 0.00 seconds
[2026-05-28 14:23:12,988][root][INFO] - {'coverage': '100.00', 'max_fitness': '0.00', 'passive_coverage': '76.56', 'passive_max_fitness': '0.00', 'passive_mean_fitness': '-62.06', 'passive_qd_score': '62220.45', 'qd_score': '99638.19', 'mean_fitness_top_k': '-2.98'}
[2026-05-28 14:23:13,955][root][INFO] - Generation 316/400 - Time: 0.00 seconds
[2026-05-28 14:23:13,956][root][INFO] - {'coverage': '100.00', 'max_fitness': '0.00', 'passive_coverage': '76.56', 'passive_max_fitness': '0.00', 'passive_mean_fitness': '-62.06', 'passive_qd_score': '62220.45', 'qd_score': '100415.30', 'mean_fitness_top_k': '-2.04'}
[2026-05-28 14:23:14,979][root][INFO] - Generation 317/400 - Time: 0.00 seconds
[2026-05-28 14:23:14,980][root][INFO] - {'coverage': '100.00', 'max_fitness': '0.00', 'passive_coverage': '76.56', 'passive_max_fitness': '0.00', 'passive_mean_fitness': '-62.06', 'passive_qd_score': '62220.45', 'qd_score': '101087.45', 'mean_fitness_top_k': '-0.85'}
[2026-05-28 14:23:15,987][root][INFO] - Generation 318/400 - Time: 0.00 seconds
[2026-05-28 14:23:15,988][root][INFO] - {'coverage': '100.00', 'max_fitness': '0.00', 'passive_coverage': '76.66', 'passive_max_fitness': '0.00', 'passive_mean_fitness': '-62.03', 'passive_qd_score': '62324.66', 'qd_score': '102142.35', 'mean_fitness_top_k': '0.00'}
[2026-05-28 14:23:16,959][root][INFO] - Generation 319/400 - Time: 0.00 seconds
[2026-05-28 14:23:16,960][root][INFO] - {'coverage': '100.00', 'max_fitness': '0.00', 'passive_coverage': '76.66', 'passive_max_fitness': '0.00', 'passive_mean_fitness': '-62.03', 'passive_qd_score': '62324.66', 'qd_score': '103000.31', 'mean_fitness_top_k': '0.00'}
[2026-05-28 14:23:17,977][root][INFO] - Generation 320/400 - Time: 0.00 seconds
[2026-05-28 14:23:17,978][root][INFO] - {'coverage': '100.00', 'max_fitness': '0.00', 'passive_coverage': '76.76', 'passive_max_fitness': '0.00', 'passive_mean_fitness': '-62.01', 'passive_qd_score': '62419.75', 'qd_score': '104163.03', 'mean_fitness_top_k': '0.00'}
[2026-05-28 14:23:18,953][root][INFO] - Generation 321/400 - Time: 0.00 seconds
[2026-05-28 14:23:18,953][root][INFO] - {'coverage': '100.00', 'max_fitness': '0.00', 'passive_coverage': '76.76', 'passive_max_fitness': '0.00', 'passive_mean_fitness': '-62.01', 'passive_qd_score': '62419.75', 'qd_score': '105444.31', 'mean_fitness_top_k': '0.00'}
[2026-05-28 14:23:19,932][root][INFO] - Generation 322/400 - Time: 0.00 seconds
[2026-05-28 14:23:19,933][root][INFO] - {'coverage': '100.00', 'max_fitness': '0.00', 'passive_coverage': '76.76', 'passive_max_fitness': '0.00', 'passive_mean_fitness': '-62.01', 'passive_qd_score': '62419.75', 'qd_score': '106712.15', 'mean_fitness_top_k': '0.00'}
[2026-05-28 14:23:20,985][root][INFO] - Generation 323/400 - Time: 0.00 seconds
[2026-05-28 14:23:20,986][root][INFO] - {'coverage': '100.00', 'max_fitness': '0.00', 'passive_coverage': '76.76', 'passive_max_fitness': '0.00', 'passive_mean_fitness': '-62.01', 'passive_qd_score': '62419.75', 'qd_score': '107782.04', 'mean_fitness_top_k': '0.00'}
[2026-05-28 14:23:21,960][root][INFO] - Generation 324/400 - Time: 0.00 seconds
[2026-05-28 14:23:21,961][root][INFO] - {'coverage': '100.00', 'max_fitness': '0.00', 'passive_coverage': '76.86', 'passive_max_fitness': '0.00', 'passive_mean_fitness': '-61.94', 'passive_qd_score': '62550.42', 'qd_score': '109448.37', 'mean_fitness_top_k': '0.00'}
[2026-05-28 14:23:22,926][root][INFO] - Generation 325/400 - Time: 0.00 seconds
[2026-05-28 14:23:22,927][root][INFO] - {'coverage': '100.00', 'max_fitness': '0.00', 'passive_coverage': '76.86', 'passive_max_fitness': '0.00', 'passive_mean_fitness': '-61.94', 'passive_qd_score': '62550.42', 'qd_score': '110661.27', 'mean_fitness_top_k': '0.00'}
[2026-05-28 14:23:23,894][root][INFO] - Generation 326/400 - Time: 0.00 seconds
[2026-05-28 14:23:23,895][root][INFO] - {'coverage': '100.00', 'max_fitness': '0.00', 'passive_coverage': '76.86', 'passive_max_fitness': '0.00', 'passive_mean_fitness': '-61.94', 'passive_qd_score': '62550.43', 'qd_score': '111669.12', 'mean_fitness_top_k': '0.00'}
[2026-05-28 14:23:24,863][root][INFO] - Generation 327/400 - Time: 0.00 seconds
[2026-05-28 14:23:24,864][root][INFO] - {'coverage': '100.00', 'max_fitness': '0.00', 'passive_coverage': '76.86', 'passive_max_fitness': '0.00', 'passive_mean_fitness': '-61.94', 'passive_qd_score': '62550.43', 'qd_score': '112743.09', 'mean_fitness_top_k': '0.00'}
[2026-05-28 14:23:25,833][root][INFO] - Generation 328/400 - Time: 0.00 seconds
[2026-05-28 14:23:25,834][root][INFO] - {'coverage': '100.00', 'max_fitness': '0.00', 'passive_coverage': '76.86', 'passive_max_fitness': '0.00', 'passive_mean_fitness': '-61.94', 'passive_qd_score': '62550.43', 'qd_score': '114439.10', 'mean_fitness_top_k': '0.00'}
[2026-05-28 14:23:26,879][root][INFO] - Generation 329/400 - Time: 0.00 seconds
[2026-05-28 14:23:26,880][root][INFO] - {'coverage': '100.00', 'max_fitness': '0.00', 'passive_coverage': '76.86', 'passive_max_fitness': '0.00', 'passive_mean_fitness': '-61.94', 'passive_qd_score': '62550.43', 'qd_score': '115916.38', 'mean_fitness_top_k': '0.00'}
[2026-05-28 14:23:27,921][root][INFO] - Generation 330/400 - Time: 0.00 seconds
[2026-05-28 14:23:27,922][root][INFO] - {'coverage': '100.00', 'max_fitness': '0.00', 'passive_coverage': '76.86', 'passive_max_fitness': '0.00', 'passive_mean_fitness': '-61.94', 'passive_qd_score': '62550.43', 'qd_score': '117419.61', 'mean_fitness_top_k': '0.00'}
[2026-05-28 14:23:28,947][root][INFO] - Generation 331/400 - Time: 0.00 seconds
[2026-05-28 14:23:28,947][root][INFO] - {'coverage': '100.00', 'max_fitness': '0.00', 'passive_coverage': '76.95', 'passive_max_fitness': '0.00', 'passive_mean_fitness': '-61.86', 'passive_qd_score': '62691.86', 'qd_score': '119113.13', 'mean_fitness_top_k': '0.00'}
[2026-05-28 14:23:29,935][root][INFO] - Generation 332/400 - Time: 0.00 seconds
[2026-05-28 14:23:29,936][root][INFO] - {'coverage': '100.00', 'max_fitness': '0.00', 'passive_coverage': '76.95', 'passive_max_fitness': '0.00', 'passive_mean_fitness': '-61.86', 'passive_qd_score': '62691.86', 'qd_score': '120750.59', 'mean_fitness_top_k': '0.00'}
[2026-05-28 14:23:30,944][root][INFO] - Generation 333/400 - Time: 0.00 seconds
[2026-05-28 14:23:30,945][root][INFO] - {'coverage': '100.00', 'max_fitness': '0.00', 'passive_coverage': '76.95', 'passive_max_fitness': '0.00', 'passive_mean_fitness': '-61.86', 'passive_qd_score': '62691.86', 'qd_score': '123358.16', 'mean_fitness_top_k': '0.00'}
[2026-05-28 14:23:31,960][root][INFO] - Generation 334/400 - Time: 0.00 seconds
[2026-05-28 14:23:31,961][root][INFO] - {'coverage': '100.00', 'max_fitness': '0.00', 'passive_coverage': '76.95', 'passive_max_fitness': '0.00', 'passive_mean_fitness': '-61.86', 'passive_qd_score': '62691.86', 'qd_score': '126076.52', 'mean_fitness_top_k': '0.00'}
[2026-05-28 14:23:33,012][root][INFO] - Generation 335/400 - Time: 0.00 seconds
[2026-05-28 14:23:33,013][root][INFO] - {'coverage': '100.00', 'max_fitness': '0.00', 'passive_coverage': '76.95', 'passive_max_fitness': '0.00', 'passive_mean_fitness': '-61.86', 'passive_qd_score': '62691.86', 'qd_score': '128429.58', 'mean_fitness_top_k': '0.00'}
[2026-05-28 14:23:33,990][root][INFO] - Generation 336/400 - Time: 0.00 seconds
[2026-05-28 14:23:33,991][root][INFO] - {'coverage': '100.00', 'max_fitness': '0.00', 'passive_coverage': '76.95', 'passive_max_fitness': '0.00', 'passive_mean_fitness': '-61.86', 'passive_qd_score': '62691.86', 'qd_score': '130793.42', 'mean_fitness_top_k': '0.00'}
[2026-05-28 14:23:34,991][root][INFO] - Generation 337/400 - Time: 0.00 seconds
[2026-05-28 14:23:34,991][root][INFO] - {'coverage': '100.00', 'max_fitness': '0.00', 'passive_coverage': '77.05', 'passive_max_fitness': '0.00', 'passive_mean_fitness': '-61.78', 'passive_qd_score': '62833.28', 'qd_score': '133909.12', 'mean_fitness_top_k': '0.00'}
[2026-05-28 14:23:35,988][root][INFO] - Generation 338/400 - Time: 0.00 seconds
[2026-05-28 14:23:35,989][root][INFO] - {'coverage': '100.00', 'max_fitness': '0.00', 'passive_coverage': '77.05', 'passive_max_fitness': '0.00', 'passive_mean_fitness': '-61.78', 'passive_qd_score': '62833.28', 'qd_score': '137730.73', 'mean_fitness_top_k': '0.00'}
[2026-05-28 14:23:36,987][root][INFO] - Generation 339/400 - Time: 0.00 seconds
[2026-05-28 14:23:36,988][root][INFO] - {'coverage': '100.00', 'max_fitness': '0.00', 'passive_coverage': '77.05', 'passive_max_fitness': '0.00', 'passive_mean_fitness': '-61.78', 'passive_qd_score': '62833.28', 'qd_score': '140893.34', 'mean_fitness_top_k': '0.00'}
[2026-05-28 14:23:38,036][root][INFO] - Generation 340/400 - Time: 0.00 seconds
[2026-05-28 14:23:38,036][root][INFO] - {'coverage': '100.00', 'max_fitness': '0.00', 'passive_coverage': '77.05', 'passive_max_fitness': '0.00', 'passive_mean_fitness': '-61.78', 'passive_qd_score': '62833.28', 'qd_score': '144448.98', 'mean_fitness_top_k': '0.00'}
[2026-05-28 14:23:39,041][root][INFO] - Generation 341/400 - Time: 0.00 seconds
[2026-05-28 14:23:39,042][root][INFO] - {'coverage': '100.00', 'max_fitness': '0.00', 'passive_coverage': '77.05', 'passive_max_fitness': '0.00', 'passive_mean_fitness': '-61.78', 'passive_qd_score': '62833.28', 'qd_score': '144815.47', 'mean_fitness_top_k': '0.00'}
[2026-05-28 14:23:40,031][root][INFO] - Updating AE...
[2026-05-28 14:23:40,702][root][INFO] - Epoch: 1, loss: inf
[2026-05-28 14:23:40,775][root][INFO] - Epoch: 2, loss: inf
[2026-05-28 14:23:40,848][root][INFO] - Epoch: 3, loss: inf
[2026-05-28 14:23:40,920][root][INFO] - Epoch: 4, loss: inf
[2026-05-28 14:23:40,992][root][INFO] - Epoch: 5, loss: inf
[2026-05-28 14:23:41,063][root][INFO] - Epoch: 6, loss: inf
[2026-05-28 14:23:41,134][root][INFO] - Epoch: 7, loss: inf
[2026-05-28 14:23:41,205][root][INFO] - Epoch: 8, loss: inf
[2026-05-28 14:23:41,276][root][INFO] - Epoch: 9, loss: inf
[2026-05-28 14:23:41,348][root][INFO] - Epoch: 10, loss: inf
[2026-05-28 14:23:41,420][root][INFO] - Epoch: 11, loss: inf
[2026-05-28 14:23:41,492][root][INFO] - Epoch: 12, loss: inf
[2026-05-28 14:23:41,563][root][INFO] - Epoch: 13, loss: inf
[2026-05-28 14:23:41,635][root][INFO] - Epoch: 14, loss: inf
[2026-05-28 14:23:41,706][root][INFO] - Epoch: 15, loss: inf
[2026-05-28 14:23:41,776][root][INFO] - Epoch: 16, loss: inf
[2026-05-28 14:23:41,847][root][INFO] - Epoch: 17, loss: inf
[2026-05-28 14:23:41,918][root][INFO] - Epoch: 18, loss: inf
[2026-05-28 14:23:41,990][root][INFO] - Epoch: 19, loss: inf
[2026-05-28 14:23:42,061][root][INFO] - Epoch: 20, loss: inf
[2026-05-28 14:23:42,132][root][INFO] - Epoch: 21, loss: inf
[2026-05-28 14:23:42,204][root][INFO] - Epoch: 22, loss: inf
[2026-05-28 14:23:42,277][root][INFO] - Epoch: 23, loss: inf
[2026-05-28 14:23:42,348][root][INFO] - Epoch: 24, loss: inf
[2026-05-28 14:23:42,421][root][INFO] - Epoch: 25, loss: inf
[2026-05-28 14:23:42,492][root][INFO] - Epoch: 26, loss: inf
[2026-05-28 14:23:42,565][root][INFO] - Epoch: 27, loss: inf
[2026-05-28 14:23:42,636][root][INFO] - Epoch: 28, loss: inf
[2026-05-28 14:23:42,707][root][INFO] - Epoch: 29, loss: inf
[2026-05-28 14:23:42,778][root][INFO] - Epoch: 30, loss: inf
[2026-05-28 14:23:42,849][root][INFO] - Epoch: 31, loss: inf
[2026-05-28 14:23:42,919][root][INFO] - Epoch: 32, loss: inf
[2026-05-28 14:23:42,990][root][INFO] - Epoch: 33, loss: inf
[2026-05-28 14:23:43,060][root][INFO] - Epoch: 34, loss: inf
[2026-05-28 14:23:43,131][root][INFO] - Epoch: 35, loss: inf
[2026-05-28 14:23:43,202][root][INFO] - Epoch: 36, loss: inf
[2026-05-28 14:23:43,273][root][INFO] - Epoch: 37, loss: inf
[2026-05-28 14:23:43,343][root][INFO] - Epoch: 38, loss: inf
[2026-05-28 14:23:43,414][root][INFO] - Epoch: 39, loss: inf
[2026-05-28 14:23:43,484][root][INFO] - Epoch: 40, loss: inf
[2026-05-28 14:23:43,555][root][INFO] - Epoch: 41, loss: inf
[2026-05-28 14:23:43,626][root][INFO] - Epoch: 42, loss: inf
[2026-05-28 14:23:43,696][root][INFO] - Epoch: 43, loss: inf
[2026-05-28 14:23:43,767][root][INFO] - Epoch: 44, loss: inf
[2026-05-28 14:23:43,838][root][INFO] - Epoch: 45, loss: inf
[2026-05-28 14:23:43,908][root][INFO] - Epoch: 46, loss: inf
[2026-05-28 14:23:43,979][root][INFO] - Epoch: 47, loss: inf
[2026-05-28 14:23:44,049][root][INFO] - Epoch: 48, loss: inf
[2026-05-28 14:23:44,120][root][INFO] - Epoch: 49, loss: inf
[2026-05-28 14:23:44,191][root][INFO] - Epoch: 50, loss: inf
[2026-05-28 14:23:44,261][root][INFO] - Epoch: 51, loss: inf
[2026-05-28 14:23:44,332][root][INFO] - Epoch: 52, loss: inf
[2026-05-28 14:23:44,402][root][INFO] - Epoch: 53, loss: inf
[2026-05-28 14:23:44,473][root][INFO] - Epoch: 54, loss: inf
[2026-05-28 14:23:44,544][root][INFO] - Epoch: 55, loss: inf
[2026-05-28 14:23:44,614][root][INFO] - Epoch: 56, loss: inf
[2026-05-28 14:23:44,685][root][INFO] - Epoch: 57, loss: inf
[2026-05-28 14:23:44,756][root][INFO] - Epoch: 58, loss: inf
[2026-05-28 14:23:44,827][root][INFO] - Epoch: 59, loss: inf
[2026-05-28 14:23:44,897][root][INFO] - Epoch: 60, loss: inf
[2026-05-28 14:23:44,968][root][INFO] - Epoch: 61, loss: inf
[2026-05-28 14:23:45,039][root][INFO] - Epoch: 62, loss: inf
[2026-05-28 14:23:45,109][root][INFO] - Epoch: 63, loss: inf
[2026-05-28 14:23:45,180][root][INFO] - Epoch: 64, loss: inf
[2026-05-28 14:23:45,251][root][INFO] - Epoch: 65, loss: inf
[2026-05-28 14:23:45,322][root][INFO] - Epoch: 66, loss: inf
[2026-05-28 14:23:45,393][root][INFO] - Epoch: 67, loss: inf
[2026-05-28 14:23:45,464][root][INFO] - Epoch: 68, loss: inf
[2026-05-28 14:23:45,535][root][INFO] - Epoch: 69, loss: inf
[2026-05-28 14:23:45,605][root][INFO] - Epoch: 70, loss: inf
[2026-05-28 14:23:45,675][root][INFO] - Epoch: 71, loss: inf
[2026-05-28 14:23:45,746][root][INFO] - Epoch: 72, loss: inf
[2026-05-28 14:23:45,816][root][INFO] - Epoch: 73, loss: inf
[2026-05-28 14:23:45,887][root][INFO] - Epoch: 74, loss: inf
[2026-05-28 14:23:45,958][root][INFO] - Epoch: 75, loss: inf
[2026-05-28 14:23:46,029][root][INFO] - Epoch: 76, loss: inf
[2026-05-28 14:23:46,099][root][INFO] - Epoch: 77, loss: inf
[2026-05-28 14:23:46,170][root][INFO] - Epoch: 78, loss: inf
[2026-05-28 14:23:46,240][root][INFO] - Epoch: 79, loss: inf
[2026-05-28 14:23:46,311][root][INFO] - Epoch: 80, loss: inf
[2026-05-28 14:23:46,382][root][INFO] - Epoch: 81, loss: inf
[2026-05-28 14:23:46,453][root][INFO] - Epoch: 82, loss: inf
[2026-05-28 14:23:46,523][root][INFO] - Epoch: 83, loss: inf
[2026-05-28 14:23:46,594][root][INFO] - Epoch: 84, loss: inf
[2026-05-28 14:23:46,665][root][INFO] - Epoch: 85, loss: inf
[2026-05-28 14:23:46,736][root][INFO] - Epoch: 86, loss: inf
[2026-05-28 14:23:46,806][root][INFO] - Epoch: 87, loss: inf
[2026-05-28 14:23:46,877][root][INFO] - Epoch: 88, loss: inf
[2026-05-28 14:23:46,948][root][INFO] - Epoch: 89, loss: inf
[2026-05-28 14:23:47,018][root][INFO] - Epoch: 90, loss: inf
[2026-05-28 14:23:47,089][root][INFO] - Epoch: 91, loss: inf
[2026-05-28 14:23:47,160][root][INFO] - Epoch: 92, loss: inf
[2026-05-28 14:23:47,230][root][INFO] - Epoch: 93, loss: inf
[2026-05-28 14:23:47,301][root][INFO] - Epoch: 94, loss: inf
[2026-05-28 14:23:47,371][root][INFO] - Epoch: 95, loss: inf
[2026-05-28 14:23:47,442][root][INFO] - Epoch: 96, loss: inf
[2026-05-28 14:23:47,515][root][INFO] - Epoch: 97, loss: inf
[2026-05-28 14:23:47,586][root][INFO] - Epoch: 98, loss: inf
[2026-05-28 14:23:47,657][root][INFO] - Epoch: 99, loss: inf
[2026-05-28 14:23:47,728][root][INFO] - Epoch: 100, loss: inf
[2026-05-28 14:23:47,799][root][INFO] - Epoch: 101, loss: inf
[2026-05-28 14:23:47,870][root][INFO] - Epoch: 102, loss: inf
[2026-05-28 14:23:47,941][root][INFO] - Epoch: 103, loss: inf
[2026-05-28 14:23:48,013][root][INFO] - Epoch: 104, loss: inf
[2026-05-28 14:23:48,084][root][INFO] - Epoch: 105, loss: inf
[2026-05-28 14:23:48,156][root][INFO] - Epoch: 106, loss: inf
[2026-05-28 14:23:48,228][root][INFO] - Epoch: 107, loss: inf
[2026-05-28 14:23:48,301][root][INFO] - Epoch: 108, loss: inf
[2026-05-28 14:23:48,372][root][INFO] - Epoch: 109, loss: inf
[2026-05-28 14:23:48,443][root][INFO] - Epoch: 110, loss: inf
[2026-05-28 14:23:48,514][root][INFO] - Epoch: 111, loss: inf
[2026-05-28 14:23:48,585][root][INFO] - Epoch: 112, loss: inf
[2026-05-28 14:23:48,657][root][INFO] - Epoch: 113, loss: inf
[2026-05-28 14:23:48,729][root][INFO] - Epoch: 114, loss: inf
[2026-05-28 14:23:48,801][root][INFO] - Epoch: 115, loss: inf
[2026-05-28 14:23:48,874][root][INFO] - Epoch: 116, loss: inf
[2026-05-28 14:23:48,947][root][INFO] - Epoch: 117, loss: inf
[2026-05-28 14:23:49,017][root][INFO] - Epoch: 118, loss: inf
[2026-05-28 14:23:49,091][root][INFO] - Epoch: 119, loss: inf
[2026-05-28 14:23:49,163][root][INFO] - Epoch: 120, loss: inf
[2026-05-28 14:23:49,235][root][INFO] - Epoch: 121, loss: inf
[2026-05-28 14:23:49,306][root][INFO] - Epoch: 122, loss: inf
[2026-05-28 14:23:49,378][root][INFO] - Epoch: 123, loss: inf
[2026-05-28 14:23:49,449][root][INFO] - Epoch: 124, loss: inf
[2026-05-28 14:23:49,520][root][INFO] - Epoch: 125, loss: inf
[2026-05-28 14:23:49,591][root][INFO] - Epoch: 126, loss: inf
[2026-05-28 14:23:49,662][root][INFO] - Epoch: 127, loss: inf
[2026-05-28 14:23:49,734][root][INFO] - Epoch: 128, loss: inf
[2026-05-28 14:23:49,805][root][INFO] - Epoch: 129, loss: inf
[2026-05-28 14:23:49,878][root][INFO] - Epoch: 130, loss: inf
[2026-05-28 14:23:49,949][root][INFO] - Epoch: 131, loss: inf
[2026-05-28 14:23:50,021][root][INFO] - Epoch: 132, loss: inf
[2026-05-28 14:23:50,092][root][INFO] - Epoch: 133, loss: inf
[2026-05-28 14:23:50,163][root][INFO] - Epoch: 134, loss: inf
[2026-05-28 14:23:50,235][root][INFO] - Epoch: 135, loss: inf
[2026-05-28 14:23:50,307][root][INFO] - Epoch: 136, loss: inf
[2026-05-28 14:23:50,378][root][INFO] - Epoch: 137, loss: inf
[2026-05-28 14:23:50,450][root][INFO] - Epoch: 138, loss: inf
[2026-05-28 14:23:50,521][root][INFO] - Epoch: 139, loss: inf
[2026-05-28 14:23:50,591][root][INFO] - Epoch: 140, loss: inf
[2026-05-28 14:23:50,663][root][INFO] - Epoch: 141, loss: inf
[2026-05-28 14:23:50,735][root][INFO] - Epoch: 142, loss: inf
[2026-05-28 14:23:50,806][root][INFO] - Epoch: 143, loss: inf
[2026-05-28 14:23:50,877][root][INFO] - Epoch: 144, loss: inf
[2026-05-28 14:23:50,948][root][INFO] - Epoch: 145, loss: inf
[2026-05-28 14:23:51,019][root][INFO] - Epoch: 146, loss: inf
[2026-05-28 14:23:51,090][root][INFO] - Epoch: 147, loss: inf
[2026-05-28 14:23:51,163][root][INFO] - Epoch: 148, loss: inf
[2026-05-28 14:23:51,235][root][INFO] - Epoch: 149, loss: inf
[2026-05-28 14:23:51,306][root][INFO] - Epoch: 150, loss: inf
[2026-05-28 14:23:51,378][root][INFO] - Epoch: 151, loss: inf
[2026-05-28 14:23:51,448][root][INFO] - Epoch: 152, loss: inf
[2026-05-28 14:23:51,519][root][INFO] - Epoch: 153, loss: inf
[2026-05-28 14:23:51,592][root][INFO] - Epoch: 154, loss: inf
[2026-05-28 14:23:51,664][root][INFO] - Epoch: 155, loss: inf
[2026-05-28 14:23:51,736][root][INFO] - Epoch: 156, loss: inf
[2026-05-28 14:23:51,807][root][INFO] - Epoch: 157, loss: inf
[2026-05-28 14:23:51,878][root][INFO] - Epoch: 158, loss: inf
[2026-05-28 14:23:51,949][root][INFO] - Epoch: 159, loss: inf
[2026-05-28 14:23:52,020][root][INFO] - Epoch: 160, loss: inf
[2026-05-28 14:23:52,091][root][INFO] - Epoch: 161, loss: inf
[2026-05-28 14:23:52,162][root][INFO] - Epoch: 162, loss: inf
[2026-05-28 14:23:52,232][root][INFO] - Epoch: 163, loss: inf
[2026-05-28 14:23:52,302][root][INFO] - Epoch: 164, loss: inf
[2026-05-28 14:23:52,373][root][INFO] - Epoch: 165, loss: inf
[2026-05-28 14:23:52,444][root][INFO] - Epoch: 166, loss: inf
[2026-05-28 14:23:52,517][root][INFO] - Epoch: 167, loss: inf
[2026-05-28 14:23:52,589][root][INFO] - Epoch: 168, loss: inf
[2026-05-28 14:23:52,661][root][INFO] - Epoch: 169, loss: inf
[2026-05-28 14:23:52,732][root][INFO] - Epoch: 170, loss: inf
[2026-05-28 14:23:52,804][root][INFO] - Epoch: 171, loss: inf
[2026-05-28 14:23:52,874][root][INFO] - Epoch: 172, loss: inf
[2026-05-28 14:23:52,946][root][INFO] - Epoch: 173, loss: inf
[2026-05-28 14:23:53,016][root][INFO] - Epoch: 174, loss: inf
[2026-05-28 14:23:53,087][root][INFO] - Epoch: 175, loss: inf
[2026-05-28 14:23:53,158][root][INFO] - Epoch: 176, loss: inf
[2026-05-28 14:23:53,229][root][INFO] - Epoch: 177, loss: inf
[2026-05-28 14:23:53,299][root][INFO] - Epoch: 178, loss: inf
[2026-05-28 14:23:53,370][root][INFO] - Epoch: 179, loss: inf
[2026-05-28 14:23:53,440][root][INFO] - Epoch: 180, loss: inf
[2026-05-28 14:23:53,512][root][INFO] - Epoch: 181, loss: inf
[2026-05-28 14:23:53,583][root][INFO] - Epoch: 182, loss: inf
[2026-05-28 14:23:53,653][root][INFO] - Epoch: 183, loss: inf
[2026-05-28 14:23:53,724][root][INFO] - Epoch: 184, loss: inf
[2026-05-28 14:23:53,794][root][INFO] - Epoch: 185, loss: inf
[2026-05-28 14:23:53,865][root][INFO] - Epoch: 186, loss: inf
[2026-05-28 14:23:53,935][root][INFO] - Epoch: 187, loss: inf
[2026-05-28 14:23:54,005][root][INFO] - Epoch: 188, loss: inf
[2026-05-28 14:23:54,076][root][INFO] - Epoch: 189, loss: inf
[2026-05-28 14:23:54,147][root][INFO] - Epoch: 190, loss: inf
[2026-05-28 14:23:54,218][root][INFO] - Epoch: 191, loss: inf
[2026-05-28 14:23:54,288][root][INFO] - Epoch: 192, loss: inf
[2026-05-28 14:23:54,358][root][INFO] - Epoch: 193, loss: inf
[2026-05-28 14:23:54,428][root][INFO] - Epoch: 194, loss: inf
[2026-05-28 14:23:54,498][root][INFO] - Epoch: 195, loss: inf
[2026-05-28 14:23:54,568][root][INFO] - Epoch: 196, loss: inf
[2026-05-28 14:23:54,638][root][INFO] - Epoch: 197, loss: inf
[2026-05-28 14:23:54,709][root][INFO] - Epoch: 198, loss: inf
[2026-05-28 14:23:54,779][root][INFO] - Epoch: 199, loss: inf
[2026-05-28 14:23:54,849][root][INFO] - Epoch: 200, loss: inf
[2026-05-28 14:23:54,883][root][INFO] - {'model_loss': 'inf', 'recon_loss': '0.0000', 'triplet_loss': 'inf'}
[2026-05-28 14:23:54,887][root][INFO] - Extinction event (pre-encoder)...
[2026-05-28 14:23:54,887][root][INFO] - Saving snapshot to runs/20260528_141105_kheperax_seed42/plots/latent_generation_1710_before_ext.png
[2026-05-28 14:23:56,307][root][INFO] - Saving snapshot to runs/20260528_141105_kheperax_seed42/plots/latent_generation_1710_after_ext.png
[2026-05-28 14:23:57,591][root][INFO] - Updating AE...
[2026-05-28 14:23:58,268][root][INFO] - Epoch: 1, loss: inf
[2026-05-28 14:23:58,341][root][INFO] - Epoch: 2, loss: inf
[2026-05-28 14:23:58,413][root][INFO] - Epoch: 3, loss: inf
[2026-05-28 14:23:58,485][root][INFO] - Epoch: 4, loss: inf
[2026-05-28 14:23:58,555][root][INFO] - Epoch: 5, loss: inf
[2026-05-28 14:23:58,626][root][INFO] - Epoch: 6, loss: inf
[2026-05-28 14:23:58,698][root][INFO] - Epoch: 7, loss: inf
[2026-05-28 14:23:58,771][root][INFO] - Epoch: 8, loss: inf
[2026-05-28 14:23:58,843][root][INFO] - Epoch: 9, loss: inf
[2026-05-28 14:23:58,913][root][INFO] - Epoch: 10, loss: inf
[2026-05-28 14:23:58,984][root][INFO] - Epoch: 11, loss: inf
[2026-05-28 14:23:59,055][root][INFO] - Epoch: 12, loss: inf
[2026-05-28 14:23:59,126][root][INFO] - Epoch: 13, loss: inf
[2026-05-28 14:23:59,196][root][INFO] - Epoch: 14, loss: inf
[2026-05-28 14:23:59,267][root][INFO] - Epoch: 15, loss: inf
[2026-05-28 14:23:59,338][root][INFO] - Epoch: 16, loss: inf
[2026-05-28 14:23:59,408][root][INFO] - Epoch: 17, loss: inf
[2026-05-28 14:23:59,478][root][INFO] - Epoch: 18, loss: inf
[2026-05-28 14:23:59,549][root][INFO] - Epoch: 19, loss: inf
[2026-05-28 14:23:59,618][root][INFO] - Epoch: 20, loss: inf
[2026-05-28 14:23:59,689][root][INFO] - Epoch: 21, loss: inf
[2026-05-28 14:23:59,760][root][INFO] - Epoch: 22, loss: inf
[2026-05-28 14:23:59,830][root][INFO] - Epoch: 23, loss: inf
[2026-05-28 14:23:59,901][root][INFO] - Epoch: 24, loss: inf
[2026-05-28 14:23:59,972][root][INFO] - Epoch: 25, loss: inf
[2026-05-28 14:24:00,042][root][INFO] - Epoch: 26, loss: inf
[2026-05-28 14:24:00,113][root][INFO] - Epoch: 27, loss: inf
[2026-05-28 14:24:00,184][root][INFO] - Epoch: 28, loss: inf
[2026-05-28 14:24:00,254][root][INFO] - Epoch: 29, loss: inf
[2026-05-28 14:24:00,325][root][INFO] - Epoch: 30, loss: inf
[2026-05-28 14:24:00,395][root][INFO] - Epoch: 31, loss: inf
[2026-05-28 14:24:00,465][root][INFO] - Epoch: 32, loss: inf
[2026-05-28 14:24:00,536][root][INFO] - Epoch: 33, loss: inf
[2026-05-28 14:24:00,606][root][INFO] - Epoch: 34, loss: inf
[2026-05-28 14:24:00,677][root][INFO] - Epoch: 35, loss: inf
[2026-05-28 14:24:00,747][root][INFO] - Epoch: 36, loss: inf
[2026-05-28 14:24:00,817][root][INFO] - Epoch: 37, loss: inf
[2026-05-28 14:24:00,888][root][INFO] - Epoch: 38, loss: inf
[2026-05-28 14:24:00,958][root][INFO] - Epoch: 39, loss: inf
[2026-05-28 14:24:01,029][root][INFO] - Epoch: 40, loss: inf
[2026-05-28 14:24:01,101][root][INFO] - Epoch: 41, loss: inf
[2026-05-28 14:24:01,171][root][INFO] - Epoch: 42, loss: inf
[2026-05-28 14:24:01,243][root][INFO] - Epoch: 43, loss: inf
[2026-05-28 14:24:01,315][root][INFO] - Epoch: 44, loss: inf
[2026-05-28 14:24:01,387][root][INFO] - Epoch: 45, loss: inf
[2026-05-28 14:24:01,459][root][INFO] - Epoch: 46, loss: inf
[2026-05-28 14:24:01,530][root][INFO] - Epoch: 47, loss: inf
[2026-05-28 14:24:01,600][root][INFO] - Epoch: 48, loss: inf
[2026-05-28 14:24:01,670][root][INFO] - Epoch: 49, loss: inf
[2026-05-28 14:24:01,741][root][INFO] - Epoch: 50, loss: inf
[2026-05-28 14:24:01,812][root][INFO] - Epoch: 51, loss: inf
[2026-05-28 14:24:01,882][root][INFO] - Epoch: 52, loss: inf
[2026-05-28 14:24:01,952][root][INFO] - Epoch: 53, loss: inf
[2026-05-28 14:24:02,023][root][INFO] - Epoch: 54, loss: inf
[2026-05-28 14:24:02,093][root][INFO] - Epoch: 55, loss: inf
[2026-05-28 14:24:02,164][root][INFO] - Epoch: 56, loss: inf
[2026-05-28 14:24:02,235][root][INFO] - Epoch: 57, loss: inf
[2026-05-28 14:24:02,305][root][INFO] - Epoch: 58, loss: inf
[2026-05-28 14:24:02,376][root][INFO] - Epoch: 59, loss: inf
[2026-05-28 14:24:02,448][root][INFO] - Epoch: 60, loss: inf
[2026-05-28 14:24:02,521][root][INFO] - Epoch: 61, loss: inf
[2026-05-28 14:24:02,591][root][INFO] - Epoch: 62, loss: inf
[2026-05-28 14:24:02,662][root][INFO] - Epoch: 63, loss: inf
[2026-05-28 14:24:02,733][root][INFO] - Epoch: 64, loss: inf
[2026-05-28 14:24:02,804][root][INFO] - Epoch: 65, loss: inf
[2026-05-28 14:24:02,874][root][INFO] - Epoch: 66, loss: inf
[2026-05-28 14:24:02,946][root][INFO] - Epoch: 67, loss: inf
[2026-05-28 14:24:03,018][root][INFO] - Epoch: 68, loss: inf
[2026-05-28 14:24:03,089][root][INFO] - Epoch: 69, loss: inf
[2026-05-28 14:24:03,160][root][INFO] - Epoch: 70, loss: inf
[2026-05-28 14:24:03,231][root][INFO] - Epoch: 71, loss: inf
[2026-05-28 14:24:03,303][root][INFO] - Epoch: 72, loss: inf
[2026-05-28 14:24:03,374][root][INFO] - Epoch: 73, loss: inf
[2026-05-28 14:24:03,446][root][INFO] - Epoch: 74, loss: inf
[2026-05-28 14:24:03,516][root][INFO] - Epoch: 75, loss: inf
[2026-05-28 14:24:03,587][root][INFO] - Epoch: 76, loss: inf
[2026-05-28 14:24:03,657][root][INFO] - Epoch: 77, loss: inf
[2026-05-28 14:24:03,728][root][INFO] - Epoch: 78, loss: inf
[2026-05-28 14:24:03,800][root][INFO] - Epoch: 79, loss: inf
[2026-05-28 14:24:03,871][root][INFO] - Epoch: 80, loss: inf
[2026-05-28 14:24:03,943][root][INFO] - Epoch: 81, loss: inf
[2026-05-28 14:24:04,015][root][INFO] - Epoch: 82, loss: inf
[2026-05-28 14:24:04,086][root][INFO] - Epoch: 83, loss: inf
[2026-05-28 14:24:04,157][root][INFO] - Epoch: 84, loss: inf
[2026-05-28 14:24:04,229][root][INFO] - Epoch: 85, loss: inf
[2026-05-28 14:24:04,301][root][INFO] - Epoch: 86, loss: inf
[2026-05-28 14:24:04,375][root][INFO] - Epoch: 87, loss: inf
[2026-05-28 14:24:04,446][root][INFO] - Epoch: 88, loss: inf
[2026-05-28 14:24:04,517][root][INFO] - Epoch: 89, loss: inf
[2026-05-28 14:24:04,588][root][INFO] - Epoch: 90, loss: inf
[2026-05-28 14:24:04,659][root][INFO] - Epoch: 91, loss: inf
[2026-05-28 14:24:04,731][root][INFO] - Epoch: 92, loss: inf
[2026-05-28 14:24:04,804][root][INFO] - Epoch: 93, loss: inf
[2026-05-28 14:24:04,876][root][INFO] - Epoch: 94, loss: inf
[2026-05-28 14:24:04,946][root][INFO] - Epoch: 95, loss: inf
[2026-05-28 14:24:05,017][root][INFO] - Epoch: 96, loss: inf
[2026-05-28 14:24:05,089][root][INFO] - Epoch: 97, loss: inf
[2026-05-28 14:24:05,160][root][INFO] - Epoch: 98, loss: inf
[2026-05-28 14:24:05,232][root][INFO] - Epoch: 99, loss: inf
[2026-05-28 14:24:05,304][root][INFO] - Epoch: 100, loss: inf
[2026-05-28 14:24:05,374][root][INFO] - Epoch: 101, loss: inf
[2026-05-28 14:24:05,445][root][INFO] - Epoch: 102, loss: inf
[2026-05-28 14:24:05,516][root][INFO] - Epoch: 103, loss: inf
[2026-05-28 14:24:05,587][root][INFO] - Epoch: 104, loss: inf
[2026-05-28 14:24:05,657][root][INFO] - Epoch: 105, loss: inf
[2026-05-28 14:24:05,727][root][INFO] - Epoch: 106, loss: inf
[2026-05-28 14:24:05,797][root][INFO] - Epoch: 107, loss: inf
[2026-05-28 14:24:05,868][root][INFO] - Epoch: 108, loss: inf
[2026-05-28 14:24:05,939][root][INFO] - Epoch: 109, loss: inf
[2026-05-28 14:24:06,010][root][INFO] - Epoch: 110, loss: inf
[2026-05-28 14:24:06,080][root][INFO] - Epoch: 111, loss: inf
[2026-05-28 14:24:06,151][root][INFO] - Epoch: 112, loss: inf
[2026-05-28 14:24:06,222][root][INFO] - Epoch: 113, loss: inf
[2026-05-28 14:24:06,292][root][INFO] - Epoch: 114, loss: inf
[2026-05-28 14:24:06,363][root][INFO] - Epoch: 115, loss: inf
[2026-05-28 14:24:06,432][root][INFO] - Epoch: 116, loss: inf
[2026-05-28 14:24:06,503][root][INFO] - Epoch: 117, loss: inf
[2026-05-28 14:24:06,574][root][INFO] - Epoch: 118, loss: inf
[2026-05-28 14:24:06,645][root][INFO] - Epoch: 119, loss: inf
[2026-05-28 14:24:06,716][root][INFO] - Epoch: 120, loss: inf
[2026-05-28 14:24:06,786][root][INFO] - Epoch: 121, loss: inf
[2026-05-28 14:24:06,857][root][INFO] - Epoch: 122, loss: inf
[2026-05-28 14:24:06,927][root][INFO] - Epoch: 123, loss: inf
[2026-05-28 14:24:06,997][root][INFO] - Epoch: 124, loss: inf
[2026-05-28 14:24:07,068][root][INFO] - Epoch: 125, loss: inf
[2026-05-28 14:24:07,139][root][INFO] - Epoch: 126, loss: inf
[2026-05-28 14:24:07,209][root][INFO] - Epoch: 127, loss: inf
[2026-05-28 14:24:07,281][root][INFO] - Epoch: 128, loss: inf
[2026-05-28 14:24:07,352][root][INFO] - Epoch: 129, loss: inf
[2026-05-28 14:24:07,422][root][INFO] - Epoch: 130, loss: inf
[2026-05-28 14:24:07,492][root][INFO] - Epoch: 131, loss: inf
[2026-05-28 14:24:07,562][root][INFO] - Epoch: 132, loss: inf
[2026-05-28 14:24:07,633][root][INFO] - Epoch: 133, loss: inf
[2026-05-28 14:24:07,703][root][INFO] - Epoch: 134, loss: inf
[2026-05-28 14:24:07,774][root][INFO] - Epoch: 135, loss: inf
[2026-05-28 14:24:07,844][root][INFO] - Epoch: 136, loss: inf
[2026-05-28 14:24:07,914][root][INFO] - Epoch: 137, loss: inf
[2026-05-28 14:24:07,987][root][INFO] - Epoch: 138, loss: inf
[2026-05-28 14:24:08,059][root][INFO] - Epoch: 139, loss: inf
[2026-05-28 14:24:08,132][root][INFO] - Epoch: 140, loss: inf
[2026-05-28 14:24:08,204][root][INFO] - Epoch: 141, loss: inf
[2026-05-28 14:24:08,275][root][INFO] - Epoch: 142, loss: inf
[2026-05-28 14:24:08,345][root][INFO] - Epoch: 143, loss: inf
[2026-05-28 14:24:08,416][root][INFO] - Epoch: 144, loss: inf
[2026-05-28 14:24:08,487][root][INFO] - Epoch: 145, loss: inf
[2026-05-28 14:24:08,559][root][INFO] - Epoch: 146, loss: inf
[2026-05-28 14:24:08,629][root][INFO] - Epoch: 147, loss: inf
[2026-05-28 14:24:08,702][root][INFO] - Epoch: 148, loss: inf
[2026-05-28 14:24:08,774][root][INFO] - Epoch: 149, loss: inf
[2026-05-28 14:24:08,845][root][INFO] - Epoch: 150, loss: inf
[2026-05-28 14:24:08,916][root][INFO] - Epoch: 151, loss: inf
[2026-05-28 14:24:08,987][root][INFO] - Epoch: 152, loss: inf
[2026-05-28 14:24:09,057][root][INFO] - Epoch: 153, loss: inf
[2026-05-28 14:24:09,128][root][INFO] - Epoch: 154, loss: inf
[2026-05-28 14:24:09,198][root][INFO] - Epoch: 155, loss: inf
[2026-05-28 14:24:09,268][root][INFO] - Epoch: 156, loss: inf
[2026-05-28 14:24:09,339][root][INFO] - Epoch: 157, loss: inf
[2026-05-28 14:24:09,410][root][INFO] - Epoch: 158, loss: inf
[2026-05-28 14:24:09,481][root][INFO] - Epoch: 159, loss: inf
[2026-05-28 14:24:09,551][root][INFO] - Epoch: 160, loss: inf
[2026-05-28 14:24:09,621][root][INFO] - Epoch: 161, loss: inf
[2026-05-28 14:24:09,692][root][INFO] - Epoch: 162, loss: inf
[2026-05-28 14:24:09,763][root][INFO] - Epoch: 163, loss: inf
[2026-05-28 14:24:09,833][root][INFO] - Epoch: 164, loss: inf
[2026-05-28 14:24:09,903][root][INFO] - Epoch: 165, loss: inf
[2026-05-28 14:24:09,973][root][INFO] - Epoch: 166, loss: inf
[2026-05-28 14:24:10,044][root][INFO] - Epoch: 167, loss: inf
[2026-05-28 14:24:10,114][root][INFO] - Epoch: 168, loss: inf
[2026-05-28 14:24:10,184][root][INFO] - Epoch: 169, loss: inf
[2026-05-28 14:24:10,255][root][INFO] - Epoch: 170, loss: inf
[2026-05-28 14:24:10,325][root][INFO] - Epoch: 171, loss: inf
[2026-05-28 14:24:10,395][root][INFO] - Epoch: 172, loss: inf
[2026-05-28 14:24:10,466][root][INFO] - Epoch: 173, loss: inf
[2026-05-28 14:24:10,537][root][INFO] - Epoch: 174, loss: inf
[2026-05-28 14:24:10,607][root][INFO] - Epoch: 175, loss: inf
[2026-05-28 14:24:10,677][root][INFO] - Epoch: 176, loss: inf
[2026-05-28 14:24:10,748][root][INFO] - Epoch: 177, loss: inf
[2026-05-28 14:24:10,818][root][INFO] - Epoch: 178, loss: inf
[2026-05-28 14:24:10,889][root][INFO] - Epoch: 179, loss: inf
[2026-05-28 14:24:10,959][root][INFO] - Epoch: 180, loss: inf
[2026-05-28 14:24:11,029][root][INFO] - Epoch: 181, loss: inf
[2026-05-28 14:24:11,099][root][INFO] - Epoch: 182, loss: inf
[2026-05-28 14:24:11,170][root][INFO] - Epoch: 183, loss: inf
[2026-05-28 14:24:11,240][root][INFO] - Epoch: 184, loss: inf
[2026-05-28 14:24:11,311][root][INFO] - Epoch: 185, loss: inf
[2026-05-28 14:24:11,381][root][INFO] - Epoch: 186, loss: inf
[2026-05-28 14:24:11,452][root][INFO] - Epoch: 187, loss: inf
[2026-05-28 14:24:11,523][root][INFO] - Epoch: 188, loss: inf
[2026-05-28 14:24:11,593][root][INFO] - Epoch: 189, loss: inf
[2026-05-28 14:24:11,663][root][INFO] - Epoch: 190, loss: inf
[2026-05-28 14:24:11,734][root][INFO] - Epoch: 191, loss: inf
[2026-05-28 14:24:11,804][root][INFO] - Epoch: 192, loss: inf
[2026-05-28 14:24:11,874][root][INFO] - Epoch: 193, loss: inf
[2026-05-28 14:24:11,949][root][INFO] - Epoch: 194, loss: inf
[2026-05-28 14:24:12,020][root][INFO] - Epoch: 195, loss: inf
[2026-05-28 14:24:12,090][root][INFO] - Epoch: 196, loss: inf
[2026-05-28 14:24:12,160][root][INFO] - Epoch: 197, loss: inf
[2026-05-28 14:24:12,230][root][INFO] - Epoch: 198, loss: inf
[2026-05-28 14:24:12,301][root][INFO] - Epoch: 199, loss: inf
[2026-05-28 14:24:12,371][root][INFO] - Epoch: 200, loss: inf
[2026-05-28 14:24:12,406][root][INFO] - {'model_loss': 'inf', 'recon_loss': '0.0000', 'triplet_loss': 'inf'}
[2026-05-28 14:24:12,410][root][INFO] - Generation 342/400 - Time: 0.00 seconds
[2026-05-28 14:24:12,410][root][INFO] - {'coverage': '100.00', 'max_fitness': '0.00', 'passive_coverage': '77.05', 'passive_max_fitness': '0.00', 'passive_mean_fitness': '-61.78', 'passive_qd_score': '62833.28', 'qd_score': '144815.47', 'mean_fitness_top_k': '0.00'}
[2026-05-28 14:24:13,492][root][INFO] - Generation 343/400 - Time: 0.00 seconds
[2026-05-28 14:24:13,493][root][INFO] - {'coverage': '100.00', 'max_fitness': '0.00', 'passive_coverage': '78.12', 'passive_max_fitness': '0.00', 'passive_mean_fitness': '-61.52', 'passive_qd_score': '63924.35', 'qd_score': '94800.06', 'mean_fitness_top_k': '-15.85'}
[2026-05-28 14:24:14,627][root][INFO] - Generation 344/400 - Time: 0.00 seconds
[2026-05-28 14:24:14,628][root][INFO] - {'coverage': '100.00', 'max_fitness': '0.00', 'passive_coverage': '78.32', 'passive_max_fitness': '0.00', 'passive_mean_fitness': '-61.56', 'passive_qd_score': '64049.05', 'qd_score': '96635.15', 'mean_fitness_top_k': '-12.16'}
[2026-05-28 14:24:15,711][root][INFO] - Generation 345/400 - Time: 0.00 seconds
[2026-05-28 14:24:15,712][root][INFO] - {'coverage': '100.00', 'max_fitness': '0.00', 'passive_coverage': '78.32', 'passive_max_fitness': '0.00', 'passive_mean_fitness': '-61.56', 'passive_qd_score': '64049.05', 'qd_score': '97968.48', 'mean_fitness_top_k': '-6.82'}
[2026-05-28 14:24:16,688][root][INFO] - Generation 346/400 - Time: 0.00 seconds
[2026-05-28 14:24:16,688][root][INFO] - {'coverage': '100.00', 'max_fitness': '0.00', 'passive_coverage': '78.52', 'passive_max_fitness': '0.00', 'passive_mean_fitness': '-61.48', 'passive_qd_score': '64269.40', 'qd_score': '99225.65', 'mean_fitness_top_k': '-3.26'}
[2026-05-28 14:24:17,747][root][INFO] - Generation 347/400 - Time: 0.00 seconds
[2026-05-28 14:24:17,748][root][INFO] - {'coverage': '100.00', 'max_fitness': '0.00', 'passive_coverage': '78.61', 'passive_max_fitness': '0.00', 'passive_mean_fitness': '-61.45', 'passive_qd_score': '64379.25', 'qd_score': '100761.98', 'mean_fitness_top_k': '-0.27'}
[2026-05-28 14:24:17,750][root][INFO] - Saving snapshot to runs/20260528_141105_kheperax_seed42/plots/latent_generation_1735_5_gens_after_ext_gen1710.png
[2026-05-28 14:24:20,240][root][INFO] - Generation 348/400 - Time: 0.00 seconds
[2026-05-28 14:24:20,241][root][INFO] - {'coverage': '100.00', 'max_fitness': '0.00', 'passive_coverage': '78.71', 'passive_max_fitness': '0.00', 'passive_mean_fitness': '-61.42', 'passive_qd_score': '64478.58', 'qd_score': '102304.53', 'mean_fitness_top_k': '0.00'}
[2026-05-28 14:24:21,297][root][INFO] - Generation 349/400 - Time: 0.00 seconds
[2026-05-28 14:24:21,298][root][INFO] - {'coverage': '100.00', 'max_fitness': '0.00', 'passive_coverage': '78.71', 'passive_max_fitness': '0.00', 'passive_mean_fitness': '-61.42', 'passive_qd_score': '64478.98', 'qd_score': '103356.11', 'mean_fitness_top_k': '0.00'}
[2026-05-28 14:24:22,267][root][INFO] - Generation 350/400 - Time: 0.00 seconds
[2026-05-28 14:24:22,267][root][INFO] - {'coverage': '100.00', 'max_fitness': '0.00', 'passive_coverage': '78.71', 'passive_max_fitness': '0.00', 'passive_mean_fitness': '-61.42', 'passive_qd_score': '64478.98', 'qd_score': '104824.63', 'mean_fitness_top_k': '0.00'}
[2026-05-28 14:24:23,230][root][INFO] - Generation 351/400 - Time: 0.00 seconds
[2026-05-28 14:24:23,231][root][INFO] - {'coverage': '100.00', 'max_fitness': '0.00', 'passive_coverage': '78.71', 'passive_max_fitness': '0.00', 'passive_mean_fitness': '-61.42', 'passive_qd_score': '64479.66', 'qd_score': '106573.88', 'mean_fitness_top_k': '0.00'}
[2026-05-28 14:24:24,202][root][INFO] - Generation 352/400 - Time: 0.00 seconds
[2026-05-28 14:24:24,203][root][INFO] - {'coverage': '100.00', 'max_fitness': '0.00', 'passive_coverage': '78.81', 'passive_max_fitness': '0.00', 'passive_mean_fitness': '-61.35', 'passive_qd_score': '64621.08', 'qd_score': '108833.28', 'mean_fitness_top_k': '0.00'}
[2026-05-28 14:24:25,177][root][INFO] - Generation 353/400 - Time: 0.00 seconds
[2026-05-28 14:24:25,178][root][INFO] - {'coverage': '100.00', 'max_fitness': '0.00', 'passive_coverage': '78.81', 'passive_max_fitness': '0.00', 'passive_mean_fitness': '-61.35', 'passive_qd_score': '64621.08', 'qd_score': '110585.61', 'mean_fitness_top_k': '0.00'}
[2026-05-28 14:24:26,145][root][INFO] - Generation 354/400 - Time: 0.00 seconds
[2026-05-28 14:24:26,146][root][INFO] - {'coverage': '100.00', 'max_fitness': '0.00', 'passive_coverage': '78.81', 'passive_max_fitness': '0.00', 'passive_mean_fitness': '-61.35', 'passive_qd_score': '64621.27', 'qd_score': '112359.24', 'mean_fitness_top_k': '0.00'}
[2026-05-28 14:24:27,111][root][INFO] - Generation 355/400 - Time: 0.00 seconds
[2026-05-28 14:24:27,112][root][INFO] - {'coverage': '100.00', 'max_fitness': '0.00', 'passive_coverage': '78.81', 'passive_max_fitness': '0.00', 'passive_mean_fitness': '-61.35', 'passive_qd_score': '64621.27', 'qd_score': '115039.89', 'mean_fitness_top_k': '0.00'}
[2026-05-28 14:24:28,080][root][INFO] - Generation 356/400 - Time: 0.00 seconds
[2026-05-28 14:24:28,081][root][INFO] - {'coverage': '100.00', 'max_fitness': '0.00', 'passive_coverage': '78.81', 'passive_max_fitness': '0.00', 'passive_mean_fitness': '-61.35', 'passive_qd_score': '64621.27', 'qd_score': '117035.58', 'mean_fitness_top_k': '0.00'}
[2026-05-28 14:24:29,155][root][INFO] - Generation 357/400 - Time: 0.00 seconds
[2026-05-28 14:24:29,156][root][INFO] - {'coverage': '100.00', 'max_fitness': '0.00', 'passive_coverage': '78.81', 'passive_max_fitness': '0.00', 'passive_mean_fitness': '-61.35', 'passive_qd_score': '64621.27', 'qd_score': '120137.64', 'mean_fitness_top_k': '0.00'}
[2026-05-28 14:24:30,140][root][INFO] - Generation 358/400 - Time: 0.00 seconds
[2026-05-28 14:24:30,142][root][INFO] - {'coverage': '100.00', 'max_fitness': '0.00', 'passive_coverage': '78.81', 'passive_max_fitness': '0.00', 'passive_mean_fitness': '-61.35', 'passive_qd_score': '64621.27', 'qd_score': '123101.95', 'mean_fitness_top_k': '0.00'}
[2026-05-28 14:24:31,116][root][INFO] - Generation 359/400 - Time: 0.00 seconds
[2026-05-28 14:24:31,117][root][INFO] - {'coverage': '100.00', 'max_fitness': '0.00', 'passive_coverage': '78.81', 'passive_max_fitness': '0.00', 'passive_mean_fitness': '-61.35', 'passive_qd_score': '64621.27', 'qd_score': '126001.61', 'mean_fitness_top_k': '0.00'}
[2026-05-28 14:24:32,086][root][INFO] - Generation 360/400 - Time: 0.00 seconds
[2026-05-28 14:24:32,086][root][INFO] - {'coverage': '100.00', 'max_fitness': '0.00', 'passive_coverage': '78.81', 'passive_max_fitness': '0.00', 'passive_mean_fitness': '-61.35', 'passive_qd_score': '64621.27', 'qd_score': '128832.59', 'mean_fitness_top_k': '0.00'}
[2026-05-28 14:24:33,167][root][INFO] - Generation 361/400 - Time: 0.00 seconds
[2026-05-28 14:24:33,168][root][INFO] - {'coverage': '100.00', 'max_fitness': '0.00', 'passive_coverage': '78.81', 'passive_max_fitness': '0.00', 'passive_mean_fitness': '-61.35', 'passive_qd_score': '64621.27', 'qd_score': '132648.14', 'mean_fitness_top_k': '0.00'}
[2026-05-28 14:24:34,137][root][INFO] - Generation 362/400 - Time: 0.00 seconds
[2026-05-28 14:24:34,138][root][INFO] - {'coverage': '100.00', 'max_fitness': '0.00', 'passive_coverage': '78.81', 'passive_max_fitness': '0.00', 'passive_mean_fitness': '-61.35', 'passive_qd_score': '64621.27', 'qd_score': '137442.41', 'mean_fitness_top_k': '0.00'}
[2026-05-28 14:24:35,111][root][INFO] - Generation 363/400 - Time: 0.00 seconds
[2026-05-28 14:24:35,112][root][INFO] - {'coverage': '100.00', 'max_fitness': '0.00', 'passive_coverage': '78.81', 'passive_max_fitness': '0.00', 'passive_mean_fitness': '-61.35', 'passive_qd_score': '64621.27', 'qd_score': '141863.69', 'mean_fitness_top_k': '0.00'}
[2026-05-28 14:24:36,080][root][INFO] - Generation 364/400 - Time: 0.00 seconds
[2026-05-28 14:24:36,080][root][INFO] - {'coverage': '100.00', 'max_fitness': '0.00', 'passive_coverage': '78.81', 'passive_max_fitness': '0.00', 'passive_mean_fitness': '-61.35', 'passive_qd_score': '64621.27', 'qd_score': '144815.47', 'mean_fitness_top_k': '0.00'}
[2026-05-28 14:24:37,080][root][INFO] - Generation 365/400 - Time: 0.00 seconds
[2026-05-28 14:24:37,081][root][INFO] - {'coverage': '100.00', 'max_fitness': '0.00', 'passive_coverage': '78.81', 'passive_max_fitness': '0.00', 'passive_mean_fitness': '-61.35', 'passive_qd_score': '64621.27', 'qd_score': '144815.47', 'mean_fitness_top_k': '0.00'}
[2026-05-28 14:24:38,084][root][INFO] - Generation 366/400 - Time: 0.00 seconds
[2026-05-28 14:24:38,085][root][INFO] - {'coverage': '100.00', 'max_fitness': '0.00', 'passive_coverage': '78.81', 'passive_max_fitness': '0.00', 'passive_mean_fitness': '-61.35', 'passive_qd_score': '64621.27', 'qd_score': '144815.47', 'mean_fitness_top_k': '0.00'}
[2026-05-28 14:24:39,090][root][INFO] - Generation 367/400 - Time: 0.00 seconds
[2026-05-28 14:24:39,091][root][INFO] - {'coverage': '100.00', 'max_fitness': '0.00', 'passive_coverage': '78.81', 'passive_max_fitness': '0.00', 'passive_mean_fitness': '-61.35', 'passive_qd_score': '64621.27', 'qd_score': '144815.47', 'mean_fitness_top_k': '0.00'}
[2026-05-28 14:24:40,095][root][INFO] - Generation 368/400 - Time: 0.00 seconds
[2026-05-28 14:24:40,096][root][INFO] - {'coverage': '100.00', 'max_fitness': '0.00', 'passive_coverage': '78.81', 'passive_max_fitness': '0.00', 'passive_mean_fitness': '-61.35', 'passive_qd_score': '64621.27', 'qd_score': '144815.47', 'mean_fitness_top_k': '0.00'}
[2026-05-28 14:24:41,141][root][INFO] - Generation 369/400 - Time: 0.00 seconds
[2026-05-28 14:24:41,142][root][INFO] - {'coverage': '100.00', 'max_fitness': '0.00', 'passive_coverage': '78.81', 'passive_max_fitness': '0.00', 'passive_mean_fitness': '-61.35', 'passive_qd_score': '64621.27', 'qd_score': '144815.47', 'mean_fitness_top_k': '0.00'}
[2026-05-28 14:24:42,107][root][INFO] - Generation 370/400 - Time: 0.00 seconds
[2026-05-28 14:24:42,108][root][INFO] - {'coverage': '100.00', 'max_fitness': '0.00', 'passive_coverage': '78.81', 'passive_max_fitness': '0.00', 'passive_mean_fitness': '-61.35', 'passive_qd_score': '64621.27', 'qd_score': '144815.47', 'mean_fitness_top_k': '0.00'}
[2026-05-28 14:24:43,109][root][INFO] - Generation 371/400 - Time: 0.00 seconds
[2026-05-28 14:24:43,110][root][INFO] - {'coverage': '100.00', 'max_fitness': '0.00', 'passive_coverage': '78.81', 'passive_max_fitness': '0.00', 'passive_mean_fitness': '-61.35', 'passive_qd_score': '64621.27', 'qd_score': '144815.47', 'mean_fitness_top_k': '0.00'}
[2026-05-28 14:24:44,113][root][INFO] - Generation 372/400 - Time: 0.00 seconds
[2026-05-28 14:24:44,114][root][INFO] - {'coverage': '100.00', 'max_fitness': '0.00', 'passive_coverage': '78.81', 'passive_max_fitness': '0.00', 'passive_mean_fitness': '-61.35', 'passive_qd_score': '64621.27', 'qd_score': '144815.47', 'mean_fitness_top_k': '0.00'}
[2026-05-28 14:24:45,083][root][INFO] - Generation 373/400 - Time: 0.00 seconds
[2026-05-28 14:24:45,084][root][INFO] - {'coverage': '100.00', 'max_fitness': '0.00', 'passive_coverage': '78.81', 'passive_max_fitness': '0.00', 'passive_mean_fitness': '-61.35', 'passive_qd_score': '64621.27', 'qd_score': '144815.47', 'mean_fitness_top_k': '0.00'}
[2026-05-28 14:24:46,084][root][INFO] - Generation 374/400 - Time: 0.00 seconds
[2026-05-28 14:24:46,085][root][INFO] - {'coverage': '100.00', 'max_fitness': '0.00', 'passive_coverage': '78.81', 'passive_max_fitness': '0.00', 'passive_mean_fitness': '-61.35', 'passive_qd_score': '64621.27', 'qd_score': '144815.47', 'mean_fitness_top_k': '0.00'}
[2026-05-28 14:24:47,054][root][INFO] - Generation 375/400 - Time: 0.00 seconds
[2026-05-28 14:24:47,055][root][INFO] - {'coverage': '100.00', 'max_fitness': '0.00', 'passive_coverage': '78.81', 'passive_max_fitness': '0.00', 'passive_mean_fitness': '-61.35', 'passive_qd_score': '64621.27', 'qd_score': '144815.47', 'mean_fitness_top_k': '0.00'}
[2026-05-28 14:24:48,023][root][INFO] - Generation 376/400 - Time: 0.00 seconds
[2026-05-28 14:24:48,024][root][INFO] - {'coverage': '100.00', 'max_fitness': '0.00', 'passive_coverage': '78.81', 'passive_max_fitness': '0.00', 'passive_mean_fitness': '-61.35', 'passive_qd_score': '64621.27', 'qd_score': '144815.47', 'mean_fitness_top_k': '0.00'}
[2026-05-28 14:24:49,033][root][INFO] - Generation 377/400 - Time: 0.00 seconds
[2026-05-28 14:24:49,034][root][INFO] - {'coverage': '100.00', 'max_fitness': '0.00', 'passive_coverage': '78.81', 'passive_max_fitness': '0.00', 'passive_mean_fitness': '-61.35', 'passive_qd_score': '64621.27', 'qd_score': '144815.47', 'mean_fitness_top_k': '0.00'}
[2026-05-28 14:24:50,036][root][INFO] - Generation 378/400 - Time: 0.00 seconds
[2026-05-28 14:24:50,036][root][INFO] - {'coverage': '100.00', 'max_fitness': '0.00', 'passive_coverage': '78.81', 'passive_max_fitness': '0.00', 'passive_mean_fitness': '-61.35', 'passive_qd_score': '64621.27', 'qd_score': '144815.47', 'mean_fitness_top_k': '0.00'}
[2026-05-28 14:24:51,041][root][INFO] - Generation 379/400 - Time: 0.00 seconds
[2026-05-28 14:24:51,042][root][INFO] - {'coverage': '100.00', 'max_fitness': '0.00', 'passive_coverage': '78.81', 'passive_max_fitness': '0.00', 'passive_mean_fitness': '-61.35', 'passive_qd_score': '64621.27', 'qd_score': '144815.47', 'mean_fitness_top_k': '0.00'}
[2026-05-28 14:24:52,046][root][INFO] - Updating AE...
[2026-05-28 14:24:53,080][root][INFO] - Epoch: 1, loss: inf
[2026-05-28 14:24:53,153][root][INFO] - Epoch: 2, loss: inf
[2026-05-28 14:24:53,227][root][INFO] - Epoch: 3, loss: inf
[2026-05-28 14:24:53,299][root][INFO] - Epoch: 4, loss: inf
[2026-05-28 14:24:53,371][root][INFO] - Epoch: 5, loss: inf
[2026-05-28 14:24:53,442][root][INFO] - Epoch: 6, loss: inf
[2026-05-28 14:24:53,513][root][INFO] - Epoch: 7, loss: inf
[2026-05-28 14:24:53,584][root][INFO] - Epoch: 8, loss: inf
[2026-05-28 14:24:53,655][root][INFO] - Epoch: 9, loss: inf
[2026-05-28 14:24:53,726][root][INFO] - Epoch: 10, loss: inf
[2026-05-28 14:24:53,797][root][INFO] - Epoch: 11, loss: inf
[2026-05-28 14:24:53,868][root][INFO] - Epoch: 12, loss: inf
[2026-05-28 14:24:53,939][root][INFO] - Epoch: 13, loss: inf
[2026-05-28 14:24:54,010][root][INFO] - Epoch: 14, loss: inf
[2026-05-28 14:24:54,080][root][INFO] - Epoch: 15, loss: inf
[2026-05-28 14:24:54,151][root][INFO] - Epoch: 16, loss: inf
[2026-05-28 14:24:54,222][root][INFO] - Epoch: 17, loss: inf
[2026-05-28 14:24:54,293][root][INFO] - Epoch: 18, loss: inf
[2026-05-28 14:24:54,363][root][INFO] - Epoch: 19, loss: inf
[2026-05-28 14:24:54,433][root][INFO] - Epoch: 20, loss: inf
[2026-05-28 14:24:54,505][root][INFO] - Epoch: 21, loss: inf
[2026-05-28 14:24:54,577][root][INFO] - Epoch: 22, loss: inf
[2026-05-28 14:24:54,649][root][INFO] - Epoch: 23, loss: inf
[2026-05-28 14:24:54,721][root][INFO] - Epoch: 24, loss: inf
[2026-05-28 14:24:54,792][root][INFO] - Epoch: 25, loss: inf
[2026-05-28 14:24:54,863][root][INFO] - Epoch: 26, loss: inf
[2026-05-28 14:24:54,934][root][INFO] - Epoch: 27, loss: inf
[2026-05-28 14:24:55,005][root][INFO] - Epoch: 28, loss: inf
[2026-05-28 14:24:55,076][root][INFO] - Epoch: 29, loss: inf
[2026-05-28 14:24:55,148][root][INFO] - Epoch: 30, loss: inf
[2026-05-28 14:24:55,219][root][INFO] - Epoch: 31, loss: inf
[2026-05-28 14:24:55,291][root][INFO] - Epoch: 32, loss: inf
[2026-05-28 14:24:55,363][root][INFO] - Epoch: 33, loss: inf
[2026-05-28 14:24:55,436][root][INFO] - Epoch: 34, loss: inf
[2026-05-28 14:24:55,507][root][INFO] - Epoch: 35, loss: inf
[2026-05-28 14:24:55,580][root][INFO] - Epoch: 36, loss: inf
[2026-05-28 14:24:55,651][root][INFO] - Epoch: 37, loss: inf
[2026-05-28 14:24:55,722][root][INFO] - Epoch: 38, loss: inf
[2026-05-28 14:24:55,794][root][INFO] - Epoch: 39, loss: inf
[2026-05-28 14:24:55,866][root][INFO] - Epoch: 40, loss: inf
[2026-05-28 14:24:55,938][root][INFO] - Epoch: 41, loss: inf
[2026-05-28 14:24:56,010][root][INFO] - Epoch: 42, loss: inf
[2026-05-28 14:24:56,082][root][INFO] - Epoch: 43, loss: inf
[2026-05-28 14:24:56,154][root][INFO] - Epoch: 44, loss: inf
[2026-05-28 14:24:56,225][root][INFO] - Epoch: 45, loss: inf
[2026-05-28 14:24:56,297][root][INFO] - Epoch: 46, loss: inf
[2026-05-28 14:24:56,370][root][INFO] - Epoch: 47, loss: inf
[2026-05-28 14:24:56,441][root][INFO] - Epoch: 48, loss: inf
[2026-05-28 14:24:56,512][root][INFO] - Epoch: 49, loss: inf
[2026-05-28 14:24:56,583][root][INFO] - Epoch: 50, loss: inf
[2026-05-28 14:24:56,654][root][INFO] - Epoch: 51, loss: inf
[2026-05-28 14:24:56,725][root][INFO] - Epoch: 52, loss: inf
[2026-05-28 14:24:56,797][root][INFO] - Epoch: 53, loss: inf
[2026-05-28 14:24:56,869][root][INFO] - Epoch: 54, loss: inf
[2026-05-28 14:24:56,940][root][INFO] - Epoch: 55, loss: inf
[2026-05-28 14:24:57,011][root][INFO] - Epoch: 56, loss: inf
[2026-05-28 14:24:57,083][root][INFO] - Epoch: 57, loss: inf
[2026-05-28 14:24:57,156][root][INFO] - Epoch: 58, loss: inf
[2026-05-28 14:24:57,227][root][INFO] - Epoch: 59, loss: inf
[2026-05-28 14:24:57,298][root][INFO] - Epoch: 60, loss: inf
[2026-05-28 14:24:57,369][root][INFO] - Epoch: 61, loss: inf
[2026-05-28 14:24:57,442][root][INFO] - Epoch: 62, loss: inf
[2026-05-28 14:24:57,514][root][INFO] - Epoch: 63, loss: inf
[2026-05-28 14:24:57,585][root][INFO] - Epoch: 64, loss: inf
[2026-05-28 14:24:57,656][root][INFO] - Epoch: 65, loss: inf
[2026-05-28 14:24:57,727][root][INFO] - Epoch: 66, loss: inf
[2026-05-28 14:24:57,800][root][INFO] - Epoch: 67, loss: inf
[2026-05-28 14:24:57,872][root][INFO] - Epoch: 68, loss: inf
[2026-05-28 14:24:57,943][root][INFO] - Epoch: 69, loss: inf
[2026-05-28 14:24:58,015][root][INFO] - Epoch: 70, loss: inf
[2026-05-28 14:24:58,087][root][INFO] - Epoch: 71, loss: inf
[2026-05-28 14:24:58,158][root][INFO] - Epoch: 72, loss: inf
[2026-05-28 14:24:58,231][root][INFO] - Epoch: 73, loss: inf
[2026-05-28 14:24:58,303][root][INFO] - Epoch: 74, loss: inf
[2026-05-28 14:24:58,374][root][INFO] - Epoch: 75, loss: inf
[2026-05-28 14:24:58,446][root][INFO] - Epoch: 76, loss: inf
[2026-05-28 14:24:58,520][root][INFO] - Epoch: 77, loss: inf
[2026-05-28 14:24:58,592][root][INFO] - Epoch: 78, loss: inf
[2026-05-28 14:24:58,664][root][INFO] - Epoch: 79, loss: inf
[2026-05-28 14:24:58,737][root][INFO] - Epoch: 80, loss: inf
[2026-05-28 14:24:58,810][root][INFO] - Epoch: 81, loss: inf
[2026-05-28 14:24:58,882][root][INFO] - Epoch: 82, loss: inf
[2026-05-28 14:24:58,953][root][INFO] - Epoch: 83, loss: inf
[2026-05-28 14:24:59,026][root][INFO] - Epoch: 84, loss: inf
[2026-05-28 14:24:59,097][root][INFO] - Epoch: 85, loss: inf
[2026-05-28 14:24:59,169][root][INFO] - Epoch: 86, loss: inf
[2026-05-28 14:24:59,240][root][INFO] - Epoch: 87, loss: inf
[2026-05-28 14:24:59,311][root][INFO] - Epoch: 88, loss: inf
[2026-05-28 14:24:59,384][root][INFO] - Epoch: 89, loss: inf
[2026-05-28 14:24:59,456][root][INFO] - Epoch: 90, loss: inf
[2026-05-28 14:24:59,528][root][INFO] - Epoch: 91, loss: inf
[2026-05-28 14:24:59,601][root][INFO] - Epoch: 92, loss: inf
[2026-05-28 14:24:59,673][root][INFO] - Epoch: 93, loss: inf
[2026-05-28 14:24:59,745][root][INFO] - Epoch: 94, loss: inf
[2026-05-28 14:24:59,817][root][INFO] - Epoch: 95, loss: inf
[2026-05-28 14:24:59,888][root][INFO] - Epoch: 96, loss: inf
[2026-05-28 14:24:59,959][root][INFO] - Epoch: 97, loss: inf
[2026-05-28 14:25:00,030][root][INFO] - Epoch: 98, loss: inf
[2026-05-28 14:25:00,102][root][INFO] - Epoch: 99, loss: inf
[2026-05-28 14:25:00,172][root][INFO] - Epoch: 100, loss: inf
[2026-05-28 14:25:00,243][root][INFO] - Epoch: 101, loss: inf
[2026-05-28 14:25:00,315][root][INFO] - Epoch: 102, loss: inf
[2026-05-28 14:25:00,385][root][INFO] - Epoch: 103, loss: inf
[2026-05-28 14:25:00,456][root][INFO] - Epoch: 104, loss: inf
[2026-05-28 14:25:00,526][root][INFO] - Epoch: 105, loss: inf
[2026-05-28 14:25:00,596][root][INFO] - Epoch: 106, loss: inf
[2026-05-28 14:25:00,667][root][INFO] - Epoch: 107, loss: inf
[2026-05-28 14:25:00,738][root][INFO] - Epoch: 108, loss: inf
[2026-05-28 14:25:00,809][root][INFO] - Epoch: 109, loss: inf
[2026-05-28 14:25:00,880][root][INFO] - Epoch: 110, loss: inf
[2026-05-28 14:25:00,950][root][INFO] - Epoch: 111, loss: inf
[2026-05-28 14:25:01,021][root][INFO] - Epoch: 112, loss: inf
[2026-05-28 14:25:01,092][root][INFO] - Epoch: 113, loss: inf
[2026-05-28 14:25:01,162][root][INFO] - Epoch: 114, loss: inf
[2026-05-28 14:25:01,233][root][INFO] - Epoch: 115, loss: inf
[2026-05-28 14:25:01,304][root][INFO] - Epoch: 116, loss: inf
[2026-05-28 14:25:01,375][root][INFO] - Epoch: 117, loss: inf
[2026-05-28 14:25:01,445][root][INFO] - Epoch: 118, loss: inf
[2026-05-28 14:25:01,516][root][INFO] - Epoch: 119, loss: inf
[2026-05-28 14:25:01,587][root][INFO] - Epoch: 120, loss: inf
[2026-05-28 14:25:01,658][root][INFO] - Epoch: 121, loss: inf
[2026-05-28 14:25:01,729][root][INFO] - Epoch: 122, loss: inf
[2026-05-28 14:25:01,799][root][INFO] - Epoch: 123, loss: inf
[2026-05-28 14:25:01,871][root][INFO] - Epoch: 124, loss: inf
[2026-05-28 14:25:01,942][root][INFO] - Epoch: 125, loss: inf
[2026-05-28 14:25:02,013][root][INFO] - Epoch: 126, loss: inf
[2026-05-28 14:25:02,084][root][INFO] - Epoch: 127, loss: inf
[2026-05-28 14:25:02,154][root][INFO] - Epoch: 128, loss: inf
[2026-05-28 14:25:02,225][root][INFO] - Epoch: 129, loss: inf
[2026-05-28 14:25:02,296][root][INFO] - Epoch: 130, loss: inf
[2026-05-28 14:25:02,367][root][INFO] - Epoch: 131, loss: inf
[2026-05-28 14:25:02,438][root][INFO] - Epoch: 132, loss: inf
[2026-05-28 14:25:02,509][root][INFO] - Epoch: 133, loss: inf
[2026-05-28 14:25:02,580][root][INFO] - Epoch: 134, loss: inf
[2026-05-28 14:25:02,651][root][INFO] - Epoch: 135, loss: inf
[2026-05-28 14:25:02,722][root][INFO] - Epoch: 136, loss: inf
[2026-05-28 14:25:02,793][root][INFO] - Epoch: 137, loss: inf
[2026-05-28 14:25:02,865][root][INFO] - Epoch: 138, loss: inf
[2026-05-28 14:25:02,935][root][INFO] - Epoch: 139, loss: inf
[2026-05-28 14:25:03,006][root][INFO] - Epoch: 140, loss: inf
[2026-05-28 14:25:03,077][root][INFO] - Epoch: 141, loss: inf
[2026-05-28 14:25:03,148][root][INFO] - Epoch: 142, loss: inf
[2026-05-28 14:25:03,219][root][INFO] - Epoch: 143, loss: inf
[2026-05-28 14:25:03,291][root][INFO] - Epoch: 144, loss: inf
[2026-05-28 14:25:03,362][root][INFO] - Epoch: 145, loss: inf
[2026-05-28 14:25:03,433][root][INFO] - Epoch: 146, loss: inf
[2026-05-28 14:25:03,504][root][INFO] - Epoch: 147, loss: inf
[2026-05-28 14:25:03,574][root][INFO] - Epoch: 148, loss: inf
[2026-05-28 14:25:03,644][root][INFO] - Epoch: 149, loss: inf
[2026-05-28 14:25:03,715][root][INFO] - Epoch: 150, loss: inf
[2026-05-28 14:25:03,786][root][INFO] - Epoch: 151, loss: inf
[2026-05-28 14:25:03,856][root][INFO] - Epoch: 152, loss: inf
[2026-05-28 14:25:03,928][root][INFO] - Epoch: 153, loss: inf
[2026-05-28 14:25:03,999][root][INFO] - Epoch: 154, loss: inf
[2026-05-28 14:25:04,070][root][INFO] - Epoch: 155, loss: inf
[2026-05-28 14:25:04,141][root][INFO] - Epoch: 156, loss: inf
[2026-05-28 14:25:04,212][root][INFO] - Epoch: 157, loss: inf
[2026-05-28 14:25:04,283][root][INFO] - Epoch: 158, loss: inf
[2026-05-28 14:25:04,353][root][INFO] - Epoch: 159, loss: inf
[2026-05-28 14:25:04,423][root][INFO] - Epoch: 160, loss: inf
[2026-05-28 14:25:04,494][root][INFO] - Epoch: 161, loss: inf
[2026-05-28 14:25:04,565][root][INFO] - Epoch: 162, loss: inf
[2026-05-28 14:25:04,636][root][INFO] - Epoch: 163, loss: inf
[2026-05-28 14:25:04,706][root][INFO] - Epoch: 164, loss: inf
[2026-05-28 14:25:04,777][root][INFO] - Epoch: 165, loss: inf
[2026-05-28 14:25:04,848][root][INFO] - Epoch: 166, loss: inf
[2026-05-28 14:25:04,918][root][INFO] - Epoch: 167, loss: inf
[2026-05-28 14:25:04,989][root][INFO] - Epoch: 168, loss: inf
[2026-05-28 14:25:05,061][root][INFO] - Epoch: 169, loss: inf
[2026-05-28 14:25:05,132][root][INFO] - Epoch: 170, loss: inf
[2026-05-28 14:25:05,205][root][INFO] - Epoch: 171, loss: inf
[2026-05-28 14:25:05,276][root][INFO] - Epoch: 172, loss: inf
[2026-05-28 14:25:05,347][root][INFO] - Epoch: 173, loss: inf
[2026-05-28 14:25:05,420][root][INFO] - Epoch: 174, loss: inf
[2026-05-28 14:25:05,492][root][INFO] - Epoch: 175, loss: inf
[2026-05-28 14:25:05,564][root][INFO] - Epoch: 176, loss: inf
[2026-05-28 14:25:05,635][root][INFO] - Epoch: 177, loss: inf
[2026-05-28 14:25:05,706][root][INFO] - Epoch: 178, loss: inf
[2026-05-28 14:25:05,777][root][INFO] - Epoch: 179, loss: inf
[2026-05-28 14:25:05,850][root][INFO] - Epoch: 180, loss: inf
[2026-05-28 14:25:05,921][root][INFO] - Epoch: 181, loss: inf
[2026-05-28 14:25:05,993][root][INFO] - Epoch: 182, loss: inf
[2026-05-28 14:25:06,064][root][INFO] - Epoch: 183, loss: inf
[2026-05-28 14:25:06,135][root][INFO] - Epoch: 184, loss: inf
[2026-05-28 14:25:06,207][root][INFO] - Epoch: 185, loss: inf
[2026-05-28 14:25:06,278][root][INFO] - Epoch: 186, loss: inf
[2026-05-28 14:25:06,350][root][INFO] - Epoch: 187, loss: inf
[2026-05-28 14:25:06,422][root][INFO] - Epoch: 188, loss: inf
[2026-05-28 14:25:06,493][root][INFO] - Epoch: 189, loss: inf
[2026-05-28 14:25:06,564][root][INFO] - Epoch: 190, loss: inf
[2026-05-28 14:25:06,635][root][INFO] - Epoch: 191, loss: inf
[2026-05-28 14:25:06,705][root][INFO] - Epoch: 192, loss: inf
[2026-05-28 14:25:06,777][root][INFO] - Epoch: 193, loss: inf
[2026-05-28 14:25:06,848][root][INFO] - Epoch: 194, loss: inf
[2026-05-28 14:25:06,919][root][INFO] - Epoch: 195, loss: inf
[2026-05-28 14:25:06,992][root][INFO] - Epoch: 196, loss: inf
[2026-05-28 14:25:07,064][root][INFO] - Epoch: 197, loss: inf
[2026-05-28 14:25:07,136][root][INFO] - Epoch: 198, loss: inf
[2026-05-28 14:25:07,208][root][INFO] - Epoch: 199, loss: inf
[2026-05-28 14:25:07,280][root][INFO] - Epoch: 200, loss: inf
[2026-05-28 14:25:07,314][root][INFO] - {'model_loss': 'inf', 'recon_loss': '0.0000', 'triplet_loss': 'inf'}
[2026-05-28 14:25:07,318][root][INFO] - Extinction event (pre-encoder)...
[2026-05-28 14:25:07,318][root][INFO] - Saving snapshot to runs/20260528_141105_kheperax_seed42/plots/latent_generation_1900_before_ext.png
[2026-05-28 14:25:08,803][root][INFO] - Saving snapshot to runs/20260528_141105_kheperax_seed42/plots/latent_generation_1900_after_ext.png
[2026-05-28 14:25:10,159][root][INFO] - Updating AE...
[2026-05-28 14:25:10,846][root][INFO] - Epoch: 1, loss: inf
[2026-05-28 14:25:10,918][root][INFO] - Epoch: 2, loss: inf
[2026-05-28 14:25:10,990][root][INFO] - Epoch: 3, loss: inf
[2026-05-28 14:25:11,061][root][INFO] - Epoch: 4, loss: inf
[2026-05-28 14:25:11,132][root][INFO] - Epoch: 5, loss: inf
[2026-05-28 14:25:11,203][root][INFO] - Epoch: 6, loss: inf
[2026-05-28 14:25:11,276][root][INFO] - Epoch: 7, loss: inf
[2026-05-28 14:25:11,348][root][INFO] - Epoch: 8, loss: inf
[2026-05-28 14:25:11,420][root][INFO] - Epoch: 9, loss: inf
[2026-05-28 14:25:11,490][root][INFO] - Epoch: 10, loss: inf
[2026-05-28 14:25:11,561][root][INFO] - Epoch: 11, loss: inf
[2026-05-28 14:25:11,632][root][INFO] - Epoch: 12, loss: inf
[2026-05-28 14:25:11,703][root][INFO] - Epoch: 13, loss: inf
[2026-05-28 14:25:11,773][root][INFO] - Epoch: 14, loss: inf
[2026-05-28 14:25:11,845][root][INFO] - Epoch: 15, loss: inf
[2026-05-28 14:25:11,917][root][INFO] - Epoch: 16, loss: inf
[2026-05-28 14:25:11,989][root][INFO] - Epoch: 17, loss: inf
[2026-05-28 14:25:12,060][root][INFO] - Epoch: 18, loss: inf
[2026-05-28 14:25:12,132][root][INFO] - Epoch: 19, loss: inf
[2026-05-28 14:25:12,202][root][INFO] - Epoch: 20, loss: inf
[2026-05-28 14:25:12,273][root][INFO] - Epoch: 21, loss: inf
[2026-05-28 14:25:12,346][root][INFO] - Epoch: 22, loss: inf
[2026-05-28 14:25:12,417][root][INFO] - Epoch: 23, loss: inf
[2026-05-28 14:25:12,488][root][INFO] - Epoch: 24, loss: inf
[2026-05-28 14:25:12,559][root][INFO] - Epoch: 25, loss: inf
[2026-05-28 14:25:12,631][root][INFO] - Epoch: 26, loss: inf
[2026-05-28 14:25:12,702][root][INFO] - Epoch: 27, loss: inf
[2026-05-28 14:25:12,774][root][INFO] - Epoch: 28, loss: inf
[2026-05-28 14:25:12,846][root][INFO] - Epoch: 29, loss: inf
[2026-05-28 14:25:12,916][root][INFO] - Epoch: 30, loss: inf
[2026-05-28 14:25:12,987][root][INFO] - Epoch: 31, loss: inf
[2026-05-28 14:25:13,057][root][INFO] - Epoch: 32, loss: inf
[2026-05-28 14:25:13,129][root][INFO] - Epoch: 33, loss: inf
[2026-05-28 14:25:13,201][root][INFO] - Epoch: 34, loss: inf
[2026-05-28 14:25:13,272][root][INFO] - Epoch: 35, loss: inf
[2026-05-28 14:25:13,342][root][INFO] - Epoch: 36, loss: inf
[2026-05-28 14:25:13,413][root][INFO] - Epoch: 37, loss: inf
[2026-05-28 14:25:13,485][root][INFO] - Epoch: 38, loss: inf
[2026-05-28 14:25:13,556][root][INFO] - Epoch: 39, loss: inf
[2026-05-28 14:25:13,627][root][INFO] - Epoch: 40, loss: inf
[2026-05-28 14:25:13,699][root][INFO] - Epoch: 41, loss: inf
[2026-05-28 14:25:13,771][root][INFO] - Epoch: 42, loss: inf
[2026-05-28 14:25:13,843][root][INFO] - Epoch: 43, loss: inf
[2026-05-28 14:25:13,914][root][INFO] - Epoch: 44, loss: inf
[2026-05-28 14:25:13,985][root][INFO] - Epoch: 45, loss: inf
[2026-05-28 14:25:14,056][root][INFO] - Epoch: 46, loss: inf
[2026-05-28 14:25:14,128][root][INFO] - Epoch: 47, loss: inf
[2026-05-28 14:25:14,198][root][INFO] - Epoch: 48, loss: inf
[2026-05-28 14:25:14,270][root][INFO] - Epoch: 49, loss: inf
[2026-05-28 14:25:14,341][root][INFO] - Epoch: 50, loss: inf
[2026-05-28 14:25:14,412][root][INFO] - Epoch: 51, loss: inf
[2026-05-28 14:25:14,483][root][INFO] - Epoch: 52, loss: inf
[2026-05-28 14:25:14,555][root][INFO] - Epoch: 53, loss: inf
[2026-05-28 14:25:14,627][root][INFO] - Epoch: 54, loss: inf
[2026-05-28 14:25:14,699][root][INFO] - Epoch: 55, loss: inf
[2026-05-28 14:25:14,770][root][INFO] - Epoch: 56, loss: inf
[2026-05-28 14:25:14,842][root][INFO] - Epoch: 57, loss: inf
[2026-05-28 14:25:14,912][root][INFO] - Epoch: 58, loss: inf
[2026-05-28 14:25:14,983][root][INFO] - Epoch: 59, loss: inf
[2026-05-28 14:25:15,053][root][INFO] - Epoch: 60, loss: inf
[2026-05-28 14:25:15,122][root][INFO] - Epoch: 61, loss: inf
[2026-05-28 14:25:15,192][root][INFO] - Epoch: 62, loss: inf
[2026-05-28 14:25:15,262][root][INFO] - Epoch: 63, loss: inf
[2026-05-28 14:25:15,333][root][INFO] - Epoch: 64, loss: inf
[2026-05-28 14:25:15,403][root][INFO] - Epoch: 65, loss: inf
[2026-05-28 14:25:15,474][root][INFO] - Epoch: 66, loss: inf
[2026-05-28 14:25:15,544][root][INFO] - Epoch: 67, loss: inf
[2026-05-28 14:25:15,613][root][INFO] - Epoch: 68, loss: inf
[2026-05-28 14:25:15,684][root][INFO] - Epoch: 69, loss: inf
[2026-05-28 14:25:15,754][root][INFO] - Epoch: 70, loss: inf
[2026-05-28 14:25:15,824][root][INFO] - Epoch: 71, loss: inf
[2026-05-28 14:25:15,894][root][INFO] - Epoch: 72, loss: inf
[2026-05-28 14:25:15,965][root][INFO] - Epoch: 73, loss: inf
[2026-05-28 14:25:16,035][root][INFO] - Epoch: 74, loss: inf
[2026-05-28 14:25:16,106][root][INFO] - Epoch: 75, loss: inf
[2026-05-28 14:25:16,176][root][INFO] - Epoch: 76, loss: inf
[2026-05-28 14:25:16,247][root][INFO] - Epoch: 77, loss: inf
[2026-05-28 14:25:16,317][root][INFO] - Epoch: 78, loss: inf
[2026-05-28 14:25:16,388][root][INFO] - Epoch: 79, loss: inf
[2026-05-28 14:25:16,458][root][INFO] - Epoch: 80, loss: inf
[2026-05-28 14:25:16,529][root][INFO] - Epoch: 81, loss: inf
[2026-05-28 14:25:16,600][root][INFO] - Epoch: 82, loss: inf
[2026-05-28 14:25:16,670][root][INFO] - Epoch: 83, loss: inf
[2026-05-28 14:25:16,740][root][INFO] - Epoch: 84, loss: inf
[2026-05-28 14:25:16,811][root][INFO] - Epoch: 85, loss: inf
[2026-05-28 14:25:16,881][root][INFO] - Epoch: 86, loss: inf
[2026-05-28 14:25:16,951][root][INFO] - Epoch: 87, loss: inf
[2026-05-28 14:25:17,022][root][INFO] - Epoch: 88, loss: inf
[2026-05-28 14:25:17,092][root][INFO] - Epoch: 89, loss: inf
[2026-05-28 14:25:17,163][root][INFO] - Epoch: 90, loss: inf
[2026-05-28 14:25:17,233][root][INFO] - Epoch: 91, loss: inf
[2026-05-28 14:25:17,303][root][INFO] - Epoch: 92, loss: inf
[2026-05-28 14:25:17,374][root][INFO] - Epoch: 93, loss: inf
[2026-05-28 14:25:17,444][root][INFO] - Epoch: 94, loss: inf
[2026-05-28 14:25:17,515][root][INFO] - Epoch: 95, loss: inf
[2026-05-28 14:25:17,585][root][INFO] - Epoch: 96, loss: inf
[2026-05-28 14:25:17,655][root][INFO] - Epoch: 97, loss: inf
[2026-05-28 14:25:17,726][root][INFO] - Epoch: 98, loss: inf
[2026-05-28 14:25:17,796][root][INFO] - Epoch: 99, loss: inf
[2026-05-28 14:25:17,866][root][INFO] - Epoch: 100, loss: inf
[2026-05-28 14:25:17,937][root][INFO] - Epoch: 101, loss: inf
[2026-05-28 14:25:18,007][root][INFO] - Epoch: 102, loss: inf
[2026-05-28 14:25:18,078][root][INFO] - Epoch: 103, loss: inf
[2026-05-28 14:25:18,148][root][INFO] - Epoch: 104, loss: inf
[2026-05-28 14:25:18,218][root][INFO] - Epoch: 105, loss: inf
[2026-05-28 14:25:18,289][root][INFO] - Epoch: 106, loss: inf
[2026-05-28 14:25:18,359][root][INFO] - Epoch: 107, loss: inf
[2026-05-28 14:25:18,429][root][INFO] - Epoch: 108, loss: inf
[2026-05-28 14:25:18,500][root][INFO] - Epoch: 109, loss: inf
[2026-05-28 14:25:18,570][root][INFO] - Epoch: 110, loss: inf
[2026-05-28 14:25:18,640][root][INFO] - Epoch: 111, loss: inf
[2026-05-28 14:25:18,710][root][INFO] - Epoch: 112, loss: inf
[2026-05-28 14:25:18,783][root][INFO] - Epoch: 113, loss: inf
[2026-05-28 14:25:18,854][root][INFO] - Epoch: 114, loss: inf
[2026-05-28 14:25:18,924][root][INFO] - Epoch: 115, loss: inf
[2026-05-28 14:25:18,995][root][INFO] - Epoch: 116, loss: inf
[2026-05-28 14:25:19,066][root][INFO] - Epoch: 117, loss: inf
[2026-05-28 14:25:19,136][root][INFO] - Epoch: 118, loss: inf
[2026-05-28 14:25:19,206][root][INFO] - Epoch: 119, loss: inf
[2026-05-28 14:25:19,276][root][INFO] - Epoch: 120, loss: inf
[2026-05-28 14:25:19,346][root][INFO] - Epoch: 121, loss: inf
[2026-05-28 14:25:19,416][root][INFO] - Epoch: 122, loss: inf
[2026-05-28 14:25:19,487][root][INFO] - Epoch: 123, loss: inf
[2026-05-28 14:25:19,557][root][INFO] - Epoch: 124, loss: inf
[2026-05-28 14:25:19,628][root][INFO] - Epoch: 125, loss: inf
[2026-05-28 14:25:19,698][root][INFO] - Epoch: 126, loss: inf
[2026-05-28 14:25:19,768][root][INFO] - Epoch: 127, loss: inf
[2026-05-28 14:25:19,838][root][INFO] - Epoch: 128, loss: inf
[2026-05-28 14:25:19,909][root][INFO] - Epoch: 129, loss: inf
[2026-05-28 14:25:19,979][root][INFO] - Epoch: 130, loss: inf
[2026-05-28 14:25:20,051][root][INFO] - Epoch: 131, loss: inf
[2026-05-28 14:25:20,122][root][INFO] - Epoch: 132, loss: inf
[2026-05-28 14:25:20,192][root][INFO] - Epoch: 133, loss: inf
[2026-05-28 14:25:20,262][root][INFO] - Epoch: 134, loss: inf
[2026-05-28 14:25:20,333][root][INFO] - Epoch: 135, loss: inf
[2026-05-28 14:25:20,404][root][INFO] - Epoch: 136, loss: inf
[2026-05-28 14:25:20,475][root][INFO] - Epoch: 137, loss: inf
[2026-05-28 14:25:20,545][root][INFO] - Epoch: 138, loss: inf
[2026-05-28 14:25:20,616][root][INFO] - Epoch: 139, loss: inf
[2026-05-28 14:25:20,687][root][INFO] - Epoch: 140, loss: inf
[2026-05-28 14:25:20,758][root][INFO] - Epoch: 141, loss: inf
[2026-05-28 14:25:20,830][root][INFO] - Epoch: 142, loss: inf
[2026-05-28 14:25:20,901][root][INFO] - Epoch: 143, loss: inf
[2026-05-28 14:25:20,971][root][INFO] - Epoch: 144, loss: inf
[2026-05-28 14:25:21,042][root][INFO] - Epoch: 145, loss: inf
[2026-05-28 14:25:21,113][root][INFO] - Epoch: 146, loss: inf
[2026-05-28 14:25:21,183][root][INFO] - Epoch: 147, loss: inf
[2026-05-28 14:25:21,255][root][INFO] - Epoch: 148, loss: inf
[2026-05-28 14:25:21,325][root][INFO] - Epoch: 149, loss: inf
[2026-05-28 14:25:21,397][root][INFO] - Epoch: 150, loss: inf
[2026-05-28 14:25:21,468][root][INFO] - Epoch: 151, loss: inf
[2026-05-28 14:25:21,539][root][INFO] - Epoch: 152, loss: inf
[2026-05-28 14:25:21,609][root][INFO] - Epoch: 153, loss: inf
[2026-05-28 14:25:21,680][root][INFO] - Epoch: 154, loss: inf
[2026-05-28 14:25:21,752][root][INFO] - Epoch: 155, loss: inf
[2026-05-28 14:25:21,823][root][INFO] - Epoch: 156, loss: inf
[2026-05-28 14:25:21,893][root][INFO] - Epoch: 157, loss: inf
[2026-05-28 14:25:21,964][root][INFO] - Epoch: 158, loss: inf
[2026-05-28 14:25:22,034][root][INFO] - Epoch: 159, loss: inf
[2026-05-28 14:25:22,106][root][INFO] - Epoch: 160, loss: inf
[2026-05-28 14:25:22,177][root][INFO] - Epoch: 161, loss: inf
[2026-05-28 14:25:22,248][root][INFO] - Epoch: 162, loss: inf
[2026-05-28 14:25:22,318][root][INFO] - Epoch: 163, loss: inf
[2026-05-28 14:25:22,389][root][INFO] - Epoch: 164, loss: inf
[2026-05-28 14:25:22,459][root][INFO] - Epoch: 165, loss: inf
[2026-05-28 14:25:22,530][root][INFO] - Epoch: 166, loss: inf
[2026-05-28 14:25:22,600][root][INFO] - Epoch: 167, loss: inf
[2026-05-28 14:25:22,671][root][INFO] - Epoch: 168, loss: inf
[2026-05-28 14:25:22,742][root][INFO] - Epoch: 169, loss: inf
[2026-05-28 14:25:22,812][root][INFO] - Epoch: 170, loss: inf
[2026-05-28 14:25:22,885][root][INFO] - Epoch: 171, loss: inf
[2026-05-28 14:25:22,955][root][INFO] - Epoch: 172, loss: inf
[2026-05-28 14:25:23,026][root][INFO] - Epoch: 173, loss: inf
[2026-05-28 14:25:23,096][root][INFO] - Epoch: 174, loss: inf
[2026-05-28 14:25:23,167][root][INFO] - Epoch: 175, loss: inf
[2026-05-28 14:25:23,238][root][INFO] - Epoch: 176, loss: inf
[2026-05-28 14:25:23,309][root][INFO] - Epoch: 177, loss: inf
[2026-05-28 14:25:23,379][root][INFO] - Epoch: 178, loss: inf
[2026-05-28 14:25:23,450][root][INFO] - Epoch: 179, loss: inf
[2026-05-28 14:25:23,520][root][INFO] - Epoch: 180, loss: inf
[2026-05-28 14:25:23,592][root][INFO] - Epoch: 181, loss: inf
[2026-05-28 14:25:23,664][root][INFO] - Epoch: 182, loss: inf
[2026-05-28 14:25:23,735][root][INFO] - Epoch: 183, loss: inf
[2026-05-28 14:25:23,805][root][INFO] - Epoch: 184, loss: inf
[2026-05-28 14:25:23,875][root][INFO] - Epoch: 185, loss: inf
[2026-05-28 14:25:23,946][root][INFO] - Epoch: 186, loss: inf
[2026-05-28 14:25:24,017][root][INFO] - Epoch: 187, loss: inf
[2026-05-28 14:25:24,086][root][INFO] - Epoch: 188, loss: inf
[2026-05-28 14:25:24,157][root][INFO] - Epoch: 189, loss: inf
[2026-05-28 14:25:24,227][root][INFO] - Epoch: 190, loss: inf
[2026-05-28 14:25:24,298][root][INFO] - Epoch: 191, loss: inf
[2026-05-28 14:25:24,369][root][INFO] - Epoch: 192, loss: inf
[2026-05-28 14:25:24,441][root][INFO] - Epoch: 193, loss: inf
[2026-05-28 14:25:24,511][root][INFO] - Epoch: 194, loss: inf
[2026-05-28 14:25:24,582][root][INFO] - Epoch: 195, loss: inf
[2026-05-28 14:25:24,654][root][INFO] - Epoch: 196, loss: inf
[2026-05-28 14:25:24,725][root][INFO] - Epoch: 197, loss: inf
[2026-05-28 14:25:24,796][root][INFO] - Epoch: 198, loss: inf
[2026-05-28 14:25:24,867][root][INFO] - Epoch: 199, loss: inf
[2026-05-28 14:25:24,937][root][INFO] - Epoch: 200, loss: inf
[2026-05-28 14:25:24,970][root][INFO] - {'model_loss': 'inf', 'recon_loss': '0.0000', 'triplet_loss': 'inf'}
[2026-05-28 14:25:24,974][root][INFO] - Generation 380/400 - Time: 0.00 seconds
[2026-05-28 14:25:24,975][root][INFO] - {'coverage': '100.00', 'max_fitness': '0.00', 'passive_coverage': '78.81', 'passive_max_fitness': '0.00', 'passive_mean_fitness': '-61.35', 'passive_qd_score': '64621.27', 'qd_score': '144815.47', 'mean_fitness_top_k': '0.00'}
[2026-05-28 14:25:25,949][root][INFO] - Generation 381/400 - Time: 0.00 seconds
[2026-05-28 14:25:25,950][root][INFO] - {'coverage': '100.00', 'max_fitness': '0.00', 'passive_coverage': '79.88', 'passive_max_fitness': '0.00', 'passive_mean_fitness': '-61.14', 'passive_qd_score': '65666.74', 'qd_score': '95146.27', 'mean_fitness_top_k': '-14.70'}
[2026-05-28 14:25:26,924][root][INFO] - Generation 382/400 - Time: 0.00 seconds
[2026-05-28 14:25:26,925][root][INFO] - {'coverage': '100.00', 'max_fitness': '0.00', 'passive_coverage': '80.08', 'passive_max_fitness': '0.00', 'passive_mean_fitness': '-61.08', 'passive_qd_score': '65878.05', 'qd_score': '97780.03', 'mean_fitness_top_k': '-10.10'}
[2026-05-28 14:25:27,973][root][INFO] - Generation 383/400 - Time: 0.00 seconds
[2026-05-28 14:25:27,974][root][INFO] - {'coverage': '100.00', 'max_fitness': '0.00', 'passive_coverage': '80.08', 'passive_max_fitness': '0.00', 'passive_mean_fitness': '-61.08', 'passive_qd_score': '65881.51', 'qd_score': '98969.72', 'mean_fitness_top_k': '-7.02'}
[2026-05-28 14:25:28,955][root][INFO] - Generation 384/400 - Time: 0.00 seconds
[2026-05-28 14:25:28,956][root][INFO] - {'coverage': '100.00', 'max_fitness': '0.00', 'passive_coverage': '80.18', 'passive_max_fitness': '0.00', 'passive_mean_fitness': '-61.04', 'passive_qd_score': '65989.74', 'qd_score': '100029.52', 'mean_fitness_top_k': '-3.95'}
[2026-05-28 14:25:30,011][root][INFO] - Generation 385/400 - Time: 0.00 seconds
[2026-05-28 14:25:30,012][root][INFO] - {'coverage': '100.00', 'max_fitness': '0.00', 'passive_coverage': '80.18', 'passive_max_fitness': '0.00', 'passive_mean_fitness': '-61.04', 'passive_qd_score': '65989.74', 'qd_score': '101541.92', 'mean_fitness_top_k': '-0.22'}
[2026-05-28 14:25:30,014][root][INFO] - Saving snapshot to runs/20260528_141105_kheperax_seed42/plots/latent_generation_1925_5_gens_after_ext_gen1900.png
[2026-05-28 14:25:32,451][root][INFO] - Generation 386/400 - Time: 0.00 seconds
[2026-05-28 14:25:32,451][root][INFO] - {'coverage': '100.00', 'max_fitness': '0.00', 'passive_coverage': '80.18', 'passive_max_fitness': '0.00', 'passive_mean_fitness': '-61.04', 'passive_qd_score': '65990.48', 'qd_score': '103034.26', 'mean_fitness_top_k': '0.00'}
[2026-05-28 14:25:33,459][root][INFO] - Generation 387/400 - Time: 0.00 seconds
[2026-05-28 14:25:33,460][root][INFO] - {'coverage': '100.00', 'max_fitness': '0.00', 'passive_coverage': '80.18', 'passive_max_fitness': '0.00', 'passive_mean_fitness': '-61.04', 'passive_qd_score': '65990.55', 'qd_score': '104678.27', 'mean_fitness_top_k': '0.00'}
[2026-05-28 14:25:34,466][root][INFO] - Generation 388/400 - Time: 0.00 seconds
[2026-05-28 14:25:34,467][root][INFO] - {'coverage': '100.00', 'max_fitness': '0.00', 'passive_coverage': '80.27', 'passive_max_fitness': '0.00', 'passive_mean_fitness': '-61.03', 'passive_qd_score': '66084.25', 'qd_score': '106507.77', 'mean_fitness_top_k': '0.00'}
[2026-05-28 14:25:35,476][root][INFO] - Generation 389/400 - Time: 0.00 seconds
[2026-05-28 14:25:35,477][root][INFO] - {'coverage': '100.00', 'max_fitness': '0.00', 'passive_coverage': '80.27', 'passive_max_fitness': '0.00', 'passive_mean_fitness': '-61.03', 'passive_qd_score': '66084.25', 'qd_score': '107988.55', 'mean_fitness_top_k': '0.00'}
[2026-05-28 14:25:36,485][root][INFO] - Generation 390/400 - Time: 0.00 seconds
[2026-05-28 14:25:36,486][root][INFO] - {'coverage': '100.00', 'max_fitness': '0.00', 'passive_coverage': '80.27', 'passive_max_fitness': '0.00', 'passive_mean_fitness': '-61.03', 'passive_qd_score': '66084.25', 'qd_score': '110675.25', 'mean_fitness_top_k': '0.00'}
[2026-05-28 14:25:37,453][root][INFO] - Generation 391/400 - Time: 0.00 seconds
[2026-05-28 14:25:37,454][root][INFO] - {'coverage': '100.00', 'max_fitness': '0.00', 'passive_coverage': '80.27', 'passive_max_fitness': '0.00', 'passive_mean_fitness': '-61.03', 'passive_qd_score': '66084.25', 'qd_score': '112195.34', 'mean_fitness_top_k': '0.00'}
[2026-05-28 14:25:38,461][root][INFO] - Generation 392/400 - Time: 0.00 seconds
[2026-05-28 14:25:38,462][root][INFO] - {'coverage': '100.00', 'max_fitness': '0.00', 'passive_coverage': '80.27', 'passive_max_fitness': '0.00', 'passive_mean_fitness': '-61.03', 'passive_qd_score': '66085.50', 'qd_score': '114293.08', 'mean_fitness_top_k': '0.00'}
[2026-05-28 14:25:39,474][root][INFO] - Generation 393/400 - Time: 0.00 seconds
[2026-05-28 14:25:39,475][root][INFO] - {'coverage': '100.00', 'max_fitness': '0.00', 'passive_coverage': '80.27', 'passive_max_fitness': '0.00', 'passive_mean_fitness': '-61.02', 'passive_qd_score': '66085.95', 'qd_score': '117476.91', 'mean_fitness_top_k': '0.00'}
[2026-05-28 14:25:40,489][root][INFO] - Generation 394/400 - Time: 0.00 seconds
[2026-05-28 14:25:40,490][root][INFO] - {'coverage': '100.00', 'max_fitness': '0.00', 'passive_coverage': '80.27', 'passive_max_fitness': '0.00', 'passive_mean_fitness': '-61.02', 'passive_qd_score': '66085.95', 'qd_score': '121123.32', 'mean_fitness_top_k': '0.00'}
[2026-05-28 14:25:41,462][root][INFO] - Generation 395/400 - Time: 0.00 seconds
[2026-05-28 14:25:41,463][root][INFO] - {'coverage': '100.00', 'max_fitness': '0.00', 'passive_coverage': '80.27', 'passive_max_fitness': '0.00', 'passive_mean_fitness': '-61.02', 'passive_qd_score': '66086.51', 'qd_score': '123846.48', 'mean_fitness_top_k': '0.00'}
[2026-05-28 14:25:42,430][root][INFO] - Generation 396/400 - Time: 0.00 seconds
[2026-05-28 14:25:42,431][root][INFO] - {'coverage': '100.00', 'max_fitness': '0.00', 'passive_coverage': '80.27', 'passive_max_fitness': '0.00', 'passive_mean_fitness': '-61.02', 'passive_qd_score': '66086.51', 'qd_score': '127346.93', 'mean_fitness_top_k': '0.00'}
[2026-05-28 14:25:43,435][root][INFO] - Generation 397/400 - Time: 0.00 seconds
[2026-05-28 14:25:43,436][root][INFO] - {'coverage': '100.00', 'max_fitness': '0.00', 'passive_coverage': '80.27', 'passive_max_fitness': '0.00', 'passive_mean_fitness': '-61.02', 'passive_qd_score': '66086.51', 'qd_score': '131277.53', 'mean_fitness_top_k': '0.00'}
[2026-05-28 14:25:44,445][root][INFO] - Generation 398/400 - Time: 0.00 seconds
[2026-05-28 14:25:44,446][root][INFO] - {'coverage': '100.00', 'max_fitness': '0.00', 'passive_coverage': '80.27', 'passive_max_fitness': '0.00', 'passive_mean_fitness': '-61.02', 'passive_qd_score': '66086.51', 'qd_score': '135361.88', 'mean_fitness_top_k': '0.00'}
[2026-05-28 14:25:45,494][root][INFO] - Generation 399/400 - Time: 0.00 seconds
[2026-05-28 14:25:45,495][root][INFO] - {'coverage': '100.00', 'max_fitness': '0.00', 'passive_coverage': '80.27', 'passive_max_fitness': '0.00', 'passive_mean_fitness': '-61.02', 'passive_qd_score': '66086.51', 'qd_score': '140553.31', 'mean_fitness_top_k': '0.00'}
[2026-05-28 14:25:46,539][root][INFO] - Generation 400/400 - Time: 0.00 seconds
[2026-05-28 14:25:46,540][root][INFO] - {'coverage': '100.00', 'max_fitness': '0.00', 'passive_coverage': '80.27', 'passive_max_fitness': '0.00', 'passive_mean_fitness': '-61.02', 'passive_qd_score': '66086.51', 'qd_score': '144504.28', 'mean_fitness_top_k': '0.00'}
[2026-05-28 14:25:46,551][root][INFO] - Trigger signal log saved to runs/20260528_141105_kheperax_seed42
