[2026-05-30 10:01:39,367][root][INFO] - {'wandb': {'project': 'mt-map-elites', 'job_type': 'train', 'name': '${now:%Y_%m_%d_%H_%M_%S}', 'mode': 'offline', 'group': '${env.name}', 'tags': ['${name}', '${env.name}']}, 'env': {'name': 'kheperax', 'reward_type': 'final', 'speed_bonus_factor': 1.0, 'episode_length': 200, 'resolution': [64, 64], 'policy_hidden_layer_size': [5], 'map_name': 'standard', 'lasers_return_minus_one_if_out_of_range': False, 'std_noise_wheel_velocities': 0.0, 'std_noise_sensor_measures': 0.0, 'action_scale': 0.025, 'grid_shape': [40, 40], 'min_bd': 0, 'max_bd': 1, 'num_init_cvt_samples': 50000, 'num_centroids': 1024, 'task': {'bd_extractor': 'xy_pos', 'grid_shape': [40, 40], 'min_bd': 0, 'max_bd': 1, 'num_init_cvt_samples': 50000, 'num_centroids': 1024, 'num_descriptors': 2}, 'vmax': 0, 'vmin': -124, 'observation_extraction': {'subsample': True, 'sampling_freq': 4, 'observation_option': 'sensory_data', 'normalize_obs': True, 'max_obs_size': 25}}, 'name': 'aurora_baseline', 'seed': 42, 'backend': 'jax', 'batch_size': 512, 'num_iterations': 2000, 'num_total_steps': 2000000, 'metrics_log_period': 5, 'log_answer_set_geometry': True, 'save_archive_checkpoints': False, 'archive_checkpoint_interval': 100, 'me_repertoire': False, 'iso_sigma': 0.2, 'line_sigma': 0, 'reinit_params': False, 'reinit_opt': True, 'no_csc': False, 'no_training': False, 'csc_orig': False, 'repertoire': 'adaptive', 'max_size': 1024, 'target_size': 922, 'l_value_init': 0.2, 'prop_gain': 0.0001, 'default_update_base': 10, 'model_batch_size': 128, 'hidden_size': 10, 'features': 8, 'model_epoch_period': 200, 'learning_rate': 0.01, 'min_delta_early_stopping': 0.0005, 'loss_type': 'triplet', 'triplet_margin': 0.2, 'triplet_loss_weight': 1, 'margin_auto_adjust': True, 'extinction': False, 'extinction_freq': 10, 'remaining_prop': 0.05, 'post_extinction_snapshot_offset': 5, 'top_k_percent': 20, 'extinction_mode': 'fixed_generations', 'target_extinction_count': 13, 'safe_keep': {'enabled': True, 'mode': 'fitness_coverage', 'remaining_prop': 0.05, 'fitness_coverage': {'n_bins': 5, 'min_per_bin': 'auto', 'neighbor_dist': 0.15}}, 'fixed_generations': {'generations': [250, 750]}, 'adaptive_extinction': {'warmup': 50, 'patience': 10, 'alpha': 0.2, 'cooldown': 10, 'd_min_patience': 5, 'd_min_alpha': 0.2, 'd_min_warmup': 25, 'd_min_cooldown': 5, 'd_min_window': 10, 'fitness_window': 10, 'd_min_stagnation_threshold': 0.03, 'fitness_improvement_threshold': 0.05, 'high_d_min_threshold': 0.75, 'high_d_min_patience': 12, 'fitness_patience': 5, 'ramped_prop_min': 0.05, 'ramped_prop_max': 0.4}, 'env_params': {'kheperax': {'iso_sigma': 0.2, 'line_sigma': 0}, 'ant_maze': {'iso_sigma': 0.005, 'line_sigma': 0.05}, 'walker': {'iso_sigma': 0.005, 'line_sigma': 0.05}, 'half_cheetah': {'iso_sigma': 0.005, 'line_sigma': 0.05}}}
[2026-05-30 10:01:39,367][root][INFO] - Training
[2026-05-30 10:01:39,811][jax._src.xla_bridge][INFO] - Unable to initialize backend 'rocm': module 'jaxlib.xla_extension' has no attribute 'GpuAllocatorConfig'
[2026-05-30 10:01:39,811][jax._src.xla_bridge][INFO] - Unable to initialize backend 'tpu': INTERNAL: Failed to open libtpu.so: libtpu.so: cannot open shared object file: No such file or directory
[2026-05-30 10:01:40,544][root][INFO] - Policy params count (search space): 42
[2026-05-30 10:01:41,124][root][INFO] - AE params count: 1335
[2026-05-30 10:01:41,125][root][INFO] - Algorithm initialization
[2026-05-30 10:01:44,774][root][INFO] - Repertoire initialized in 3.65 seconds
[2026-05-30 10:01:46,305][root][INFO] - Epoch: 1, loss: 0.0000
[2026-05-30 10:01:46,379][root][INFO] - Epoch: 2, loss: 0.0000
[2026-05-30 10:01:46,455][root][INFO] - Epoch: 3, loss: 0.0000
[2026-05-30 10:01:46,523][root][INFO] - Epoch: 4, loss: 0.0000
[2026-05-30 10:01:46,590][root][INFO] - Epoch: 5, loss: 0.0000
[2026-05-30 10:01:46,655][root][INFO] - Epoch: 6, loss: 0.0000
[2026-05-30 10:01:46,720][root][INFO] - Epoch: 7, loss: 0.0000
[2026-05-30 10:01:46,787][root][INFO] - Epoch: 8, loss: 0.0000
[2026-05-30 10:01:46,855][root][INFO] - Epoch: 9, loss: 0.0000
[2026-05-30 10:01:46,928][root][INFO] - Epoch: 10, loss: 0.0000
[2026-05-30 10:01:46,993][root][INFO] - Epoch: 11, loss: 0.0000
[2026-05-30 10:01:47,063][root][INFO] - Epoch: 12, loss: 0.0000
[2026-05-30 10:01:47,064][root][INFO] - Early stopping at epoch: 11
[2026-05-30 10:01:47,277][root][INFO] - Saving initialization snapshot
[2026-05-30 10:01:48,780][root][INFO] - Trigger signal logger writing to /workspace/src/output/final_fixed_generations_seed42/runs/20260530_100147_kheperax_seed42
[2026-05-30 10:01:52,173][root][INFO] - Generation 1/400 - Time: 2.04 seconds
[2026-05-30 10:01:52,180][root][INFO] - {'coverage': '100.00', 'max_fitness': '-13.92', 'passive_coverage': '12.79', 'passive_max_fitness': '-13.92', 'passive_mean_fitness': '-65.04', 'passive_qd_score': '10005.88', 'qd_score': '71448.72', 'mean_fitness_top_k': '-54.27'}
[2026-05-30 10:01:53,393][root][INFO] - Updating AE...
[2026-05-30 10:01:54,262][root][INFO] - Epoch: 1, loss: 26630.0371
[2026-05-30 10:01:54,327][root][INFO] - Epoch: 2, loss: 4685.4321
[2026-05-30 10:01:54,395][root][INFO] - Epoch: 3, loss: 2525.5928
[2026-05-30 10:01:54,462][root][INFO] - Epoch: 4, loss: 1711.5476
[2026-05-30 10:01:54,531][root][INFO] - Epoch: 5, loss: 1286.8464
[2026-05-30 10:01:54,598][root][INFO] - Epoch: 6, loss: 1047.7678
[2026-05-30 10:01:54,664][root][INFO] - Epoch: 7, loss: 898.5569
[2026-05-30 10:01:54,732][root][INFO] - Epoch: 8, loss: 794.1195
[2026-05-30 10:01:54,798][root][INFO] - Epoch: 9, loss: 716.5665
[2026-05-30 10:01:54,867][root][INFO] - Epoch: 10, loss: 654.4066
[2026-05-30 10:01:54,934][root][INFO] - Epoch: 11, loss: 605.0677
[2026-05-30 10:01:55,002][root][INFO] - Epoch: 12, loss: 565.0265
[2026-05-30 10:01:55,069][root][INFO] - Epoch: 13, loss: 531.0679
[2026-05-30 10:01:55,136][root][INFO] - Epoch: 14, loss: 503.0179
[2026-05-30 10:01:55,204][root][INFO] - Epoch: 15, loss: 479.4050
[2026-05-30 10:01:55,273][root][INFO] - Epoch: 16, loss: 460.5945
[2026-05-30 10:01:55,343][root][INFO] - Epoch: 17, loss: 444.1812
[2026-05-30 10:01:55,413][root][INFO] - Epoch: 18, loss: 431.8326
[2026-05-30 10:01:55,480][root][INFO] - Epoch: 19, loss: 421.3078
[2026-05-30 10:01:55,548][root][INFO] - Epoch: 20, loss: 413.1817
[2026-05-30 10:01:55,616][root][INFO] - Epoch: 21, loss: 406.5666
[2026-05-30 10:01:55,684][root][INFO] - Epoch: 22, loss: 400.7188
[2026-05-30 10:01:55,752][root][INFO] - Epoch: 23, loss: 396.4332
[2026-05-30 10:01:55,821][root][INFO] - Epoch: 24, loss: 392.7226
[2026-05-30 10:01:55,890][root][INFO] - Epoch: 25, loss: 389.5753
[2026-05-30 10:01:55,957][root][INFO] - Epoch: 26, loss: 386.9880
[2026-05-30 10:01:56,025][root][INFO] - Epoch: 27, loss: 384.6078
[2026-05-30 10:01:56,094][root][INFO] - Epoch: 28, loss: 382.4303
[2026-05-30 10:01:56,163][root][INFO] - Epoch: 29, loss: 380.6612
[2026-05-30 10:01:56,230][root][INFO] - Epoch: 30, loss: 378.8605
[2026-05-30 10:01:56,299][root][INFO] - Epoch: 31, loss: 377.3529
[2026-05-30 10:01:56,368][root][INFO] - Epoch: 32, loss: 376.1685
[2026-05-30 10:01:56,435][root][INFO] - Epoch: 33, loss: 374.7230
[2026-05-30 10:01:56,503][root][INFO] - Epoch: 34, loss: 373.5971
[2026-05-30 10:01:56,569][root][INFO] - Epoch: 35, loss: 372.6340
[2026-05-30 10:01:56,638][root][INFO] - Epoch: 36, loss: 371.7494
[2026-05-30 10:01:56,706][root][INFO] - Epoch: 37, loss: 370.8682
[2026-05-30 10:01:56,774][root][INFO] - Epoch: 38, loss: 370.0199
[2026-05-30 10:01:56,842][root][INFO] - Epoch: 39, loss: 369.3920
[2026-05-30 10:01:56,909][root][INFO] - Epoch: 40, loss: 368.5036
[2026-05-30 10:01:56,978][root][INFO] - Epoch: 41, loss: 367.9385
[2026-05-30 10:01:57,046][root][INFO] - Epoch: 42, loss: 367.2879
[2026-05-30 10:01:57,115][root][INFO] - Epoch: 43, loss: 366.5863
[2026-05-30 10:01:57,183][root][INFO] - Epoch: 44, loss: 365.9912
[2026-05-30 10:01:57,251][root][INFO] - Epoch: 45, loss: 365.2855
[2026-05-30 10:01:57,319][root][INFO] - Epoch: 46, loss: 364.7963
[2026-05-30 10:01:57,387][root][INFO] - Epoch: 47, loss: 364.0680
[2026-05-30 10:01:57,456][root][INFO] - Epoch: 48, loss: 363.5235
[2026-05-30 10:01:57,525][root][INFO] - Epoch: 49, loss: 362.9161
[2026-05-30 10:01:57,594][root][INFO] - Epoch: 50, loss: 362.3240
[2026-05-30 10:01:57,662][root][INFO] - Epoch: 51, loss: 361.8446
[2026-05-30 10:01:57,730][root][INFO] - Epoch: 52, loss: 361.2506
[2026-05-30 10:01:57,799][root][INFO] - Epoch: 53, loss: 360.6867
[2026-05-30 10:01:57,868][root][INFO] - Epoch: 54, loss: 360.2802
[2026-05-30 10:01:57,936][root][INFO] - Epoch: 55, loss: 359.6881
[2026-05-30 10:01:58,005][root][INFO] - Epoch: 56, loss: 359.1281
[2026-05-30 10:01:58,072][root][INFO] - Epoch: 57, loss: 358.6084
[2026-05-30 10:01:58,140][root][INFO] - Epoch: 58, loss: 358.0517
[2026-05-30 10:01:58,209][root][INFO] - Epoch: 59, loss: 357.4243
[2026-05-30 10:01:58,278][root][INFO] - Epoch: 60, loss: 357.0314
[2026-05-30 10:01:58,347][root][INFO] - Epoch: 61, loss: 356.5363
[2026-05-30 10:01:58,414][root][INFO] - Epoch: 62, loss: 355.9137
[2026-05-30 10:01:58,482][root][INFO] - Epoch: 63, loss: 355.3841
[2026-05-30 10:01:58,550][root][INFO] - Epoch: 64, loss: 354.9100
[2026-05-30 10:01:58,617][root][INFO] - Epoch: 65, loss: 354.4069
[2026-05-30 10:01:58,686][root][INFO] - Epoch: 66, loss: 353.7866
[2026-05-30 10:01:58,753][root][INFO] - Epoch: 67, loss: 353.3896
[2026-05-30 10:01:58,821][root][INFO] - Epoch: 68, loss: 352.9774
[2026-05-30 10:01:58,890][root][INFO] - Epoch: 69, loss: 352.3719
[2026-05-30 10:01:58,959][root][INFO] - Epoch: 70, loss: 351.8492
[2026-05-30 10:01:59,030][root][INFO] - Epoch: 71, loss: 351.7412
[2026-05-30 10:01:59,098][root][INFO] - Epoch: 72, loss: 350.8717
[2026-05-30 10:01:59,167][root][INFO] - Epoch: 73, loss: 350.3304
[2026-05-30 10:01:59,236][root][INFO] - Epoch: 74, loss: 349.8574
[2026-05-30 10:01:59,304][root][INFO] - Epoch: 75, loss: 349.4604
[2026-05-30 10:01:59,373][root][INFO] - Epoch: 76, loss: 349.0581
[2026-05-30 10:01:59,442][root][INFO] - Epoch: 77, loss: 348.5472
[2026-05-30 10:01:59,511][root][INFO] - Epoch: 78, loss: 347.9837
[2026-05-30 10:01:59,580][root][INFO] - Epoch: 79, loss: 347.7945
[2026-05-30 10:01:59,649][root][INFO] - Epoch: 80, loss: 347.0394
[2026-05-30 10:01:59,717][root][INFO] - Epoch: 81, loss: 346.6815
[2026-05-30 10:01:59,787][root][INFO] - Epoch: 82, loss: 346.0203
[2026-05-30 10:01:59,855][root][INFO] - Epoch: 83, loss: 345.6427
[2026-05-30 10:01:59,924][root][INFO] - Epoch: 84, loss: 345.2398
[2026-05-30 10:01:59,992][root][INFO] - Epoch: 85, loss: 344.5627
[2026-05-30 10:02:00,060][root][INFO] - Epoch: 86, loss: 344.0212
[2026-05-30 10:02:00,129][root][INFO] - Epoch: 87, loss: 343.5146
[2026-05-30 10:02:00,198][root][INFO] - Epoch: 88, loss: 343.3655
[2026-05-30 10:02:00,267][root][INFO] - Epoch: 89, loss: 342.5128
[2026-05-30 10:02:00,335][root][INFO] - Epoch: 90, loss: 342.1375
[2026-05-30 10:02:00,404][root][INFO] - Epoch: 91, loss: 341.8713
[2026-05-30 10:02:00,472][root][INFO] - Epoch: 92, loss: 341.2214
[2026-05-30 10:02:00,539][root][INFO] - Epoch: 93, loss: 340.6784
[2026-05-30 10:02:00,608][root][INFO] - Epoch: 94, loss: 340.2198
[2026-05-30 10:02:00,676][root][INFO] - Epoch: 95, loss: 339.8784
[2026-05-30 10:02:00,745][root][INFO] - Epoch: 96, loss: 339.4981
[2026-05-30 10:02:00,813][root][INFO] - Epoch: 97, loss: 339.0052
[2026-05-30 10:02:00,881][root][INFO] - Epoch: 98, loss: 338.7081
[2026-05-30 10:02:00,949][root][INFO] - Epoch: 99, loss: 338.0117
[2026-05-30 10:02:01,018][root][INFO] - Epoch: 100, loss: 337.7535
[2026-05-30 10:02:01,087][root][INFO] - Epoch: 101, loss: 337.8630
[2026-05-30 10:02:01,156][root][INFO] - Epoch: 102, loss: 336.6433
[2026-05-30 10:02:01,225][root][INFO] - Epoch: 103, loss: 336.2836
[2026-05-30 10:02:01,293][root][INFO] - Epoch: 104, loss: 336.1854
[2026-05-30 10:02:01,361][root][INFO] - Epoch: 105, loss: 335.1750
[2026-05-30 10:02:01,429][root][INFO] - Epoch: 106, loss: 335.1406
[2026-05-30 10:02:01,498][root][INFO] - Epoch: 107, loss: 334.6410
[2026-05-30 10:02:01,566][root][INFO] - Epoch: 108, loss: 334.0176
[2026-05-30 10:02:01,635][root][INFO] - Epoch: 109, loss: 333.3058
[2026-05-30 10:02:01,703][root][INFO] - Epoch: 110, loss: 332.8703
[2026-05-30 10:02:01,771][root][INFO] - Epoch: 111, loss: 332.6749
[2026-05-30 10:02:01,838][root][INFO] - Epoch: 112, loss: 333.2767
[2026-05-30 10:02:01,906][root][INFO] - Epoch: 113, loss: 332.0153
[2026-05-30 10:02:01,974][root][INFO] - Epoch: 114, loss: 331.3661
[2026-05-30 10:02:02,042][root][INFO] - Epoch: 115, loss: 331.4716
[2026-05-30 10:02:02,108][root][INFO] - Epoch: 116, loss: 330.6508
[2026-05-30 10:02:02,175][root][INFO] - Epoch: 117, loss: 329.6006
[2026-05-30 10:02:02,244][root][INFO] - Epoch: 118, loss: 329.6523
[2026-05-30 10:02:02,313][root][INFO] - Epoch: 119, loss: 329.3126
[2026-05-30 10:02:02,381][root][INFO] - Epoch: 120, loss: 328.5952
[2026-05-30 10:02:02,449][root][INFO] - Epoch: 121, loss: 327.9646
[2026-05-30 10:02:02,518][root][INFO] - Epoch: 122, loss: 327.6510
[2026-05-30 10:02:02,586][root][INFO] - Epoch: 123, loss: 327.6101
[2026-05-30 10:02:02,655][root][INFO] - Epoch: 124, loss: 326.2907
[2026-05-30 10:02:02,724][root][INFO] - Epoch: 125, loss: 326.1008
[2026-05-30 10:02:02,795][root][INFO] - Epoch: 126, loss: 325.5176
[2026-05-30 10:02:02,866][root][INFO] - Epoch: 127, loss: 325.0066
[2026-05-30 10:02:02,933][root][INFO] - Epoch: 128, loss: 325.5170
[2026-05-30 10:02:03,005][root][INFO] - Epoch: 129, loss: 325.5458
[2026-05-30 10:02:03,074][root][INFO] - Epoch: 130, loss: 324.8222
[2026-05-30 10:02:03,142][root][INFO] - Epoch: 131, loss: 323.3337
[2026-05-30 10:02:03,209][root][INFO] - Epoch: 132, loss: 324.1441
[2026-05-30 10:02:03,279][root][INFO] - Epoch: 133, loss: 323.1098
[2026-05-30 10:02:03,348][root][INFO] - Epoch: 134, loss: 321.6182
[2026-05-30 10:02:03,427][root][INFO] - Epoch: 135, loss: 322.4749
[2026-05-30 10:02:03,495][root][INFO] - Epoch: 136, loss: 320.4900
[2026-05-30 10:02:03,563][root][INFO] - Epoch: 137, loss: 320.4926
[2026-05-30 10:02:03,631][root][INFO] - Epoch: 138, loss: 319.9473
[2026-05-30 10:02:03,697][root][INFO] - Epoch: 139, loss: 319.6951
[2026-05-30 10:02:03,765][root][INFO] - Epoch: 140, loss: 318.7680
[2026-05-30 10:02:03,833][root][INFO] - Epoch: 141, loss: 319.8389
[2026-05-30 10:02:03,900][root][INFO] - Epoch: 142, loss: 319.5983
[2026-05-30 10:02:03,969][root][INFO] - Epoch: 143, loss: 319.1144
[2026-05-30 10:02:04,038][root][INFO] - Epoch: 144, loss: 317.5744
[2026-05-30 10:02:04,105][root][INFO] - Epoch: 145, loss: 314.5667
[2026-05-30 10:02:04,171][root][INFO] - Epoch: 146, loss: 315.1961
[2026-05-30 10:02:04,239][root][INFO] - Epoch: 147, loss: 314.7953
[2026-05-30 10:02:04,307][root][INFO] - Epoch: 148, loss: 312.0633
[2026-05-30 10:02:04,374][root][INFO] - Epoch: 149, loss: 312.3313
[2026-05-30 10:02:04,445][root][INFO] - Epoch: 150, loss: 311.4003
[2026-05-30 10:02:04,514][root][INFO] - Epoch: 151, loss: 309.9256
[2026-05-30 10:02:04,582][root][INFO] - Epoch: 152, loss: 309.9149
[2026-05-30 10:02:04,652][root][INFO] - Epoch: 153, loss: 310.9178
[2026-05-30 10:02:04,720][root][INFO] - Epoch: 154, loss: 308.1689
[2026-05-30 10:02:04,789][root][INFO] - Epoch: 155, loss: 308.9143
[2026-05-30 10:02:04,858][root][INFO] - Epoch: 156, loss: 307.7322
[2026-05-30 10:02:04,927][root][INFO] - Epoch: 157, loss: 308.9578
[2026-05-30 10:02:04,997][root][INFO] - Epoch: 158, loss: 315.2515
[2026-05-30 10:02:05,065][root][INFO] - Epoch: 159, loss: 305.7608
[2026-05-30 10:02:05,135][root][INFO] - Epoch: 160, loss: 304.8392
[2026-05-30 10:02:05,204][root][INFO] - Epoch: 161, loss: 303.6208
[2026-05-30 10:02:05,273][root][INFO] - Epoch: 162, loss: 303.7724
[2026-05-30 10:02:05,343][root][INFO] - Epoch: 163, loss: 303.8633
[2026-05-30 10:02:05,411][root][INFO] - Epoch: 164, loss: 301.4059
[2026-05-30 10:02:05,480][root][INFO] - Epoch: 165, loss: 302.1119
[2026-05-30 10:02:05,550][root][INFO] - Epoch: 166, loss: 302.6013
[2026-05-30 10:02:05,620][root][INFO] - Epoch: 167, loss: 302.2531
[2026-05-30 10:02:05,689][root][INFO] - Epoch: 168, loss: 301.7400
[2026-05-30 10:02:05,758][root][INFO] - Epoch: 169, loss: 298.9547
[2026-05-30 10:02:05,828][root][INFO] - Epoch: 170, loss: 304.6814
[2026-05-30 10:02:05,897][root][INFO] - Epoch: 171, loss: 303.3273
[2026-05-30 10:02:05,967][root][INFO] - Epoch: 172, loss: 298.5471
[2026-05-30 10:02:06,037][root][INFO] - Epoch: 173, loss: 301.2695
[2026-05-30 10:02:06,106][root][INFO] - Epoch: 174, loss: 299.6325
[2026-05-30 10:02:06,174][root][INFO] - Epoch: 175, loss: 297.3824
[2026-05-30 10:02:06,244][root][INFO] - Epoch: 176, loss: 297.9774
[2026-05-30 10:02:06,312][root][INFO] - Epoch: 177, loss: 295.6038
[2026-05-30 10:02:06,382][root][INFO] - Epoch: 178, loss: 300.4889
[2026-05-30 10:02:06,450][root][INFO] - Epoch: 179, loss: 296.1477
[2026-05-30 10:02:06,520][root][INFO] - Epoch: 180, loss: 295.8228
[2026-05-30 10:02:06,589][root][INFO] - Epoch: 181, loss: 296.6567
[2026-05-30 10:02:06,658][root][INFO] - Epoch: 182, loss: 293.9661
[2026-05-30 10:02:06,727][root][INFO] - Epoch: 183, loss: 294.0666
[2026-05-30 10:02:06,796][root][INFO] - Epoch: 184, loss: 292.9278
[2026-05-30 10:02:06,866][root][INFO] - Epoch: 185, loss: 292.3781
[2026-05-30 10:02:06,936][root][INFO] - Epoch: 186, loss: 293.3654
[2026-05-30 10:02:07,004][root][INFO] - Epoch: 187, loss: 294.5334
[2026-05-30 10:02:07,073][root][INFO] - Epoch: 188, loss: 294.1352
[2026-05-30 10:02:07,143][root][INFO] - Epoch: 189, loss: 295.4490
[2026-05-30 10:02:07,212][root][INFO] - Epoch: 190, loss: 290.7505
[2026-05-30 10:02:07,283][root][INFO] - Epoch: 191, loss: 294.1895
[2026-05-30 10:02:07,353][root][INFO] - Epoch: 192, loss: 290.5027
[2026-05-30 10:02:07,423][root][INFO] - Epoch: 193, loss: 295.8509
[2026-05-30 10:02:07,492][root][INFO] - Epoch: 194, loss: 296.7491
[2026-05-30 10:02:07,562][root][INFO] - Epoch: 195, loss: 309.9810
[2026-05-30 10:02:07,631][root][INFO] - Epoch: 196, loss: 299.9437
[2026-05-30 10:02:07,699][root][INFO] - Epoch: 197, loss: 296.2330
[2026-05-30 10:02:07,769][root][INFO] - Epoch: 198, loss: 300.9421
[2026-05-30 10:02:07,838][root][INFO] - Epoch: 199, loss: 301.5980
[2026-05-30 10:02:07,906][root][INFO] - Epoch: 200, loss: 294.5487
[2026-05-30 10:02:07,963][root][INFO] - {'model_loss': '294.5487', 'recon_loss': '0.0000', 'triplet_loss': '294.5487'}
[2026-05-30 10:02:07,967][root][INFO] - Updating AE...
[2026-05-30 10:02:08,710][root][INFO] - Epoch: 1, loss: 48.7198
[2026-05-30 10:02:08,777][root][INFO] - Epoch: 2, loss: 11.8322
[2026-05-30 10:02:08,845][root][INFO] - Epoch: 3, loss: 4.9774
[2026-05-30 10:02:08,913][root][INFO] - Epoch: 4, loss: 2.7195
[2026-05-30 10:02:08,980][root][INFO] - Epoch: 5, loss: 1.8066
[2026-05-30 10:02:09,079][root][INFO] - Epoch: 6, loss: 1.3353
[2026-05-30 10:02:09,153][root][INFO] - Epoch: 7, loss: 1.0949
[2026-05-30 10:02:09,224][root][INFO] - Epoch: 8, loss: 0.9318
[2026-05-30 10:02:09,293][root][INFO] - Epoch: 9, loss: 0.8185
[2026-05-30 10:02:09,363][root][INFO] - Epoch: 10, loss: 0.7424
[2026-05-30 10:02:09,434][root][INFO] - Epoch: 11, loss: 0.6809
[2026-05-30 10:02:09,508][root][INFO] - Epoch: 12, loss: 0.6192
[2026-05-30 10:02:09,579][root][INFO] - Epoch: 13, loss: 0.5823
[2026-05-30 10:02:09,650][root][INFO] - Epoch: 14, loss: 0.5449
[2026-05-30 10:02:09,721][root][INFO] - Epoch: 15, loss: 0.5033
[2026-05-30 10:02:09,790][root][INFO] - Epoch: 16, loss: 0.4789
[2026-05-30 10:02:09,858][root][INFO] - Epoch: 17, loss: 0.4418
[2026-05-30 10:02:09,929][root][INFO] - Epoch: 18, loss: 0.4164
[2026-05-30 10:02:09,999][root][INFO] - Epoch: 19, loss: 0.3926
[2026-05-30 10:02:10,071][root][INFO] - Epoch: 20, loss: 0.3775
[2026-05-30 10:02:10,141][root][INFO] - Epoch: 21, loss: 0.3542
[2026-05-30 10:02:10,209][root][INFO] - Epoch: 22, loss: 0.3409
[2026-05-30 10:02:10,279][root][INFO] - Epoch: 23, loss: 0.3227
[2026-05-30 10:02:10,351][root][INFO] - Epoch: 24, loss: 0.3114
[2026-05-30 10:02:10,419][root][INFO] - Epoch: 25, loss: 0.2978
[2026-05-30 10:02:10,487][root][INFO] - Epoch: 26, loss: 0.2880
[2026-05-30 10:02:10,556][root][INFO] - Epoch: 27, loss: 0.2751
[2026-05-30 10:02:10,626][root][INFO] - Epoch: 28, loss: 0.2676
[2026-05-30 10:02:10,694][root][INFO] - Epoch: 29, loss: 0.2591
[2026-05-30 10:02:10,764][root][INFO] - Epoch: 30, loss: 0.2497
[2026-05-30 10:02:10,834][root][INFO] - Epoch: 31, loss: 0.2434
[2026-05-30 10:02:10,905][root][INFO] - Epoch: 32, loss: 0.2383
[2026-05-30 10:02:10,976][root][INFO] - Epoch: 33, loss: 0.2293
[2026-05-30 10:02:11,045][root][INFO] - Epoch: 34, loss: 0.2243
[2026-05-30 10:02:11,112][root][INFO] - Epoch: 35, loss: 0.2186
[2026-05-30 10:02:11,182][root][INFO] - Epoch: 36, loss: 0.2142
[2026-05-30 10:02:11,253][root][INFO] - Epoch: 37, loss: 0.2101
[2026-05-30 10:02:11,324][root][INFO] - Epoch: 38, loss: 0.2056
[2026-05-30 10:02:11,394][root][INFO] - Epoch: 39, loss: 0.2013
[2026-05-30 10:02:11,462][root][INFO] - Epoch: 40, loss: 0.1972
[2026-05-30 10:02:11,530][root][INFO] - Epoch: 41, loss: 0.1942
[2026-05-30 10:02:11,600][root][INFO] - Epoch: 42, loss: 0.1904
[2026-05-30 10:02:11,671][root][INFO] - Epoch: 43, loss: 0.1878
[2026-05-30 10:02:11,742][root][INFO] - Epoch: 44, loss: 0.1841
[2026-05-30 10:02:11,811][root][INFO] - Epoch: 45, loss: 0.1818
[2026-05-30 10:02:11,879][root][INFO] - Epoch: 46, loss: 0.1792
[2026-05-30 10:02:11,947][root][INFO] - Epoch: 47, loss: 0.1770
[2026-05-30 10:02:12,015][root][INFO] - Epoch: 48, loss: 0.1748
[2026-05-30 10:02:12,083][root][INFO] - Epoch: 49, loss: 0.1719
[2026-05-30 10:02:12,153][root][INFO] - Epoch: 50, loss: 0.1704
[2026-05-30 10:02:12,223][root][INFO] - Epoch: 51, loss: 0.1692
[2026-05-30 10:02:12,290][root][INFO] - Epoch: 52, loss: 0.1678
[2026-05-30 10:02:12,359][root][INFO] - Epoch: 53, loss: 0.1656
[2026-05-30 10:02:12,428][root][INFO] - Epoch: 54, loss: 0.1637
[2026-05-30 10:02:12,499][root][INFO] - Epoch: 55, loss: 0.1618
[2026-05-30 10:02:12,569][root][INFO] - Epoch: 56, loss: 0.1604
[2026-05-30 10:02:12,639][root][INFO] - Epoch: 57, loss: 0.1590
[2026-05-30 10:02:12,709][root][INFO] - Epoch: 58, loss: 0.1576
[2026-05-30 10:02:12,779][root][INFO] - Epoch: 59, loss: 0.1567
[2026-05-30 10:02:12,849][root][INFO] - Epoch: 60, loss: 0.1550
[2026-05-30 10:02:12,918][root][INFO] - Epoch: 61, loss: 0.1549
[2026-05-30 10:02:12,992][root][INFO] - Epoch: 62, loss: 0.1532
[2026-05-30 10:02:13,062][root][INFO] - Epoch: 63, loss: 0.1524
[2026-05-30 10:02:13,131][root][INFO] - Epoch: 64, loss: 0.1518
[2026-05-30 10:02:13,200][root][INFO] - Epoch: 65, loss: 0.1509
[2026-05-30 10:02:13,270][root][INFO] - Epoch: 66, loss: 0.1495
[2026-05-30 10:02:13,340][root][INFO] - Epoch: 67, loss: 0.1489
[2026-05-30 10:02:13,410][root][INFO] - Epoch: 68, loss: 0.1482
[2026-05-30 10:02:13,479][root][INFO] - Epoch: 69, loss: 0.1474
[2026-05-30 10:02:13,549][root][INFO] - Epoch: 70, loss: 0.1466
[2026-05-30 10:02:13,619][root][INFO] - Epoch: 71, loss: 0.1461
[2026-05-30 10:02:13,690][root][INFO] - Epoch: 72, loss: 0.1453
[2026-05-30 10:02:13,760][root][INFO] - Epoch: 73, loss: 0.1448
[2026-05-30 10:02:13,829][root][INFO] - Epoch: 74, loss: 0.1440
[2026-05-30 10:02:13,898][root][INFO] - Epoch: 75, loss: 0.1436
[2026-05-30 10:02:13,968][root][INFO] - Epoch: 76, loss: 0.1431
[2026-05-30 10:02:14,038][root][INFO] - Epoch: 77, loss: 0.1424
[2026-05-30 10:02:14,137][root][INFO] - Epoch: 78, loss: 0.1421
[2026-05-30 10:02:14,209][root][INFO] - Epoch: 79, loss: 0.1417
[2026-05-30 10:02:14,284][root][INFO] - Epoch: 80, loss: 0.1416
[2026-05-30 10:02:14,358][root][INFO] - Epoch: 81, loss: 0.1406
[2026-05-30 10:02:14,432][root][INFO] - Epoch: 82, loss: 0.1407
[2026-05-30 10:02:14,506][root][INFO] - Epoch: 83, loss: 0.1398
[2026-05-30 10:02:14,580][root][INFO] - Epoch: 84, loss: 0.1395
[2026-05-30 10:02:14,653][root][INFO] - Epoch: 85, loss: 0.1393
[2026-05-30 10:02:14,726][root][INFO] - Epoch: 86, loss: 0.1389
[2026-05-30 10:02:14,799][root][INFO] - Epoch: 87, loss: 0.1384
[2026-05-30 10:02:14,872][root][INFO] - Epoch: 88, loss: 0.1384
[2026-05-30 10:02:14,945][root][INFO] - Epoch: 89, loss: 0.1378
[2026-05-30 10:02:15,019][root][INFO] - Epoch: 90, loss: 0.1380
[2026-05-30 10:02:15,092][root][INFO] - Epoch: 91, loss: 0.1375
[2026-05-30 10:02:15,164][root][INFO] - Epoch: 92, loss: 0.1374
[2026-05-30 10:02:15,237][root][INFO] - Epoch: 93, loss: 0.1371
[2026-05-30 10:02:15,311][root][INFO] - Epoch: 94, loss: 0.1370
[2026-05-30 10:02:15,382][root][INFO] - Epoch: 95, loss: 0.1364
[2026-05-30 10:02:15,455][root][INFO] - Epoch: 96, loss: 0.1364
[2026-05-30 10:02:15,529][root][INFO] - Epoch: 97, loss: 0.1375
[2026-05-30 10:02:15,602][root][INFO] - Epoch: 98, loss: 0.1356
[2026-05-30 10:02:15,676][root][INFO] - Epoch: 99, loss: 0.1353
[2026-05-30 10:02:15,748][root][INFO] - Epoch: 100, loss: 0.1360
[2026-05-30 10:02:15,821][root][INFO] - Epoch: 101, loss: 0.1347
[2026-05-30 10:02:15,895][root][INFO] - Epoch: 102, loss: 0.1349
[2026-05-30 10:02:15,968][root][INFO] - Epoch: 103, loss: 0.1345
[2026-05-30 10:02:16,040][root][INFO] - Epoch: 104, loss: 0.1344
[2026-05-30 10:02:16,114][root][INFO] - Epoch: 105, loss: 0.1344
[2026-05-30 10:02:16,186][root][INFO] - Epoch: 106, loss: 0.1345
[2026-05-30 10:02:16,260][root][INFO] - Epoch: 107, loss: 0.1341
[2026-05-30 10:02:16,332][root][INFO] - Epoch: 108, loss: 0.1348
[2026-05-30 10:02:16,405][root][INFO] - Epoch: 109, loss: 0.1336
[2026-05-30 10:02:16,479][root][INFO] - Epoch: 110, loss: 0.1339
[2026-05-30 10:02:16,553][root][INFO] - Epoch: 111, loss: 0.1334
[2026-05-30 10:02:16,626][root][INFO] - Epoch: 112, loss: 0.1331
[2026-05-30 10:02:16,699][root][INFO] - Epoch: 113, loss: 0.1329
[2026-05-30 10:02:16,772][root][INFO] - Epoch: 114, loss: 0.1329
[2026-05-30 10:02:16,845][root][INFO] - Epoch: 115, loss: 0.1326
[2026-05-30 10:02:16,918][root][INFO] - Epoch: 116, loss: 0.1324
[2026-05-30 10:02:16,990][root][INFO] - Epoch: 117, loss: 0.1324
[2026-05-30 10:02:17,063][root][INFO] - Epoch: 118, loss: 0.1332
[2026-05-30 10:02:17,135][root][INFO] - Epoch: 119, loss: 0.1330
[2026-05-30 10:02:17,207][root][INFO] - Epoch: 120, loss: 0.1327
[2026-05-30 10:02:17,280][root][INFO] - Epoch: 121, loss: 0.1324
[2026-05-30 10:02:17,353][root][INFO] - Epoch: 122, loss: 0.1320
[2026-05-30 10:02:17,426][root][INFO] - Epoch: 123, loss: 0.1317
[2026-05-30 10:02:17,498][root][INFO] - Epoch: 124, loss: 0.1315
[2026-05-30 10:02:17,572][root][INFO] - Epoch: 125, loss: 0.1316
[2026-05-30 10:02:17,645][root][INFO] - Epoch: 126, loss: 0.1314
[2026-05-30 10:02:17,718][root][INFO] - Epoch: 127, loss: 0.1312
[2026-05-30 10:02:17,792][root][INFO] - Epoch: 128, loss: 0.1310
[2026-05-30 10:02:17,866][root][INFO] - Epoch: 129, loss: 0.1313
[2026-05-30 10:02:17,939][root][INFO] - Epoch: 130, loss: 0.1310
[2026-05-30 10:02:18,012][root][INFO] - Epoch: 131, loss: 0.1308
[2026-05-30 10:02:18,084][root][INFO] - Epoch: 132, loss: 0.1307
[2026-05-30 10:02:18,154][root][INFO] - Epoch: 133, loss: 0.1306
[2026-05-30 10:02:18,223][root][INFO] - Epoch: 134, loss: 0.1305
[2026-05-30 10:02:18,291][root][INFO] - Epoch: 135, loss: 0.1304
[2026-05-30 10:02:18,361][root][INFO] - Epoch: 136, loss: 0.1302
[2026-05-30 10:02:18,431][root][INFO] - Epoch: 137, loss: 0.1304
[2026-05-30 10:02:18,501][root][INFO] - Epoch: 138, loss: 0.1302
[2026-05-30 10:02:18,571][root][INFO] - Epoch: 139, loss: 0.1299
[2026-05-30 10:02:18,642][root][INFO] - Epoch: 140, loss: 0.1298
[2026-05-30 10:02:18,716][root][INFO] - Epoch: 141, loss: 0.1305
[2026-05-30 10:02:18,794][root][INFO] - Epoch: 142, loss: 0.1304
[2026-05-30 10:02:18,865][root][INFO] - Epoch: 143, loss: 0.1296
[2026-05-30 10:02:18,936][root][INFO] - Epoch: 144, loss: 0.1297
[2026-05-30 10:02:19,005][root][INFO] - Epoch: 145, loss: 0.1294
[2026-05-30 10:02:19,075][root][INFO] - Epoch: 146, loss: 0.1294
[2026-05-30 10:02:19,144][root][INFO] - Epoch: 147, loss: 0.1292
[2026-05-30 10:02:19,214][root][INFO] - Epoch: 148, loss: 0.1297
[2026-05-30 10:02:19,284][root][INFO] - Epoch: 149, loss: 0.1309
[2026-05-30 10:02:19,355][root][INFO] - Epoch: 150, loss: 0.1301
[2026-05-30 10:02:19,425][root][INFO] - Epoch: 151, loss: 0.1296
[2026-05-30 10:02:19,494][root][INFO] - Epoch: 152, loss: 0.1288
[2026-05-30 10:02:19,563][root][INFO] - Epoch: 153, loss: 0.1290
[2026-05-30 10:02:19,631][root][INFO] - Epoch: 154, loss: 0.1287
[2026-05-30 10:02:19,701][root][INFO] - Epoch: 155, loss: 0.1284
[2026-05-30 10:02:19,772][root][INFO] - Epoch: 156, loss: 0.1284
[2026-05-30 10:02:19,842][root][INFO] - Epoch: 157, loss: 0.1282
[2026-05-30 10:02:19,911][root][INFO] - Epoch: 158, loss: 0.1281
[2026-05-30 10:02:19,982][root][INFO] - Epoch: 159, loss: 0.1286
[2026-05-30 10:02:20,053][root][INFO] - Epoch: 160, loss: 0.1281
[2026-05-30 10:02:20,123][root][INFO] - Epoch: 161, loss: 0.1285
[2026-05-30 10:02:20,195][root][INFO] - Epoch: 162, loss: 0.1285
[2026-05-30 10:02:20,264][root][INFO] - Epoch: 163, loss: 0.1282
[2026-05-30 10:02:20,335][root][INFO] - Epoch: 164, loss: 0.1285
[2026-05-30 10:02:20,405][root][INFO] - Epoch: 165, loss: 0.1282
[2026-05-30 10:02:20,475][root][INFO] - Epoch: 166, loss: 0.1278
[2026-05-30 10:02:20,546][root][INFO] - Epoch: 167, loss: 0.1282
[2026-05-30 10:02:20,616][root][INFO] - Epoch: 168, loss: 0.1277
[2026-05-30 10:02:20,617][root][INFO] - Early stopping at epoch: 167
[2026-05-30 10:02:20,657][root][INFO] - {'model_loss': '0.1277', 'recon_loss': '0.0000', 'triplet_loss': '0.1277'}
[2026-05-30 10:02:20,661][root][INFO] - Generation 2/400 - Time: 0.00 seconds
[2026-05-30 10:02:20,662][root][INFO] - {'coverage': '100.00', 'max_fitness': '-13.27', 'passive_coverage': '15.14', 'passive_max_fitness': '-13.27', 'passive_mean_fitness': '-62.02', 'passive_qd_score': '12306.80', 'qd_score': '75928.33', 'mean_fitness_top_k': '-42.66'}
[2026-05-30 10:02:21,648][root][INFO] - Generation 3/400 - Time: 0.00 seconds
[2026-05-30 10:02:21,648][root][INFO] - {'coverage': '100.00', 'max_fitness': '-13.18', 'passive_coverage': '16.50', 'passive_max_fitness': '-13.18', 'passive_mean_fitness': '-60.78', 'passive_qd_score': '13627.57', 'qd_score': '73613.70', 'mean_fitness_top_k': '-45.87'}
[2026-05-30 10:02:22,665][root][INFO] - Generation 4/400 - Time: 0.00 seconds
[2026-05-30 10:02:22,666][root][INFO] - {'coverage': '100.00', 'max_fitness': '-13.18', 'passive_coverage': '17.68', 'passive_max_fitness': '-13.18', 'passive_mean_fitness': '-60.72', 'passive_qd_score': '14606.87', 'qd_score': '74109.27', 'mean_fitness_top_k': '-43.36'}
[2026-05-30 10:02:23,657][root][INFO] - Generation 5/400 - Time: 0.00 seconds
[2026-05-30 10:02:23,658][root][INFO] - {'coverage': '100.00', 'max_fitness': '-12.89', 'passive_coverage': '18.55', 'passive_max_fitness': '-12.89', 'passive_mean_fitness': '-60.63', 'passive_qd_score': '15350.86', 'qd_score': '74931.53', 'mean_fitness_top_k': '-42.39'}
[2026-05-30 10:02:24,681][root][INFO] - Updating AE...
[2026-05-30 10:02:25,439][root][INFO] - Epoch: 1, loss: 36.4783
[2026-05-30 10:02:25,508][root][INFO] - Epoch: 2, loss: 33.9804
[2026-05-30 10:02:25,578][root][INFO] - Epoch: 3, loss: 33.2392
[2026-05-30 10:02:25,647][root][INFO] - Epoch: 4, loss: 32.1733
[2026-05-30 10:02:25,717][root][INFO] - Epoch: 5, loss: 31.4404
[2026-05-30 10:02:25,786][root][INFO] - Epoch: 6, loss: 31.0976
[2026-05-30 10:02:25,856][root][INFO] - Epoch: 7, loss: 30.1887
[2026-05-30 10:02:25,927][root][INFO] - Epoch: 8, loss: 29.3123
[2026-05-30 10:02:25,998][root][INFO] - Epoch: 9, loss: 29.3046
[2026-05-30 10:02:26,068][root][INFO] - Epoch: 10, loss: 29.8297
[2026-05-30 10:02:26,139][root][INFO] - Epoch: 11, loss: 28.1144
[2026-05-30 10:02:26,210][root][INFO] - Epoch: 12, loss: 28.2886
[2026-05-30 10:02:26,281][root][INFO] - Epoch: 13, loss: 28.3753
[2026-05-30 10:02:26,352][root][INFO] - Epoch: 14, loss: 28.1007
[2026-05-30 10:02:26,424][root][INFO] - Epoch: 15, loss: 27.4029
[2026-05-30 10:02:26,497][root][INFO] - Epoch: 16, loss: 27.2740
[2026-05-30 10:02:26,568][root][INFO] - Epoch: 17, loss: 27.1514
[2026-05-30 10:02:26,639][root][INFO] - Epoch: 18, loss: 27.1017
[2026-05-30 10:02:26,709][root][INFO] - Epoch: 19, loss: 26.5670
[2026-05-30 10:02:26,779][root][INFO] - Epoch: 20, loss: 26.1770
[2026-05-30 10:02:26,869][root][INFO] - Epoch: 21, loss: 26.1173
[2026-05-30 10:02:26,945][root][INFO] - Epoch: 22, loss: 26.1780
[2026-05-30 10:02:27,016][root][INFO] - Epoch: 23, loss: 26.3338
[2026-05-30 10:02:27,086][root][INFO] - Epoch: 24, loss: 25.2159
[2026-05-30 10:02:27,157][root][INFO] - Epoch: 25, loss: 25.6960
[2026-05-30 10:02:27,228][root][INFO] - Epoch: 26, loss: 25.6598
[2026-05-30 10:02:27,299][root][INFO] - Epoch: 27, loss: 25.9242
[2026-05-30 10:02:27,369][root][INFO] - Epoch: 28, loss: 26.3208
[2026-05-30 10:02:27,440][root][INFO] - Epoch: 29, loss: 25.6162
[2026-05-30 10:02:27,510][root][INFO] - Epoch: 30, loss: 25.0789
[2026-05-30 10:02:27,581][root][INFO] - Epoch: 31, loss: 24.6426
[2026-05-30 10:02:27,652][root][INFO] - Epoch: 32, loss: 23.7478
[2026-05-30 10:02:27,722][root][INFO] - Epoch: 33, loss: 24.1630
[2026-05-30 10:02:27,793][root][INFO] - Epoch: 34, loss: 24.6284
[2026-05-30 10:02:27,863][root][INFO] - Epoch: 35, loss: 23.5004
[2026-05-30 10:02:27,934][root][INFO] - Epoch: 36, loss: 23.0741
[2026-05-30 10:02:28,005][root][INFO] - Epoch: 37, loss: 22.9276
[2026-05-30 10:02:28,076][root][INFO] - Epoch: 38, loss: 23.3754
[2026-05-30 10:02:28,146][root][INFO] - Epoch: 39, loss: 22.9987
[2026-05-30 10:02:28,217][root][INFO] - Epoch: 40, loss: 23.6756
[2026-05-30 10:02:28,287][root][INFO] - Epoch: 41, loss: 23.2369
[2026-05-30 10:02:28,358][root][INFO] - Epoch: 42, loss: 22.8942
[2026-05-30 10:02:28,428][root][INFO] - Epoch: 43, loss: 22.2502
[2026-05-30 10:02:28,500][root][INFO] - Epoch: 44, loss: 22.4076
[2026-05-30 10:02:28,571][root][INFO] - Epoch: 45, loss: 22.3125
[2026-05-30 10:02:28,642][root][INFO] - Epoch: 46, loss: 22.5138
[2026-05-30 10:02:28,713][root][INFO] - Epoch: 47, loss: 22.1739
[2026-05-30 10:02:28,784][root][INFO] - Epoch: 48, loss: 21.5459
[2026-05-30 10:02:28,854][root][INFO] - Epoch: 49, loss: 21.6182
[2026-05-30 10:02:28,925][root][INFO] - Epoch: 50, loss: 21.0703
[2026-05-30 10:02:28,995][root][INFO] - Epoch: 51, loss: 21.2090
[2026-05-30 10:02:29,066][root][INFO] - Epoch: 52, loss: 21.2749
[2026-05-30 10:02:29,137][root][INFO] - Epoch: 53, loss: 21.8549
[2026-05-30 10:02:29,208][root][INFO] - Epoch: 54, loss: 21.2491
[2026-05-30 10:02:29,279][root][INFO] - Epoch: 55, loss: 21.4793
[2026-05-30 10:02:29,349][root][INFO] - Epoch: 56, loss: 23.2467
[2026-05-30 10:02:29,422][root][INFO] - Epoch: 57, loss: 22.9899
[2026-05-30 10:02:29,492][root][INFO] - Epoch: 58, loss: 22.0409
[2026-05-30 10:02:29,563][root][INFO] - Epoch: 59, loss: 21.5412
[2026-05-30 10:02:29,634][root][INFO] - Epoch: 60, loss: 20.8643
[2026-05-30 10:02:29,706][root][INFO] - Epoch: 61, loss: 21.1019
[2026-05-30 10:02:29,776][root][INFO] - Epoch: 62, loss: 20.8100
[2026-05-30 10:02:29,846][root][INFO] - Epoch: 63, loss: 20.5197
[2026-05-30 10:02:29,918][root][INFO] - Epoch: 64, loss: 20.2809
[2026-05-30 10:02:29,988][root][INFO] - Epoch: 65, loss: 20.0696
[2026-05-30 10:02:30,059][root][INFO] - Epoch: 66, loss: 19.5941
[2026-05-30 10:02:30,130][root][INFO] - Epoch: 67, loss: 19.3690
[2026-05-30 10:02:30,200][root][INFO] - Epoch: 68, loss: 20.2455
[2026-05-30 10:02:30,270][root][INFO] - Epoch: 69, loss: 19.8787
[2026-05-30 10:02:30,341][root][INFO] - Epoch: 70, loss: 19.7485
[2026-05-30 10:02:30,413][root][INFO] - Epoch: 71, loss: 19.6933
[2026-05-30 10:02:30,483][root][INFO] - Epoch: 72, loss: 19.9446
[2026-05-30 10:02:30,552][root][INFO] - Epoch: 73, loss: 19.5473
[2026-05-30 10:02:30,623][root][INFO] - Epoch: 74, loss: 19.0701
[2026-05-30 10:02:30,694][root][INFO] - Epoch: 75, loss: 19.4383
[2026-05-30 10:02:30,766][root][INFO] - Epoch: 76, loss: 18.6292
[2026-05-30 10:02:30,838][root][INFO] - Epoch: 77, loss: 18.2685
[2026-05-30 10:02:30,908][root][INFO] - Epoch: 78, loss: 18.7861
[2026-05-30 10:02:30,979][root][INFO] - Epoch: 79, loss: 19.2082
[2026-05-30 10:02:31,051][root][INFO] - Epoch: 80, loss: 18.8054
[2026-05-30 10:02:31,122][root][INFO] - Epoch: 81, loss: 18.3812
[2026-05-30 10:02:31,193][root][INFO] - Epoch: 82, loss: 18.3963
[2026-05-30 10:02:31,264][root][INFO] - Epoch: 83, loss: 18.3220
[2026-05-30 10:02:31,336][root][INFO] - Epoch: 84, loss: 18.5587
[2026-05-30 10:02:31,407][root][INFO] - Epoch: 85, loss: 18.4013
[2026-05-30 10:02:31,479][root][INFO] - Epoch: 86, loss: 17.9786
[2026-05-30 10:02:31,550][root][INFO] - Epoch: 87, loss: 18.3460
[2026-05-30 10:02:31,621][root][INFO] - Epoch: 88, loss: 17.7502
[2026-05-30 10:02:31,692][root][INFO] - Epoch: 89, loss: 17.5065
[2026-05-30 10:02:31,764][root][INFO] - Epoch: 90, loss: 17.2217
[2026-05-30 10:02:31,835][root][INFO] - Epoch: 91, loss: 17.5082
[2026-05-30 10:02:31,906][root][INFO] - Epoch: 92, loss: 17.4424
[2026-05-30 10:02:31,976][root][INFO] - Epoch: 93, loss: 17.0748
[2026-05-30 10:02:32,048][root][INFO] - Epoch: 94, loss: 17.5753
[2026-05-30 10:02:32,117][root][INFO] - Epoch: 95, loss: 19.3193
[2026-05-30 10:02:32,189][root][INFO] - Epoch: 96, loss: 18.8078
[2026-05-30 10:02:32,260][root][INFO] - Epoch: 97, loss: 18.2584
[2026-05-30 10:02:32,332][root][INFO] - Epoch: 98, loss: 17.7999
[2026-05-30 10:02:32,401][root][INFO] - Epoch: 99, loss: 17.9675
[2026-05-30 10:02:32,471][root][INFO] - Epoch: 100, loss: 17.7468
[2026-05-30 10:02:32,541][root][INFO] - Epoch: 101, loss: 17.1666
[2026-05-30 10:02:32,611][root][INFO] - Epoch: 102, loss: 16.4748
[2026-05-30 10:02:32,681][root][INFO] - Epoch: 103, loss: 17.0686
[2026-05-30 10:02:32,753][root][INFO] - Epoch: 104, loss: 16.8687
[2026-05-30 10:02:32,823][root][INFO] - Epoch: 105, loss: 16.6570
[2026-05-30 10:02:32,894][root][INFO] - Epoch: 106, loss: 16.3581
[2026-05-30 10:02:32,967][root][INFO] - Epoch: 107, loss: 18.4355
[2026-05-30 10:02:33,039][root][INFO] - Epoch: 108, loss: 17.5398
[2026-05-30 10:02:33,111][root][INFO] - Epoch: 109, loss: 17.0511
[2026-05-30 10:02:33,180][root][INFO] - Epoch: 110, loss: 17.3262
[2026-05-30 10:02:33,250][root][INFO] - Epoch: 111, loss: 16.5492
[2026-05-30 10:02:33,320][root][INFO] - Epoch: 112, loss: 17.1265
[2026-05-30 10:02:33,390][root][INFO] - Epoch: 113, loss: 16.4405
[2026-05-30 10:02:33,462][root][INFO] - Epoch: 114, loss: 16.9137
[2026-05-30 10:02:33,532][root][INFO] - Epoch: 115, loss: 16.0924
[2026-05-30 10:02:33,602][root][INFO] - Epoch: 116, loss: 17.2326
[2026-05-30 10:02:33,672][root][INFO] - Epoch: 117, loss: 16.2742
[2026-05-30 10:02:33,743][root][INFO] - Epoch: 118, loss: 15.8219
[2026-05-30 10:02:33,817][root][INFO] - Epoch: 119, loss: 16.1760
[2026-05-30 10:02:33,892][root][INFO] - Epoch: 120, loss: 16.1082
[2026-05-30 10:02:33,964][root][INFO] - Epoch: 121, loss: 15.6691
[2026-05-30 10:02:34,035][root][INFO] - Epoch: 122, loss: 15.1234
[2026-05-30 10:02:34,106][root][INFO] - Epoch: 123, loss: 16.0656
[2026-05-30 10:02:34,176][root][INFO] - Epoch: 124, loss: 15.5755
[2026-05-30 10:02:34,246][root][INFO] - Epoch: 125, loss: 15.7932
[2026-05-30 10:02:34,316][root][INFO] - Epoch: 126, loss: 15.4083
[2026-05-30 10:02:34,387][root][INFO] - Epoch: 127, loss: 15.1962
[2026-05-30 10:02:34,458][root][INFO] - Epoch: 128, loss: 14.8846
[2026-05-30 10:02:34,529][root][INFO] - Epoch: 129, loss: 15.3191
[2026-05-30 10:02:34,600][root][INFO] - Epoch: 130, loss: 16.9883
[2026-05-30 10:02:34,671][root][INFO] - Epoch: 131, loss: 15.7396
[2026-05-30 10:02:34,742][root][INFO] - Epoch: 132, loss: 14.9062
[2026-05-30 10:02:34,813][root][INFO] - Epoch: 133, loss: 15.0272
[2026-05-30 10:02:34,884][root][INFO] - Epoch: 134, loss: 15.4352
[2026-05-30 10:02:34,953][root][INFO] - Epoch: 135, loss: 15.8900
[2026-05-30 10:02:35,024][root][INFO] - Epoch: 136, loss: 14.5637
[2026-05-30 10:02:35,093][root][INFO] - Epoch: 137, loss: 14.3193
[2026-05-30 10:02:35,163][root][INFO] - Epoch: 138, loss: 14.4420
[2026-05-30 10:02:35,234][root][INFO] - Epoch: 139, loss: 13.7089
[2026-05-30 10:02:35,304][root][INFO] - Epoch: 140, loss: 13.9677
[2026-05-30 10:02:35,376][root][INFO] - Epoch: 141, loss: 14.4769
[2026-05-30 10:02:35,448][root][INFO] - Epoch: 142, loss: 14.1727
[2026-05-30 10:02:35,519][root][INFO] - Epoch: 143, loss: 14.7184
[2026-05-30 10:02:35,611][root][INFO] - Epoch: 144, loss: 14.7654
[2026-05-30 10:02:35,687][root][INFO] - Epoch: 145, loss: 14.9065
[2026-05-30 10:02:35,758][root][INFO] - Epoch: 146, loss: 14.7840
[2026-05-30 10:02:35,829][root][INFO] - Epoch: 147, loss: 16.6618
[2026-05-30 10:02:35,900][root][INFO] - Epoch: 148, loss: 16.5667
[2026-05-30 10:02:35,968][root][INFO] - Epoch: 149, loss: 15.4514
[2026-05-30 10:02:36,039][root][INFO] - Epoch: 150, loss: 14.8989
[2026-05-30 10:02:36,039][root][INFO] - Early stopping at epoch: 149
[2026-05-30 10:02:36,085][root][INFO] - {'model_loss': '14.8989', 'recon_loss': '0.0000', 'triplet_loss': '14.8989'}
[2026-05-30 10:02:36,089][root][INFO] - Updating AE...
[2026-05-30 10:02:36,950][root][INFO] - Epoch: 1, loss: 73.3801
[2026-05-30 10:02:37,019][root][INFO] - Epoch: 2, loss: 65.4872
[2026-05-30 10:02:37,089][root][INFO] - Epoch: 3, loss: 61.4451
[2026-05-30 10:02:37,159][root][INFO] - Epoch: 4, loss: 59.5480
[2026-05-30 10:02:37,230][root][INFO] - Epoch: 5, loss: 58.2099
[2026-05-30 10:02:37,300][root][INFO] - Epoch: 6, loss: 57.0705
[2026-05-30 10:02:37,370][root][INFO] - Epoch: 7, loss: 56.6371
[2026-05-30 10:02:37,441][root][INFO] - Epoch: 8, loss: 56.8587
[2026-05-30 10:02:37,513][root][INFO] - Epoch: 9, loss: 55.7738
[2026-05-30 10:02:37,583][root][INFO] - Epoch: 10, loss: 55.5889
[2026-05-30 10:02:37,655][root][INFO] - Epoch: 11, loss: 55.5258
[2026-05-30 10:02:37,726][root][INFO] - Epoch: 12, loss: 53.8379
[2026-05-30 10:02:37,797][root][INFO] - Epoch: 13, loss: 52.8803
[2026-05-30 10:02:37,868][root][INFO] - Epoch: 14, loss: 53.9412
[2026-05-30 10:02:37,938][root][INFO] - Epoch: 15, loss: 51.7053
[2026-05-30 10:02:38,009][root][INFO] - Epoch: 16, loss: 51.7543
[2026-05-30 10:02:38,080][root][INFO] - Epoch: 17, loss: 52.3285
[2026-05-30 10:02:38,153][root][INFO] - Epoch: 18, loss: 51.6283
[2026-05-30 10:02:38,224][root][INFO] - Epoch: 19, loss: 49.8725
[2026-05-30 10:02:38,297][root][INFO] - Epoch: 20, loss: 48.2478
[2026-05-30 10:02:38,370][root][INFO] - Epoch: 21, loss: 47.1524
[2026-05-30 10:02:38,442][root][INFO] - Epoch: 22, loss: 47.8591
[2026-05-30 10:02:38,515][root][INFO] - Epoch: 23, loss: 47.2548
[2026-05-30 10:02:38,587][root][INFO] - Epoch: 24, loss: 46.1174
[2026-05-30 10:02:38,658][root][INFO] - Epoch: 25, loss: 46.6562
[2026-05-30 10:02:38,730][root][INFO] - Epoch: 26, loss: 45.6203
[2026-05-30 10:02:38,803][root][INFO] - Epoch: 27, loss: 44.8446
[2026-05-30 10:02:38,875][root][INFO] - Epoch: 28, loss: 44.1099
[2026-05-30 10:02:38,948][root][INFO] - Epoch: 29, loss: 44.0564
[2026-05-30 10:02:39,021][root][INFO] - Epoch: 30, loss: 42.8094
[2026-05-30 10:02:39,093][root][INFO] - Epoch: 31, loss: 42.3541
[2026-05-30 10:02:39,165][root][INFO] - Epoch: 32, loss: 43.1805
[2026-05-30 10:02:39,237][root][INFO] - Epoch: 33, loss: 42.5604
[2026-05-30 10:02:39,311][root][INFO] - Epoch: 34, loss: 42.2662
[2026-05-30 10:02:39,383][root][INFO] - Epoch: 35, loss: 41.0056
[2026-05-30 10:02:39,456][root][INFO] - Epoch: 36, loss: 40.3402
[2026-05-30 10:02:39,528][root][INFO] - Epoch: 37, loss: 40.2275
[2026-05-30 10:02:39,599][root][INFO] - Epoch: 38, loss: 40.6277
[2026-05-30 10:02:39,671][root][INFO] - Epoch: 39, loss: 42.5835
[2026-05-30 10:02:39,744][root][INFO] - Epoch: 40, loss: 39.5797
[2026-05-30 10:02:39,816][root][INFO] - Epoch: 41, loss: 39.7099
[2026-05-30 10:02:39,889][root][INFO] - Epoch: 42, loss: 44.2945
[2026-05-30 10:02:39,961][root][INFO] - Epoch: 43, loss: 43.3731
[2026-05-30 10:02:40,033][root][INFO] - Epoch: 44, loss: 43.1615
[2026-05-30 10:02:40,105][root][INFO] - Epoch: 45, loss: 42.0394
[2026-05-30 10:02:40,178][root][INFO] - Epoch: 46, loss: 38.7280
[2026-05-30 10:02:40,250][root][INFO] - Epoch: 47, loss: 38.4095
[2026-05-30 10:02:40,322][root][INFO] - Epoch: 48, loss: 37.9255
[2026-05-30 10:02:40,395][root][INFO] - Epoch: 49, loss: 38.2919
[2026-05-30 10:02:40,467][root][INFO] - Epoch: 50, loss: 36.6048
[2026-05-30 10:02:40,540][root][INFO] - Epoch: 51, loss: 35.3101
[2026-05-30 10:02:40,613][root][INFO] - Epoch: 52, loss: 36.3271
[2026-05-30 10:02:40,686][root][INFO] - Epoch: 53, loss: 42.3586
[2026-05-30 10:02:40,760][root][INFO] - Epoch: 54, loss: 39.1810
[2026-05-30 10:02:40,832][root][INFO] - Epoch: 55, loss: 39.7985
[2026-05-30 10:02:40,906][root][INFO] - Epoch: 56, loss: 38.3082
[2026-05-30 10:02:40,979][root][INFO] - Epoch: 57, loss: 38.4223
[2026-05-30 10:02:41,053][root][INFO] - Epoch: 58, loss: 36.1326
[2026-05-30 10:02:41,125][root][INFO] - Epoch: 59, loss: 36.7295
[2026-05-30 10:02:41,198][root][INFO] - Epoch: 60, loss: 34.3883
[2026-05-30 10:02:41,271][root][INFO] - Epoch: 61, loss: 78.7932
[2026-05-30 10:02:41,343][root][INFO] - Epoch: 62, loss: 113.1080
[2026-05-30 10:02:41,416][root][INFO] - Epoch: 63, loss: 78.7795
[2026-05-30 10:02:41,488][root][INFO] - Epoch: 64, loss: 72.5011
[2026-05-30 10:02:41,560][root][INFO] - Epoch: 65, loss: 69.2386
[2026-05-30 10:02:41,632][root][INFO] - Epoch: 66, loss: 67.5436
[2026-05-30 10:02:41,706][root][INFO] - Epoch: 67, loss: 65.8004
[2026-05-30 10:02:41,779][root][INFO] - Epoch: 68, loss: 64.1453
[2026-05-30 10:02:41,851][root][INFO] - Epoch: 69, loss: 62.6863
[2026-05-30 10:02:41,924][root][INFO] - Epoch: 70, loss: 62.6966
[2026-05-30 10:02:41,997][root][INFO] - Epoch: 71, loss: 62.3248
[2026-05-30 10:02:41,997][root][INFO] - Early stopping at epoch: 70
[2026-05-30 10:02:42,037][root][INFO] - {'model_loss': '62.3248', 'recon_loss': '0.0000', 'triplet_loss': '62.3248'}
[2026-05-30 10:02:42,041][root][INFO] - Generation 6/400 - Time: 0.00 seconds
[2026-05-30 10:02:42,042][root][INFO] - {'coverage': '100.00', 'max_fitness': '-12.89', 'passive_coverage': '19.24', 'passive_max_fitness': '-12.89', 'passive_mean_fitness': '-60.19', 'passive_qd_score': '16003.34', 'qd_score': '75719.00', 'mean_fitness_top_k': '-40.99'}
[2026-05-30 10:02:43,173][root][INFO] - Generation 7/400 - Time: 0.00 seconds
[2026-05-30 10:02:43,174][root][INFO] - {'coverage': '100.00', 'max_fitness': '-12.89', 'passive_coverage': '19.82', 'passive_max_fitness': '-12.89', 'passive_mean_fitness': '-59.87', 'passive_qd_score': '16555.68', 'qd_score': '76084.71', 'mean_fitness_top_k': '-45.97'}
[2026-05-30 10:02:44,362][root][INFO] - Generation 8/400 - Time: 0.00 seconds
[2026-05-30 10:02:44,363][root][INFO] - {'coverage': '100.00', 'max_fitness': '-12.89', 'passive_coverage': '20.41', 'passive_max_fitness': '-12.89', 'passive_mean_fitness': '-60.00', 'passive_qd_score': '17017.91', 'qd_score': '77593.67', 'mean_fitness_top_k': '-45.11'}
[2026-05-30 10:02:45,412][root][INFO] - Generation 9/400 - Time: 0.00 seconds
[2026-05-30 10:02:45,413][root][INFO] - {'coverage': '100.00', 'max_fitness': '-12.64', 'passive_coverage': '21.00', 'passive_max_fitness': '-12.64', 'passive_mean_fitness': '-59.89', 'passive_qd_score': '17529.26', 'qd_score': '79049.20', 'mean_fitness_top_k': '-43.36'}
[2026-05-30 10:02:46,433][root][INFO] - Generation 10/400 - Time: 0.00 seconds
[2026-05-30 10:02:46,434][root][INFO] - {'coverage': '100.00', 'max_fitness': '-12.64', 'passive_coverage': '21.29', 'passive_max_fitness': '-12.64', 'passive_mean_fitness': '-59.98', 'passive_qd_score': '17753.93', 'qd_score': '80151.41', 'mean_fitness_top_k': '-42.32'}
[2026-05-30 10:02:47,469][root][INFO] - Generation 11/400 - Time: 0.00 seconds
[2026-05-30 10:02:47,470][root][INFO] - {'coverage': '100.00', 'max_fitness': '-12.64', 'passive_coverage': '21.68', 'passive_max_fitness': '-12.64', 'passive_mean_fitness': '-59.74', 'passive_qd_score': '18133.71', 'qd_score': '81581.44', 'mean_fitness_top_k': '-40.97'}
[2026-05-30 10:02:48,439][root][INFO] - Updating AE...
[2026-05-30 10:02:49,225][root][INFO] - Epoch: 1, loss: 265.5908
[2026-05-30 10:02:49,295][root][INFO] - Epoch: 2, loss: 256.3290
[2026-05-30 10:02:49,365][root][INFO] - Epoch: 3, loss: 252.7459
[2026-05-30 10:02:49,436][root][INFO] - Epoch: 4, loss: 247.9203
[2026-05-30 10:02:49,506][root][INFO] - Epoch: 5, loss: 240.8991
[2026-05-30 10:02:49,576][root][INFO] - Epoch: 6, loss: 237.8767
[2026-05-30 10:02:49,649][root][INFO] - Epoch: 7, loss: 233.6337
[2026-05-30 10:02:49,722][root][INFO] - Epoch: 8, loss: 230.8242
[2026-05-30 10:02:49,795][root][INFO] - Epoch: 9, loss: 227.2045
[2026-05-30 10:02:49,867][root][INFO] - Epoch: 10, loss: 225.5343
[2026-05-30 10:02:49,937][root][INFO] - Epoch: 11, loss: 221.7590
[2026-05-30 10:02:50,008][root][INFO] - Epoch: 12, loss: 219.4324
[2026-05-30 10:02:50,079][root][INFO] - Epoch: 13, loss: 220.4658
[2026-05-30 10:02:50,151][root][INFO] - Epoch: 14, loss: 230.1558
[2026-05-30 10:02:50,221][root][INFO] - Epoch: 15, loss: 227.9694
[2026-05-30 10:02:50,291][root][INFO] - Epoch: 16, loss: 226.5486
[2026-05-30 10:02:50,363][root][INFO] - Epoch: 17, loss: 222.8143
[2026-05-30 10:02:50,434][root][INFO] - Epoch: 18, loss: 220.7193
[2026-05-30 10:02:50,506][root][INFO] - Epoch: 19, loss: 216.5195
[2026-05-30 10:02:50,578][root][INFO] - Epoch: 20, loss: 216.6548
[2026-05-30 10:02:50,650][root][INFO] - Epoch: 21, loss: 214.9710
[2026-05-30 10:02:50,721][root][INFO] - Epoch: 22, loss: 212.6591
[2026-05-30 10:02:50,792][root][INFO] - Epoch: 23, loss: 208.1213
[2026-05-30 10:02:50,864][root][INFO] - Epoch: 24, loss: 207.8967
[2026-05-30 10:02:50,935][root][INFO] - Epoch: 25, loss: 204.6885
[2026-05-30 10:02:51,035][root][INFO] - Epoch: 26, loss: 203.6364
[2026-05-30 10:02:51,106][root][INFO] - Epoch: 27, loss: 206.7042
[2026-05-30 10:02:51,177][root][INFO] - Epoch: 28, loss: 200.9442
[2026-05-30 10:02:51,247][root][INFO] - Epoch: 29, loss: 203.0079
[2026-05-30 10:02:51,319][root][INFO] - Epoch: 30, loss: 199.7710
[2026-05-30 10:02:51,389][root][INFO] - Epoch: 31, loss: 197.1974
[2026-05-30 10:02:51,459][root][INFO] - Epoch: 32, loss: 197.4979
[2026-05-30 10:02:51,530][root][INFO] - Epoch: 33, loss: 192.2601
[2026-05-30 10:02:51,601][root][INFO] - Epoch: 34, loss: 189.1444
[2026-05-30 10:02:51,672][root][INFO] - Epoch: 35, loss: 186.6215
[2026-05-30 10:02:51,743][root][INFO] - Epoch: 36, loss: 184.2896
[2026-05-30 10:02:51,814][root][INFO] - Epoch: 37, loss: 182.9150
[2026-05-30 10:02:51,886][root][INFO] - Epoch: 38, loss: 183.0506
[2026-05-30 10:02:51,956][root][INFO] - Epoch: 39, loss: 180.9202
[2026-05-30 10:02:52,027][root][INFO] - Epoch: 40, loss: 180.0329
[2026-05-30 10:02:52,098][root][INFO] - Epoch: 41, loss: 177.7703
[2026-05-30 10:02:52,169][root][INFO] - Epoch: 42, loss: 178.1646
[2026-05-30 10:02:52,241][root][INFO] - Epoch: 43, loss: 176.3484
[2026-05-30 10:02:52,312][root][INFO] - Epoch: 44, loss: 180.4346
[2026-05-30 10:02:52,383][root][INFO] - Epoch: 45, loss: 184.6955
[2026-05-30 10:02:52,454][root][INFO] - Epoch: 46, loss: 183.3157
[2026-05-30 10:02:52,524][root][INFO] - Epoch: 47, loss: 183.0850
[2026-05-30 10:02:52,596][root][INFO] - Epoch: 48, loss: 179.0715
[2026-05-30 10:02:52,667][root][INFO] - Epoch: 49, loss: 183.0845
[2026-05-30 10:02:52,738][root][INFO] - Epoch: 50, loss: 181.8080
[2026-05-30 10:02:52,809][root][INFO] - Epoch: 51, loss: 186.8366
[2026-05-30 10:02:52,878][root][INFO] - Epoch: 52, loss: 193.6148
[2026-05-30 10:02:52,948][root][INFO] - Epoch: 53, loss: 213.0941
[2026-05-30 10:02:53,020][root][INFO] - Epoch: 54, loss: 229.1579
[2026-05-30 10:02:53,021][root][INFO] - Early stopping at epoch: 53
[2026-05-30 10:02:53,051][root][INFO] - {'model_loss': '229.1579', 'recon_loss': '0.0000', 'triplet_loss': '229.1579'}
[2026-05-30 10:02:53,055][root][INFO] - Updating AE...
[2026-05-30 10:02:53,886][root][INFO] - Epoch: 1, loss: 167.8051
[2026-05-30 10:02:53,957][root][INFO] - Epoch: 2, loss: 127.9444
[2026-05-30 10:02:54,029][root][INFO] - Epoch: 3, loss: 122.3094
[2026-05-30 10:02:54,101][root][INFO] - Epoch: 4, loss: 119.3152
[2026-05-30 10:02:54,172][root][INFO] - Epoch: 5, loss: 115.8589
[2026-05-30 10:02:54,244][root][INFO] - Epoch: 6, loss: 113.8924
[2026-05-30 10:02:54,315][root][INFO] - Epoch: 7, loss: 111.8847
[2026-05-30 10:02:54,388][root][INFO] - Epoch: 8, loss: 110.7898
[2026-05-30 10:02:54,460][root][INFO] - Epoch: 9, loss: 109.2766
[2026-05-30 10:02:54,530][root][INFO] - Epoch: 10, loss: 108.0253
[2026-05-30 10:02:54,602][root][INFO] - Epoch: 11, loss: 106.9120
[2026-05-30 10:02:54,673][root][INFO] - Epoch: 12, loss: 105.8013
[2026-05-30 10:02:54,743][root][INFO] - Epoch: 13, loss: 104.5314
[2026-05-30 10:02:54,814][root][INFO] - Epoch: 14, loss: 103.9218
[2026-05-30 10:02:54,885][root][INFO] - Epoch: 15, loss: 102.6886
[2026-05-30 10:02:54,957][root][INFO] - Epoch: 16, loss: 101.4138
[2026-05-30 10:02:55,029][root][INFO] - Epoch: 17, loss: 101.4399
[2026-05-30 10:02:55,099][root][INFO] - Epoch: 18, loss: 100.4851
[2026-05-30 10:02:55,170][root][INFO] - Epoch: 19, loss: 99.9280
[2026-05-30 10:02:55,244][root][INFO] - Epoch: 20, loss: 98.5762
[2026-05-30 10:02:55,315][root][INFO] - Epoch: 21, loss: 97.7826
[2026-05-30 10:02:55,386][root][INFO] - Epoch: 22, loss: 96.5276
[2026-05-30 10:02:55,457][root][INFO] - Epoch: 23, loss: 95.4364
[2026-05-30 10:02:55,529][root][INFO] - Epoch: 24, loss: 95.0105
[2026-05-30 10:02:55,600][root][INFO] - Epoch: 25, loss: 94.0483
[2026-05-30 10:02:55,671][root][INFO] - Epoch: 26, loss: 93.2244
[2026-05-30 10:02:55,740][root][INFO] - Epoch: 27, loss: 92.0840
[2026-05-30 10:02:55,812][root][INFO] - Epoch: 28, loss: 90.7924
[2026-05-30 10:02:55,883][root][INFO] - Epoch: 29, loss: 89.9799
[2026-05-30 10:02:55,954][root][INFO] - Epoch: 30, loss: 88.3707
[2026-05-30 10:02:56,025][root][INFO] - Epoch: 31, loss: 87.2866
[2026-05-30 10:02:56,096][root][INFO] - Epoch: 32, loss: 85.5758
[2026-05-30 10:02:56,167][root][INFO] - Epoch: 33, loss: 85.1669
[2026-05-30 10:02:56,238][root][INFO] - Epoch: 34, loss: 83.6254
[2026-05-30 10:02:56,309][root][INFO] - Epoch: 35, loss: 82.3158
[2026-05-30 10:02:56,380][root][INFO] - Epoch: 36, loss: 80.4216
[2026-05-30 10:02:56,476][root][INFO] - Epoch: 37, loss: 80.2791
[2026-05-30 10:02:56,548][root][INFO] - Epoch: 38, loss: 79.1635
[2026-05-30 10:02:56,619][root][INFO] - Epoch: 39, loss: 79.5552
[2026-05-30 10:02:56,691][root][INFO] - Epoch: 40, loss: 77.6475
[2026-05-30 10:02:56,763][root][INFO] - Epoch: 41, loss: 77.9504
[2026-05-30 10:02:56,834][root][INFO] - Epoch: 42, loss: 76.0890
[2026-05-30 10:02:56,905][root][INFO] - Epoch: 43, loss: 75.6841
[2026-05-30 10:02:56,976][root][INFO] - Epoch: 44, loss: 75.1532
[2026-05-30 10:02:57,047][root][INFO] - Epoch: 45, loss: 73.0447
[2026-05-30 10:02:57,118][root][INFO] - Epoch: 46, loss: 71.9894
[2026-05-30 10:02:57,189][root][INFO] - Epoch: 47, loss: 72.9591
[2026-05-30 10:02:57,261][root][INFO] - Epoch: 48, loss: 76.7963
[2026-05-30 10:02:57,334][root][INFO] - Epoch: 49, loss: 78.1046
[2026-05-30 10:02:57,406][root][INFO] - Epoch: 50, loss: 74.1345
[2026-05-30 10:02:57,477][root][INFO] - Epoch: 51, loss: 72.6733
[2026-05-30 10:02:57,548][root][INFO] - Epoch: 52, loss: 72.5209
[2026-05-30 10:02:57,619][root][INFO] - Epoch: 53, loss: 72.6978
[2026-05-30 10:02:57,692][root][INFO] - Epoch: 54, loss: 70.0145
[2026-05-30 10:02:57,764][root][INFO] - Epoch: 55, loss: 68.2448
[2026-05-30 10:02:57,836][root][INFO] - Epoch: 56, loss: 68.0768
[2026-05-30 10:02:57,908][root][INFO] - Epoch: 57, loss: 70.4356
[2026-05-30 10:02:57,980][root][INFO] - Epoch: 58, loss: 73.8637
[2026-05-30 10:02:58,055][root][INFO] - Epoch: 59, loss: 70.7428
[2026-05-30 10:02:58,126][root][INFO] - Epoch: 60, loss: 69.8156
[2026-05-30 10:02:58,198][root][INFO] - Epoch: 61, loss: 67.3255
[2026-05-30 10:02:58,270][root][INFO] - Epoch: 62, loss: 65.6400
[2026-05-30 10:02:58,343][root][INFO] - Epoch: 63, loss: 64.6582
[2026-05-30 10:02:58,416][root][INFO] - Epoch: 64, loss: 63.8533
[2026-05-30 10:02:58,489][root][INFO] - Epoch: 65, loss: 63.6104
[2026-05-30 10:02:58,565][root][INFO] - Epoch: 66, loss: 62.7673
[2026-05-30 10:02:58,637][root][INFO] - Epoch: 67, loss: 62.7282
[2026-05-30 10:02:58,710][root][INFO] - Epoch: 68, loss: 61.9448
[2026-05-30 10:02:58,784][root][INFO] - Epoch: 69, loss: 66.2541
[2026-05-30 10:02:58,857][root][INFO] - Epoch: 70, loss: 64.9904
[2026-05-30 10:02:58,930][root][INFO] - Epoch: 71, loss: 64.2042
[2026-05-30 10:02:59,003][root][INFO] - Epoch: 72, loss: 62.0752
[2026-05-30 10:02:59,075][root][INFO] - Epoch: 73, loss: 61.5414
[2026-05-30 10:02:59,147][root][INFO] - Epoch: 74, loss: 62.0508
[2026-05-30 10:02:59,217][root][INFO] - Epoch: 75, loss: 60.1116
[2026-05-30 10:02:59,289][root][INFO] - Epoch: 76, loss: 59.6692
[2026-05-30 10:02:59,360][root][INFO] - Epoch: 77, loss: 59.5461
[2026-05-30 10:02:59,432][root][INFO] - Epoch: 78, loss: 59.5838
[2026-05-30 10:02:59,503][root][INFO] - Epoch: 79, loss: 58.2201
[2026-05-30 10:02:59,574][root][INFO] - Epoch: 80, loss: 58.1091
[2026-05-30 10:02:59,648][root][INFO] - Epoch: 81, loss: 57.8830
[2026-05-30 10:02:59,719][root][INFO] - Epoch: 82, loss: 58.0758
[2026-05-30 10:02:59,790][root][INFO] - Epoch: 83, loss: 58.8466
[2026-05-30 10:02:59,861][root][INFO] - Epoch: 84, loss: 59.0717
[2026-05-30 10:02:59,934][root][INFO] - Epoch: 85, loss: 56.9100
[2026-05-30 10:03:00,005][root][INFO] - Epoch: 86, loss: 57.8474
[2026-05-30 10:03:00,077][root][INFO] - Epoch: 87, loss: 58.5088
[2026-05-30 10:03:00,149][root][INFO] - Epoch: 88, loss: 56.9794
[2026-05-30 10:03:00,220][root][INFO] - Epoch: 89, loss: 56.6449
[2026-05-30 10:03:00,292][root][INFO] - Epoch: 90, loss: 57.1158
[2026-05-30 10:03:00,363][root][INFO] - Epoch: 91, loss: 54.7614
[2026-05-30 10:03:00,464][root][INFO] - Epoch: 92, loss: 55.3460
[2026-05-30 10:03:00,536][root][INFO] - Epoch: 93, loss: 54.7426
[2026-05-30 10:03:00,608][root][INFO] - Epoch: 94, loss: 54.5649
[2026-05-30 10:03:00,679][root][INFO] - Epoch: 95, loss: 56.7484
[2026-05-30 10:03:00,749][root][INFO] - Epoch: 96, loss: 56.7199
[2026-05-30 10:03:00,821][root][INFO] - Epoch: 97, loss: 53.2550
[2026-05-30 10:03:00,891][root][INFO] - Epoch: 98, loss: 53.8893
[2026-05-30 10:03:00,961][root][INFO] - Epoch: 99, loss: 53.8307
[2026-05-30 10:03:01,032][root][INFO] - Epoch: 100, loss: 52.1616
[2026-05-30 10:03:01,103][root][INFO] - Epoch: 101, loss: 51.7819
[2026-05-30 10:03:01,175][root][INFO] - Epoch: 102, loss: 50.0829
[2026-05-30 10:03:01,247][root][INFO] - Epoch: 103, loss: 50.8293
[2026-05-30 10:03:01,319][root][INFO] - Epoch: 104, loss: 49.6326
[2026-05-30 10:03:01,392][root][INFO] - Epoch: 105, loss: 49.4789
[2026-05-30 10:03:01,465][root][INFO] - Epoch: 106, loss: 51.6275
[2026-05-30 10:03:01,538][root][INFO] - Epoch: 107, loss: 93.1500
[2026-05-30 10:03:01,612][root][INFO] - Epoch: 108, loss: 114.8077
[2026-05-30 10:03:01,686][root][INFO] - Epoch: 109, loss: 107.0649
[2026-05-30 10:03:01,760][root][INFO] - Epoch: 110, loss: 101.9057
[2026-05-30 10:03:01,834][root][INFO] - Epoch: 111, loss: 94.5442
[2026-05-30 10:03:01,908][root][INFO] - Epoch: 112, loss: 90.1126
[2026-05-30 10:03:01,981][root][INFO] - Epoch: 113, loss: 85.3026
[2026-05-30 10:03:02,055][root][INFO] - Epoch: 114, loss: 81.8668
[2026-05-30 10:03:02,129][root][INFO] - Epoch: 115, loss: 78.8413
[2026-05-30 10:03:02,203][root][INFO] - Epoch: 116, loss: 76.6031
[2026-05-30 10:03:02,203][root][INFO] - Early stopping at epoch: 115
[2026-05-30 10:03:02,250][root][INFO] - {'model_loss': '76.6031', 'recon_loss': '0.0000', 'triplet_loss': '76.6031'}
[2026-05-30 10:03:02,255][root][INFO] - Generation 12/400 - Time: 0.00 seconds
[2026-05-30 10:03:02,256][root][INFO] - {'coverage': '100.00', 'max_fitness': '-12.64', 'passive_coverage': '22.07', 'passive_max_fitness': '-12.64', 'passive_mean_fitness': '-59.58', 'passive_qd_score': '18496.28', 'qd_score': '82349.27', 'mean_fitness_top_k': '-40.26'}
[2026-05-30 10:03:03,474][root][INFO] - Generation 13/400 - Time: 0.00 seconds
[2026-05-30 10:03:03,475][root][INFO] - {'coverage': '100.00', 'max_fitness': '-12.64', 'passive_coverage': '22.27', 'passive_max_fitness': '-12.64', 'passive_mean_fitness': '-59.47', 'passive_qd_score': '18685.87', 'qd_score': '83293.42', 'mean_fitness_top_k': '-40.26'}
[2026-05-30 10:03:04,653][root][INFO] - Generation 14/400 - Time: 0.00 seconds
[2026-05-30 10:03:04,654][root][INFO] - {'coverage': '100.00', 'max_fitness': '-12.64', 'passive_coverage': '22.56', 'passive_max_fitness': '-12.64', 'passive_mean_fitness': '-59.20', 'passive_qd_score': '18992.45', 'qd_score': '84387.59', 'mean_fitness_top_k': '-39.69'}
[2026-05-30 10:03:05,876][root][INFO] - Generation 15/400 - Time: 0.00 seconds
[2026-05-30 10:03:05,877][root][INFO] - {'coverage': '100.00', 'max_fitness': '-12.64', 'passive_coverage': '22.95', 'passive_max_fitness': '-12.64', 'passive_mean_fitness': '-58.95', 'passive_qd_score': '19379.94', 'qd_score': '85429.62', 'mean_fitness_top_k': '-39.07'}
[2026-05-30 10:03:07,041][root][INFO] - Generation 16/400 - Time: 0.00 seconds
[2026-05-30 10:03:07,042][root][INFO] - {'coverage': '100.00', 'max_fitness': '-12.64', 'passive_coverage': '22.95', 'passive_max_fitness': '-12.64', 'passive_mean_fitness': '-58.93', 'passive_qd_score': '19384.70', 'qd_score': '85892.00', 'mean_fitness_top_k': '-39.35'}
[2026-05-30 10:03:08,230][root][INFO] - Generation 17/400 - Time: 0.00 seconds
[2026-05-30 10:03:08,231][root][INFO] - {'coverage': '100.00', 'max_fitness': '-12.64', 'passive_coverage': '23.24', 'passive_max_fitness': '-12.64', 'passive_mean_fitness': '-58.93', 'passive_qd_score': '19633.29', 'qd_score': '86724.64', 'mean_fitness_top_k': '-39.01'}
[2026-05-30 10:03:09,374][root][INFO] - Generation 18/400 - Time: 0.00 seconds
[2026-05-30 10:03:09,375][root][INFO] - {'coverage': '100.00', 'max_fitness': '-12.64', 'passive_coverage': '23.54', 'passive_max_fitness': '-12.64', 'passive_mean_fitness': '-58.75', 'passive_qd_score': '19924.02', 'qd_score': '87471.32', 'mean_fitness_top_k': '-38.50'}
[2026-05-30 10:03:10,500][root][INFO] - Generation 19/400 - Time: 0.00 seconds
[2026-05-30 10:03:10,501][root][INFO] - {'coverage': '100.00', 'max_fitness': '-12.64', 'passive_coverage': '23.54', 'passive_max_fitness': '-12.64', 'passive_mean_fitness': '-58.74', 'passive_qd_score': '19927.15', 'qd_score': '88266.43', 'mean_fitness_top_k': '-38.14'}
[2026-05-30 10:03:11,502][root][INFO] - Updating AE...
[2026-05-30 10:03:12,376][root][INFO] - Epoch: 1, loss: 456.7687
[2026-05-30 10:03:12,445][root][INFO] - Epoch: 2, loss: 419.5347
[2026-05-30 10:03:12,518][root][INFO] - Epoch: 3, loss: 400.6793
[2026-05-30 10:03:12,589][root][INFO] - Epoch: 4, loss: 391.7480
[2026-05-30 10:03:12,659][root][INFO] - Epoch: 5, loss: 380.2994
[2026-05-30 10:03:12,730][root][INFO] - Epoch: 6, loss: 371.8428
[2026-05-30 10:03:12,800][root][INFO] - Epoch: 7, loss: 362.6792
[2026-05-30 10:03:12,872][root][INFO] - Epoch: 8, loss: 357.5192
[2026-05-30 10:03:12,943][root][INFO] - Epoch: 9, loss: 352.4230
[2026-05-30 10:03:13,016][root][INFO] - Epoch: 10, loss: 343.2499
[2026-05-30 10:03:13,088][root][INFO] - Epoch: 11, loss: 337.3937
[2026-05-30 10:03:13,158][root][INFO] - Epoch: 12, loss: 331.3397
[2026-05-30 10:03:13,229][root][INFO] - Epoch: 13, loss: 324.2561
[2026-05-30 10:03:13,299][root][INFO] - Epoch: 14, loss: 321.7841
[2026-05-30 10:03:13,370][root][INFO] - Epoch: 15, loss: 317.3023
[2026-05-30 10:03:13,441][root][INFO] - Epoch: 16, loss: 313.7761
[2026-05-30 10:03:13,512][root][INFO] - Epoch: 17, loss: 309.1865
[2026-05-30 10:03:13,583][root][INFO] - Epoch: 18, loss: 303.0750
[2026-05-30 10:03:13,653][root][INFO] - Epoch: 19, loss: 298.7199
[2026-05-30 10:03:13,725][root][INFO] - Epoch: 20, loss: 293.5255
[2026-05-30 10:03:13,795][root][INFO] - Epoch: 21, loss: 302.1877
[2026-05-30 10:03:13,865][root][INFO] - Epoch: 22, loss: 294.1368
[2026-05-30 10:03:13,936][root][INFO] - Epoch: 23, loss: 293.1522
[2026-05-30 10:03:14,008][root][INFO] - Epoch: 24, loss: 294.7746
[2026-05-30 10:03:14,080][root][INFO] - Epoch: 25, loss: 285.0420
[2026-05-30 10:03:14,151][root][INFO] - Epoch: 26, loss: 286.4608
[2026-05-30 10:03:14,222][root][INFO] - Epoch: 27, loss: 275.2479
[2026-05-30 10:03:14,293][root][INFO] - Epoch: 28, loss: 266.0406
[2026-05-30 10:03:14,364][root][INFO] - Epoch: 29, loss: 265.1981
[2026-05-30 10:03:14,435][root][INFO] - Epoch: 30, loss: 261.8795
[2026-05-30 10:03:14,506][root][INFO] - Epoch: 31, loss: 259.0076
[2026-05-30 10:03:14,580][root][INFO] - Epoch: 32, loss: 254.9388
[2026-05-30 10:03:14,676][root][INFO] - Epoch: 33, loss: 254.8314
[2026-05-30 10:03:14,748][root][INFO] - Epoch: 34, loss: 255.6254
[2026-05-30 10:03:14,820][root][INFO] - Epoch: 35, loss: 247.6779
[2026-05-30 10:03:14,892][root][INFO] - Epoch: 36, loss: 245.1739
[2026-05-30 10:03:14,965][root][INFO] - Epoch: 37, loss: 249.0502
[2026-05-30 10:03:15,036][root][INFO] - Epoch: 38, loss: 239.3465
[2026-05-30 10:03:15,109][root][INFO] - Epoch: 39, loss: 234.8655
[2026-05-30 10:03:15,183][root][INFO] - Epoch: 40, loss: 238.4346
[2026-05-30 10:03:15,255][root][INFO] - Epoch: 41, loss: 244.6219
[2026-05-30 10:03:15,327][root][INFO] - Epoch: 42, loss: 236.8582
[2026-05-30 10:03:15,398][root][INFO] - Epoch: 43, loss: 241.7037
[2026-05-30 10:03:15,469][root][INFO] - Epoch: 44, loss: 238.9106
[2026-05-30 10:03:15,540][root][INFO] - Epoch: 45, loss: 260.0624
[2026-05-30 10:03:15,611][root][INFO] - Epoch: 46, loss: 318.9438
[2026-05-30 10:03:15,682][root][INFO] - Epoch: 47, loss: 289.3716
[2026-05-30 10:03:15,755][root][INFO] - Epoch: 48, loss: 274.9476
[2026-05-30 10:03:15,827][root][INFO] - Epoch: 49, loss: 255.6135
[2026-05-30 10:03:15,899][root][INFO] - Epoch: 50, loss: 244.3566
[2026-05-30 10:03:15,899][root][INFO] - Early stopping at epoch: 49
[2026-05-30 10:03:15,937][root][INFO] - {'model_loss': '244.3566', 'recon_loss': '0.0000', 'triplet_loss': '244.3566'}
[2026-05-30 10:03:15,942][root][INFO] - Updating AE...
[2026-05-30 10:03:16,728][root][INFO] - Epoch: 1, loss: 289.5645
[2026-05-30 10:03:16,799][root][INFO] - Epoch: 2, loss: 177.0872
[2026-05-30 10:03:16,869][root][INFO] - Epoch: 3, loss: 135.4693
[2026-05-30 10:03:16,940][root][INFO] - Epoch: 4, loss: 120.1521
[2026-05-30 10:03:17,009][root][INFO] - Epoch: 5, loss: 113.0161
[2026-05-30 10:03:17,080][root][INFO] - Epoch: 6, loss: 108.7441
[2026-05-30 10:03:17,149][root][INFO] - Epoch: 7, loss: 105.3480
[2026-05-30 10:03:17,220][root][INFO] - Epoch: 8, loss: 103.4443
[2026-05-30 10:03:17,291][root][INFO] - Epoch: 9, loss: 101.7677
[2026-05-30 10:03:17,361][root][INFO] - Epoch: 10, loss: 99.8549
[2026-05-30 10:03:17,431][root][INFO] - Epoch: 11, loss: 98.2763
[2026-05-30 10:03:17,503][root][INFO] - Epoch: 12, loss: 97.1226
[2026-05-30 10:03:17,575][root][INFO] - Epoch: 13, loss: 95.6631
[2026-05-30 10:03:17,646][root][INFO] - Epoch: 14, loss: 94.0997
[2026-05-30 10:03:17,718][root][INFO] - Epoch: 15, loss: 92.6645
[2026-05-30 10:03:17,789][root][INFO] - Epoch: 16, loss: 91.8193
[2026-05-30 10:03:17,860][root][INFO] - Epoch: 17, loss: 90.3724
[2026-05-30 10:03:17,932][root][INFO] - Epoch: 18, loss: 89.2251
[2026-05-30 10:03:18,003][root][INFO] - Epoch: 19, loss: 88.4549
[2026-05-30 10:03:18,073][root][INFO] - Epoch: 20, loss: 87.8049
[2026-05-30 10:03:18,146][root][INFO] - Epoch: 21, loss: 86.1568
[2026-05-30 10:03:18,216][root][INFO] - Epoch: 22, loss: 86.2128
[2026-05-30 10:03:18,289][root][INFO] - Epoch: 23, loss: 84.9191
[2026-05-30 10:03:18,368][root][INFO] - Epoch: 24, loss: 84.1376
[2026-05-30 10:03:18,439][root][INFO] - Epoch: 25, loss: 83.7799
[2026-05-30 10:03:18,511][root][INFO] - Epoch: 26, loss: 82.5767
[2026-05-30 10:03:18,580][root][INFO] - Epoch: 27, loss: 81.8078
[2026-05-30 10:03:18,652][root][INFO] - Epoch: 28, loss: 80.3983
[2026-05-30 10:03:18,722][root][INFO] - Epoch: 29, loss: 79.1628
[2026-05-30 10:03:18,790][root][INFO] - Epoch: 30, loss: 79.3800
[2026-05-30 10:03:18,860][root][INFO] - Epoch: 31, loss: 78.6291
[2026-05-30 10:03:18,930][root][INFO] - Epoch: 32, loss: 77.0810
[2026-05-30 10:03:19,001][root][INFO] - Epoch: 33, loss: 76.1690
[2026-05-30 10:03:19,071][root][INFO] - Epoch: 34, loss: 75.2317
[2026-05-30 10:03:19,142][root][INFO] - Epoch: 35, loss: 75.3351
[2026-05-30 10:03:19,215][root][INFO] - Epoch: 36, loss: 74.9422
[2026-05-30 10:03:19,285][root][INFO] - Epoch: 37, loss: 73.1783
[2026-05-30 10:03:19,355][root][INFO] - Epoch: 38, loss: 73.6384
[2026-05-30 10:03:19,424][root][INFO] - Epoch: 39, loss: 72.5964
[2026-05-30 10:03:19,495][root][INFO] - Epoch: 40, loss: 71.3027
[2026-05-30 10:03:19,565][root][INFO] - Epoch: 41, loss: 71.5992
[2026-05-30 10:03:19,647][root][INFO] - Epoch: 42, loss: 71.1960
[2026-05-30 10:03:19,719][root][INFO] - Epoch: 43, loss: 69.7741
[2026-05-30 10:03:19,790][root][INFO] - Epoch: 44, loss: 69.8686
[2026-05-30 10:03:19,862][root][INFO] - Epoch: 45, loss: 68.2396
[2026-05-30 10:03:19,933][root][INFO] - Epoch: 46, loss: 67.8904
[2026-05-30 10:03:20,002][root][INFO] - Epoch: 47, loss: 65.9058
[2026-05-30 10:03:20,072][root][INFO] - Epoch: 48, loss: 68.7478
[2026-05-30 10:03:20,142][root][INFO] - Epoch: 49, loss: 68.2709
[2026-05-30 10:03:20,213][root][INFO] - Epoch: 50, loss: 64.4908
[2026-05-30 10:03:20,284][root][INFO] - Epoch: 51, loss: 66.2378
[2026-05-30 10:03:20,355][root][INFO] - Epoch: 52, loss: 67.9574
[2026-05-30 10:03:20,425][root][INFO] - Epoch: 53, loss: 66.3145
[2026-05-30 10:03:20,495][root][INFO] - Epoch: 54, loss: 64.7370
[2026-05-30 10:03:20,566][root][INFO] - Epoch: 55, loss: 63.2508
[2026-05-30 10:03:20,637][root][INFO] - Epoch: 56, loss: 63.7467
[2026-05-30 10:03:20,708][root][INFO] - Epoch: 57, loss: 61.7923
[2026-05-30 10:03:20,779][root][INFO] - Epoch: 58, loss: 63.6084
[2026-05-30 10:03:20,850][root][INFO] - Epoch: 59, loss: 62.0400
[2026-05-30 10:03:20,922][root][INFO] - Epoch: 60, loss: 59.2391
[2026-05-30 10:03:20,992][root][INFO] - Epoch: 61, loss: 57.8445
[2026-05-30 10:03:21,063][root][INFO] - Epoch: 62, loss: 59.5862
[2026-05-30 10:03:21,134][root][INFO] - Epoch: 63, loss: 57.0239
[2026-05-30 10:03:21,204][root][INFO] - Epoch: 64, loss: 58.2368
[2026-05-30 10:03:21,275][root][INFO] - Epoch: 65, loss: 57.3232
[2026-05-30 10:03:21,346][root][INFO] - Epoch: 66, loss: 56.5374
[2026-05-30 10:03:21,416][root][INFO] - Epoch: 67, loss: 59.7942
[2026-05-30 10:03:21,487][root][INFO] - Epoch: 68, loss: 85.5823
[2026-05-30 10:03:21,557][root][INFO] - Epoch: 69, loss: 69.9871
[2026-05-30 10:03:21,628][root][INFO] - Epoch: 70, loss: 74.3726
[2026-05-30 10:03:21,699][root][INFO] - Epoch: 71, loss: 79.4831
[2026-05-30 10:03:21,770][root][INFO] - Epoch: 72, loss: 72.9904
[2026-05-30 10:03:21,841][root][INFO] - Epoch: 73, loss: 69.5818
[2026-05-30 10:03:21,913][root][INFO] - Epoch: 74, loss: 65.8699
[2026-05-30 10:03:21,984][root][INFO] - Epoch: 75, loss: 64.3790
[2026-05-30 10:03:22,054][root][INFO] - Epoch: 76, loss: 62.0712
[2026-05-30 10:03:22,125][root][INFO] - Epoch: 77, loss: 60.6832
[2026-05-30 10:03:22,126][root][INFO] - Early stopping at epoch: 76
[2026-05-30 10:03:22,166][root][INFO] - {'model_loss': '60.6832', 'recon_loss': '0.0000', 'triplet_loss': '60.6832'}
[2026-05-30 10:03:22,170][root][INFO] - Generation 20/400 - Time: 0.00 seconds
[2026-05-30 10:03:22,170][root][INFO] - {'coverage': '100.00', 'max_fitness': '-12.62', 'passive_coverage': '23.54', 'passive_max_fitness': '-12.62', 'passive_mean_fitness': '-58.72', 'passive_qd_score': '19931.48', 'qd_score': '88820.27', 'mean_fitness_top_k': '-37.87'}
[2026-05-30 10:03:23,167][root][INFO] - Generation 21/400 - Time: 0.00 seconds
[2026-05-30 10:03:23,168][root][INFO] - {'coverage': '100.00', 'max_fitness': '-12.35', 'passive_coverage': '23.63', 'passive_max_fitness': '-12.35', 'passive_mean_fitness': '-58.57', 'passive_qd_score': '20050.53', 'qd_score': '87800.31', 'mean_fitness_top_k': '-36.76'}
[2026-05-30 10:03:24,182][root][INFO] - Generation 22/400 - Time: 0.00 seconds
[2026-05-30 10:03:24,183][root][INFO] - {'coverage': '100.00', 'max_fitness': '-12.35', 'passive_coverage': '23.73', 'passive_max_fitness': '-12.35', 'passive_mean_fitness': '-58.62', 'passive_qd_score': '20121.67', 'qd_score': '88524.36', 'mean_fitness_top_k': '-36.36'}
[2026-05-30 10:03:25,165][root][INFO] - Generation 23/400 - Time: 0.00 seconds
[2026-05-30 10:03:25,166][root][INFO] - {'coverage': '100.00', 'max_fitness': '-12.35', 'passive_coverage': '24.22', 'passive_max_fitness': '-12.35', 'passive_mean_fitness': '-58.23', 'passive_qd_score': '20631.12', 'qd_score': '89003.59', 'mean_fitness_top_k': '-35.32'}
[2026-05-30 10:03:26,249][root][INFO] - Generation 24/400 - Time: 0.00 seconds
[2026-05-30 10:03:26,250][root][INFO] - {'coverage': '100.00', 'max_fitness': '-12.35', 'passive_coverage': '24.51', 'passive_max_fitness': '-12.35', 'passive_mean_fitness': '-58.40', 'passive_qd_score': '20838.40', 'qd_score': '88931.99', 'mean_fitness_top_k': '-35.06'}
[2026-05-30 10:03:27,385][root][INFO] - Generation 25/400 - Time: 0.00 seconds
[2026-05-30 10:03:27,386][root][INFO] - {'coverage': '100.00', 'max_fitness': '-12.35', 'passive_coverage': '24.51', 'passive_max_fitness': '-12.35', 'passive_mean_fitness': '-58.39', 'passive_qd_score': '20842.12', 'qd_score': '89450.62', 'mean_fitness_top_k': '-34.52'}
[2026-05-30 10:03:28,550][root][INFO] - Generation 26/400 - Time: 0.00 seconds
[2026-05-30 10:03:28,551][root][INFO] - {'coverage': '100.00', 'max_fitness': '-12.35', 'passive_coverage': '24.61', 'passive_max_fitness': '-12.35', 'passive_mean_fitness': '-58.39', 'passive_qd_score': '20923.31', 'qd_score': '90012.91', 'mean_fitness_top_k': '-33.63'}
[2026-05-30 10:03:29,680][root][INFO] - Generation 27/400 - Time: 0.00 seconds
[2026-05-30 10:03:29,681][root][INFO] - {'coverage': '100.00', 'max_fitness': '-12.35', 'passive_coverage': '24.71', 'passive_max_fitness': '-12.35', 'passive_mean_fitness': '-58.29', 'passive_qd_score': '21031.33', 'qd_score': '90374.88', 'mean_fitness_top_k': '-33.60'}
[2026-05-30 10:03:30,827][root][INFO] - Generation 28/400 - Time: 0.00 seconds
[2026-05-30 10:03:30,828][root][INFO] - {'coverage': '100.00', 'max_fitness': '-12.35', 'passive_coverage': '24.90', 'passive_max_fitness': '-12.35', 'passive_mean_fitness': '-58.26', 'passive_qd_score': '21207.40', 'qd_score': '90587.56', 'mean_fitness_top_k': '-33.46'}
[2026-05-30 10:03:31,960][root][INFO] - Generation 29/400 - Time: 0.00 seconds
[2026-05-30 10:03:31,961][root][INFO] - {'coverage': '100.00', 'max_fitness': '-12.35', 'passive_coverage': '25.10', 'passive_max_fitness': '-12.35', 'passive_mean_fitness': '-58.07', 'passive_qd_score': '21421.20', 'qd_score': '90580.88', 'mean_fitness_top_k': '-33.72'}
[2026-05-30 10:03:33,122][root][INFO] - Updating AE...
[2026-05-30 10:03:33,887][root][INFO] - Epoch: 1, loss: 488.3693
[2026-05-30 10:03:33,959][root][INFO] - Epoch: 2, loss: 455.2274
[2026-05-30 10:03:34,030][root][INFO] - Epoch: 3, loss: 436.4581
[2026-05-30 10:03:34,102][root][INFO] - Epoch: 4, loss: 424.0222
[2026-05-30 10:03:34,173][root][INFO] - Epoch: 5, loss: 417.4782
[2026-05-30 10:03:34,245][root][INFO] - Epoch: 6, loss: 404.6996
[2026-05-30 10:03:34,316][root][INFO] - Epoch: 7, loss: 396.6150
[2026-05-30 10:03:34,387][root][INFO] - Epoch: 8, loss: 393.4026
[2026-05-30 10:03:34,459][root][INFO] - Epoch: 9, loss: 383.1039
[2026-05-30 10:03:34,530][root][INFO] - Epoch: 10, loss: 375.8138
[2026-05-30 10:03:34,602][root][INFO] - Epoch: 11, loss: 367.2135
[2026-05-30 10:03:34,673][root][INFO] - Epoch: 12, loss: 362.9284
[2026-05-30 10:03:34,745][root][INFO] - Epoch: 13, loss: 355.1011
[2026-05-30 10:03:34,817][root][INFO] - Epoch: 14, loss: 349.2363
[2026-05-30 10:03:34,888][root][INFO] - Epoch: 15, loss: 347.8633
[2026-05-30 10:03:34,959][root][INFO] - Epoch: 16, loss: 338.1418
[2026-05-30 10:03:35,031][root][INFO] - Epoch: 17, loss: 336.1622
[2026-05-30 10:03:35,103][root][INFO] - Epoch: 18, loss: 325.9595
[2026-05-30 10:03:35,174][root][INFO] - Epoch: 19, loss: 320.9637
[2026-05-30 10:03:35,246][root][INFO] - Epoch: 20, loss: 331.1855
[2026-05-30 10:03:35,318][root][INFO] - Epoch: 21, loss: 358.1967
[2026-05-30 10:03:35,389][root][INFO] - Epoch: 22, loss: 321.5329
[2026-05-30 10:03:35,460][root][INFO] - Epoch: 23, loss: 329.8491
[2026-05-30 10:03:35,531][root][INFO] - Epoch: 24, loss: 321.3026
[2026-05-30 10:03:35,604][root][INFO] - Epoch: 25, loss: 318.5069
[2026-05-30 10:03:35,675][root][INFO] - Epoch: 26, loss: 307.5064
[2026-05-30 10:03:35,747][root][INFO] - Epoch: 27, loss: 302.2007
[2026-05-30 10:03:35,819][root][INFO] - Epoch: 28, loss: 296.8317
[2026-05-30 10:03:35,890][root][INFO] - Epoch: 29, loss: 290.7507
[2026-05-30 10:03:35,961][root][INFO] - Epoch: 30, loss: 296.2734
[2026-05-30 10:03:36,032][root][INFO] - Epoch: 31, loss: 293.9176
[2026-05-30 10:03:36,104][root][INFO] - Epoch: 32, loss: 290.4010
[2026-05-30 10:03:36,175][root][INFO] - Epoch: 33, loss: 292.0005
[2026-05-30 10:03:36,246][root][INFO] - Epoch: 34, loss: 290.8401
[2026-05-30 10:03:36,317][root][INFO] - Epoch: 35, loss: 294.0513
[2026-05-30 10:03:36,391][root][INFO] - Epoch: 36, loss: 303.3094
[2026-05-30 10:03:36,462][root][INFO] - Epoch: 37, loss: 302.3862
[2026-05-30 10:03:36,532][root][INFO] - Epoch: 38, loss: 292.6302
[2026-05-30 10:03:36,602][root][INFO] - Epoch: 39, loss: 284.2988
[2026-05-30 10:03:36,674][root][INFO] - Epoch: 40, loss: 280.4329
[2026-05-30 10:03:36,744][root][INFO] - Epoch: 41, loss: 277.4061
[2026-05-30 10:03:36,814][root][INFO] - Epoch: 42, loss: 364.3659
[2026-05-30 10:03:36,884][root][INFO] - Epoch: 43, loss: 312.0036
[2026-05-30 10:03:36,956][root][INFO] - Epoch: 44, loss: 303.2319
[2026-05-30 10:03:37,028][root][INFO] - Epoch: 45, loss: 297.4610
[2026-05-30 10:03:37,103][root][INFO] - Epoch: 46, loss: 308.4549
[2026-05-30 10:03:37,173][root][INFO] - Epoch: 47, loss: 298.4466
[2026-05-30 10:03:37,242][root][INFO] - Epoch: 48, loss: 282.9274
[2026-05-30 10:03:37,312][root][INFO] - Epoch: 49, loss: 278.0038
[2026-05-30 10:03:37,382][root][INFO] - Epoch: 50, loss: 273.9983
[2026-05-30 10:03:37,453][root][INFO] - Epoch: 51, loss: 273.9030
[2026-05-30 10:03:37,522][root][INFO] - Epoch: 52, loss: 271.1453
[2026-05-30 10:03:37,591][root][INFO] - Epoch: 53, loss: 272.1349
[2026-05-30 10:03:37,660][root][INFO] - Epoch: 54, loss: 268.5056
[2026-05-30 10:03:37,729][root][INFO] - Epoch: 55, loss: 262.9453
[2026-05-30 10:03:37,799][root][INFO] - Epoch: 56, loss: 265.9364
[2026-05-30 10:03:37,868][root][INFO] - Epoch: 57, loss: 270.4707
[2026-05-30 10:03:37,939][root][INFO] - Epoch: 58, loss: 272.0382
[2026-05-30 10:03:38,011][root][INFO] - Epoch: 59, loss: 264.7999
[2026-05-30 10:03:38,081][root][INFO] - Epoch: 60, loss: 252.7923
[2026-05-30 10:03:38,151][root][INFO] - Epoch: 61, loss: 244.0172
[2026-05-30 10:03:38,222][root][INFO] - Epoch: 62, loss: 241.1723
[2026-05-30 10:03:38,292][root][INFO] - Epoch: 63, loss: 240.5978
[2026-05-30 10:03:38,362][root][INFO] - Epoch: 64, loss: 241.4278
[2026-05-30 10:03:38,433][root][INFO] - Epoch: 65, loss: 240.5595
[2026-05-30 10:03:38,504][root][INFO] - Epoch: 66, loss: 258.3220
[2026-05-30 10:03:38,574][root][INFO] - Epoch: 67, loss: 276.5976
[2026-05-30 10:03:38,645][root][INFO] - Epoch: 68, loss: 266.1800
[2026-05-30 10:03:38,716][root][INFO] - Epoch: 69, loss: 248.5391
[2026-05-30 10:03:38,786][root][INFO] - Epoch: 70, loss: 247.5881
[2026-05-30 10:03:38,857][root][INFO] - Epoch: 71, loss: 241.5471
[2026-05-30 10:03:38,928][root][INFO] - Epoch: 72, loss: 244.9185
[2026-05-30 10:03:39,000][root][INFO] - Epoch: 73, loss: 232.7140
[2026-05-30 10:03:39,071][root][INFO] - Epoch: 74, loss: 224.2569
[2026-05-30 10:03:39,142][root][INFO] - Epoch: 75, loss: 228.5860
[2026-05-30 10:03:39,213][root][INFO] - Epoch: 76, loss: 218.7103
[2026-05-30 10:03:39,284][root][INFO] - Epoch: 77, loss: 215.8025
[2026-05-30 10:03:39,354][root][INFO] - Epoch: 78, loss: 226.4566
[2026-05-30 10:03:39,425][root][INFO] - Epoch: 79, loss: 225.3706
[2026-05-30 10:03:39,496][root][INFO] - Epoch: 80, loss: 218.2517
[2026-05-30 10:03:39,568][root][INFO] - Epoch: 81, loss: 218.5423
[2026-05-30 10:03:39,640][root][INFO] - Epoch: 82, loss: 220.0757
[2026-05-30 10:03:39,712][root][INFO] - Epoch: 83, loss: 222.2666
[2026-05-30 10:03:39,783][root][INFO] - Epoch: 84, loss: 339.4892
[2026-05-30 10:03:39,854][root][INFO] - Epoch: 85, loss: 342.0970
[2026-05-30 10:03:39,926][root][INFO] - Epoch: 86, loss: 469.7347
[2026-05-30 10:03:39,997][root][INFO] - Epoch: 87, loss: 717.5764
[2026-05-30 10:03:40,068][root][INFO] - Epoch: 88, loss: 578.5391
[2026-05-30 10:03:40,069][root][INFO] - Early stopping at epoch: 87
[2026-05-30 10:03:40,105][root][INFO] - {'model_loss': '578.5391', 'recon_loss': '0.0000', 'triplet_loss': '578.5391'}
[2026-05-30 10:03:40,109][root][INFO] - Updating AE...
[2026-05-30 10:03:41,002][root][INFO] - Epoch: 1, loss: 262.0163
[2026-05-30 10:03:41,072][root][INFO] - Epoch: 2, loss: 139.7971
[2026-05-30 10:03:41,143][root][INFO] - Epoch: 3, loss: 102.7081
[2026-05-30 10:03:41,212][root][INFO] - Epoch: 4, loss: 83.5750
[2026-05-30 10:03:41,283][root][INFO] - Epoch: 5, loss: 73.8980
[2026-05-30 10:03:41,353][root][INFO] - Epoch: 6, loss: 67.3741
[2026-05-30 10:03:41,424][root][INFO] - Epoch: 7, loss: 62.3011
[2026-05-30 10:03:41,494][root][INFO] - Epoch: 8, loss: 59.1458
[2026-05-30 10:03:41,565][root][INFO] - Epoch: 9, loss: 56.7091
[2026-05-30 10:03:41,636][root][INFO] - Epoch: 10, loss: 55.0780
[2026-05-30 10:03:41,706][root][INFO] - Epoch: 11, loss: 53.9941
[2026-05-30 10:03:41,777][root][INFO] - Epoch: 12, loss: 53.0050
[2026-05-30 10:03:41,846][root][INFO] - Epoch: 13, loss: 52.3414
[2026-05-30 10:03:41,916][root][INFO] - Epoch: 14, loss: 51.6716
[2026-05-30 10:03:41,986][root][INFO] - Epoch: 15, loss: 51.0161
[2026-05-30 10:03:42,056][root][INFO] - Epoch: 16, loss: 50.3690
[2026-05-30 10:03:42,127][root][INFO] - Epoch: 17, loss: 51.4139
[2026-05-30 10:03:42,197][root][INFO] - Epoch: 18, loss: 49.3270
[2026-05-30 10:03:42,267][root][INFO] - Epoch: 19, loss: 48.8986
[2026-05-30 10:03:42,337][root][INFO] - Epoch: 20, loss: 48.3360
[2026-05-30 10:03:42,407][root][INFO] - Epoch: 21, loss: 47.8159
[2026-05-30 10:03:42,479][root][INFO] - Epoch: 22, loss: 47.3158
[2026-05-30 10:03:42,550][root][INFO] - Epoch: 23, loss: 46.8206
[2026-05-30 10:03:42,621][root][INFO] - Epoch: 24, loss: 46.3354
[2026-05-30 10:03:42,692][root][INFO] - Epoch: 25, loss: 46.0091
[2026-05-30 10:03:42,762][root][INFO] - Epoch: 26, loss: 45.5674
[2026-05-30 10:03:42,833][root][INFO] - Epoch: 27, loss: 45.1952
[2026-05-30 10:03:42,904][root][INFO] - Epoch: 28, loss: 44.8336
[2026-05-30 10:03:42,974][root][INFO] - Epoch: 29, loss: 44.5002
[2026-05-30 10:03:43,045][root][INFO] - Epoch: 30, loss: 44.2172
[2026-05-30 10:03:43,115][root][INFO] - Epoch: 31, loss: 43.9121
[2026-05-30 10:03:43,184][root][INFO] - Epoch: 32, loss: 43.6467
[2026-05-30 10:03:43,254][root][INFO] - Epoch: 33, loss: 43.3381
[2026-05-30 10:03:43,324][root][INFO] - Epoch: 34, loss: 43.0508
[2026-05-30 10:03:43,393][root][INFO] - Epoch: 35, loss: 42.7888
[2026-05-30 10:03:43,464][root][INFO] - Epoch: 36, loss: 42.5498
[2026-05-30 10:03:43,536][root][INFO] - Epoch: 37, loss: 42.2310
[2026-05-30 10:03:43,606][root][INFO] - Epoch: 38, loss: 41.9523
[2026-05-30 10:03:43,677][root][INFO] - Epoch: 39, loss: 41.8406
[2026-05-30 10:03:43,747][root][INFO] - Epoch: 40, loss: 41.5852
[2026-05-30 10:03:43,821][root][INFO] - Epoch: 41, loss: 41.2624
[2026-05-30 10:03:43,895][root][INFO] - Epoch: 42, loss: 41.1992
[2026-05-30 10:03:43,967][root][INFO] - Epoch: 43, loss: 40.9073
[2026-05-30 10:03:44,039][root][INFO] - Epoch: 44, loss: 40.7254
[2026-05-30 10:03:44,109][root][INFO] - Epoch: 45, loss: 40.4605
[2026-05-30 10:03:44,180][root][INFO] - Epoch: 46, loss: 40.2981
[2026-05-30 10:03:44,250][root][INFO] - Epoch: 47, loss: 40.0253
[2026-05-30 10:03:44,320][root][INFO] - Epoch: 48, loss: 39.9177
[2026-05-30 10:03:44,389][root][INFO] - Epoch: 49, loss: 39.8228
[2026-05-30 10:03:44,459][root][INFO] - Epoch: 50, loss: 39.5814
[2026-05-30 10:03:44,531][root][INFO] - Epoch: 51, loss: 39.3861
[2026-05-30 10:03:44,601][root][INFO] - Epoch: 52, loss: 38.9968
[2026-05-30 10:03:44,672][root][INFO] - Epoch: 53, loss: 38.8392
[2026-05-30 10:03:44,744][root][INFO] - Epoch: 54, loss: 38.5999
[2026-05-30 10:03:44,814][root][INFO] - Epoch: 55, loss: 38.3297
[2026-05-30 10:03:44,884][root][INFO] - Epoch: 56, loss: 38.1304
[2026-05-30 10:03:44,955][root][INFO] - Epoch: 57, loss: 37.8628
[2026-05-30 10:03:45,027][root][INFO] - Epoch: 58, loss: 37.5318
[2026-05-30 10:03:45,099][root][INFO] - Epoch: 59, loss: 37.5809
[2026-05-30 10:03:45,168][root][INFO] - Epoch: 60, loss: 37.2876
[2026-05-30 10:03:45,238][root][INFO] - Epoch: 61, loss: 37.1697
[2026-05-30 10:03:45,307][root][INFO] - Epoch: 62, loss: 36.9477
[2026-05-30 10:03:45,377][root][INFO] - Epoch: 63, loss: 36.8791
[2026-05-30 10:03:45,447][root][INFO] - Epoch: 64, loss: 37.0004
[2026-05-30 10:03:45,517][root][INFO] - Epoch: 65, loss: 36.8279
[2026-05-30 10:03:45,588][root][INFO] - Epoch: 66, loss: 36.5384
[2026-05-30 10:03:45,657][root][INFO] - Epoch: 67, loss: 36.2796
[2026-05-30 10:03:45,726][root][INFO] - Epoch: 68, loss: 36.2452
[2026-05-30 10:03:45,796][root][INFO] - Epoch: 69, loss: 36.2849
[2026-05-30 10:03:45,867][root][INFO] - Epoch: 70, loss: 36.2596
[2026-05-30 10:03:45,938][root][INFO] - Epoch: 71, loss: 36.0037
[2026-05-30 10:03:46,009][root][INFO] - Epoch: 72, loss: 35.9480
[2026-05-30 10:03:46,081][root][INFO] - Epoch: 73, loss: 35.4106
[2026-05-30 10:03:46,151][root][INFO] - Epoch: 74, loss: 35.2835
[2026-05-30 10:03:46,222][root][INFO] - Epoch: 75, loss: 34.8569
[2026-05-30 10:03:46,292][root][INFO] - Epoch: 76, loss: 34.8150
[2026-05-30 10:03:46,363][root][INFO] - Epoch: 77, loss: 34.9358
[2026-05-30 10:03:46,433][root][INFO] - Epoch: 78, loss: 34.4618
[2026-05-30 10:03:46,503][root][INFO] - Epoch: 79, loss: 34.2369
[2026-05-30 10:03:46,573][root][INFO] - Epoch: 80, loss: 34.1051
[2026-05-30 10:03:46,643][root][INFO] - Epoch: 81, loss: 33.8723
[2026-05-30 10:03:46,713][root][INFO] - Epoch: 82, loss: 33.9009
[2026-05-30 10:03:46,782][root][INFO] - Epoch: 83, loss: 34.1029
[2026-05-30 10:03:46,852][root][INFO] - Epoch: 84, loss: 34.4689
[2026-05-30 10:03:46,923][root][INFO] - Epoch: 85, loss: 33.7688
[2026-05-30 10:03:46,995][root][INFO] - Epoch: 86, loss: 33.2638
[2026-05-30 10:03:47,065][root][INFO] - Epoch: 87, loss: 33.6549
[2026-05-30 10:03:47,135][root][INFO] - Epoch: 88, loss: 33.1636
[2026-05-30 10:03:47,206][root][INFO] - Epoch: 89, loss: 33.7803
[2026-05-30 10:03:47,277][root][INFO] - Epoch: 90, loss: 34.3687
[2026-05-30 10:03:47,348][root][INFO] - Epoch: 91, loss: 33.5961
[2026-05-30 10:03:47,422][root][INFO] - Epoch: 92, loss: 32.9407
[2026-05-30 10:03:47,495][root][INFO] - Epoch: 93, loss: 32.7658
[2026-05-30 10:03:47,565][root][INFO] - Epoch: 94, loss: 32.6438
[2026-05-30 10:03:47,635][root][INFO] - Epoch: 95, loss: 32.3398
[2026-05-30 10:03:47,705][root][INFO] - Epoch: 96, loss: 32.2418
[2026-05-30 10:03:47,790][root][INFO] - Epoch: 97, loss: 31.8910
[2026-05-30 10:03:47,861][root][INFO] - Epoch: 98, loss: 31.5524
[2026-05-30 10:03:47,931][root][INFO] - Epoch: 99, loss: 31.8847
[2026-05-30 10:03:48,001][root][INFO] - Epoch: 100, loss: 31.2601
[2026-05-30 10:03:48,070][root][INFO] - Epoch: 101, loss: 31.3729
[2026-05-30 10:03:48,140][root][INFO] - Epoch: 102, loss: 31.3711
[2026-05-30 10:03:48,212][root][INFO] - Epoch: 103, loss: 31.2574
[2026-05-30 10:03:48,282][root][INFO] - Epoch: 104, loss: 30.7402
[2026-05-30 10:03:48,352][root][INFO] - Epoch: 105, loss: 30.5625
[2026-05-30 10:03:48,423][root][INFO] - Epoch: 106, loss: 30.5780
[2026-05-30 10:03:48,493][root][INFO] - Epoch: 107, loss: 30.3326
[2026-05-30 10:03:48,563][root][INFO] - Epoch: 108, loss: 30.3310
[2026-05-30 10:03:48,635][root][INFO] - Epoch: 109, loss: 30.0946
[2026-05-30 10:03:48,705][root][INFO] - Epoch: 110, loss: 29.8619
[2026-05-30 10:03:48,776][root][INFO] - Epoch: 111, loss: 29.8678
[2026-05-30 10:03:48,846][root][INFO] - Epoch: 112, loss: 29.5481
[2026-05-30 10:03:48,916][root][INFO] - Epoch: 113, loss: 29.5190
[2026-05-30 10:03:48,986][root][INFO] - Epoch: 114, loss: 29.4672
[2026-05-30 10:03:49,055][root][INFO] - Epoch: 115, loss: 30.3880
[2026-05-30 10:03:49,125][root][INFO] - Epoch: 116, loss: 31.8240
[2026-05-30 10:03:49,196][root][INFO] - Epoch: 117, loss: 31.3122
[2026-05-30 10:03:49,267][root][INFO] - Epoch: 118, loss: 30.4423
[2026-05-30 10:03:49,338][root][INFO] - Epoch: 119, loss: 30.2551
[2026-05-30 10:03:49,408][root][INFO] - Epoch: 120, loss: 30.6787
[2026-05-30 10:03:49,479][root][INFO] - Epoch: 121, loss: 30.4737
[2026-05-30 10:03:49,550][root][INFO] - Epoch: 122, loss: 29.8639
[2026-05-30 10:03:49,621][root][INFO] - Epoch: 123, loss: 29.6836
[2026-05-30 10:03:49,692][root][INFO] - Epoch: 124, loss: 29.3021
[2026-05-30 10:03:49,763][root][INFO] - Epoch: 125, loss: 29.2882
[2026-05-30 10:03:49,834][root][INFO] - Epoch: 126, loss: 28.9763
[2026-05-30 10:03:49,905][root][INFO] - Epoch: 127, loss: 28.1786
[2026-05-30 10:03:49,975][root][INFO] - Epoch: 128, loss: 28.4231
[2026-05-30 10:03:50,046][root][INFO] - Epoch: 129, loss: 28.0112
[2026-05-30 10:03:50,116][root][INFO] - Epoch: 130, loss: 27.8047
[2026-05-30 10:03:50,188][root][INFO] - Epoch: 131, loss: 28.5585
[2026-05-30 10:03:50,258][root][INFO] - Epoch: 132, loss: 27.9993
[2026-05-30 10:03:50,329][root][INFO] - Epoch: 133, loss: 29.7701
[2026-05-30 10:03:50,400][root][INFO] - Epoch: 134, loss: 29.8816
[2026-05-30 10:03:50,471][root][INFO] - Epoch: 135, loss: 29.2903
[2026-05-30 10:03:50,542][root][INFO] - Epoch: 136, loss: 28.6607
[2026-05-30 10:03:50,613][root][INFO] - Epoch: 137, loss: 27.9988
[2026-05-30 10:03:50,683][root][INFO] - Epoch: 138, loss: 28.0633
[2026-05-30 10:03:50,755][root][INFO] - Epoch: 139, loss: 28.2059
[2026-05-30 10:03:50,827][root][INFO] - Epoch: 140, loss: 27.7703
[2026-05-30 10:03:50,897][root][INFO] - Epoch: 141, loss: 27.5445
[2026-05-30 10:03:50,967][root][INFO] - Epoch: 142, loss: 26.9269
[2026-05-30 10:03:51,037][root][INFO] - Epoch: 143, loss: 26.6443
[2026-05-30 10:03:51,107][root][INFO] - Epoch: 144, loss: 26.7747
[2026-05-30 10:03:51,177][root][INFO] - Epoch: 145, loss: 26.5420
[2026-05-30 10:03:51,249][root][INFO] - Epoch: 146, loss: 26.5545
[2026-05-30 10:03:51,320][root][INFO] - Epoch: 147, loss: 26.4371
[2026-05-30 10:03:51,391][root][INFO] - Epoch: 148, loss: 26.4927
[2026-05-30 10:03:51,462][root][INFO] - Epoch: 149, loss: 26.6789
[2026-05-30 10:03:51,533][root][INFO] - Epoch: 150, loss: 26.6886
[2026-05-30 10:03:51,604][root][INFO] - Epoch: 151, loss: 27.7397
[2026-05-30 10:03:51,675][root][INFO] - Epoch: 152, loss: 31.1399
[2026-05-30 10:03:51,746][root][INFO] - Epoch: 153, loss: 29.6867
[2026-05-30 10:03:51,818][root][INFO] - Epoch: 154, loss: 29.6397
[2026-05-30 10:03:51,889][root][INFO] - Epoch: 155, loss: 28.8095
[2026-05-30 10:03:51,961][root][INFO] - Epoch: 156, loss: 27.6492
[2026-05-30 10:03:52,032][root][INFO] - Epoch: 157, loss: 27.0162
[2026-05-30 10:03:52,103][root][INFO] - Epoch: 158, loss: 26.3092
[2026-05-30 10:03:52,173][root][INFO] - Epoch: 159, loss: 25.7605
[2026-05-30 10:03:52,243][root][INFO] - Epoch: 160, loss: 25.2054
[2026-05-30 10:03:52,314][root][INFO] - Epoch: 161, loss: 25.4195
[2026-05-30 10:03:52,385][root][INFO] - Epoch: 162, loss: 25.0757
[2026-05-30 10:03:52,456][root][INFO] - Epoch: 163, loss: 24.6475
[2026-05-30 10:03:52,528][root][INFO] - Epoch: 164, loss: 24.4503
[2026-05-30 10:03:52,600][root][INFO] - Epoch: 165, loss: 24.1508
[2026-05-30 10:03:52,671][root][INFO] - Epoch: 166, loss: 24.2484
[2026-05-30 10:03:52,742][root][INFO] - Epoch: 167, loss: 24.8998
[2026-05-30 10:03:52,813][root][INFO] - Epoch: 168, loss: 26.2702
[2026-05-30 10:03:52,884][root][INFO] - Epoch: 169, loss: 26.4829
[2026-05-30 10:03:52,955][root][INFO] - Epoch: 170, loss: 25.1311
[2026-05-30 10:03:53,027][root][INFO] - Epoch: 171, loss: 24.8155
[2026-05-30 10:03:53,096][root][INFO] - Epoch: 172, loss: 24.4243
[2026-05-30 10:03:53,165][root][INFO] - Epoch: 173, loss: 24.0607
[2026-05-30 10:03:53,234][root][INFO] - Epoch: 174, loss: 24.4282
[2026-05-30 10:03:53,303][root][INFO] - Epoch: 175, loss: 24.4052
[2026-05-30 10:03:53,372][root][INFO] - Epoch: 176, loss: 24.6100
[2026-05-30 10:03:53,441][root][INFO] - Epoch: 177, loss: 26.8917
[2026-05-30 10:03:53,512][root][INFO] - Epoch: 178, loss: 26.7834
[2026-05-30 10:03:53,583][root][INFO] - Epoch: 179, loss: 25.8433
[2026-05-30 10:03:53,653][root][INFO] - Epoch: 180, loss: 24.6128
[2026-05-30 10:03:53,724][root][INFO] - Epoch: 181, loss: 24.5117
[2026-05-30 10:03:53,796][root][INFO] - Epoch: 182, loss: 24.5905
[2026-05-30 10:03:53,867][root][INFO] - Epoch: 183, loss: 24.2323
[2026-05-30 10:03:53,937][root][INFO] - Epoch: 184, loss: 23.3231
[2026-05-30 10:03:54,008][root][INFO] - Epoch: 185, loss: 23.3674
[2026-05-30 10:03:54,079][root][INFO] - Epoch: 186, loss: 22.9064
[2026-05-30 10:03:54,149][root][INFO] - Epoch: 187, loss: 22.7012
[2026-05-30 10:03:54,218][root][INFO] - Epoch: 188, loss: 22.6470
[2026-05-30 10:03:54,288][root][INFO] - Epoch: 189, loss: 23.2748
[2026-05-30 10:03:54,358][root][INFO] - Epoch: 190, loss: 23.0739
[2026-05-30 10:03:54,428][root][INFO] - Epoch: 191, loss: 22.8920
[2026-05-30 10:03:54,499][root][INFO] - Epoch: 192, loss: 21.8344
[2026-05-30 10:03:54,570][root][INFO] - Epoch: 193, loss: 21.6381
[2026-05-30 10:03:54,641][root][INFO] - Epoch: 194, loss: 21.5237
[2026-05-30 10:03:54,711][root][INFO] - Epoch: 195, loss: 21.6119
[2026-05-30 10:03:54,784][root][INFO] - Epoch: 196, loss: 21.0952
[2026-05-30 10:03:54,854][root][INFO] - Epoch: 197, loss: 21.7598
[2026-05-30 10:03:54,925][root][INFO] - Epoch: 198, loss: 21.3536
[2026-05-30 10:03:54,996][root][INFO] - Epoch: 199, loss: 21.0360
[2026-05-30 10:03:55,066][root][INFO] - Epoch: 200, loss: 21.7925
[2026-05-30 10:03:55,100][root][INFO] - {'model_loss': '21.7925', 'recon_loss': '0.0000', 'triplet_loss': '21.7925'}
[2026-05-30 10:03:55,103][root][INFO] - Generation 30/400 - Time: 0.00 seconds
[2026-05-30 10:03:55,104][root][INFO] - {'coverage': '100.00', 'max_fitness': '-12.35', 'passive_coverage': '25.20', 'passive_max_fitness': '-12.35', 'passive_mean_fitness': '-58.12', 'passive_qd_score': '21491.51', 'qd_score': '90970.48', 'mean_fitness_top_k': '-33.08'}
[2026-05-30 10:03:56,181][root][INFO] - Generation 31/400 - Time: 0.00 seconds
[2026-05-30 10:03:56,182][root][INFO] - {'coverage': '100.00', 'max_fitness': '-12.35', 'passive_coverage': '25.29', 'passive_max_fitness': '-12.35', 'passive_mean_fitness': '-58.00', 'passive_qd_score': '21605.47', 'qd_score': '91330.78', 'mean_fitness_top_k': '-33.10'}
[2026-05-30 10:03:57,316][root][INFO] - Generation 32/400 - Time: 0.00 seconds
[2026-05-30 10:03:57,317][root][INFO] - {'coverage': '100.00', 'max_fitness': '-12.35', 'passive_coverage': '25.39', 'passive_max_fitness': '-12.35', 'passive_mean_fitness': '-58.18', 'passive_qd_score': '21641.91', 'qd_score': '91208.52', 'mean_fitness_top_k': '-33.46'}
[2026-05-30 10:03:58,442][root][INFO] - Generation 33/400 - Time: 0.00 seconds
[2026-05-30 10:03:58,443][root][INFO] - {'coverage': '100.00', 'max_fitness': '-12.35', 'passive_coverage': '25.68', 'passive_max_fitness': '-12.35', 'passive_mean_fitness': '-58.23', 'passive_qd_score': '21879.76', 'qd_score': '91345.32', 'mean_fitness_top_k': '-33.39'}
[2026-05-30 10:03:59,572][root][INFO] - Generation 34/400 - Time: 0.00 seconds
[2026-05-30 10:03:59,572][root][INFO] - {'coverage': '100.00', 'max_fitness': '-12.35', 'passive_coverage': '25.78', 'passive_max_fitness': '-12.35', 'passive_mean_fitness': '-58.08', 'passive_qd_score': '22002.91', 'qd_score': '91747.95', 'mean_fitness_top_k': '-32.81'}
[2026-05-30 10:04:00,733][root][INFO] - Generation 35/400 - Time: 0.00 seconds
[2026-05-30 10:04:00,734][root][INFO] - {'coverage': '100.00', 'max_fitness': '-12.35', 'passive_coverage': '25.78', 'passive_max_fitness': '-12.35', 'passive_mean_fitness': '-58.06', 'passive_qd_score': '22006.42', 'qd_score': '92122.73', 'mean_fitness_top_k': '-32.43'}
[2026-05-30 10:04:01,871][root][INFO] - Generation 36/400 - Time: 0.00 seconds
[2026-05-30 10:04:01,872][root][INFO] - {'coverage': '100.00', 'max_fitness': '-12.35', 'passive_coverage': '26.07', 'passive_max_fitness': '-12.35', 'passive_mean_fitness': '-57.91', 'passive_qd_score': '22297.53', 'qd_score': '92346.17', 'mean_fitness_top_k': '-31.84'}
[2026-05-30 10:04:03,061][root][INFO] - Generation 37/400 - Time: 0.00 seconds
[2026-05-30 10:04:03,062][root][INFO] - {'coverage': '100.00', 'max_fitness': '-12.35', 'passive_coverage': '26.17', 'passive_max_fitness': '-12.35', 'passive_mean_fitness': '-57.83', 'passive_qd_score': '22403.54', 'qd_score': '92460.84', 'mean_fitness_top_k': '-31.67'}
[2026-05-30 10:04:04,202][root][INFO] - Generation 38/400 - Time: 0.00 seconds
[2026-05-30 10:04:04,203][root][INFO] - {'coverage': '100.00', 'max_fitness': '-12.35', 'passive_coverage': '26.46', 'passive_max_fitness': '-12.35', 'passive_mean_fitness': '-57.73', 'passive_qd_score': '22679.77', 'qd_score': '92646.75', 'mean_fitness_top_k': '-31.25'}
[2026-05-30 10:04:05,336][root][INFO] - Generation 39/400 - Time: 0.00 seconds
[2026-05-30 10:04:05,337][root][INFO] - {'coverage': '100.00', 'max_fitness': '-12.35', 'passive_coverage': '26.56', 'passive_max_fitness': '-12.35', 'passive_mean_fitness': '-57.92', 'passive_qd_score': '22711.75', 'qd_score': '92609.81', 'mean_fitness_top_k': '-31.69'}
[2026-05-30 10:04:06,466][root][INFO] - Generation 40/400 - Time: 0.00 seconds
[2026-05-30 10:04:06,467][root][INFO] - {'coverage': '100.00', 'max_fitness': '-12.35', 'passive_coverage': '26.66', 'passive_max_fitness': '-12.35', 'passive_mean_fitness': '-57.87', 'passive_qd_score': '22809.11', 'qd_score': '93000.39', 'mean_fitness_top_k': '-31.83'}
[2026-05-30 10:04:07,603][root][INFO] - Generation 41/400 - Time: 0.00 seconds
[2026-05-30 10:04:07,604][root][INFO] - {'coverage': '100.00', 'max_fitness': '-12.35', 'passive_coverage': '26.86', 'passive_max_fitness': '-12.35', 'passive_mean_fitness': '-57.86', 'passive_qd_score': '22978.07', 'qd_score': '93172.12', 'mean_fitness_top_k': '-31.09'}
[2026-05-30 10:04:08,737][root][INFO] - Updating AE...
[2026-05-30 10:04:09,490][root][INFO] - Epoch: 1, loss: 748.6064
[2026-05-30 10:04:09,560][root][INFO] - Epoch: 2, loss: 400.0963
[2026-05-30 10:04:09,629][root][INFO] - Epoch: 3, loss: 397.6085
[2026-05-30 10:04:09,699][root][INFO] - Epoch: 4, loss: 389.1451
[2026-05-30 10:04:09,770][root][INFO] - Epoch: 5, loss: 381.3138
[2026-05-30 10:04:09,842][root][INFO] - Epoch: 6, loss: 378.5372
[2026-05-30 10:04:09,921][root][INFO] - Epoch: 7, loss: 375.9708
[2026-05-30 10:04:09,995][root][INFO] - Epoch: 8, loss: 373.0440
[2026-05-30 10:04:10,064][root][INFO] - Epoch: 9, loss: 370.4222
[2026-05-30 10:04:10,134][root][INFO] - Epoch: 10, loss: 367.5052
[2026-05-30 10:04:10,205][root][INFO] - Epoch: 11, loss: 364.6201
[2026-05-30 10:04:10,275][root][INFO] - Epoch: 12, loss: 362.2779
[2026-05-30 10:04:10,344][root][INFO] - Epoch: 13, loss: 360.5322
[2026-05-30 10:04:10,415][root][INFO] - Epoch: 14, loss: 358.1806
[2026-05-30 10:04:10,486][root][INFO] - Epoch: 15, loss: 356.4916
[2026-05-30 10:04:10,556][root][INFO] - Epoch: 16, loss: 355.0505
[2026-05-30 10:04:10,628][root][INFO] - Epoch: 17, loss: 353.7238
[2026-05-30 10:04:10,698][root][INFO] - Epoch: 18, loss: 351.1118
[2026-05-30 10:04:10,770][root][INFO] - Epoch: 19, loss: 348.4535
[2026-05-30 10:04:10,841][root][INFO] - Epoch: 20, loss: 347.0014
[2026-05-30 10:04:10,912][root][INFO] - Epoch: 21, loss: 344.9492
[2026-05-30 10:04:10,984][root][INFO] - Epoch: 22, loss: 341.9451
[2026-05-30 10:04:11,054][root][INFO] - Epoch: 23, loss: 341.0349
[2026-05-30 10:04:11,126][root][INFO] - Epoch: 24, loss: 338.3006
[2026-05-30 10:04:11,197][root][INFO] - Epoch: 25, loss: 337.7049
[2026-05-30 10:04:11,268][root][INFO] - Epoch: 26, loss: 335.9397
[2026-05-30 10:04:11,338][root][INFO] - Epoch: 27, loss: 334.7712
[2026-05-30 10:04:11,408][root][INFO] - Epoch: 28, loss: 334.8600
[2026-05-30 10:04:11,481][root][INFO] - Epoch: 29, loss: 333.0269
[2026-05-30 10:04:11,552][root][INFO] - Epoch: 30, loss: 332.9652
[2026-05-30 10:04:11,622][root][INFO] - Epoch: 31, loss: 331.7933
[2026-05-30 10:04:11,693][root][INFO] - Epoch: 32, loss: 329.0715
[2026-05-30 10:04:11,767][root][INFO] - Epoch: 33, loss: 327.1814
[2026-05-30 10:04:11,841][root][INFO] - Epoch: 34, loss: 325.6280
[2026-05-30 10:04:11,921][root][INFO] - Epoch: 35, loss: 324.1412
[2026-05-30 10:04:11,994][root][INFO] - Epoch: 36, loss: 322.8303
[2026-05-30 10:04:12,065][root][INFO] - Epoch: 37, loss: 323.3828
[2026-05-30 10:04:12,134][root][INFO] - Epoch: 38, loss: 322.2615
[2026-05-30 10:04:12,204][root][INFO] - Epoch: 39, loss: 319.5374
[2026-05-30 10:04:12,275][root][INFO] - Epoch: 40, loss: 317.7422
[2026-05-30 10:04:12,344][root][INFO] - Epoch: 41, loss: 314.5751
[2026-05-30 10:04:12,415][root][INFO] - Epoch: 42, loss: 313.5717
[2026-05-30 10:04:12,486][root][INFO] - Epoch: 43, loss: 313.5096
[2026-05-30 10:04:12,557][root][INFO] - Epoch: 44, loss: 311.3006
[2026-05-30 10:04:12,628][root][INFO] - Epoch: 45, loss: 309.4339
[2026-05-30 10:04:12,699][root][INFO] - Epoch: 46, loss: 307.9918
[2026-05-30 10:04:12,770][root][INFO] - Epoch: 47, loss: 307.4802
[2026-05-30 10:04:12,841][root][INFO] - Epoch: 48, loss: 307.0132
[2026-05-30 10:04:12,912][root][INFO] - Epoch: 49, loss: 308.1394
[2026-05-30 10:04:12,982][root][INFO] - Epoch: 50, loss: 304.0765
[2026-05-30 10:04:13,054][root][INFO] - Epoch: 51, loss: 302.6088
[2026-05-30 10:04:13,123][root][INFO] - Epoch: 52, loss: 300.8247
[2026-05-30 10:04:13,193][root][INFO] - Epoch: 53, loss: 299.4236
[2026-05-30 10:04:13,262][root][INFO] - Epoch: 54, loss: 297.7708
[2026-05-30 10:04:13,332][root][INFO] - Epoch: 55, loss: 296.0126
[2026-05-30 10:04:13,402][root][INFO] - Epoch: 56, loss: 294.9250
[2026-05-30 10:04:13,473][root][INFO] - Epoch: 57, loss: 295.2001
[2026-05-30 10:04:13,545][root][INFO] - Epoch: 58, loss: 294.9817
[2026-05-30 10:04:13,617][root][INFO] - Epoch: 59, loss: 289.8300
[2026-05-30 10:04:13,689][root][INFO] - Epoch: 60, loss: 289.0827
[2026-05-30 10:04:13,760][root][INFO] - Epoch: 61, loss: 290.1906
[2026-05-30 10:04:13,831][root][INFO] - Epoch: 62, loss: 286.2545
[2026-05-30 10:04:13,902][root][INFO] - Epoch: 63, loss: 286.0484
[2026-05-30 10:04:13,971][root][INFO] - Epoch: 64, loss: 286.2705
[2026-05-30 10:04:14,042][root][INFO] - Epoch: 65, loss: 288.4990
[2026-05-30 10:04:14,112][root][INFO] - Epoch: 66, loss: 282.7259
[2026-05-30 10:04:14,181][root][INFO] - Epoch: 67, loss: 281.3625
[2026-05-30 10:04:14,250][root][INFO] - Epoch: 68, loss: 279.4557
[2026-05-30 10:04:14,320][root][INFO] - Epoch: 69, loss: 278.4317
[2026-05-30 10:04:14,390][root][INFO] - Epoch: 70, loss: 278.2666
[2026-05-30 10:04:14,460][root][INFO] - Epoch: 71, loss: 276.8147
[2026-05-30 10:04:14,533][root][INFO] - Epoch: 72, loss: 280.8927
[2026-05-30 10:04:14,605][root][INFO] - Epoch: 73, loss: 279.3393
[2026-05-30 10:04:14,676][root][INFO] - Epoch: 74, loss: 280.7086
[2026-05-30 10:04:14,747][root][INFO] - Epoch: 75, loss: 273.1195
[2026-05-30 10:04:14,819][root][INFO] - Epoch: 76, loss: 274.0561
[2026-05-30 10:04:14,890][root][INFO] - Epoch: 77, loss: 271.4992
[2026-05-30 10:04:14,961][root][INFO] - Epoch: 78, loss: 270.1416
[2026-05-30 10:04:15,033][root][INFO] - Epoch: 79, loss: 270.1273
[2026-05-30 10:04:15,104][root][INFO] - Epoch: 80, loss: 269.1659
[2026-05-30 10:04:15,175][root][INFO] - Epoch: 81, loss: 284.2648
[2026-05-30 10:04:15,246][root][INFO] - Epoch: 82, loss: 286.5146
[2026-05-30 10:04:15,317][root][INFO] - Epoch: 83, loss: 282.6228
[2026-05-30 10:04:15,388][root][INFO] - Epoch: 84, loss: 271.6050
[2026-05-30 10:04:15,459][root][INFO] - Epoch: 85, loss: 273.3737
[2026-05-30 10:04:15,530][root][INFO] - Epoch: 86, loss: 269.3788
[2026-05-30 10:04:15,601][root][INFO] - Epoch: 87, loss: 266.9462
[2026-05-30 10:04:15,671][root][INFO] - Epoch: 88, loss: 263.0770
[2026-05-30 10:04:15,743][root][INFO] - Epoch: 89, loss: 266.2145
[2026-05-30 10:04:15,814][root][INFO] - Epoch: 90, loss: 257.5123
[2026-05-30 10:04:15,885][root][INFO] - Epoch: 91, loss: 259.9476
[2026-05-30 10:04:15,956][root][INFO] - Epoch: 92, loss: 248.7987
[2026-05-30 10:04:16,027][root][INFO] - Epoch: 93, loss: 254.4766
[2026-05-30 10:04:16,098][root][INFO] - Epoch: 94, loss: 254.5987
[2026-05-30 10:04:16,169][root][INFO] - Epoch: 95, loss: 248.3311
[2026-05-30 10:04:16,240][root][INFO] - Epoch: 96, loss: 248.9966
[2026-05-30 10:04:16,312][root][INFO] - Epoch: 97, loss: 252.9808
[2026-05-30 10:04:16,382][root][INFO] - Epoch: 98, loss: 269.7497
[2026-05-30 10:04:16,454][root][INFO] - Epoch: 99, loss: 274.6660
[2026-05-30 10:04:16,525][root][INFO] - Epoch: 100, loss: 260.0482
[2026-05-30 10:04:16,595][root][INFO] - Epoch: 101, loss: 247.8546
[2026-05-30 10:04:16,666][root][INFO] - Epoch: 102, loss: 254.4272
[2026-05-30 10:04:16,738][root][INFO] - Epoch: 103, loss: 252.6289
[2026-05-30 10:04:16,809][root][INFO] - Epoch: 104, loss: 244.1852
[2026-05-30 10:04:16,880][root][INFO] - Epoch: 105, loss: 239.4654
[2026-05-30 10:04:16,951][root][INFO] - Epoch: 106, loss: 244.0456
[2026-05-30 10:04:17,022][root][INFO] - Epoch: 107, loss: 249.1564
[2026-05-30 10:04:17,093][root][INFO] - Epoch: 108, loss: 274.6780
[2026-05-30 10:04:17,163][root][INFO] - Epoch: 109, loss: 317.1209
[2026-05-30 10:04:17,234][root][INFO] - Epoch: 110, loss: 339.7204
[2026-05-30 10:04:17,306][root][INFO] - Epoch: 111, loss: 339.3551
[2026-05-30 10:04:17,377][root][INFO] - Epoch: 112, loss: 327.9445
[2026-05-30 10:04:17,449][root][INFO] - Epoch: 113, loss: 319.6657
[2026-05-30 10:04:17,520][root][INFO] - Epoch: 114, loss: 308.2092
[2026-05-30 10:04:17,591][root][INFO] - Epoch: 115, loss: 302.1343
[2026-05-30 10:04:17,661][root][INFO] - Epoch: 116, loss: 294.1194
[2026-05-30 10:04:17,662][root][INFO] - Early stopping at epoch: 115
[2026-05-30 10:04:17,692][root][INFO] - {'model_loss': '294.1194', 'recon_loss': '0.0000', 'triplet_loss': '294.1194'}
[2026-05-30 10:04:17,696][root][INFO] - Updating AE...
[2026-05-30 10:04:18,437][root][INFO] - Epoch: 1, loss: 177.6592
[2026-05-30 10:04:18,506][root][INFO] - Epoch: 2, loss: 123.0242
[2026-05-30 10:04:18,576][root][INFO] - Epoch: 3, loss: 110.9669
[2026-05-30 10:04:18,646][root][INFO] - Epoch: 4, loss: 104.5750
[2026-05-30 10:04:18,715][root][INFO] - Epoch: 5, loss: 100.0554
[2026-05-30 10:04:18,785][root][INFO] - Epoch: 6, loss: 96.8513
[2026-05-30 10:04:18,855][root][INFO] - Epoch: 7, loss: 94.0475
[2026-05-30 10:04:18,926][root][INFO] - Epoch: 8, loss: 91.5984
[2026-05-30 10:04:18,995][root][INFO] - Epoch: 9, loss: 90.0377
[2026-05-30 10:04:19,065][root][INFO] - Epoch: 10, loss: 88.3417
[2026-05-30 10:04:19,135][root][INFO] - Epoch: 11, loss: 86.9410
[2026-05-30 10:04:19,206][root][INFO] - Epoch: 12, loss: 86.4231
[2026-05-30 10:04:19,277][root][INFO] - Epoch: 13, loss: 86.2323
[2026-05-30 10:04:19,347][root][INFO] - Epoch: 14, loss: 83.6500
[2026-05-30 10:04:19,418][root][INFO] - Epoch: 15, loss: 82.4862
[2026-05-30 10:04:19,489][root][INFO] - Epoch: 16, loss: 81.0828
[2026-05-30 10:04:19,560][root][INFO] - Epoch: 17, loss: 81.5350
[2026-05-30 10:04:19,630][root][INFO] - Epoch: 18, loss: 81.6236
[2026-05-30 10:04:19,698][root][INFO] - Epoch: 19, loss: 79.5275
[2026-05-30 10:04:19,767][root][INFO] - Epoch: 20, loss: 77.8229
[2026-05-30 10:04:19,839][root][INFO] - Epoch: 21, loss: 75.8507
[2026-05-30 10:04:19,909][root][INFO] - Epoch: 22, loss: 74.2324
[2026-05-30 10:04:19,980][root][INFO] - Epoch: 23, loss: 73.8708
[2026-05-30 10:04:20,051][root][INFO] - Epoch: 24, loss: 73.5296
[2026-05-30 10:04:20,121][root][INFO] - Epoch: 25, loss: 73.9334
[2026-05-30 10:04:20,192][root][INFO] - Epoch: 26, loss: 71.6629
[2026-05-30 10:04:20,263][root][INFO] - Epoch: 27, loss: 71.9174
[2026-05-30 10:04:20,334][root][INFO] - Epoch: 28, loss: 71.0732
[2026-05-30 10:04:20,405][root][INFO] - Epoch: 29, loss: 70.0642
[2026-05-30 10:04:20,475][root][INFO] - Epoch: 30, loss: 72.9145
[2026-05-30 10:04:20,547][root][INFO] - Epoch: 31, loss: 73.1381
[2026-05-30 10:04:20,619][root][INFO] - Epoch: 32, loss: 73.7054
[2026-05-30 10:04:20,688][root][INFO] - Epoch: 33, loss: 72.1996
[2026-05-30 10:04:20,760][root][INFO] - Epoch: 34, loss: 79.6610
[2026-05-30 10:04:20,830][root][INFO] - Epoch: 35, loss: 82.2173
[2026-05-30 10:04:20,901][root][INFO] - Epoch: 36, loss: 78.9104
[2026-05-30 10:04:20,973][root][INFO] - Epoch: 37, loss: 75.4733
[2026-05-30 10:04:21,044][root][INFO] - Epoch: 38, loss: 73.8321
[2026-05-30 10:04:21,115][root][INFO] - Epoch: 39, loss: 72.7871
[2026-05-30 10:04:21,187][root][INFO] - Epoch: 40, loss: 71.6168
[2026-05-30 10:04:21,187][root][INFO] - Early stopping at epoch: 39
[2026-05-30 10:04:21,221][root][INFO] - {'model_loss': '71.6168', 'recon_loss': '0.0000', 'triplet_loss': '71.6168'}
[2026-05-30 10:04:21,225][root][INFO] - Generation 42/400 - Time: 0.00 seconds
[2026-05-30 10:04:21,225][root][INFO] - {'coverage': '100.00', 'max_fitness': '-12.35', 'passive_coverage': '27.05', 'passive_max_fitness': '-12.35', 'passive_mean_fitness': '-57.63', 'passive_qd_score': '23209.96', 'qd_score': '93354.58', 'mean_fitness_top_k': '-30.86'}
[2026-05-30 10:04:22,221][root][INFO] - Generation 43/400 - Time: 0.00 seconds
[2026-05-30 10:04:22,222][root][INFO] - {'coverage': '100.00', 'max_fitness': '-12.35', 'passive_coverage': '27.25', 'passive_max_fitness': '-12.35', 'passive_mean_fitness': '-57.77', 'passive_qd_score': '23338.69', 'qd_score': '91154.63', 'mean_fitness_top_k': '-31.66'}
[2026-05-30 10:04:23,207][root][INFO] - Generation 44/400 - Time: 0.00 seconds
[2026-05-30 10:04:23,208][root][INFO] - {'coverage': '100.00', 'max_fitness': '-12.35', 'passive_coverage': '27.64', 'passive_max_fitness': '-12.35', 'passive_mean_fitness': '-57.63', 'passive_qd_score': '23714.04', 'qd_score': '91268.70', 'mean_fitness_top_k': '-31.35'}
[2026-05-30 10:04:24,193][root][INFO] - Generation 45/400 - Time: 0.00 seconds
[2026-05-30 10:04:24,194][root][INFO] - {'coverage': '100.00', 'max_fitness': '-12.35', 'passive_coverage': '27.93', 'passive_max_fitness': '-12.35', 'passive_mean_fitness': '-57.51', 'passive_qd_score': '23999.39', 'qd_score': '91703.89', 'mean_fitness_top_k': '-30.65'}
[2026-05-30 10:04:25,176][root][INFO] - Generation 46/400 - Time: 0.00 seconds
[2026-05-30 10:04:25,177][root][INFO] - {'coverage': '100.00', 'max_fitness': '-12.31', 'passive_coverage': '28.12', 'passive_max_fitness': '-12.31', 'passive_mean_fitness': '-57.38', 'passive_qd_score': '24203.80', 'qd_score': '92001.24', 'mean_fitness_top_k': '-29.74'}
[2026-05-30 10:04:26,160][root][INFO] - Generation 47/400 - Time: 0.00 seconds
[2026-05-30 10:04:26,161][root][INFO] - {'coverage': '100.00', 'max_fitness': '-12.31', 'passive_coverage': '28.42', 'passive_max_fitness': '-12.31', 'passive_mean_fitness': '-57.67', 'passive_qd_score': '24370.57', 'qd_score': '91964.34', 'mean_fitness_top_k': '-29.56'}
[2026-05-30 10:04:27,302][root][INFO] - Generation 48/400 - Time: 0.00 seconds
[2026-05-30 10:04:27,303][root][INFO] - {'coverage': '100.00', 'max_fitness': '-12.31', 'passive_coverage': '28.81', 'passive_max_fitness': '-12.31', 'passive_mean_fitness': '-57.81', 'passive_qd_score': '24665.84', 'qd_score': '91853.16', 'mean_fitness_top_k': '-29.47'}
[2026-05-30 10:04:28,476][root][INFO] - Generation 49/400 - Time: 0.00 seconds
[2026-05-30 10:04:28,477][root][INFO] - {'coverage': '100.00', 'max_fitness': '-12.31', 'passive_coverage': '28.91', 'passive_max_fitness': '-12.31', 'passive_mean_fitness': '-57.74', 'passive_qd_score': '24770.04', 'qd_score': '92077.91', 'mean_fitness_top_k': '-29.50'}
[2026-05-30 10:04:29,611][root][INFO] - Extinction event...
[2026-05-30 10:04:29,612][root][INFO] - Saving snapshot to runs/20260530_100147_kheperax_seed42/plots/latent_generation_250_before_ext.png
[2026-05-30 10:04:32,063][root][INFO] - Saving snapshot to runs/20260530_100147_kheperax_seed42/plots/latent_generation_250_after_ext.png
[2026-05-30 10:04:33,066][root][INFO] - Generation 50/400 - Time: 0.00 seconds
[2026-05-30 10:04:33,067][root][INFO] - {'coverage': '100.00', 'max_fitness': '-12.31', 'passive_coverage': '29.20', 'passive_max_fitness': '-12.31', 'passive_mean_fitness': '-57.85', 'passive_qd_score': '24986.79', 'qd_score': '92335.34', 'mean_fitness_top_k': '-28.97'}
[2026-05-30 10:04:34,211][root][INFO] - Generation 51/400 - Time: 0.00 seconds
[2026-05-30 10:04:34,212][root][INFO] - {'coverage': '100.00', 'max_fitness': '-12.31', 'passive_coverage': '29.88', 'passive_max_fitness': '-12.31', 'passive_mean_fitness': '-57.94', 'passive_qd_score': '25546.13', 'qd_score': '81809.57', 'mean_fitness_top_k': '-39.39'}
[2026-05-30 10:04:35,302][root][INFO] - Generation 52/400 - Time: 0.00 seconds
[2026-05-30 10:04:35,303][root][INFO] - {'coverage': '100.00', 'max_fitness': '-12.31', 'passive_coverage': '30.18', 'passive_max_fitness': '-12.31', 'passive_mean_fitness': '-58.07', 'passive_qd_score': '25755.50', 'qd_score': '84773.84', 'mean_fitness_top_k': '-37.70'}
[2026-05-30 10:04:36,307][root][INFO] - Generation 53/400 - Time: 0.00 seconds
[2026-05-30 10:04:36,308][root][INFO] - {'coverage': '100.00', 'max_fitness': '-12.31', 'passive_coverage': '30.18', 'passive_max_fitness': '-12.31', 'passive_mean_fitness': '-58.06', 'passive_qd_score': '25757.69', 'qd_score': '86008.91', 'mean_fitness_top_k': '-37.20'}
[2026-05-30 10:04:37,349][root][INFO] - Generation 54/400 - Time: 0.00 seconds
[2026-05-30 10:04:37,350][root][INFO] - {'coverage': '100.00', 'max_fitness': '-12.31', 'passive_coverage': '30.47', 'passive_max_fitness': '-12.31', 'passive_mean_fitness': '-58.14', 'passive_qd_score': '25982.87', 'qd_score': '87258.94', 'mean_fitness_top_k': '-35.67'}
[2026-05-30 10:04:38,362][root][INFO] - Generation 55/400 - Time: 0.00 seconds
[2026-05-30 10:04:38,363][root][INFO] - {'coverage': '100.00', 'max_fitness': '-12.31', 'passive_coverage': '30.47', 'passive_max_fitness': '-12.31', 'passive_mean_fitness': '-58.13', 'passive_qd_score': '25986.02', 'qd_score': '88440.54', 'mean_fitness_top_k': '-34.86'}
[2026-05-30 10:04:38,365][root][INFO] - Saving snapshot to runs/20260530_100147_kheperax_seed42/plots/latent_generation_275_5_gens_after_ext_gen250.png
[2026-05-30 10:04:40,508][root][INFO] - Updating AE...
[2026-05-30 10:04:41,425][root][INFO] - Epoch: 1, loss: 301.6983
[2026-05-30 10:04:41,496][root][INFO] - Epoch: 2, loss: 276.8180
[2026-05-30 10:04:41,567][root][INFO] - Epoch: 3, loss: 266.5737
[2026-05-30 10:04:41,638][root][INFO] - Epoch: 4, loss: 260.1342
[2026-05-30 10:04:41,708][root][INFO] - Epoch: 5, loss: 259.7887
[2026-05-30 10:04:41,780][root][INFO] - Epoch: 6, loss: 250.4168
[2026-05-30 10:04:41,851][root][INFO] - Epoch: 7, loss: 245.9005
[2026-05-30 10:04:41,923][root][INFO] - Epoch: 8, loss: 241.4262
[2026-05-30 10:04:41,995][root][INFO] - Epoch: 9, loss: 240.9305
[2026-05-30 10:04:42,067][root][INFO] - Epoch: 10, loss: 234.2845
[2026-05-30 10:04:42,138][root][INFO] - Epoch: 11, loss: 229.3202
[2026-05-30 10:04:42,209][root][INFO] - Epoch: 12, loss: 223.3200
[2026-05-30 10:04:42,280][root][INFO] - Epoch: 13, loss: 222.5114
[2026-05-30 10:04:42,351][root][INFO] - Epoch: 14, loss: 225.2486
[2026-05-30 10:04:42,422][root][INFO] - Epoch: 15, loss: 219.3215
[2026-05-30 10:04:42,493][root][INFO] - Epoch: 16, loss: 213.8668
[2026-05-30 10:04:42,563][root][INFO] - Epoch: 17, loss: 212.6974
[2026-05-30 10:04:42,635][root][INFO] - Epoch: 18, loss: 205.3132
[2026-05-30 10:04:42,706][root][INFO] - Epoch: 19, loss: 205.8630
[2026-05-30 10:04:42,777][root][INFO] - Epoch: 20, loss: 208.0020
[2026-05-30 10:04:42,849][root][INFO] - Epoch: 21, loss: 209.8134
[2026-05-30 10:04:42,920][root][INFO] - Epoch: 22, loss: 206.2163
[2026-05-30 10:04:42,991][root][INFO] - Epoch: 23, loss: 197.6951
[2026-05-30 10:04:43,065][root][INFO] - Epoch: 24, loss: 203.9817
[2026-05-30 10:04:43,137][root][INFO] - Epoch: 25, loss: 211.3181
[2026-05-30 10:04:43,207][root][INFO] - Epoch: 26, loss: 247.9566
[2026-05-30 10:04:43,279][root][INFO] - Epoch: 27, loss: 296.7524
[2026-05-30 10:04:43,350][root][INFO] - Epoch: 28, loss: 240.8507
[2026-05-30 10:04:43,421][root][INFO] - Epoch: 29, loss: 240.0382
[2026-05-30 10:04:43,493][root][INFO] - Epoch: 30, loss: 229.1860
[2026-05-30 10:04:43,564][root][INFO] - Epoch: 31, loss: 228.0771
[2026-05-30 10:04:43,634][root][INFO] - Epoch: 32, loss: 217.8292
[2026-05-30 10:04:43,706][root][INFO] - Epoch: 33, loss: 210.3333
[2026-05-30 10:04:43,778][root][INFO] - Epoch: 34, loss: 202.9360
[2026-05-30 10:04:43,779][root][INFO] - Early stopping at epoch: 33
[2026-05-30 10:04:43,808][root][INFO] - {'model_loss': '202.9360', 'recon_loss': '0.0000', 'triplet_loss': '202.9360'}
[2026-05-30 10:04:43,813][root][INFO] - Updating AE...
[2026-05-30 10:04:44,590][root][INFO] - Epoch: 1, loss: 82.6972
[2026-05-30 10:04:44,663][root][INFO] - Epoch: 2, loss: 47.8509
[2026-05-30 10:04:44,735][root][INFO] - Epoch: 3, loss: 37.5851
[2026-05-30 10:04:44,807][root][INFO] - Epoch: 4, loss: 33.9571
[2026-05-30 10:04:44,878][root][INFO] - Epoch: 5, loss: 32.8726
[2026-05-30 10:04:44,949][root][INFO] - Epoch: 6, loss: 31.7192
[2026-05-30 10:04:45,021][root][INFO] - Epoch: 7, loss: 31.1477
[2026-05-30 10:04:45,092][root][INFO] - Epoch: 8, loss: 30.7698
[2026-05-30 10:04:45,164][root][INFO] - Epoch: 9, loss: 30.2571
[2026-05-30 10:04:45,237][root][INFO] - Epoch: 10, loss: 29.7979
[2026-05-30 10:04:45,309][root][INFO] - Epoch: 11, loss: 29.3966
[2026-05-30 10:04:45,381][root][INFO] - Epoch: 12, loss: 29.2006
[2026-05-30 10:04:45,453][root][INFO] - Epoch: 13, loss: 28.8165
[2026-05-30 10:04:45,524][root][INFO] - Epoch: 14, loss: 28.5290
[2026-05-30 10:04:45,595][root][INFO] - Epoch: 15, loss: 28.2901
[2026-05-30 10:04:45,665][root][INFO] - Epoch: 16, loss: 28.2085
[2026-05-30 10:04:45,735][root][INFO] - Epoch: 17, loss: 27.9741
[2026-05-30 10:04:45,809][root][INFO] - Epoch: 18, loss: 27.7339
[2026-05-30 10:04:45,880][root][INFO] - Epoch: 19, loss: 27.3960
[2026-05-30 10:04:45,951][root][INFO] - Epoch: 20, loss: 27.4909
[2026-05-30 10:04:46,022][root][INFO] - Epoch: 21, loss: 27.0818
[2026-05-30 10:04:46,094][root][INFO] - Epoch: 22, loss: 26.9811
[2026-05-30 10:04:46,165][root][INFO] - Epoch: 23, loss: 26.7040
[2026-05-30 10:04:46,235][root][INFO] - Epoch: 24, loss: 26.5156
[2026-05-30 10:04:46,305][root][INFO] - Epoch: 25, loss: 26.2925
[2026-05-30 10:04:46,382][root][INFO] - Epoch: 26, loss: 26.0137
[2026-05-30 10:04:46,452][root][INFO] - Epoch: 27, loss: 25.8535
[2026-05-30 10:04:46,522][root][INFO] - Epoch: 28, loss: 25.6709
[2026-05-30 10:04:46,591][root][INFO] - Epoch: 29, loss: 25.5794
[2026-05-30 10:04:46,660][root][INFO] - Epoch: 30, loss: 25.5300
[2026-05-30 10:04:46,729][root][INFO] - Epoch: 31, loss: 25.1521
[2026-05-30 10:04:46,799][root][INFO] - Epoch: 32, loss: 25.3246
[2026-05-30 10:04:46,869][root][INFO] - Epoch: 33, loss: 24.9044
[2026-05-30 10:04:46,940][root][INFO] - Epoch: 34, loss: 25.4343
[2026-05-30 10:04:47,011][root][INFO] - Epoch: 35, loss: 25.4184
[2026-05-30 10:04:47,082][root][INFO] - Epoch: 36, loss: 25.1689
[2026-05-30 10:04:47,153][root][INFO] - Epoch: 37, loss: 25.1344
[2026-05-30 10:04:47,223][root][INFO] - Epoch: 38, loss: 26.1660
[2026-05-30 10:04:47,294][root][INFO] - Epoch: 39, loss: 30.3930
[2026-05-30 10:04:47,365][root][INFO] - Epoch: 40, loss: 27.8525
[2026-05-30 10:04:47,436][root][INFO] - Epoch: 41, loss: 27.0118
[2026-05-30 10:04:47,507][root][INFO] - Epoch: 42, loss: 25.6562
[2026-05-30 10:04:47,577][root][INFO] - Epoch: 43, loss: 25.2637
[2026-05-30 10:04:47,648][root][INFO] - Epoch: 44, loss: 24.8163
[2026-05-30 10:04:47,719][root][INFO] - Epoch: 45, loss: 24.5802
[2026-05-30 10:04:47,790][root][INFO] - Epoch: 46, loss: 24.2782
[2026-05-30 10:04:47,861][root][INFO] - Epoch: 47, loss: 24.4616
[2026-05-30 10:04:47,932][root][INFO] - Epoch: 48, loss: 23.9875
[2026-05-30 10:04:48,004][root][INFO] - Epoch: 49, loss: 23.8820
[2026-05-30 10:04:48,075][root][INFO] - Epoch: 50, loss: 23.7079
[2026-05-30 10:04:48,146][root][INFO] - Epoch: 51, loss: 23.5012
[2026-05-30 10:04:48,217][root][INFO] - Epoch: 52, loss: 23.4953
[2026-05-30 10:04:48,288][root][INFO] - Epoch: 53, loss: 23.3532
[2026-05-30 10:04:48,358][root][INFO] - Epoch: 54, loss: 23.1855
[2026-05-30 10:04:48,429][root][INFO] - Epoch: 55, loss: 23.1158
[2026-05-30 10:04:48,501][root][INFO] - Epoch: 56, loss: 23.1613
[2026-05-30 10:04:48,571][root][INFO] - Epoch: 57, loss: 23.0660
[2026-05-30 10:04:48,643][root][INFO] - Epoch: 58, loss: 22.9862
[2026-05-30 10:04:48,714][root][INFO] - Epoch: 59, loss: 22.8189
[2026-05-30 10:04:48,784][root][INFO] - Epoch: 60, loss: 22.9468
[2026-05-30 10:04:48,855][root][INFO] - Epoch: 61, loss: 23.1192
[2026-05-30 10:04:48,925][root][INFO] - Epoch: 62, loss: 22.5267
[2026-05-30 10:04:48,996][root][INFO] - Epoch: 63, loss: 22.1884
[2026-05-30 10:04:49,067][root][INFO] - Epoch: 64, loss: 22.1849
[2026-05-30 10:04:49,137][root][INFO] - Epoch: 65, loss: 22.6042
[2026-05-30 10:04:49,208][root][INFO] - Epoch: 66, loss: 22.5957
[2026-05-30 10:04:49,278][root][INFO] - Epoch: 67, loss: 23.6009
[2026-05-30 10:04:49,349][root][INFO] - Epoch: 68, loss: 29.5447
[2026-05-30 10:04:49,420][root][INFO] - Epoch: 69, loss: 27.4922
[2026-05-30 10:04:49,491][root][INFO] - Epoch: 70, loss: 26.0451
[2026-05-30 10:04:49,562][root][INFO] - Epoch: 71, loss: 25.0119
[2026-05-30 10:04:49,634][root][INFO] - Epoch: 72, loss: 24.1872
[2026-05-30 10:04:49,704][root][INFO] - Epoch: 73, loss: 23.3125
[2026-05-30 10:04:49,776][root][INFO] - Epoch: 74, loss: 22.9083
[2026-05-30 10:04:49,847][root][INFO] - Epoch: 75, loss: 22.2184
[2026-05-30 10:04:49,847][root][INFO] - Early stopping at epoch: 74
[2026-05-30 10:04:49,887][root][INFO] - {'model_loss': '22.2184', 'recon_loss': '0.0000', 'triplet_loss': '22.2184'}
[2026-05-30 10:04:49,891][root][INFO] - Generation 56/400 - Time: 0.00 seconds
[2026-05-30 10:04:49,891][root][INFO] - {'coverage': '100.00', 'max_fitness': '-12.31', 'passive_coverage': '30.47', 'passive_max_fitness': '-12.31', 'passive_mean_fitness': '-58.11', 'passive_qd_score': '25992.22', 'qd_score': '89156.56', 'mean_fitness_top_k': '-33.87'}
[2026-05-30 10:04:50,885][root][INFO] - Generation 57/400 - Time: 0.00 seconds
[2026-05-30 10:04:50,886][root][INFO] - {'coverage': '100.00', 'max_fitness': '-12.31', 'passive_coverage': '30.66', 'passive_max_fitness': '-12.31', 'passive_mean_fitness': '-58.05', 'passive_qd_score': '26179.24', 'qd_score': '89833.80', 'mean_fitness_top_k': '-34.71'}
[2026-05-30 10:04:51,870][root][INFO] - Generation 58/400 - Time: 0.00 seconds
[2026-05-30 10:04:51,871][root][INFO] - {'coverage': '100.00', 'max_fitness': '-12.31', 'passive_coverage': '30.86', 'passive_max_fitness': '-12.31', 'passive_mean_fitness': '-58.00', 'passive_qd_score': '26360.12', 'qd_score': '90702.41', 'mean_fitness_top_k': '-34.27'}
[2026-05-30 10:04:52,904][root][INFO] - Generation 59/400 - Time: 0.00 seconds
[2026-05-30 10:04:52,905][root][INFO] - {'coverage': '100.00', 'max_fitness': '-12.31', 'passive_coverage': '31.05', 'passive_max_fitness': '-12.31', 'passive_mean_fitness': '-58.08', 'passive_qd_score': '26501.77', 'qd_score': '91190.84', 'mean_fitness_top_k': '-33.76'}
[2026-05-30 10:04:53,892][root][INFO] - Generation 60/400 - Time: 0.00 seconds
[2026-05-30 10:04:53,893][root][INFO] - {'coverage': '100.00', 'max_fitness': '-12.31', 'passive_coverage': '31.05', 'passive_max_fitness': '-12.31', 'passive_mean_fitness': '-58.07', 'passive_qd_score': '26505.41', 'qd_score': '91142.65', 'mean_fitness_top_k': '-33.79'}
[2026-05-30 10:04:54,878][root][INFO] - Generation 61/400 - Time: 0.00 seconds
[2026-05-30 10:04:54,879][root][INFO] - {'coverage': '100.00', 'max_fitness': '-12.31', 'passive_coverage': '31.05', 'passive_max_fitness': '-12.31', 'passive_mean_fitness': '-58.07', 'passive_qd_score': '26506.68', 'qd_score': '91570.27', 'mean_fitness_top_k': '-33.12'}
[2026-05-30 10:04:55,890][root][INFO] - Generation 62/400 - Time: 0.00 seconds
[2026-05-30 10:04:55,890][root][INFO] - {'coverage': '100.00', 'max_fitness': '-12.31', 'passive_coverage': '31.15', 'passive_max_fitness': '-12.31', 'passive_mean_fitness': '-58.06', 'passive_qd_score': '26591.06', 'qd_score': '91703.16', 'mean_fitness_top_k': '-32.73'}
[2026-05-30 10:04:56,902][root][INFO] - Generation 63/400 - Time: 0.00 seconds
[2026-05-30 10:04:56,903][root][INFO] - {'coverage': '100.00', 'max_fitness': '-12.31', 'passive_coverage': '31.25', 'passive_max_fitness': '-12.31', 'passive_mean_fitness': '-58.12', 'passive_qd_score': '26656.58', 'qd_score': '92014.34', 'mean_fitness_top_k': '-32.66'}
[2026-05-30 10:04:57,915][root][INFO] - Generation 64/400 - Time: 0.00 seconds
[2026-05-30 10:04:57,916][root][INFO] - {'coverage': '100.00', 'max_fitness': '-12.31', 'passive_coverage': '31.25', 'passive_max_fitness': '-12.31', 'passive_mean_fitness': '-58.10', 'passive_qd_score': '26662.54', 'qd_score': '92421.32', 'mean_fitness_top_k': '-32.73'}
[2026-05-30 10:04:58,904][root][INFO] - Generation 65/400 - Time: 0.00 seconds
[2026-05-30 10:04:58,904][root][INFO] - {'coverage': '100.00', 'max_fitness': '-12.31', 'passive_coverage': '31.25', 'passive_max_fitness': '-12.31', 'passive_mean_fitness': '-58.08', 'passive_qd_score': '26668.51', 'qd_score': '92243.05', 'mean_fitness_top_k': '-32.56'}
[2026-05-30 10:04:59,916][root][INFO] - Generation 66/400 - Time: 0.00 seconds
[2026-05-30 10:04:59,916][root][INFO] - {'coverage': '100.00', 'max_fitness': '-12.31', 'passive_coverage': '31.45', 'passive_max_fitness': '-12.31', 'passive_mean_fitness': '-58.11', 'passive_qd_score': '26827.19', 'qd_score': '92154.50', 'mean_fitness_top_k': '-32.32'}
[2026-05-30 10:05:00,901][root][INFO] - Generation 67/400 - Time: 0.00 seconds
[2026-05-30 10:05:00,902][root][INFO] - {'coverage': '100.00', 'max_fitness': '-12.31', 'passive_coverage': '31.64', 'passive_max_fitness': '-12.31', 'passive_mean_fitness': '-57.93', 'passive_qd_score': '27052.70', 'qd_score': '92161.80', 'mean_fitness_top_k': '-32.28'}
[2026-05-30 10:05:01,891][root][INFO] - Generation 68/400 - Time: 0.00 seconds
[2026-05-30 10:05:01,891][root][INFO] - {'coverage': '100.00', 'max_fitness': '-12.31', 'passive_coverage': '31.74', 'passive_max_fitness': '-12.31', 'passive_mean_fitness': '-57.83', 'passive_qd_score': '27167.87', 'qd_score': '92206.83', 'mean_fitness_top_k': '-32.09'}
[2026-05-30 10:05:02,901][root][INFO] - Generation 69/400 - Time: 0.00 seconds
[2026-05-30 10:05:02,902][root][INFO] - {'coverage': '100.00', 'max_fitness': '-12.31', 'passive_coverage': '31.84', 'passive_max_fitness': '-12.31', 'passive_mean_fitness': '-57.92', 'passive_qd_score': '27220.90', 'qd_score': '92416.94', 'mean_fitness_top_k': '-31.81'}
[2026-05-30 10:05:03,916][root][INFO] - Generation 70/400 - Time: 0.00 seconds
[2026-05-30 10:05:03,917][root][INFO] - {'coverage': '100.00', 'max_fitness': '-12.31', 'passive_coverage': '31.93', 'passive_max_fitness': '-12.31', 'passive_mean_fitness': '-57.84', 'passive_qd_score': '27329.56', 'qd_score': '92256.88', 'mean_fitness_top_k': '-31.66'}
[2026-05-30 10:05:04,930][root][INFO] - Generation 71/400 - Time: 0.00 seconds
[2026-05-30 10:05:04,931][root][INFO] - {'coverage': '100.00', 'max_fitness': '-12.31', 'passive_coverage': '32.03', 'passive_max_fitness': '-12.31', 'passive_mean_fitness': '-57.82', 'passive_qd_score': '27421.88', 'qd_score': '92223.80', 'mean_fitness_top_k': '-31.64'}
[2026-05-30 10:05:06,049][root][INFO] - Updating AE...
[2026-05-30 10:05:06,823][root][INFO] - Epoch: 1, loss: 300.5101
[2026-05-30 10:05:06,896][root][INFO] - Epoch: 2, loss: 284.1484
[2026-05-30 10:05:06,967][root][INFO] - Epoch: 3, loss: 274.5224
[2026-05-30 10:05:07,038][root][INFO] - Epoch: 4, loss: 268.1027
[2026-05-30 10:05:07,109][root][INFO] - Epoch: 5, loss: 265.4312
[2026-05-30 10:05:07,180][root][INFO] - Epoch: 6, loss: 272.9685
[2026-05-30 10:05:07,252][root][INFO] - Epoch: 7, loss: 280.9764
[2026-05-30 10:05:07,323][root][INFO] - Epoch: 8, loss: 275.8157
[2026-05-30 10:05:07,395][root][INFO] - Epoch: 9, loss: 269.9762
[2026-05-30 10:05:07,467][root][INFO] - Epoch: 10, loss: 265.5388
[2026-05-30 10:05:07,538][root][INFO] - Epoch: 11, loss: 262.1912
[2026-05-30 10:05:07,610][root][INFO] - Epoch: 12, loss: 259.9537
[2026-05-30 10:05:07,682][root][INFO] - Epoch: 13, loss: 257.3757
[2026-05-30 10:05:07,754][root][INFO] - Epoch: 14, loss: 254.9609
[2026-05-30 10:05:07,826][root][INFO] - Epoch: 15, loss: 258.5500
[2026-05-30 10:05:07,898][root][INFO] - Epoch: 16, loss: 260.1397
[2026-05-30 10:05:07,969][root][INFO] - Epoch: 17, loss: 253.8410
[2026-05-30 10:05:08,040][root][INFO] - Epoch: 18, loss: 247.7592
[2026-05-30 10:05:08,112][root][INFO] - Epoch: 19, loss: 244.3636
[2026-05-30 10:05:08,185][root][INFO] - Epoch: 20, loss: 242.5885
[2026-05-30 10:05:08,256][root][INFO] - Epoch: 21, loss: 240.1180
[2026-05-30 10:05:08,327][root][INFO] - Epoch: 22, loss: 240.3451
[2026-05-30 10:05:08,398][root][INFO] - Epoch: 23, loss: 239.9682
[2026-05-30 10:05:08,470][root][INFO] - Epoch: 24, loss: 236.3069
[2026-05-30 10:05:08,541][root][INFO] - Epoch: 25, loss: 234.9856
[2026-05-30 10:05:08,613][root][INFO] - Epoch: 26, loss: 232.4786
[2026-05-30 10:05:08,684][root][INFO] - Epoch: 27, loss: 231.4776
[2026-05-30 10:05:08,755][root][INFO] - Epoch: 28, loss: 230.9643
[2026-05-30 10:05:08,826][root][INFO] - Epoch: 29, loss: 232.9901
[2026-05-30 10:05:08,897][root][INFO] - Epoch: 30, loss: 232.0502
[2026-05-30 10:05:08,968][root][INFO] - Epoch: 31, loss: 230.0520
[2026-05-30 10:05:09,040][root][INFO] - Epoch: 32, loss: 228.5587
[2026-05-30 10:05:09,112][root][INFO] - Epoch: 33, loss: 226.5921
[2026-05-30 10:05:09,183][root][INFO] - Epoch: 34, loss: 226.3067
[2026-05-30 10:05:09,254][root][INFO] - Epoch: 35, loss: 225.1465
[2026-05-30 10:05:09,325][root][INFO] - Epoch: 36, loss: 224.8680
[2026-05-30 10:05:09,397][root][INFO] - Epoch: 37, loss: 223.5758
[2026-05-30 10:05:09,469][root][INFO] - Epoch: 38, loss: 222.9846
[2026-05-30 10:05:09,539][root][INFO] - Epoch: 39, loss: 223.6985
[2026-05-30 10:05:09,610][root][INFO] - Epoch: 40, loss: 223.8443
[2026-05-30 10:05:09,681][root][INFO] - Epoch: 41, loss: 222.8421
[2026-05-30 10:05:09,752][root][INFO] - Epoch: 42, loss: 224.4128
[2026-05-30 10:05:09,823][root][INFO] - Epoch: 43, loss: 220.2393
[2026-05-30 10:05:09,894][root][INFO] - Epoch: 44, loss: 219.1016
[2026-05-30 10:05:09,965][root][INFO] - Epoch: 45, loss: 217.6998
[2026-05-30 10:05:10,036][root][INFO] - Epoch: 46, loss: 216.0937
[2026-05-30 10:05:10,107][root][INFO] - Epoch: 47, loss: 215.2989
[2026-05-30 10:05:10,179][root][INFO] - Epoch: 48, loss: 216.9059
[2026-05-30 10:05:10,249][root][INFO] - Epoch: 49, loss: 215.6120
[2026-05-30 10:05:10,321][root][INFO] - Epoch: 50, loss: 215.2212
[2026-05-30 10:05:10,392][root][INFO] - Epoch: 51, loss: 214.9449
[2026-05-30 10:05:10,463][root][INFO] - Epoch: 52, loss: 212.2773
[2026-05-30 10:05:10,535][root][INFO] - Epoch: 53, loss: 210.6538
[2026-05-30 10:05:10,606][root][INFO] - Epoch: 54, loss: 211.5809
[2026-05-30 10:05:10,677][root][INFO] - Epoch: 55, loss: 211.5312
[2026-05-30 10:05:10,748][root][INFO] - Epoch: 56, loss: 208.3122
[2026-05-30 10:05:10,819][root][INFO] - Epoch: 57, loss: 207.4743
[2026-05-30 10:05:10,890][root][INFO] - Epoch: 58, loss: 206.4018
[2026-05-30 10:05:10,962][root][INFO] - Epoch: 59, loss: 206.0992
[2026-05-30 10:05:11,033][root][INFO] - Epoch: 60, loss: 204.1111
[2026-05-30 10:05:11,103][root][INFO] - Epoch: 61, loss: 205.3064
[2026-05-30 10:05:11,174][root][INFO] - Epoch: 62, loss: 204.0227
[2026-05-30 10:05:11,245][root][INFO] - Epoch: 63, loss: 203.6153
[2026-05-30 10:05:11,316][root][INFO] - Epoch: 64, loss: 216.5510
[2026-05-30 10:05:11,388][root][INFO] - Epoch: 65, loss: 236.4303
[2026-05-30 10:05:11,461][root][INFO] - Epoch: 66, loss: 233.2336
[2026-05-30 10:05:11,531][root][INFO] - Epoch: 67, loss: 231.0455
[2026-05-30 10:05:11,603][root][INFO] - Epoch: 68, loss: 227.4825
[2026-05-30 10:05:11,674][root][INFO] - Epoch: 69, loss: 224.2238
[2026-05-30 10:05:11,745][root][INFO] - Epoch: 70, loss: 220.5717
[2026-05-30 10:05:11,817][root][INFO] - Epoch: 71, loss: 218.4309
[2026-05-30 10:05:11,888][root][INFO] - Epoch: 72, loss: 216.9920
[2026-05-30 10:05:11,959][root][INFO] - Epoch: 73, loss: 214.2391
[2026-05-30 10:05:12,031][root][INFO] - Epoch: 74, loss: 213.5788
[2026-05-30 10:05:12,031][root][INFO] - Early stopping at epoch: 73
[2026-05-30 10:05:12,071][root][INFO] - {'model_loss': '213.5788', 'recon_loss': '0.0000', 'triplet_loss': '213.5788'}
[2026-05-30 10:05:12,075][root][INFO] - Updating AE...
[2026-05-30 10:05:12,872][root][INFO] - Epoch: 1, loss: 318.2365
[2026-05-30 10:05:12,944][root][INFO] - Epoch: 2, loss: 97.1562
[2026-05-30 10:05:13,017][root][INFO] - Epoch: 3, loss: 87.7612
[2026-05-30 10:05:13,092][root][INFO] - Epoch: 4, loss: 83.9722
[2026-05-30 10:05:13,164][root][INFO] - Epoch: 5, loss: 80.9108
[2026-05-30 10:05:13,235][root][INFO] - Epoch: 6, loss: 79.2301
[2026-05-30 10:05:13,306][root][INFO] - Epoch: 7, loss: 77.7465
[2026-05-30 10:05:13,378][root][INFO] - Epoch: 8, loss: 76.3852
[2026-05-30 10:05:13,450][root][INFO] - Epoch: 9, loss: 75.1014
[2026-05-30 10:05:13,521][root][INFO] - Epoch: 10, loss: 74.0896
[2026-05-30 10:05:13,592][root][INFO] - Epoch: 11, loss: 72.9331
[2026-05-30 10:05:13,663][root][INFO] - Epoch: 12, loss: 72.3295
[2026-05-30 10:05:13,733][root][INFO] - Epoch: 13, loss: 71.4613
[2026-05-30 10:05:13,804][root][INFO] - Epoch: 14, loss: 71.1347
[2026-05-30 10:05:13,876][root][INFO] - Epoch: 15, loss: 70.1465
[2026-05-30 10:05:13,947][root][INFO] - Epoch: 16, loss: 69.5428
[2026-05-30 10:05:14,018][root][INFO] - Epoch: 17, loss: 69.3195
[2026-05-30 10:05:14,090][root][INFO] - Epoch: 18, loss: 68.5271
[2026-05-30 10:05:14,162][root][INFO] - Epoch: 19, loss: 68.1718
[2026-05-30 10:05:14,234][root][INFO] - Epoch: 20, loss: 67.9343
[2026-05-30 10:05:14,306][root][INFO] - Epoch: 21, loss: 67.4110
[2026-05-30 10:05:14,378][root][INFO] - Epoch: 22, loss: 66.9202
[2026-05-30 10:05:14,451][root][INFO] - Epoch: 23, loss: 66.4050
[2026-05-30 10:05:14,522][root][INFO] - Epoch: 24, loss: 66.4465
[2026-05-30 10:05:14,594][root][INFO] - Epoch: 25, loss: 65.7944
[2026-05-30 10:05:14,666][root][INFO] - Epoch: 26, loss: 65.7622
[2026-05-30 10:05:14,738][root][INFO] - Epoch: 27, loss: 65.3616
[2026-05-30 10:05:14,810][root][INFO] - Epoch: 28, loss: 64.9214
[2026-05-30 10:05:14,882][root][INFO] - Epoch: 29, loss: 64.0576
[2026-05-30 10:05:14,953][root][INFO] - Epoch: 30, loss: 63.9871
[2026-05-30 10:05:15,024][root][INFO] - Epoch: 31, loss: 63.3759
[2026-05-30 10:05:15,096][root][INFO] - Epoch: 32, loss: 63.1948
[2026-05-30 10:05:15,168][root][INFO] - Epoch: 33, loss: 62.9003
[2026-05-30 10:05:15,240][root][INFO] - Epoch: 34, loss: 62.4471
[2026-05-30 10:05:15,311][root][INFO] - Epoch: 35, loss: 62.2289
[2026-05-30 10:05:15,383][root][INFO] - Epoch: 36, loss: 61.9182
[2026-05-30 10:05:15,456][root][INFO] - Epoch: 37, loss: 61.5836
[2026-05-30 10:05:15,527][root][INFO] - Epoch: 38, loss: 62.2549
[2026-05-30 10:05:15,599][root][INFO] - Epoch: 39, loss: 61.2626
[2026-05-30 10:05:15,671][root][INFO] - Epoch: 40, loss: 61.0467
[2026-05-30 10:05:15,743][root][INFO] - Epoch: 41, loss: 60.5533
[2026-05-30 10:05:15,814][root][INFO] - Epoch: 42, loss: 60.4424
[2026-05-30 10:05:15,885][root][INFO] - Epoch: 43, loss: 60.0130
[2026-05-30 10:05:15,958][root][INFO] - Epoch: 44, loss: 63.3332
[2026-05-30 10:05:16,030][root][INFO] - Epoch: 45, loss: 75.6801
[2026-05-30 10:05:16,102][root][INFO] - Epoch: 46, loss: 69.9629
[2026-05-30 10:05:16,175][root][INFO] - Epoch: 47, loss: 67.8196
[2026-05-30 10:05:16,246][root][INFO] - Epoch: 48, loss: 67.4043
[2026-05-30 10:05:16,317][root][INFO] - Epoch: 49, loss: 64.4493
[2026-05-30 10:05:16,388][root][INFO] - Epoch: 50, loss: 63.4592
[2026-05-30 10:05:16,461][root][INFO] - Epoch: 51, loss: 62.4899
[2026-05-30 10:05:16,532][root][INFO] - Epoch: 52, loss: 61.7225
[2026-05-30 10:05:16,604][root][INFO] - Epoch: 53, loss: 61.1509
[2026-05-30 10:05:16,676][root][INFO] - Epoch: 54, loss: 60.9167
[2026-05-30 10:05:16,676][root][INFO] - Early stopping at epoch: 53
[2026-05-30 10:05:16,700][root][INFO] - {'model_loss': '60.9167', 'recon_loss': '0.0000', 'triplet_loss': '60.9167'}
[2026-05-30 10:05:16,704][root][INFO] - Generation 72/400 - Time: 0.00 seconds
[2026-05-30 10:05:16,704][root][INFO] - {'coverage': '100.00', 'max_fitness': '-12.31', 'passive_coverage': '32.03', 'passive_max_fitness': '-12.31', 'passive_mean_fitness': '-57.81', 'passive_qd_score': '27424.26', 'qd_score': '92438.88', 'mean_fitness_top_k': '-31.15'}
[2026-05-30 10:05:17,854][root][INFO] - Generation 73/400 - Time: 0.00 seconds
[2026-05-30 10:05:17,855][root][INFO] - {'coverage': '100.00', 'max_fitness': '-12.31', 'passive_coverage': '32.52', 'passive_max_fitness': '-12.31', 'passive_mean_fitness': '-57.82', 'passive_qd_score': '27839.49', 'qd_score': '91370.39', 'mean_fitness_top_k': '-32.06'}
[2026-05-30 10:05:18,993][root][INFO] - Generation 74/400 - Time: 0.00 seconds
[2026-05-30 10:05:18,994][root][INFO] - {'coverage': '100.00', 'max_fitness': '-12.31', 'passive_coverage': '32.62', 'passive_max_fitness': '-12.31', 'passive_mean_fitness': '-57.84', 'passive_qd_score': '27916.74', 'qd_score': '91163.49', 'mean_fitness_top_k': '-32.20'}
[2026-05-30 10:05:20,126][root][INFO] - Generation 75/400 - Time: 0.00 seconds
[2026-05-30 10:05:20,127][root][INFO] - {'coverage': '100.00', 'max_fitness': '-12.31', 'passive_coverage': '32.62', 'passive_max_fitness': '-12.31', 'passive_mean_fitness': '-57.82', 'passive_qd_score': '27922.06', 'qd_score': '91564.16', 'mean_fitness_top_k': '-31.54'}
[2026-05-30 10:05:21,306][root][INFO] - Generation 76/400 - Time: 0.00 seconds
[2026-05-30 10:05:21,307][root][INFO] - {'coverage': '100.00', 'max_fitness': '-12.31', 'passive_coverage': '32.71', 'passive_max_fitness': '-12.31', 'passive_mean_fitness': '-57.86', 'passive_qd_score': '27994.21', 'qd_score': '91676.20', 'mean_fitness_top_k': '-31.42'}
[2026-05-30 10:05:22,369][root][INFO] - Generation 77/400 - Time: 0.00 seconds
[2026-05-30 10:05:22,370][root][INFO] - {'coverage': '100.00', 'max_fitness': '-12.31', 'passive_coverage': '32.81', 'passive_max_fitness': '-12.31', 'passive_mean_fitness': '-57.82', 'passive_qd_score': '28089.65', 'qd_score': '92005.73', 'mean_fitness_top_k': '-30.83'}
[2026-05-30 10:05:23,380][root][INFO] - Generation 78/400 - Time: 0.00 seconds
[2026-05-30 10:05:23,380][root][INFO] - {'coverage': '100.00', 'max_fitness': '-12.31', 'passive_coverage': '33.01', 'passive_max_fitness': '-12.31', 'passive_mean_fitness': '-57.82', 'passive_qd_score': '28257.36', 'qd_score': '92013.88', 'mean_fitness_top_k': '-30.96'}
[2026-05-30 10:05:24,362][root][INFO] - Generation 79/400 - Time: 0.00 seconds
[2026-05-30 10:05:24,364][root][INFO] - {'coverage': '100.00', 'max_fitness': '-12.31', 'passive_coverage': '33.11', 'passive_max_fitness': '-12.31', 'passive_mean_fitness': '-57.71', 'passive_qd_score': '28378.97', 'qd_score': '92397.20', 'mean_fitness_top_k': '-30.81'}
[2026-05-30 10:05:25,346][root][INFO] - Generation 80/400 - Time: 0.00 seconds
[2026-05-30 10:05:25,347][root][INFO] - {'coverage': '100.00', 'max_fitness': '-12.31', 'passive_coverage': '33.20', 'passive_max_fitness': '-12.31', 'passive_mean_fitness': '-57.81', 'passive_qd_score': '28428.39', 'qd_score': '92441.16', 'mean_fitness_top_k': '-30.67'}
[2026-05-30 10:05:26,329][root][INFO] - Generation 81/400 - Time: 0.00 seconds
[2026-05-30 10:05:26,330][root][INFO] - {'coverage': '100.00', 'max_fitness': '-12.31', 'passive_coverage': '33.20', 'passive_max_fitness': '-12.31', 'passive_mean_fitness': '-57.81', 'passive_qd_score': '28429.34', 'qd_score': '92738.41', 'mean_fitness_top_k': '-30.83'}
[2026-05-30 10:05:27,318][root][INFO] - Generation 82/400 - Time: 0.00 seconds
[2026-05-30 10:05:27,319][root][INFO] - {'coverage': '100.00', 'max_fitness': '-12.31', 'passive_coverage': '33.30', 'passive_max_fitness': '-12.31', 'passive_mean_fitness': '-57.75', 'passive_qd_score': '28531.20', 'qd_score': '92351.59', 'mean_fitness_top_k': '-31.08'}
[2026-05-30 10:05:28,369][root][INFO] - Generation 83/400 - Time: 0.00 seconds
[2026-05-30 10:05:28,369][root][INFO] - {'coverage': '100.00', 'max_fitness': '-12.31', 'passive_coverage': '33.59', 'passive_max_fitness': '-12.31', 'passive_mean_fitness': '-57.63', 'passive_qd_score': '28823.73', 'qd_score': '92838.25', 'mean_fitness_top_k': '-30.15'}
[2026-05-30 10:05:29,354][root][INFO] - Generation 84/400 - Time: 0.00 seconds
[2026-05-30 10:05:29,355][root][INFO] - {'coverage': '100.00', 'max_fitness': '-12.31', 'passive_coverage': '33.59', 'passive_max_fitness': '-12.31', 'passive_mean_fitness': '-57.63', 'passive_qd_score': '28824.15', 'qd_score': '92794.78', 'mean_fitness_top_k': '-30.08'}
[2026-05-30 10:05:30,339][root][INFO] - Generation 85/400 - Time: 0.00 seconds
[2026-05-30 10:05:30,339][root][INFO] - {'coverage': '100.00', 'max_fitness': '-12.31', 'passive_coverage': '33.69', 'passive_max_fitness': '-12.31', 'passive_mean_fitness': '-57.51', 'passive_qd_score': '28948.41', 'qd_score': '92800.72', 'mean_fitness_top_k': '-30.30'}
[2026-05-30 10:05:31,324][root][INFO] - Generation 86/400 - Time: 0.00 seconds
[2026-05-30 10:05:31,325][root][INFO] - {'coverage': '100.00', 'max_fitness': '-12.31', 'passive_coverage': '33.69', 'passive_max_fitness': '-12.31', 'passive_mean_fitness': '-57.51', 'passive_qd_score': '28949.17', 'qd_score': '92878.63', 'mean_fitness_top_k': '-29.81'}
[2026-05-30 10:05:32,312][root][INFO] - Generation 87/400 - Time: 0.00 seconds
[2026-05-30 10:05:32,313][root][INFO] - {'coverage': '100.00', 'max_fitness': '-12.31', 'passive_coverage': '33.89', 'passive_max_fitness': '-12.31', 'passive_mean_fitness': '-57.42', 'passive_qd_score': '29146.74', 'qd_score': '93116.11', 'mean_fitness_top_k': '-29.53'}
[2026-05-30 10:05:33,300][root][INFO] - Generation 88/400 - Time: 0.00 seconds
[2026-05-30 10:05:33,301][root][INFO] - {'coverage': '100.00', 'max_fitness': '-12.31', 'passive_coverage': '33.98', 'passive_max_fitness': '-12.31', 'passive_mean_fitness': '-57.50', 'passive_qd_score': '29205.52', 'qd_score': '93388.78', 'mean_fitness_top_k': '-29.00'}
[2026-05-30 10:05:34,287][root][INFO] - Generation 89/400 - Time: 0.00 seconds
[2026-05-30 10:05:34,288][root][INFO] - {'coverage': '100.00', 'max_fitness': '-12.31', 'passive_coverage': '34.08', 'passive_max_fitness': '-12.31', 'passive_mean_fitness': '-57.42', 'passive_qd_score': '29317.59', 'qd_score': '93159.48', 'mean_fitness_top_k': '-29.04'}
[2026-05-30 10:05:35,271][root][INFO] - Updating AE...
[2026-05-30 10:05:36,210][root][INFO] - Epoch: 1, loss: 298.2108
[2026-05-30 10:05:36,280][root][INFO] - Epoch: 2, loss: 277.1220
[2026-05-30 10:05:36,349][root][INFO] - Epoch: 3, loss: 271.7455
[2026-05-30 10:05:36,419][root][INFO] - Epoch: 4, loss: 265.3884
[2026-05-30 10:05:36,489][root][INFO] - Epoch: 5, loss: 263.0305
[2026-05-30 10:05:36,559][root][INFO] - Epoch: 6, loss: 260.2955
[2026-05-30 10:05:36,630][root][INFO] - Epoch: 7, loss: 255.6740
[2026-05-30 10:05:36,701][root][INFO] - Epoch: 8, loss: 252.6938
[2026-05-30 10:05:36,773][root][INFO] - Epoch: 9, loss: 250.3252
[2026-05-30 10:05:36,845][root][INFO] - Epoch: 10, loss: 248.1357
[2026-05-30 10:05:36,917][root][INFO] - Epoch: 11, loss: 245.5494
[2026-05-30 10:05:36,987][root][INFO] - Epoch: 12, loss: 242.3793
[2026-05-30 10:05:37,058][root][INFO] - Epoch: 13, loss: 240.4782
[2026-05-30 10:05:37,130][root][INFO] - Epoch: 14, loss: 238.4249
[2026-05-30 10:05:37,202][root][INFO] - Epoch: 15, loss: 235.3317
[2026-05-30 10:05:37,273][root][INFO] - Epoch: 16, loss: 232.7684
[2026-05-30 10:05:37,344][root][INFO] - Epoch: 17, loss: 231.7496
[2026-05-30 10:05:37,414][root][INFO] - Epoch: 18, loss: 228.7784
[2026-05-30 10:05:37,486][root][INFO] - Epoch: 19, loss: 225.9488
[2026-05-30 10:05:37,558][root][INFO] - Epoch: 20, loss: 225.3210
[2026-05-30 10:05:37,630][root][INFO] - Epoch: 21, loss: 225.5744
[2026-05-30 10:05:37,700][root][INFO] - Epoch: 22, loss: 224.6370
[2026-05-30 10:05:37,772][root][INFO] - Epoch: 23, loss: 223.4669
[2026-05-30 10:05:37,843][root][INFO] - Epoch: 24, loss: 220.9642
[2026-05-30 10:05:37,915][root][INFO] - Epoch: 25, loss: 218.9635
[2026-05-30 10:05:37,987][root][INFO] - Epoch: 26, loss: 216.7495
[2026-05-30 10:05:38,058][root][INFO] - Epoch: 27, loss: 218.0223
[2026-05-30 10:05:38,129][root][INFO] - Epoch: 28, loss: 220.8358
[2026-05-30 10:05:38,200][root][INFO] - Epoch: 29, loss: 216.5298
[2026-05-30 10:05:38,271][root][INFO] - Epoch: 30, loss: 214.4323
[2026-05-30 10:05:38,343][root][INFO] - Epoch: 31, loss: 209.1057
[2026-05-30 10:05:38,415][root][INFO] - Epoch: 32, loss: 208.1140
[2026-05-30 10:05:38,486][root][INFO] - Epoch: 33, loss: 203.3026
[2026-05-30 10:05:38,558][root][INFO] - Epoch: 34, loss: 200.6350
[2026-05-30 10:05:38,630][root][INFO] - Epoch: 35, loss: 199.9509
[2026-05-30 10:05:38,700][root][INFO] - Epoch: 36, loss: 197.6294
[2026-05-30 10:05:38,772][root][INFO] - Epoch: 37, loss: 199.1724
[2026-05-30 10:05:38,843][root][INFO] - Epoch: 38, loss: 199.0480
[2026-05-30 10:05:38,915][root][INFO] - Epoch: 39, loss: 199.1355
[2026-05-30 10:05:38,987][root][INFO] - Epoch: 40, loss: 201.5739
[2026-05-30 10:05:39,059][root][INFO] - Epoch: 41, loss: 198.6689
[2026-05-30 10:05:39,130][root][INFO] - Epoch: 42, loss: 192.6341
[2026-05-30 10:05:39,201][root][INFO] - Epoch: 43, loss: 191.1699
[2026-05-30 10:05:39,273][root][INFO] - Epoch: 44, loss: 191.4530
[2026-05-30 10:05:39,345][root][INFO] - Epoch: 45, loss: 188.9943
[2026-05-30 10:05:39,416][root][INFO] - Epoch: 46, loss: 185.8592
[2026-05-30 10:05:39,486][root][INFO] - Epoch: 47, loss: 185.2538
[2026-05-30 10:05:39,558][root][INFO] - Epoch: 48, loss: 186.6836
[2026-05-30 10:05:39,629][root][INFO] - Epoch: 49, loss: 189.0525
[2026-05-30 10:05:39,700][root][INFO] - Epoch: 50, loss: 189.5558
[2026-05-30 10:05:39,772][root][INFO] - Epoch: 51, loss: 187.3057
[2026-05-30 10:05:39,844][root][INFO] - Epoch: 52, loss: 184.7123
[2026-05-30 10:05:39,914][root][INFO] - Epoch: 53, loss: 184.1650
[2026-05-30 10:05:39,986][root][INFO] - Epoch: 54, loss: 178.6723
[2026-05-30 10:05:40,057][root][INFO] - Epoch: 55, loss: 184.1582
[2026-05-30 10:05:40,129][root][INFO] - Epoch: 56, loss: 182.4650
[2026-05-30 10:05:40,200][root][INFO] - Epoch: 57, loss: 177.5304
[2026-05-30 10:05:40,271][root][INFO] - Epoch: 58, loss: 176.8045
[2026-05-30 10:05:40,342][root][INFO] - Epoch: 59, loss: 174.8625
[2026-05-30 10:05:40,414][root][INFO] - Epoch: 60, loss: 174.0635
[2026-05-30 10:05:40,485][root][INFO] - Epoch: 61, loss: 172.9328
[2026-05-30 10:05:40,557][root][INFO] - Epoch: 62, loss: 173.0224
[2026-05-30 10:05:40,629][root][INFO] - Epoch: 63, loss: 178.1667
[2026-05-30 10:05:40,700][root][INFO] - Epoch: 64, loss: 181.0191
[2026-05-30 10:05:40,771][root][INFO] - Epoch: 65, loss: 172.3083
[2026-05-30 10:05:40,843][root][INFO] - Epoch: 66, loss: 178.9655
[2026-05-30 10:05:40,914][root][INFO] - Epoch: 67, loss: 190.1863
[2026-05-30 10:05:40,986][root][INFO] - Epoch: 68, loss: 181.1800
[2026-05-30 10:05:41,058][root][INFO] - Epoch: 69, loss: 180.5205
[2026-05-30 10:05:41,130][root][INFO] - Epoch: 70, loss: 186.8521
[2026-05-30 10:05:41,201][root][INFO] - Epoch: 71, loss: 231.5154
[2026-05-30 10:05:41,272][root][INFO] - Epoch: 72, loss: 225.4108
[2026-05-30 10:05:41,343][root][INFO] - Epoch: 73, loss: 208.4039
[2026-05-30 10:05:41,415][root][INFO] - Epoch: 74, loss: 200.8727
[2026-05-30 10:05:41,486][root][INFO] - Epoch: 75, loss: 191.4050
[2026-05-30 10:05:41,557][root][INFO] - Epoch: 76, loss: 186.5646
[2026-05-30 10:05:41,558][root][INFO] - Early stopping at epoch: 75
[2026-05-30 10:05:41,591][root][INFO] - {'model_loss': '186.5646', 'recon_loss': '0.0000', 'triplet_loss': '186.5646'}
[2026-05-30 10:05:41,595][root][INFO] - Updating AE...
[2026-05-30 10:05:42,366][root][INFO] - Epoch: 1, loss: 146.2558
[2026-05-30 10:05:42,438][root][INFO] - Epoch: 2, loss: 96.0227
[2026-05-30 10:05:42,508][root][INFO] - Epoch: 3, loss: 90.2592
[2026-05-30 10:05:42,580][root][INFO] - Epoch: 4, loss: 86.7465
[2026-05-30 10:05:42,652][root][INFO] - Epoch: 5, loss: 83.8442
[2026-05-30 10:05:42,723][root][INFO] - Epoch: 6, loss: 81.3480
[2026-05-30 10:05:42,794][root][INFO] - Epoch: 7, loss: 78.8882
[2026-05-30 10:05:42,866][root][INFO] - Epoch: 8, loss: 77.0491
[2026-05-30 10:05:42,939][root][INFO] - Epoch: 9, loss: 76.4898
[2026-05-30 10:05:43,012][root][INFO] - Epoch: 10, loss: 75.9145
[2026-05-30 10:05:43,084][root][INFO] - Epoch: 11, loss: 75.7153
[2026-05-30 10:05:43,156][root][INFO] - Epoch: 12, loss: 74.9612
[2026-05-30 10:05:43,228][root][INFO] - Epoch: 13, loss: 74.1098
[2026-05-30 10:05:43,298][root][INFO] - Epoch: 14, loss: 72.9451
[2026-05-30 10:05:43,371][root][INFO] - Epoch: 15, loss: 71.9924
[2026-05-30 10:05:43,442][root][INFO] - Epoch: 16, loss: 71.6089
[2026-05-30 10:05:43,514][root][INFO] - Epoch: 17, loss: 70.8190
[2026-05-30 10:05:43,586][root][INFO] - Epoch: 18, loss: 70.4594
[2026-05-30 10:05:43,657][root][INFO] - Epoch: 19, loss: 69.4928
[2026-05-30 10:05:43,729][root][INFO] - Epoch: 20, loss: 69.6428
[2026-05-30 10:05:43,800][root][INFO] - Epoch: 21, loss: 68.8345
[2026-05-30 10:05:43,870][root][INFO] - Epoch: 22, loss: 68.0856
[2026-05-30 10:05:43,941][root][INFO] - Epoch: 23, loss: 67.7820
[2026-05-30 10:05:44,013][root][INFO] - Epoch: 24, loss: 67.1684
[2026-05-30 10:05:44,084][root][INFO] - Epoch: 25, loss: 67.2509
[2026-05-30 10:05:44,156][root][INFO] - Epoch: 26, loss: 67.5126
[2026-05-30 10:05:44,228][root][INFO] - Epoch: 27, loss: 69.6949
[2026-05-30 10:05:44,301][root][INFO] - Epoch: 28, loss: 69.2264
[2026-05-30 10:05:44,372][root][INFO] - Epoch: 29, loss: 67.7743
[2026-05-30 10:05:44,443][root][INFO] - Epoch: 30, loss: 67.0602
[2026-05-30 10:05:44,515][root][INFO] - Epoch: 31, loss: 66.8027
[2026-05-30 10:05:44,589][root][INFO] - Epoch: 32, loss: 66.8550
[2026-05-30 10:05:44,664][root][INFO] - Epoch: 33, loss: 65.2691
[2026-05-30 10:05:44,737][root][INFO] - Epoch: 34, loss: 65.5439
[2026-05-30 10:05:44,809][root][INFO] - Epoch: 35, loss: 64.7313
[2026-05-30 10:05:44,880][root][INFO] - Epoch: 36, loss: 64.5990
[2026-05-30 10:05:44,951][root][INFO] - Epoch: 37, loss: 63.8091
[2026-05-30 10:05:45,023][root][INFO] - Epoch: 38, loss: 63.6050
[2026-05-30 10:05:45,095][root][INFO] - Epoch: 39, loss: 65.7986
[2026-05-30 10:05:45,165][root][INFO] - Epoch: 40, loss: 64.0069
[2026-05-30 10:05:45,237][root][INFO] - Epoch: 41, loss: 63.0491
[2026-05-30 10:05:45,309][root][INFO] - Epoch: 42, loss: 62.1520
[2026-05-30 10:05:45,381][root][INFO] - Epoch: 43, loss: 62.3495
[2026-05-30 10:05:45,451][root][INFO] - Epoch: 44, loss: 61.3943
[2026-05-30 10:05:45,523][root][INFO] - Epoch: 45, loss: 60.5269
[2026-05-30 10:05:45,595][root][INFO] - Epoch: 46, loss: 70.2410
[2026-05-30 10:05:45,665][root][INFO] - Epoch: 47, loss: 71.3226
[2026-05-30 10:05:45,738][root][INFO] - Epoch: 48, loss: 68.9266
[2026-05-30 10:05:45,810][root][INFO] - Epoch: 49, loss: 67.9905
[2026-05-30 10:05:45,881][root][INFO] - Epoch: 50, loss: 67.8761
[2026-05-30 10:05:45,952][root][INFO] - Epoch: 51, loss: 65.5704
[2026-05-30 10:05:46,024][root][INFO] - Epoch: 52, loss: 63.9770
[2026-05-30 10:05:46,095][root][INFO] - Epoch: 53, loss: 62.7102
[2026-05-30 10:05:46,165][root][INFO] - Epoch: 54, loss: 62.2988
[2026-05-30 10:05:46,237][root][INFO] - Epoch: 55, loss: 61.2854
[2026-05-30 10:05:46,309][root][INFO] - Epoch: 56, loss: 78.4151
[2026-05-30 10:05:46,309][root][INFO] - Early stopping at epoch: 55
[2026-05-30 10:05:46,340][root][INFO] - {'model_loss': '78.4151', 'recon_loss': '0.0000', 'triplet_loss': '78.4151'}
[2026-05-30 10:05:46,344][root][INFO] - Generation 90/400 - Time: 0.00 seconds
[2026-05-30 10:05:46,345][root][INFO] - {'coverage': '100.00', 'max_fitness': '-12.31', 'passive_coverage': '34.08', 'passive_max_fitness': '-12.31', 'passive_mean_fitness': '-57.41', 'passive_qd_score': '29319.52', 'qd_score': '93162.63', 'mean_fitness_top_k': '-28.79'}
[2026-05-30 10:05:47,473][root][INFO] - Generation 91/400 - Time: 0.00 seconds
[2026-05-30 10:05:47,474][root][INFO] - {'coverage': '100.00', 'max_fitness': '-12.31', 'passive_coverage': '34.28', 'passive_max_fitness': '-12.31', 'passive_mean_fitness': '-57.35', 'passive_qd_score': '29507.36', 'qd_score': '92374.39', 'mean_fitness_top_k': '-29.04'}
[2026-05-30 10:05:48,609][root][INFO] - Generation 92/400 - Time: 0.00 seconds
[2026-05-30 10:05:48,610][root][INFO] - {'coverage': '100.00', 'max_fitness': '-12.31', 'passive_coverage': '34.57', 'passive_max_fitness': '-12.31', 'passive_mean_fitness': '-57.27', 'passive_qd_score': '29788.99', 'qd_score': '92621.34', 'mean_fitness_top_k': '-28.47'}
[2026-05-30 10:05:49,741][root][INFO] - Generation 93/400 - Time: 0.00 seconds
[2026-05-30 10:05:49,742][root][INFO] - {'coverage': '100.00', 'max_fitness': '-12.31', 'passive_coverage': '34.67', 'passive_max_fitness': '-12.31', 'passive_mean_fitness': '-57.24', 'passive_qd_score': '29883.66', 'qd_score': '93285.80', 'mean_fitness_top_k': '-26.87'}
[2026-05-30 10:05:50,907][root][INFO] - Generation 94/400 - Time: 0.00 seconds
[2026-05-30 10:05:50,908][root][INFO] - {'coverage': '100.00', 'max_fitness': '-12.31', 'passive_coverage': '35.06', 'passive_max_fitness': '-12.31', 'passive_mean_fitness': '-57.22', 'passive_qd_score': '30227.42', 'qd_score': '93612.23', 'mean_fitness_top_k': '-26.03'}
[2026-05-30 10:05:52,070][root][INFO] - Generation 95/400 - Time: 0.00 seconds
[2026-05-30 10:05:52,071][root][INFO] - {'coverage': '100.00', 'max_fitness': '-12.31', 'passive_coverage': '35.16', 'passive_max_fitness': '-12.31', 'passive_mean_fitness': '-57.23', 'passive_qd_score': '30310.59', 'qd_score': '93998.37', 'mean_fitness_top_k': '-25.14'}
[2026-05-30 10:05:53,247][root][INFO] - Generation 96/400 - Time: 0.00 seconds
[2026-05-30 10:05:53,248][root][INFO] - {'coverage': '100.00', 'max_fitness': '-12.31', 'passive_coverage': '35.55', 'passive_max_fitness': '-12.31', 'passive_mean_fitness': '-57.24', 'passive_qd_score': '30641.95', 'qd_score': '94659.34', 'mean_fitness_top_k': '-23.89'}
[2026-05-30 10:05:54,414][root][INFO] - Generation 97/400 - Time: 0.00 seconds
[2026-05-30 10:05:54,415][root][INFO] - {'coverage': '100.00', 'max_fitness': '-12.31', 'passive_coverage': '35.84', 'passive_max_fitness': '-12.31', 'passive_mean_fitness': '-57.26', 'passive_qd_score': '30888.26', 'qd_score': '95149.42', 'mean_fitness_top_k': '-23.12'}
[2026-05-30 10:05:55,585][root][INFO] - Generation 98/400 - Time: 0.00 seconds
[2026-05-30 10:05:55,586][root][INFO] - {'coverage': '100.00', 'max_fitness': '-12.31', 'passive_coverage': '35.84', 'passive_max_fitness': '-12.31', 'passive_mean_fitness': '-57.25', 'passive_qd_score': '30891.54', 'qd_score': '95454.34', 'mean_fitness_top_k': '-22.87'}
[2026-05-30 10:05:56,603][root][INFO] - Generation 99/400 - Time: 0.00 seconds
[2026-05-30 10:05:56,604][root][INFO] - {'coverage': '100.00', 'max_fitness': '-12.31', 'passive_coverage': '35.94', 'passive_max_fitness': '-12.31', 'passive_mean_fitness': '-57.19', 'passive_qd_score': '30997.35', 'qd_score': '95487.73', 'mean_fitness_top_k': '-22.81'}
[2026-05-30 10:05:57,633][root][INFO] - Generation 100/400 - Time: 0.00 seconds
[2026-05-30 10:05:57,633][root][INFO] - {'coverage': '100.00', 'max_fitness': '-12.31', 'passive_coverage': '36.04', 'passive_max_fitness': '-12.31', 'passive_mean_fitness': '-57.20', 'passive_qd_score': '31078.28', 'qd_score': '95786.76', 'mean_fitness_top_k': '-22.54'}
[2026-05-30 10:05:58,621][root][INFO] - Generation 101/400 - Time: 0.00 seconds
[2026-05-30 10:05:58,622][root][INFO] - {'coverage': '100.00', 'max_fitness': '-12.31', 'passive_coverage': '36.13', 'passive_max_fitness': '-12.31', 'passive_mean_fitness': '-57.14', 'passive_qd_score': '31182.65', 'qd_score': '96331.30', 'mean_fitness_top_k': '-22.31'}
[2026-05-30 10:05:59,636][root][INFO] - Generation 102/400 - Time: 0.00 seconds
[2026-05-30 10:05:59,636][root][INFO] - {'coverage': '100.00', 'max_fitness': '-12.31', 'passive_coverage': '36.13', 'passive_max_fitness': '-12.31', 'passive_mean_fitness': '-57.13', 'passive_qd_score': '31188.13', 'qd_score': '96853.38', 'mean_fitness_top_k': '-21.70'}
[2026-05-30 10:06:00,624][root][INFO] - Generation 103/400 - Time: 0.00 seconds
[2026-05-30 10:06:00,624][root][INFO] - {'coverage': '100.00', 'max_fitness': '-12.31', 'passive_coverage': '36.43', 'passive_max_fitness': '-12.31', 'passive_mean_fitness': '-56.88', 'passive_qd_score': '31535.28', 'qd_score': '96904.59', 'mean_fitness_top_k': '-21.69'}
[2026-05-30 10:06:01,637][root][INFO] - Generation 104/400 - Time: 0.00 seconds
[2026-05-30 10:06:01,638][root][INFO] - {'coverage': '100.00', 'max_fitness': '-12.31', 'passive_coverage': '36.82', 'passive_max_fitness': '-12.31', 'passive_mean_fitness': '-56.84', 'passive_qd_score': '31885.91', 'qd_score': '97286.08', 'mean_fitness_top_k': '-21.66'}
[2026-05-30 10:06:02,656][root][INFO] - Generation 105/400 - Time: 0.00 seconds
[2026-05-30 10:06:02,657][root][INFO] - {'coverage': '100.00', 'max_fitness': '-12.31', 'passive_coverage': '36.82', 'passive_max_fitness': '-12.31', 'passive_mean_fitness': '-56.84', 'passive_qd_score': '31887.86', 'qd_score': '97373.02', 'mean_fitness_top_k': '-21.45'}
[2026-05-30 10:06:03,677][root][INFO] - Generation 106/400 - Time: 0.00 seconds
[2026-05-30 10:06:03,678][root][INFO] - {'coverage': '100.00', 'max_fitness': '-12.31', 'passive_coverage': '36.82', 'passive_max_fitness': '-12.31', 'passive_mean_fitness': '-56.83', 'passive_qd_score': '31889.90', 'qd_score': '97361.87', 'mean_fitness_top_k': '-21.73'}
[2026-05-30 10:06:04,691][root][INFO] - Generation 107/400 - Time: 0.00 seconds
[2026-05-30 10:06:04,691][root][INFO] - {'coverage': '100.00', 'max_fitness': '-8.03', 'passive_coverage': '37.01', 'passive_max_fitness': '-8.03', 'passive_mean_fitness': '-56.73', 'passive_qd_score': '32097.21', 'qd_score': '97450.41', 'mean_fitness_top_k': '-21.36'}
[2026-05-30 10:06:05,704][root][INFO] - Generation 108/400 - Time: 0.00 seconds
[2026-05-30 10:06:05,705][root][INFO] - {'coverage': '100.00', 'max_fitness': '-8.03', 'passive_coverage': '37.11', 'passive_max_fitness': '-8.03', 'passive_mean_fitness': '-56.71', 'passive_qd_score': '32191.04', 'qd_score': '97864.50', 'mean_fitness_top_k': '-21.07'}
[2026-05-30 10:06:06,721][root][INFO] - Generation 109/400 - Time: 0.00 seconds
[2026-05-30 10:06:06,721][root][INFO] - {'coverage': '100.00', 'max_fitness': '-8.03', 'passive_coverage': '37.21', 'passive_max_fitness': '-8.03', 'passive_mean_fitness': '-56.69', 'passive_qd_score': '32283.91', 'qd_score': '98039.45', 'mean_fitness_top_k': '-21.18'}
[2026-05-30 10:06:07,722][root][INFO] - Updating AE...
[2026-05-30 10:06:08,491][root][INFO] - Epoch: 1, loss: 401.2976
[2026-05-30 10:06:08,561][root][INFO] - Epoch: 2, loss: 362.1592
[2026-05-30 10:06:08,630][root][INFO] - Epoch: 3, loss: 345.3026
[2026-05-30 10:06:08,701][root][INFO] - Epoch: 4, loss: 328.9261
[2026-05-30 10:06:08,770][root][INFO] - Epoch: 5, loss: 318.0395
[2026-05-30 10:06:08,839][root][INFO] - Epoch: 6, loss: 311.3863
[2026-05-30 10:06:08,910][root][INFO] - Epoch: 7, loss: 303.1146
[2026-05-30 10:06:08,982][root][INFO] - Epoch: 8, loss: 298.5013
[2026-05-30 10:06:09,054][root][INFO] - Epoch: 9, loss: 295.5995
[2026-05-30 10:06:09,125][root][INFO] - Epoch: 10, loss: 292.0218
[2026-05-30 10:06:09,196][root][INFO] - Epoch: 11, loss: 291.6657
[2026-05-30 10:06:09,267][root][INFO] - Epoch: 12, loss: 286.6211
[2026-05-30 10:06:09,339][root][INFO] - Epoch: 13, loss: 283.9281
[2026-05-30 10:06:09,410][root][INFO] - Epoch: 14, loss: 282.3839
[2026-05-30 10:06:09,481][root][INFO] - Epoch: 15, loss: 276.9292
[2026-05-30 10:06:09,552][root][INFO] - Epoch: 16, loss: 278.0679
[2026-05-30 10:06:09,623][root][INFO] - Epoch: 17, loss: 272.2111
[2026-05-30 10:06:09,694][root][INFO] - Epoch: 18, loss: 269.1498
[2026-05-30 10:06:09,768][root][INFO] - Epoch: 19, loss: 269.9334
[2026-05-30 10:06:09,839][root][INFO] - Epoch: 20, loss: 263.4912
[2026-05-30 10:06:09,909][root][INFO] - Epoch: 21, loss: 260.4503
[2026-05-30 10:06:09,980][root][INFO] - Epoch: 22, loss: 272.6347
[2026-05-30 10:06:10,051][root][INFO] - Epoch: 23, loss: 287.8291
[2026-05-30 10:06:10,121][root][INFO] - Epoch: 24, loss: 352.6401
[2026-05-30 10:06:10,192][root][INFO] - Epoch: 25, loss: 324.5414
[2026-05-30 10:06:10,263][root][INFO] - Epoch: 26, loss: 289.5823
[2026-05-30 10:06:10,334][root][INFO] - Epoch: 27, loss: 279.2835
[2026-05-30 10:06:10,405][root][INFO] - Epoch: 28, loss: 272.7168
[2026-05-30 10:06:10,477][root][INFO] - Epoch: 29, loss: 267.4608
[2026-05-30 10:06:10,549][root][INFO] - Epoch: 30, loss: 261.5924
[2026-05-30 10:06:10,619][root][INFO] - Epoch: 31, loss: 256.7846
[2026-05-30 10:06:10,690][root][INFO] - Epoch: 32, loss: 252.5924
[2026-05-30 10:06:10,761][root][INFO] - Epoch: 33, loss: 248.3153
[2026-05-30 10:06:10,832][root][INFO] - Epoch: 34, loss: 245.3996
[2026-05-30 10:06:10,902][root][INFO] - Epoch: 35, loss: 242.0585
[2026-05-30 10:06:10,973][root][INFO] - Epoch: 36, loss: 239.9527
[2026-05-30 10:06:11,044][root][INFO] - Epoch: 37, loss: 239.5125
[2026-05-30 10:06:11,114][root][INFO] - Epoch: 38, loss: 244.8052
[2026-05-30 10:06:11,186][root][INFO] - Epoch: 39, loss: 246.6998
[2026-05-30 10:06:11,256][root][INFO] - Epoch: 40, loss: 238.5154
[2026-05-30 10:06:11,327][root][INFO] - Epoch: 41, loss: 235.8432
[2026-05-30 10:06:11,398][root][INFO] - Epoch: 42, loss: 234.2973
[2026-05-30 10:06:11,470][root][INFO] - Epoch: 43, loss: 229.9611
[2026-05-30 10:06:11,541][root][INFO] - Epoch: 44, loss: 228.9476
[2026-05-30 10:06:11,612][root][INFO] - Epoch: 45, loss: 227.4643
[2026-05-30 10:06:11,682][root][INFO] - Epoch: 46, loss: 228.9449
[2026-05-30 10:06:11,753][root][INFO] - Epoch: 47, loss: 226.9415
[2026-05-30 10:06:11,824][root][INFO] - Epoch: 48, loss: 223.3021
[2026-05-30 10:06:11,895][root][INFO] - Epoch: 49, loss: 221.4467
[2026-05-30 10:06:11,966][root][INFO] - Epoch: 50, loss: 219.2311
[2026-05-30 10:06:12,036][root][INFO] - Epoch: 51, loss: 218.5398
[2026-05-30 10:06:12,107][root][INFO] - Epoch: 52, loss: 215.3490
[2026-05-30 10:06:12,178][root][INFO] - Epoch: 53, loss: 212.7391
[2026-05-30 10:06:12,249][root][INFO] - Epoch: 54, loss: 211.6428
[2026-05-30 10:06:12,320][root][INFO] - Epoch: 55, loss: 208.3739
[2026-05-30 10:06:12,390][root][INFO] - Epoch: 56, loss: 209.8863
[2026-05-30 10:06:12,462][root][INFO] - Epoch: 57, loss: 212.7918
[2026-05-30 10:06:12,533][root][INFO] - Epoch: 58, loss: 211.8621
[2026-05-30 10:06:12,603][root][INFO] - Epoch: 59, loss: 210.1655
[2026-05-30 10:06:12,674][root][INFO] - Epoch: 60, loss: 203.2798
[2026-05-30 10:06:12,745][root][INFO] - Epoch: 61, loss: 204.2469
[2026-05-30 10:06:12,815][root][INFO] - Epoch: 62, loss: 207.8725
[2026-05-30 10:06:12,886][root][INFO] - Epoch: 63, loss: 202.8999
[2026-05-30 10:06:12,956][root][INFO] - Epoch: 64, loss: 197.1914
[2026-05-30 10:06:13,026][root][INFO] - Epoch: 65, loss: 196.1647
[2026-05-30 10:06:13,098][root][INFO] - Epoch: 66, loss: 196.7176
[2026-05-30 10:06:13,168][root][INFO] - Epoch: 67, loss: 192.1905
[2026-05-30 10:06:13,238][root][INFO] - Epoch: 68, loss: 194.1410
[2026-05-30 10:06:13,307][root][INFO] - Epoch: 69, loss: 190.6154
[2026-05-30 10:06:13,376][root][INFO] - Epoch: 70, loss: 192.6613
[2026-05-30 10:06:13,446][root][INFO] - Epoch: 71, loss: 190.9222
[2026-05-30 10:06:13,517][root][INFO] - Epoch: 72, loss: 185.8747
[2026-05-30 10:06:13,588][root][INFO] - Epoch: 73, loss: 185.4430
[2026-05-30 10:06:13,659][root][INFO] - Epoch: 74, loss: 183.6835
[2026-05-30 10:06:13,730][root][INFO] - Epoch: 75, loss: 187.0857
[2026-05-30 10:06:13,801][root][INFO] - Epoch: 76, loss: 189.5175
[2026-05-30 10:06:13,872][root][INFO] - Epoch: 77, loss: 196.2766
[2026-05-30 10:06:13,942][root][INFO] - Epoch: 78, loss: 186.8170
[2026-05-30 10:06:14,013][root][INFO] - Epoch: 79, loss: 189.8899
[2026-05-30 10:06:14,084][root][INFO] - Epoch: 80, loss: 186.1739
[2026-05-30 10:06:14,155][root][INFO] - Epoch: 81, loss: 183.9224
[2026-05-30 10:06:14,225][root][INFO] - Epoch: 82, loss: 183.2625
[2026-05-30 10:06:14,294][root][INFO] - Epoch: 83, loss: 181.2352
[2026-05-30 10:06:14,363][root][INFO] - Epoch: 84, loss: 180.7608
[2026-05-30 10:06:14,432][root][INFO] - Epoch: 85, loss: 198.1776
[2026-05-30 10:06:14,502][root][INFO] - Epoch: 86, loss: 184.2563
[2026-05-30 10:06:14,573][root][INFO] - Epoch: 87, loss: 189.5306
[2026-05-30 10:06:14,643][root][INFO] - Epoch: 88, loss: 228.0739
[2026-05-30 10:06:14,713][root][INFO] - Epoch: 89, loss: 214.4713
[2026-05-30 10:06:14,784][root][INFO] - Epoch: 90, loss: 197.7315
[2026-05-30 10:06:14,855][root][INFO] - Epoch: 91, loss: 186.2764
[2026-05-30 10:06:14,927][root][INFO] - Epoch: 92, loss: 179.4920
[2026-05-30 10:06:14,997][root][INFO] - Epoch: 93, loss: 177.3787
[2026-05-30 10:06:15,069][root][INFO] - Epoch: 94, loss: 171.5298
[2026-05-30 10:06:15,140][root][INFO] - Epoch: 95, loss: 167.3921
[2026-05-30 10:06:15,212][root][INFO] - Epoch: 96, loss: 167.4904
[2026-05-30 10:06:15,284][root][INFO] - Epoch: 97, loss: 167.3264
[2026-05-30 10:06:15,355][root][INFO] - Epoch: 98, loss: 167.6951
[2026-05-30 10:06:15,426][root][INFO] - Epoch: 99, loss: 166.8451
[2026-05-30 10:06:15,498][root][INFO] - Epoch: 100, loss: 166.3785
[2026-05-30 10:06:15,570][root][INFO] - Epoch: 101, loss: 163.2094
[2026-05-30 10:06:15,642][root][INFO] - Epoch: 102, loss: 163.4063
[2026-05-30 10:06:15,713][root][INFO] - Epoch: 103, loss: 164.2169
[2026-05-30 10:06:15,785][root][INFO] - Epoch: 104, loss: 240.7325
[2026-05-30 10:06:15,856][root][INFO] - Epoch: 105, loss: 260.6201
[2026-05-30 10:06:15,927][root][INFO] - Epoch: 106, loss: 227.9356
[2026-05-30 10:06:16,001][root][INFO] - Epoch: 107, loss: 212.7856
[2026-05-30 10:06:16,072][root][INFO] - Epoch: 108, loss: 205.7448
[2026-05-30 10:06:16,143][root][INFO] - Epoch: 109, loss: 200.4380
[2026-05-30 10:06:16,214][root][INFO] - Epoch: 110, loss: 180.4905
[2026-05-30 10:06:16,285][root][INFO] - Epoch: 111, loss: 181.1385
[2026-05-30 10:06:16,356][root][INFO] - Epoch: 112, loss: 176.3249
[2026-05-30 10:06:16,357][root][INFO] - Early stopping at epoch: 111
[2026-05-30 10:06:16,393][root][INFO] - {'model_loss': '176.3249', 'recon_loss': '0.0000', 'triplet_loss': '176.3249'}
[2026-05-30 10:06:16,397][root][INFO] - Updating AE...
[2026-05-30 10:06:17,171][root][INFO] - Epoch: 1, loss: 111.7020
[2026-05-30 10:06:17,242][root][INFO] - Epoch: 2, loss: 53.1100
[2026-05-30 10:06:17,314][root][INFO] - Epoch: 3, loss: 38.4526
[2026-05-30 10:06:17,386][root][INFO] - Epoch: 4, loss: 30.4926
[2026-05-30 10:06:17,457][root][INFO] - Epoch: 5, loss: 25.9272
[2026-05-30 10:06:17,529][root][INFO] - Epoch: 6, loss: 23.3089
[2026-05-30 10:06:17,600][root][INFO] - Epoch: 7, loss: 21.6877
[2026-05-30 10:06:17,673][root][INFO] - Epoch: 8, loss: 20.5681
[2026-05-30 10:06:17,744][root][INFO] - Epoch: 9, loss: 19.8267
[2026-05-30 10:06:17,815][root][INFO] - Epoch: 10, loss: 19.2368
[2026-05-30 10:06:17,887][root][INFO] - Epoch: 11, loss: 18.7754
[2026-05-30 10:06:17,959][root][INFO] - Epoch: 12, loss: 18.4155
[2026-05-30 10:06:18,031][root][INFO] - Epoch: 13, loss: 18.1338
[2026-05-30 10:06:18,102][root][INFO] - Epoch: 14, loss: 17.8516
[2026-05-30 10:06:18,173][root][INFO] - Epoch: 15, loss: 17.5997
[2026-05-30 10:06:18,244][root][INFO] - Epoch: 16, loss: 17.4074
[2026-05-30 10:06:18,315][root][INFO] - Epoch: 17, loss: 17.2250
[2026-05-30 10:06:18,386][root][INFO] - Epoch: 18, loss: 17.0404
[2026-05-30 10:06:18,459][root][INFO] - Epoch: 19, loss: 16.9060
[2026-05-30 10:06:18,530][root][INFO] - Epoch: 20, loss: 16.7335
[2026-05-30 10:06:18,602][root][INFO] - Epoch: 21, loss: 16.5889
[2026-05-30 10:06:18,673][root][INFO] - Epoch: 22, loss: 16.4258
[2026-05-30 10:06:18,744][root][INFO] - Epoch: 23, loss: 16.3084
[2026-05-30 10:06:18,816][root][INFO] - Epoch: 24, loss: 16.1792
[2026-05-30 10:06:18,887][root][INFO] - Epoch: 25, loss: 16.0695
[2026-05-30 10:06:18,959][root][INFO] - Epoch: 26, loss: 15.9903
[2026-05-30 10:06:19,030][root][INFO] - Epoch: 27, loss: 15.8748
[2026-05-30 10:06:19,102][root][INFO] - Epoch: 28, loss: 15.7950
[2026-05-30 10:06:19,174][root][INFO] - Epoch: 29, loss: 15.6984
[2026-05-30 10:06:19,244][root][INFO] - Epoch: 30, loss: 15.5981
[2026-05-30 10:06:19,316][root][INFO] - Epoch: 31, loss: 15.5150
[2026-05-30 10:06:19,388][root][INFO] - Epoch: 32, loss: 15.4104
[2026-05-30 10:06:19,459][root][INFO] - Epoch: 33, loss: 15.3325
[2026-05-30 10:06:19,530][root][INFO] - Epoch: 34, loss: 15.2278
[2026-05-30 10:06:19,601][root][INFO] - Epoch: 35, loss: 15.1475
[2026-05-30 10:06:19,672][root][INFO] - Epoch: 36, loss: 15.0789
[2026-05-30 10:06:19,744][root][INFO] - Epoch: 37, loss: 15.0191
[2026-05-30 10:06:19,816][root][INFO] - Epoch: 38, loss: 14.8958
[2026-05-30 10:06:19,887][root][INFO] - Epoch: 39, loss: 14.8569
[2026-05-30 10:06:19,958][root][INFO] - Epoch: 40, loss: 14.7325
[2026-05-30 10:06:20,030][root][INFO] - Epoch: 41, loss: 14.6751
[2026-05-30 10:06:20,102][root][INFO] - Epoch: 42, loss: 14.6570
[2026-05-30 10:06:20,174][root][INFO] - Epoch: 43, loss: 14.5399
[2026-05-30 10:06:20,245][root][INFO] - Epoch: 44, loss: 14.4834
[2026-05-30 10:06:20,316][root][INFO] - Epoch: 45, loss: 14.3852
[2026-05-30 10:06:20,388][root][INFO] - Epoch: 46, loss: 14.3914
[2026-05-30 10:06:20,459][root][INFO] - Epoch: 47, loss: 14.1997
[2026-05-30 10:06:20,531][root][INFO] - Epoch: 48, loss: 14.1932
[2026-05-30 10:06:20,602][root][INFO] - Epoch: 49, loss: 14.1445
[2026-05-30 10:06:20,673][root][INFO] - Epoch: 50, loss: 13.9823
[2026-05-30 10:06:20,747][root][INFO] - Epoch: 51, loss: 13.9391
[2026-05-30 10:06:20,819][root][INFO] - Epoch: 52, loss: 13.9249
[2026-05-30 10:06:20,890][root][INFO] - Epoch: 53, loss: 13.7501
[2026-05-30 10:06:20,961][root][INFO] - Epoch: 54, loss: 13.7716
[2026-05-30 10:06:21,031][root][INFO] - Epoch: 55, loss: 13.6106
[2026-05-30 10:06:21,103][root][INFO] - Epoch: 56, loss: 13.4772
[2026-05-30 10:06:21,175][root][INFO] - Epoch: 57, loss: 13.4117
[2026-05-30 10:06:21,246][root][INFO] - Epoch: 58, loss: 13.3157
[2026-05-30 10:06:21,317][root][INFO] - Epoch: 59, loss: 13.1976
[2026-05-30 10:06:21,388][root][INFO] - Epoch: 60, loss: 13.1771
[2026-05-30 10:06:21,459][root][INFO] - Epoch: 61, loss: 13.1716
[2026-05-30 10:06:21,530][root][INFO] - Epoch: 62, loss: 13.1253
[2026-05-30 10:06:21,601][root][INFO] - Epoch: 63, loss: 12.9418
[2026-05-30 10:06:21,673][root][INFO] - Epoch: 64, loss: 13.0136
[2026-05-30 10:06:21,744][root][INFO] - Epoch: 65, loss: 12.7475
[2026-05-30 10:06:21,817][root][INFO] - Epoch: 66, loss: 12.8356
[2026-05-30 10:06:21,888][root][INFO] - Epoch: 67, loss: 12.8138
[2026-05-30 10:06:21,961][root][INFO] - Epoch: 68, loss: 12.6470
[2026-05-30 10:06:22,033][root][INFO] - Epoch: 69, loss: 12.4170
[2026-05-30 10:06:22,104][root][INFO] - Epoch: 70, loss: 12.8407
[2026-05-30 10:06:22,175][root][INFO] - Epoch: 71, loss: 12.5562
[2026-05-30 10:06:22,248][root][INFO] - Epoch: 72, loss: 12.4110
[2026-05-30 10:06:22,320][root][INFO] - Epoch: 73, loss: 12.2369
[2026-05-30 10:06:22,392][root][INFO] - Epoch: 74, loss: 12.4081
[2026-05-30 10:06:22,464][root][INFO] - Epoch: 75, loss: 12.2355
[2026-05-30 10:06:22,535][root][INFO] - Epoch: 76, loss: 12.0354
[2026-05-30 10:06:22,606][root][INFO] - Epoch: 77, loss: 12.0035
[2026-05-30 10:06:22,678][root][INFO] - Epoch: 78, loss: 12.0248
[2026-05-30 10:06:22,749][root][INFO] - Epoch: 79, loss: 12.0622
[2026-05-30 10:06:22,820][root][INFO] - Epoch: 80, loss: 11.9359
[2026-05-30 10:06:22,892][root][INFO] - Epoch: 81, loss: 12.0057
[2026-05-30 10:06:22,963][root][INFO] - Epoch: 82, loss: 11.7613
[2026-05-30 10:06:23,034][root][INFO] - Epoch: 83, loss: 11.6959
[2026-05-30 10:06:23,109][root][INFO] - Epoch: 84, loss: 11.4650
[2026-05-30 10:06:23,181][root][INFO] - Epoch: 85, loss: 11.5152
[2026-05-30 10:06:23,252][root][INFO] - Epoch: 86, loss: 11.4191
[2026-05-30 10:06:23,324][root][INFO] - Epoch: 87, loss: 11.3642
[2026-05-30 10:06:23,396][root][INFO] - Epoch: 88, loss: 11.4170
[2026-05-30 10:06:23,467][root][INFO] - Epoch: 89, loss: 11.4372
[2026-05-30 10:06:23,539][root][INFO] - Epoch: 90, loss: 11.3226
[2026-05-30 10:06:23,610][root][INFO] - Epoch: 91, loss: 11.2685
[2026-05-30 10:06:23,681][root][INFO] - Epoch: 92, loss: 11.1454
[2026-05-30 10:06:23,754][root][INFO] - Epoch: 93, loss: 11.0393
[2026-05-30 10:06:23,825][root][INFO] - Epoch: 94, loss: 11.2303
[2026-05-30 10:06:23,896][root][INFO] - Epoch: 95, loss: 11.2987
[2026-05-30 10:06:23,968][root][INFO] - Epoch: 96, loss: 11.2793
[2026-05-30 10:06:24,040][root][INFO] - Epoch: 97, loss: 11.0714
[2026-05-30 10:06:24,111][root][INFO] - Epoch: 98, loss: 10.8749
[2026-05-30 10:06:24,183][root][INFO] - Epoch: 99, loss: 10.7847
[2026-05-30 10:06:24,255][root][INFO] - Epoch: 100, loss: 10.7232
[2026-05-30 10:06:24,327][root][INFO] - Epoch: 101, loss: 10.8567
[2026-05-30 10:06:24,398][root][INFO] - Epoch: 102, loss: 10.7769
[2026-05-30 10:06:24,470][root][INFO] - Epoch: 103, loss: 10.7571
[2026-05-30 10:06:24,542][root][INFO] - Epoch: 104, loss: 10.5936
[2026-05-30 10:06:24,613][root][INFO] - Epoch: 105, loss: 10.7642
[2026-05-30 10:06:24,684][root][INFO] - Epoch: 106, loss: 10.6161
[2026-05-30 10:06:24,756][root][INFO] - Epoch: 107, loss: 10.6066
[2026-05-30 10:06:24,828][root][INFO] - Epoch: 108, loss: 10.3789
[2026-05-30 10:06:24,899][root][INFO] - Epoch: 109, loss: 10.3059
[2026-05-30 10:06:24,971][root][INFO] - Epoch: 110, loss: 10.4032
[2026-05-30 10:06:25,042][root][INFO] - Epoch: 111, loss: 11.1991
[2026-05-30 10:06:25,113][root][INFO] - Epoch: 112, loss: 11.0802
[2026-05-30 10:06:25,184][root][INFO] - Epoch: 113, loss: 11.0724
[2026-05-30 10:06:25,255][root][INFO] - Epoch: 114, loss: 10.9646
[2026-05-30 10:06:25,327][root][INFO] - Epoch: 115, loss: 10.6934
[2026-05-30 10:06:25,399][root][INFO] - Epoch: 116, loss: 11.1611
[2026-05-30 10:06:25,470][root][INFO] - Epoch: 117, loss: 11.1230
[2026-05-30 10:06:25,541][root][INFO] - Epoch: 118, loss: 10.5507
[2026-05-30 10:06:25,613][root][INFO] - Epoch: 119, loss: 10.6196
[2026-05-30 10:06:25,684][root][INFO] - Epoch: 120, loss: 10.5822
[2026-05-30 10:06:25,684][root][INFO] - Early stopping at epoch: 119
[2026-05-30 10:06:25,721][root][INFO] - {'model_loss': '10.5822', 'recon_loss': '0.0000', 'triplet_loss': '10.5822'}
[2026-05-30 10:06:25,725][root][INFO] - Generation 110/400 - Time: 0.00 seconds
[2026-05-30 10:06:25,726][root][INFO] - {'coverage': '100.00', 'max_fitness': '-8.03', 'passive_coverage': '37.21', 'passive_max_fitness': '-8.03', 'passive_mean_fitness': '-56.68', 'passive_qd_score': '32285.50', 'qd_score': '98189.64', 'mean_fitness_top_k': '-21.09'}
[2026-05-30 10:06:26,860][root][INFO] - Generation 111/400 - Time: 0.00 seconds
[2026-05-30 10:06:26,861][root][INFO] - {'coverage': '100.00', 'max_fitness': '-8.03', 'passive_coverage': '37.50', 'passive_max_fitness': '-8.03', 'passive_mean_fitness': '-56.80', 'passive_qd_score': '32495.80', 'qd_score': '93391.59', 'mean_fitness_top_k': '-23.43'}
[2026-05-30 10:06:27,990][root][INFO] - Generation 112/400 - Time: 0.00 seconds
[2026-05-30 10:06:27,991][root][INFO] - {'coverage': '100.00', 'max_fitness': '-8.03', 'passive_coverage': '37.79', 'passive_max_fitness': '-8.03', 'passive_mean_fitness': '-57.04', 'passive_qd_score': '32656.99', 'qd_score': '93098.17', 'mean_fitness_top_k': '-23.54'}
[2026-05-30 10:06:29,126][root][INFO] - Generation 113/400 - Time: 0.00 seconds
[2026-05-30 10:06:29,126][root][INFO] - {'coverage': '100.00', 'max_fitness': '-8.03', 'passive_coverage': '38.38', 'passive_max_fitness': '-8.03', 'passive_mean_fitness': '-57.38', 'passive_qd_score': '33028.03', 'qd_score': '93205.52', 'mean_fitness_top_k': '-23.35'}
[2026-05-30 10:06:30,269][root][INFO] - Generation 114/400 - Time: 0.00 seconds
[2026-05-30 10:06:30,269][root][INFO] - {'coverage': '100.00', 'max_fitness': '-8.03', 'passive_coverage': '38.38', 'passive_max_fitness': '-8.03', 'passive_mean_fitness': '-57.37', 'passive_qd_score': '33030.63', 'qd_score': '93115.53', 'mean_fitness_top_k': '-22.68'}
[2026-05-30 10:06:31,447][root][INFO] - Generation 115/400 - Time: 0.00 seconds
[2026-05-30 10:06:31,448][root][INFO] - {'coverage': '100.00', 'max_fitness': '-8.03', 'passive_coverage': '38.67', 'passive_max_fitness': '-8.03', 'passive_mean_fitness': '-57.50', 'passive_qd_score': '33231.58', 'qd_score': '92817.68', 'mean_fitness_top_k': '-23.19'}
[2026-05-30 10:06:32,587][root][INFO] - Generation 116/400 - Time: 0.00 seconds
[2026-05-30 10:06:32,588][root][INFO] - {'coverage': '100.00', 'max_fitness': '-8.03', 'passive_coverage': '38.87', 'passive_max_fitness': '-8.03', 'passive_mean_fitness': '-57.45', 'passive_qd_score': '33421.34', 'qd_score': '93099.59', 'mean_fitness_top_k': '-23.62'}
[2026-05-30 10:06:33,771][root][INFO] - Generation 117/400 - Time: 0.00 seconds
[2026-05-30 10:06:33,771][root][INFO] - {'coverage': '100.00', 'max_fitness': '-8.03', 'passive_coverage': '38.96', 'passive_max_fitness': '-8.03', 'passive_mean_fitness': '-57.50', 'passive_qd_score': '33485.91', 'qd_score': '92906.20', 'mean_fitness_top_k': '-23.51'}
[2026-05-30 10:06:34,908][root][INFO] - Generation 118/400 - Time: 0.00 seconds
[2026-05-30 10:06:34,909][root][INFO] - {'coverage': '100.00', 'max_fitness': '-8.03', 'passive_coverage': '39.16', 'passive_max_fitness': '-8.03', 'passive_mean_fitness': '-57.68', 'passive_qd_score': '33581.00', 'qd_score': '92366.00', 'mean_fitness_top_k': '-24.09'}
[2026-05-30 10:06:36,052][root][INFO] - Generation 119/400 - Time: 0.00 seconds
[2026-05-30 10:06:36,053][root][INFO] - {'coverage': '100.00', 'max_fitness': '-8.03', 'passive_coverage': '39.16', 'passive_max_fitness': '-8.03', 'passive_mean_fitness': '-57.68', 'passive_qd_score': '33581.66', 'qd_score': '92603.12', 'mean_fitness_top_k': '-23.94'}
[2026-05-30 10:06:37,061][root][INFO] - Generation 120/400 - Time: 0.00 seconds
[2026-05-30 10:06:37,062][root][INFO] - {'coverage': '100.00', 'max_fitness': '-8.03', 'passive_coverage': '39.16', 'passive_max_fitness': '-8.03', 'passive_mean_fitness': '-57.67', 'passive_qd_score': '33584.14', 'qd_score': '92750.94', 'mean_fitness_top_k': '-23.39'}
[2026-05-30 10:06:38,086][root][INFO] - Generation 121/400 - Time: 0.00 seconds
[2026-05-30 10:06:38,087][root][INFO] - {'coverage': '100.00', 'max_fitness': '-8.03', 'passive_coverage': '39.26', 'passive_max_fitness': '-8.03', 'passive_mean_fitness': '-57.77', 'passive_qd_score': '33627.64', 'qd_score': '92832.02', 'mean_fitness_top_k': '-23.70'}
[2026-05-30 10:06:39,117][root][INFO] - Generation 122/400 - Time: 0.00 seconds
[2026-05-30 10:06:39,118][root][INFO] - {'coverage': '100.00', 'max_fitness': '-8.03', 'passive_coverage': '39.26', 'passive_max_fitness': '-8.03', 'passive_mean_fitness': '-57.77', 'passive_qd_score': '33627.98', 'qd_score': '92820.98', 'mean_fitness_top_k': '-23.84'}
[2026-05-30 10:06:40,147][root][INFO] - Generation 123/400 - Time: 0.00 seconds
[2026-05-30 10:06:40,148][root][INFO] - {'coverage': '100.00', 'max_fitness': '-8.03', 'passive_coverage': '39.36', 'passive_max_fitness': '-8.03', 'passive_mean_fitness': '-57.67', 'passive_qd_score': '33750.44', 'qd_score': '92989.40', 'mean_fitness_top_k': '-23.64'}
[2026-05-30 10:06:41,130][root][INFO] - Generation 124/400 - Time: 0.00 seconds
[2026-05-30 10:06:41,130][root][INFO] - {'coverage': '100.00', 'max_fitness': '-8.03', 'passive_coverage': '39.45', 'passive_max_fitness': '-8.03', 'passive_mean_fitness': '-57.64', 'passive_qd_score': '33848.93', 'qd_score': '92925.25', 'mean_fitness_top_k': '-23.46'}
[2026-05-30 10:06:42,116][root][INFO] - Generation 125/400 - Time: 0.00 seconds
[2026-05-30 10:06:42,117][root][INFO] - {'coverage': '100.00', 'max_fitness': '-8.03', 'passive_coverage': '39.55', 'passive_max_fitness': '-8.03', 'passive_mean_fitness': '-57.66', 'passive_qd_score': '33922.19', 'qd_score': '92848.93', 'mean_fitness_top_k': '-23.21'}
[2026-05-30 10:06:43,109][root][INFO] - Generation 126/400 - Time: 0.00 seconds
[2026-05-30 10:06:43,109][root][INFO] - {'coverage': '100.00', 'max_fitness': '-8.03', 'passive_coverage': '39.55', 'passive_max_fitness': '-8.03', 'passive_mean_fitness': '-57.65', 'passive_qd_score': '33925.41', 'qd_score': '92879.25', 'mean_fitness_top_k': '-23.27'}
[2026-05-30 10:06:44,139][root][INFO] - Generation 127/400 - Time: 0.00 seconds
[2026-05-30 10:06:44,140][root][INFO] - {'coverage': '100.00', 'max_fitness': '-8.03', 'passive_coverage': '39.55', 'passive_max_fitness': '-8.03', 'passive_mean_fitness': '-57.65', 'passive_qd_score': '33927.64', 'qd_score': '92859.02', 'mean_fitness_top_k': '-23.02'}
[2026-05-30 10:06:45,162][root][INFO] - Generation 128/400 - Time: 0.00 seconds
[2026-05-30 10:06:45,163][root][INFO] - {'coverage': '100.00', 'max_fitness': '-8.03', 'passive_coverage': '39.55', 'passive_max_fitness': '-8.03', 'passive_mean_fitness': '-57.65', 'passive_qd_score': '33927.88', 'qd_score': '92598.62', 'mean_fitness_top_k': '-23.44'}
[2026-05-30 10:06:46,158][root][INFO] - Generation 129/400 - Time: 0.00 seconds
[2026-05-30 10:06:46,159][root][INFO] - {'coverage': '100.00', 'max_fitness': '-8.03', 'passive_coverage': '39.55', 'passive_max_fitness': '-8.03', 'passive_mean_fitness': '-57.65', 'passive_qd_score': '33927.98', 'qd_score': '92399.77', 'mean_fitness_top_k': '-22.97'}
[2026-05-30 10:06:47,189][root][INFO] - Generation 130/400 - Time: 0.00 seconds
[2026-05-30 10:06:47,190][root][INFO] - {'coverage': '100.00', 'max_fitness': '-8.03', 'passive_coverage': '39.84', 'passive_max_fitness': '-8.03', 'passive_mean_fitness': '-57.65', 'passive_qd_score': '34177.49', 'qd_score': '92692.02', 'mean_fitness_top_k': '-22.79'}
[2026-05-30 10:06:48,224][root][INFO] - Generation 131/400 - Time: 0.00 seconds
[2026-05-30 10:06:48,225][root][INFO] - {'coverage': '100.00', 'max_fitness': '-8.03', 'passive_coverage': '40.04', 'passive_max_fitness': '-8.03', 'passive_mean_fitness': '-57.55', 'passive_qd_score': '34386.05', 'qd_score': '92692.83', 'mean_fitness_top_k': '-22.86'}
[2026-05-30 10:06:49,255][root][INFO] - Updating AE...
[2026-05-30 10:06:50,002][root][INFO] - Epoch: 1, loss: 280.3253
[2026-05-30 10:06:50,072][root][INFO] - Epoch: 2, loss: 268.7734
[2026-05-30 10:06:50,141][root][INFO] - Epoch: 3, loss: 264.8820
[2026-05-30 10:06:50,213][root][INFO] - Epoch: 4, loss: 262.5489
[2026-05-30 10:06:50,282][root][INFO] - Epoch: 5, loss: 257.7898
[2026-05-30 10:06:50,351][root][INFO] - Epoch: 6, loss: 253.2436
[2026-05-30 10:06:50,422][root][INFO] - Epoch: 7, loss: 255.1946
[2026-05-30 10:06:50,492][root][INFO] - Epoch: 8, loss: 247.3449
[2026-05-30 10:06:50,562][root][INFO] - Epoch: 9, loss: 248.3561
[2026-05-30 10:06:50,632][root][INFO] - Epoch: 10, loss: 242.8762
[2026-05-30 10:06:50,703][root][INFO] - Epoch: 11, loss: 239.0836
[2026-05-30 10:06:50,777][root][INFO] - Epoch: 12, loss: 239.1928
[2026-05-30 10:06:50,856][root][INFO] - Epoch: 13, loss: 239.5178
[2026-05-30 10:06:50,927][root][INFO] - Epoch: 14, loss: 234.0732
[2026-05-30 10:06:50,998][root][INFO] - Epoch: 15, loss: 232.6743
[2026-05-30 10:06:51,068][root][INFO] - Epoch: 16, loss: 231.5298
[2026-05-30 10:06:51,139][root][INFO] - Epoch: 17, loss: 228.9932
[2026-05-30 10:06:51,208][root][INFO] - Epoch: 18, loss: 223.5147
[2026-05-30 10:06:51,277][root][INFO] - Epoch: 19, loss: 218.7815
[2026-05-30 10:06:51,348][root][INFO] - Epoch: 20, loss: 222.0337
[2026-05-30 10:06:51,420][root][INFO] - Epoch: 21, loss: 220.9978
[2026-05-30 10:06:51,491][root][INFO] - Epoch: 22, loss: 216.2401
[2026-05-30 10:06:51,562][root][INFO] - Epoch: 23, loss: 213.2389
[2026-05-30 10:06:51,633][root][INFO] - Epoch: 24, loss: 210.3241
[2026-05-30 10:06:51,703][root][INFO] - Epoch: 25, loss: 208.3607
[2026-05-30 10:06:51,775][root][INFO] - Epoch: 26, loss: 207.5104
[2026-05-30 10:06:51,846][root][INFO] - Epoch: 27, loss: 206.6184
[2026-05-30 10:06:51,917][root][INFO] - Epoch: 28, loss: 204.3770
[2026-05-30 10:06:51,988][root][INFO] - Epoch: 29, loss: 201.8781
[2026-05-30 10:06:52,059][root][INFO] - Epoch: 30, loss: 201.0766
[2026-05-30 10:06:52,130][root][INFO] - Epoch: 31, loss: 199.8801
[2026-05-30 10:06:52,201][root][INFO] - Epoch: 32, loss: 197.3910
[2026-05-30 10:06:52,271][root][INFO] - Epoch: 33, loss: 194.8419
[2026-05-30 10:06:52,342][root][INFO] - Epoch: 34, loss: 217.4077
[2026-05-30 10:06:52,413][root][INFO] - Epoch: 35, loss: 260.2769
[2026-05-30 10:06:52,485][root][INFO] - Epoch: 36, loss: 256.5083
[2026-05-30 10:06:52,555][root][INFO] - Epoch: 37, loss: 243.0314
[2026-05-30 10:06:52,627][root][INFO] - Epoch: 38, loss: 244.3923
[2026-05-30 10:06:52,698][root][INFO] - Epoch: 39, loss: 242.1854
[2026-05-30 10:06:52,770][root][INFO] - Epoch: 40, loss: 237.0605
[2026-05-30 10:06:52,842][root][INFO] - Epoch: 41, loss: 232.9017
[2026-05-30 10:06:52,913][root][INFO] - Epoch: 42, loss: 228.9784
[2026-05-30 10:06:52,984][root][INFO] - Epoch: 43, loss: 226.4431
[2026-05-30 10:06:53,056][root][INFO] - Epoch: 44, loss: 223.7070
[2026-05-30 10:06:53,057][root][INFO] - Early stopping at epoch: 43
[2026-05-30 10:06:53,089][root][INFO] - {'model_loss': '223.7070', 'recon_loss': '0.0000', 'triplet_loss': '223.7070'}
[2026-05-30 10:06:53,093][root][INFO] - Updating AE...
[2026-05-30 10:06:54,059][root][INFO] - Epoch: 1, loss: 60.8318
[2026-05-30 10:06:54,133][root][INFO] - Epoch: 2, loss: 26.5755
[2026-05-30 10:06:54,204][root][INFO] - Epoch: 3, loss: 19.4217
[2026-05-30 10:06:54,274][root][INFO] - Epoch: 4, loss: 17.2696
[2026-05-30 10:06:54,344][root][INFO] - Epoch: 5, loss: 16.2888
[2026-05-30 10:06:54,414][root][INFO] - Epoch: 6, loss: 15.7981
[2026-05-30 10:06:54,484][root][INFO] - Epoch: 7, loss: 15.4667
[2026-05-30 10:06:54,555][root][INFO] - Epoch: 8, loss: 15.2513
[2026-05-30 10:06:54,626][root][INFO] - Epoch: 9, loss: 15.0865
[2026-05-30 10:06:54,698][root][INFO] - Epoch: 10, loss: 14.9035
[2026-05-30 10:06:54,769][root][INFO] - Epoch: 11, loss: 14.7429
[2026-05-30 10:06:54,840][root][INFO] - Epoch: 12, loss: 14.5829
[2026-05-30 10:06:54,910][root][INFO] - Epoch: 13, loss: 14.5035
[2026-05-30 10:06:54,981][root][INFO] - Epoch: 14, loss: 14.3869
[2026-05-30 10:06:55,051][root][INFO] - Epoch: 15, loss: 14.2881
[2026-05-30 10:06:55,123][root][INFO] - Epoch: 16, loss: 14.2032
[2026-05-30 10:06:55,194][root][INFO] - Epoch: 17, loss: 14.1041
[2026-05-30 10:06:55,266][root][INFO] - Epoch: 18, loss: 14.0335
[2026-05-30 10:06:55,337][root][INFO] - Epoch: 19, loss: 13.9573
[2026-05-30 10:06:55,409][root][INFO] - Epoch: 20, loss: 13.9016
[2026-05-30 10:06:55,480][root][INFO] - Epoch: 21, loss: 13.7964
[2026-05-30 10:06:55,552][root][INFO] - Epoch: 22, loss: 13.7364
[2026-05-30 10:06:55,622][root][INFO] - Epoch: 23, loss: 13.6706
[2026-05-30 10:06:55,694][root][INFO] - Epoch: 24, loss: 13.6031
[2026-05-30 10:06:55,764][root][INFO] - Epoch: 25, loss: 13.5106
[2026-05-30 10:06:55,836][root][INFO] - Epoch: 26, loss: 13.4255
[2026-05-30 10:06:55,907][root][INFO] - Epoch: 27, loss: 13.3441
[2026-05-30 10:06:55,979][root][INFO] - Epoch: 28, loss: 13.2771
[2026-05-30 10:06:56,050][root][INFO] - Epoch: 29, loss: 13.2650
[2026-05-30 10:06:56,121][root][INFO] - Epoch: 30, loss: 13.1355
[2026-05-30 10:06:56,192][root][INFO] - Epoch: 31, loss: 13.0773
[2026-05-30 10:06:56,263][root][INFO] - Epoch: 32, loss: 12.9664
[2026-05-30 10:06:56,334][root][INFO] - Epoch: 33, loss: 12.9488
[2026-05-30 10:06:56,405][root][INFO] - Epoch: 34, loss: 12.8650
[2026-05-30 10:06:56,476][root][INFO] - Epoch: 35, loss: 12.9389
[2026-05-30 10:06:56,546][root][INFO] - Epoch: 36, loss: 12.9101
[2026-05-30 10:06:56,617][root][INFO] - Epoch: 37, loss: 12.6996
[2026-05-30 10:06:56,687][root][INFO] - Epoch: 38, loss: 12.8373
[2026-05-30 10:06:56,758][root][INFO] - Epoch: 39, loss: 12.7020
[2026-05-30 10:06:56,829][root][INFO] - Epoch: 40, loss: 12.7304
[2026-05-30 10:06:56,901][root][INFO] - Epoch: 41, loss: 12.6082
[2026-05-30 10:06:56,972][root][INFO] - Epoch: 42, loss: 12.6809
[2026-05-30 10:06:57,043][root][INFO] - Epoch: 43, loss: 12.6320
[2026-05-30 10:06:57,114][root][INFO] - Epoch: 44, loss: 12.5121
[2026-05-30 10:06:57,185][root][INFO] - Epoch: 45, loss: 12.4245
[2026-05-30 10:06:57,255][root][INFO] - Epoch: 46, loss: 12.3153
[2026-05-30 10:06:57,326][root][INFO] - Epoch: 47, loss: 12.3063
[2026-05-30 10:06:57,397][root][INFO] - Epoch: 48, loss: 12.2077
[2026-05-30 10:06:57,468][root][INFO] - Epoch: 49, loss: 12.3198
[2026-05-30 10:06:57,540][root][INFO] - Epoch: 50, loss: 12.2180
[2026-05-30 10:06:57,612][root][INFO] - Epoch: 51, loss: 12.1683
[2026-05-30 10:06:57,683][root][INFO] - Epoch: 52, loss: 12.1667
[2026-05-30 10:06:57,755][root][INFO] - Epoch: 53, loss: 12.1076
[2026-05-30 10:06:57,826][root][INFO] - Epoch: 54, loss: 12.0300
[2026-05-30 10:06:57,898][root][INFO] - Epoch: 55, loss: 11.9893
[2026-05-30 10:06:57,969][root][INFO] - Epoch: 56, loss: 11.8983
[2026-05-30 10:06:58,041][root][INFO] - Epoch: 57, loss: 11.8637
[2026-05-30 10:06:58,111][root][INFO] - Epoch: 58, loss: 11.8532
[2026-05-30 10:06:58,182][root][INFO] - Epoch: 59, loss: 11.7878
[2026-05-30 10:06:58,253][root][INFO] - Epoch: 60, loss: 11.7435
[2026-05-30 10:06:58,324][root][INFO] - Epoch: 61, loss: 11.6754
[2026-05-30 10:06:58,395][root][INFO] - Epoch: 62, loss: 11.6226
[2026-05-30 10:06:58,467][root][INFO] - Epoch: 63, loss: 11.9102
[2026-05-30 10:06:58,539][root][INFO] - Epoch: 64, loss: 12.1025
[2026-05-30 10:06:58,609][root][INFO] - Epoch: 65, loss: 11.8265
[2026-05-30 10:06:58,681][root][INFO] - Epoch: 66, loss: 11.6100
[2026-05-30 10:06:58,752][root][INFO] - Epoch: 67, loss: 11.6490
[2026-05-30 10:06:58,823][root][INFO] - Epoch: 68, loss: 11.5219
[2026-05-30 10:06:58,894][root][INFO] - Epoch: 69, loss: 11.3304
[2026-05-30 10:06:58,963][root][INFO] - Epoch: 70, loss: 11.2750
[2026-05-30 10:06:59,035][root][INFO] - Epoch: 71, loss: 11.2646
[2026-05-30 10:06:59,106][root][INFO] - Epoch: 72, loss: 11.1893
[2026-05-30 10:06:59,178][root][INFO] - Epoch: 73, loss: 11.2427
[2026-05-30 10:06:59,249][root][INFO] - Epoch: 74, loss: 11.0886
[2026-05-30 10:06:59,321][root][INFO] - Epoch: 75, loss: 11.1464
[2026-05-30 10:06:59,392][root][INFO] - Epoch: 76, loss: 11.1708
[2026-05-30 10:06:59,463][root][INFO] - Epoch: 77, loss: 11.0295
[2026-05-30 10:06:59,534][root][INFO] - Epoch: 78, loss: 11.0996
[2026-05-30 10:06:59,605][root][INFO] - Epoch: 79, loss: 11.0520
[2026-05-30 10:06:59,676][root][INFO] - Epoch: 80, loss: 11.1130
[2026-05-30 10:06:59,747][root][INFO] - Epoch: 81, loss: 10.9009
[2026-05-30 10:06:59,818][root][INFO] - Epoch: 82, loss: 10.7650
[2026-05-30 10:06:59,889][root][INFO] - Epoch: 83, loss: 10.7990
[2026-05-30 10:06:59,960][root][INFO] - Epoch: 84, loss: 10.7269
[2026-05-30 10:07:00,031][root][INFO] - Epoch: 85, loss: 10.7410
[2026-05-30 10:07:00,102][root][INFO] - Epoch: 86, loss: 10.6898
[2026-05-30 10:07:00,173][root][INFO] - Epoch: 87, loss: 10.6871
[2026-05-30 10:07:00,244][root][INFO] - Epoch: 88, loss: 10.7629
[2026-05-30 10:07:00,314][root][INFO] - Epoch: 89, loss: 10.6534
[2026-05-30 10:07:00,385][root][INFO] - Epoch: 90, loss: 10.5440
[2026-05-30 10:07:00,456][root][INFO] - Epoch: 91, loss: 10.4810
[2026-05-30 10:07:00,527][root][INFO] - Epoch: 92, loss: 10.4484
[2026-05-30 10:07:00,598][root][INFO] - Epoch: 93, loss: 10.3693
[2026-05-30 10:07:00,668][root][INFO] - Epoch: 94, loss: 10.3798
[2026-05-30 10:07:00,739][root][INFO] - Epoch: 95, loss: 10.5658
[2026-05-30 10:07:00,810][root][INFO] - Epoch: 96, loss: 10.4360
[2026-05-30 10:07:00,881][root][INFO] - Epoch: 97, loss: 10.3962
[2026-05-30 10:07:00,955][root][INFO] - Epoch: 98, loss: 10.3202
[2026-05-30 10:07:01,026][root][INFO] - Epoch: 99, loss: 10.2421
[2026-05-30 10:07:01,098][root][INFO] - Epoch: 100, loss: 10.1208
[2026-05-30 10:07:01,170][root][INFO] - Epoch: 101, loss: 10.1733
[2026-05-30 10:07:01,241][root][INFO] - Epoch: 102, loss: 10.0155
[2026-05-30 10:07:01,313][root][INFO] - Epoch: 103, loss: 10.0642
[2026-05-30 10:07:01,384][root][INFO] - Epoch: 104, loss: 10.3299
[2026-05-30 10:07:01,455][root][INFO] - Epoch: 105, loss: 10.0380
[2026-05-30 10:07:01,527][root][INFO] - Epoch: 106, loss: 10.2659
[2026-05-30 10:07:01,599][root][INFO] - Epoch: 107, loss: 10.1471
[2026-05-30 10:07:01,669][root][INFO] - Epoch: 108, loss: 10.0966
[2026-05-30 10:07:01,739][root][INFO] - Epoch: 109, loss: 9.9610
[2026-05-30 10:07:01,811][root][INFO] - Epoch: 110, loss: 9.8451
[2026-05-30 10:07:01,883][root][INFO] - Epoch: 111, loss: 9.9060
[2026-05-30 10:07:01,954][root][INFO] - Epoch: 112, loss: 9.9648
[2026-05-30 10:07:02,026][root][INFO] - Epoch: 113, loss: 9.8100
[2026-05-30 10:07:02,097][root][INFO] - Epoch: 114, loss: 9.7488
[2026-05-30 10:07:02,169][root][INFO] - Epoch: 115, loss: 9.6476
[2026-05-30 10:07:02,240][root][INFO] - Epoch: 116, loss: 9.6656
[2026-05-30 10:07:02,312][root][INFO] - Epoch: 117, loss: 9.6887
[2026-05-30 10:07:02,384][root][INFO] - Epoch: 118, loss: 9.7716
[2026-05-30 10:07:02,455][root][INFO] - Epoch: 119, loss: 9.6271
[2026-05-30 10:07:02,526][root][INFO] - Epoch: 120, loss: 9.6615
[2026-05-30 10:07:02,598][root][INFO] - Epoch: 121, loss: 9.5551
[2026-05-30 10:07:02,670][root][INFO] - Epoch: 122, loss: 9.5002
[2026-05-30 10:07:02,742][root][INFO] - Epoch: 123, loss: 9.6844
[2026-05-30 10:07:02,816][root][INFO] - Epoch: 124, loss: 9.7240
[2026-05-30 10:07:02,887][root][INFO] - Epoch: 125, loss: 9.5257
[2026-05-30 10:07:02,959][root][INFO] - Epoch: 126, loss: 9.4059
[2026-05-30 10:07:03,031][root][INFO] - Epoch: 127, loss: 9.5461
[2026-05-30 10:07:03,104][root][INFO] - Epoch: 128, loss: 9.5772
[2026-05-30 10:07:03,176][root][INFO] - Epoch: 129, loss: 9.5330
[2026-05-30 10:07:03,247][root][INFO] - Epoch: 130, loss: 9.5995
[2026-05-30 10:07:03,320][root][INFO] - Epoch: 131, loss: 9.5845
[2026-05-30 10:07:03,391][root][INFO] - Epoch: 132, loss: 9.5279
[2026-05-30 10:07:03,462][root][INFO] - Epoch: 133, loss: 9.3826
[2026-05-30 10:07:03,534][root][INFO] - Epoch: 134, loss: 9.3479
[2026-05-30 10:07:03,605][root][INFO] - Epoch: 135, loss: 9.3218
[2026-05-30 10:07:03,678][root][INFO] - Epoch: 136, loss: 9.2906
[2026-05-30 10:07:03,750][root][INFO] - Epoch: 137, loss: 9.3341
[2026-05-30 10:07:03,821][root][INFO] - Epoch: 138, loss: 9.1972
[2026-05-30 10:07:03,893][root][INFO] - Epoch: 139, loss: 9.2481
[2026-05-30 10:07:03,965][root][INFO] - Epoch: 140, loss: 9.1690
[2026-05-30 10:07:04,036][root][INFO] - Epoch: 141, loss: 9.0729
[2026-05-30 10:07:04,109][root][INFO] - Epoch: 142, loss: 9.0095
[2026-05-30 10:07:04,181][root][INFO] - Epoch: 143, loss: 8.9209
[2026-05-30 10:07:04,252][root][INFO] - Epoch: 144, loss: 8.9677
[2026-05-30 10:07:04,324][root][INFO] - Epoch: 145, loss: 8.9511
[2026-05-30 10:07:04,395][root][INFO] - Epoch: 146, loss: 9.2217
[2026-05-30 10:07:04,468][root][INFO] - Epoch: 147, loss: 9.1581
[2026-05-30 10:07:04,540][root][INFO] - Epoch: 148, loss: 8.9535
[2026-05-30 10:07:04,611][root][INFO] - Epoch: 149, loss: 8.8827
[2026-05-30 10:07:04,682][root][INFO] - Epoch: 150, loss: 9.0274
[2026-05-30 10:07:04,754][root][INFO] - Epoch: 151, loss: 9.3059
[2026-05-30 10:07:04,824][root][INFO] - Epoch: 152, loss: 10.2122
[2026-05-30 10:07:04,897][root][INFO] - Epoch: 153, loss: 9.8657
[2026-05-30 10:07:04,968][root][INFO] - Epoch: 154, loss: 9.4967
[2026-05-30 10:07:05,041][root][INFO] - Epoch: 155, loss: 9.3875
[2026-05-30 10:07:05,112][root][INFO] - Epoch: 156, loss: 9.1465
[2026-05-30 10:07:05,183][root][INFO] - Epoch: 157, loss: 8.9136
[2026-05-30 10:07:05,255][root][INFO] - Epoch: 158, loss: 8.7956
[2026-05-30 10:07:05,327][root][INFO] - Epoch: 159, loss: 8.6622
[2026-05-30 10:07:05,399][root][INFO] - Epoch: 160, loss: 8.7043
[2026-05-30 10:07:05,470][root][INFO] - Epoch: 161, loss: 8.6296
[2026-05-30 10:07:05,542][root][INFO] - Epoch: 162, loss: 8.7383
[2026-05-30 10:07:05,614][root][INFO] - Epoch: 163, loss: 8.6265
[2026-05-30 10:07:05,686][root][INFO] - Epoch: 164, loss: 8.4613
[2026-05-30 10:07:05,757][root][INFO] - Epoch: 165, loss: 8.4375
[2026-05-30 10:07:05,829][root][INFO] - Epoch: 166, loss: 8.4162
[2026-05-30 10:07:05,901][root][INFO] - Epoch: 167, loss: 8.4690
[2026-05-30 10:07:05,972][root][INFO] - Epoch: 168, loss: 8.4242
[2026-05-30 10:07:06,043][root][INFO] - Epoch: 169, loss: 8.3472
[2026-05-30 10:07:06,115][root][INFO] - Epoch: 170, loss: 8.4582
[2026-05-30 10:07:06,187][root][INFO] - Epoch: 171, loss: 8.3819
[2026-05-30 10:07:06,258][root][INFO] - Epoch: 172, loss: 8.3960
[2026-05-30 10:07:06,330][root][INFO] - Epoch: 173, loss: 8.3603
[2026-05-30 10:07:06,402][root][INFO] - Epoch: 174, loss: 8.3399
[2026-05-30 10:07:06,473][root][INFO] - Epoch: 175, loss: 8.3048
[2026-05-30 10:07:06,545][root][INFO] - Epoch: 176, loss: 8.1504
[2026-05-30 10:07:06,617][root][INFO] - Epoch: 177, loss: 8.1494
[2026-05-30 10:07:06,688][root][INFO] - Epoch: 178, loss: 8.1522
[2026-05-30 10:07:06,759][root][INFO] - Epoch: 179, loss: 9.4699
[2026-05-30 10:07:06,831][root][INFO] - Epoch: 180, loss: 15.6683
[2026-05-30 10:07:06,904][root][INFO] - Epoch: 181, loss: 15.1499
[2026-05-30 10:07:06,975][root][INFO] - Epoch: 182, loss: 14.9657
[2026-05-30 10:07:07,048][root][INFO] - Epoch: 183, loss: 14.1967
[2026-05-30 10:07:07,120][root][INFO] - Epoch: 184, loss: 13.8023
[2026-05-30 10:07:07,191][root][INFO] - Epoch: 185, loss: 13.3970
[2026-05-30 10:07:07,263][root][INFO] - Epoch: 186, loss: 12.9667
[2026-05-30 10:07:07,335][root][INFO] - Epoch: 187, loss: 12.5499
[2026-05-30 10:07:07,407][root][INFO] - Epoch: 188, loss: 12.1656
[2026-05-30 10:07:07,408][root][INFO] - Early stopping at epoch: 187
[2026-05-30 10:07:07,452][root][INFO] - {'model_loss': '12.1656', 'recon_loss': '0.0000', 'triplet_loss': '12.1656'}
[2026-05-30 10:07:07,456][root][INFO] - Generation 132/400 - Time: 0.00 seconds
[2026-05-30 10:07:07,457][root][INFO] - {'coverage': '100.00', 'max_fitness': '-8.03', 'passive_coverage': '40.23', 'passive_max_fitness': '-8.03', 'passive_mean_fitness': '-57.64', 'passive_qd_score': '34519.09', 'qd_score': '92613.31', 'mean_fitness_top_k': '-22.87'}
[2026-05-30 10:07:08,603][root][INFO] - Generation 133/400 - Time: 0.00 seconds
[2026-05-30 10:07:08,604][root][INFO] - {'coverage': '100.00', 'max_fitness': '-8.03', 'passive_coverage': '40.53', 'passive_max_fitness': '-8.03', 'passive_mean_fitness': '-57.73', 'passive_qd_score': '34731.77', 'qd_score': '92998.88', 'mean_fitness_top_k': '-21.03'}
[2026-05-30 10:07:09,741][root][INFO] - Generation 134/400 - Time: 0.00 seconds
[2026-05-30 10:07:09,742][root][INFO] - {'coverage': '100.00', 'max_fitness': '-8.00', 'passive_coverage': '41.21', 'passive_max_fitness': '-8.00', 'passive_mean_fitness': '-57.51', 'passive_qd_score': '35408.82', 'qd_score': '93656.54', 'mean_fitness_top_k': '-20.24'}
[2026-05-30 10:07:10,883][root][INFO] - Generation 135/400 - Time: 0.00 seconds
[2026-05-30 10:07:10,884][root][INFO] - {'coverage': '100.00', 'max_fitness': '-8.00', 'passive_coverage': '41.31', 'passive_max_fitness': '-8.00', 'passive_mean_fitness': '-57.45', 'passive_qd_score': '35518.82', 'qd_score': '94510.83', 'mean_fitness_top_k': '-19.70'}
[2026-05-30 10:07:12,015][root][INFO] - Generation 136/400 - Time: 0.00 seconds
[2026-05-30 10:07:12,016][root][INFO] - {'coverage': '100.00', 'max_fitness': '-8.00', 'passive_coverage': '41.50', 'passive_max_fitness': '-8.00', 'passive_mean_fitness': '-57.45', 'passive_qd_score': '35686.18', 'qd_score': '95091.03', 'mean_fitness_top_k': '-19.07'}
[2026-05-30 10:07:13,153][root][INFO] - Generation 137/400 - Time: 0.00 seconds
[2026-05-30 10:07:13,154][root][INFO] - {'coverage': '100.00', 'max_fitness': '-8.00', 'passive_coverage': '41.60', 'passive_max_fitness': '-8.00', 'passive_mean_fitness': '-57.48', 'passive_qd_score': '35760.50', 'qd_score': '96133.23', 'mean_fitness_top_k': '-18.22'}
[2026-05-30 10:07:14,286][root][INFO] - Generation 138/400 - Time: 0.00 seconds
[2026-05-30 10:07:14,287][root][INFO] - {'coverage': '100.00', 'max_fitness': '-6.29', 'passive_coverage': '41.99', 'passive_max_fitness': '-6.29', 'passive_mean_fitness': '-57.45', 'passive_qd_score': '36109.53', 'qd_score': '96144.89', 'mean_fitness_top_k': '-17.93'}
[2026-05-30 10:07:15,429][root][INFO] - Generation 139/400 - Time: 0.00 seconds
[2026-05-30 10:07:15,430][root][INFO] - {'coverage': '100.00', 'max_fitness': '0.00', 'passive_coverage': '42.38', 'passive_max_fitness': '0.00', 'passive_mean_fitness': '-57.18', 'passive_qd_score': '36560.41', 'qd_score': '95849.04', 'mean_fitness_top_k': '-17.96'}
[2026-05-30 10:07:16,566][root][INFO] - Generation 140/400 - Time: 0.00 seconds
[2026-05-30 10:07:16,567][root][INFO] - {'coverage': '100.00', 'max_fitness': '0.00', 'passive_coverage': '42.48', 'passive_max_fitness': '0.00', 'passive_mean_fitness': '-57.04', 'passive_qd_score': '36707.45', 'qd_score': '95949.52', 'mean_fitness_top_k': '-17.64'}
[2026-05-30 10:07:17,706][root][INFO] - Generation 141/400 - Time: 0.00 seconds
[2026-05-30 10:07:17,707][root][INFO] - {'coverage': '100.00', 'max_fitness': '0.00', 'passive_coverage': '42.58', 'passive_max_fitness': '0.00', 'passive_mean_fitness': '-56.98', 'passive_qd_score': '36814.89', 'qd_score': '96463.12', 'mean_fitness_top_k': '-17.29'}
[2026-05-30 10:07:18,842][root][INFO] - Generation 142/400 - Time: 0.00 seconds
[2026-05-30 10:07:18,843][root][INFO] - {'coverage': '100.00', 'max_fitness': '0.00', 'passive_coverage': '42.58', 'passive_max_fitness': '0.00', 'passive_mean_fitness': '-56.97', 'passive_qd_score': '36821.09', 'qd_score': '96648.37', 'mean_fitness_top_k': '-17.07'}
[2026-05-30 10:07:19,991][root][INFO] - Generation 143/400 - Time: 0.00 seconds
[2026-05-30 10:07:19,992][root][INFO] - {'coverage': '100.00', 'max_fitness': '0.00', 'passive_coverage': '42.68', 'passive_max_fitness': '0.00', 'passive_mean_fitness': '-56.94', 'passive_qd_score': '36916.86', 'qd_score': '96997.86', 'mean_fitness_top_k': '-17.10'}
[2026-05-30 10:07:21,130][root][INFO] - Generation 144/400 - Time: 0.00 seconds
[2026-05-30 10:07:21,131][root][INFO] - {'coverage': '100.00', 'max_fitness': '0.00', 'passive_coverage': '42.97', 'passive_max_fitness': '0.00', 'passive_mean_fitness': '-57.10', 'passive_qd_score': '37101.90', 'qd_score': '97470.93', 'mean_fitness_top_k': '-16.92'}
[2026-05-30 10:07:22,278][root][INFO] - Generation 145/400 - Time: 0.00 seconds
[2026-05-30 10:07:22,279][root][INFO] - {'coverage': '100.00', 'max_fitness': '0.00', 'passive_coverage': '43.07', 'passive_max_fitness': '0.00', 'passive_mean_fitness': '-57.12', 'passive_qd_score': '37177.53', 'qd_score': '97513.11', 'mean_fitness_top_k': '-16.90'}
[2026-05-30 10:07:23,418][root][INFO] - Generation 146/400 - Time: 0.00 seconds
[2026-05-30 10:07:23,419][root][INFO] - {'coverage': '100.00', 'max_fitness': '0.00', 'passive_coverage': '43.46', 'passive_max_fitness': '0.00', 'passive_mean_fitness': '-56.87', 'passive_qd_score': '37624.30', 'qd_score': '97279.02', 'mean_fitness_top_k': '-16.90'}
[2026-05-30 10:07:24,566][root][INFO] - Generation 147/400 - Time: 0.00 seconds
[2026-05-30 10:07:24,567][root][INFO] - {'coverage': '100.00', 'max_fitness': '0.00', 'passive_coverage': '43.65', 'passive_max_fitness': '0.00', 'passive_mean_fitness': '-56.73', 'passive_qd_score': '37858.57', 'qd_score': '97538.55', 'mean_fitness_top_k': '-16.75'}
[2026-05-30 10:07:25,704][root][INFO] - Generation 148/400 - Time: 0.00 seconds
[2026-05-30 10:07:25,705][root][INFO] - {'coverage': '100.00', 'max_fitness': '0.00', 'passive_coverage': '44.04', 'passive_max_fitness': '0.00', 'passive_mean_fitness': '-56.87', 'passive_qd_score': '38133.45', 'qd_score': '97906.62', 'mean_fitness_top_k': '-16.55'}
[2026-05-30 10:07:26,744][root][INFO] - Generation 149/400 - Time: 0.00 seconds
[2026-05-30 10:07:26,744][root][INFO] - {'coverage': '100.00', 'max_fitness': '0.00', 'passive_coverage': '44.24', 'passive_max_fitness': '0.00', 'passive_mean_fitness': '-56.89', 'passive_qd_score': '38294.66', 'qd_score': '97570.95', 'mean_fitness_top_k': '-16.54'}
[2026-05-30 10:07:27,723][root][INFO] - Extinction event...
[2026-05-30 10:07:27,724][root][INFO] - Saving snapshot to runs/20260530_100147_kheperax_seed42/plots/latent_generation_750_before_ext.png
[2026-05-30 10:07:29,552][root][INFO] - Saving snapshot to runs/20260530_100147_kheperax_seed42/plots/latent_generation_750_after_ext.png
[2026-05-30 10:07:30,476][root][INFO] - Generation 150/400 - Time: 0.00 seconds
[2026-05-30 10:07:30,477][root][INFO] - {'coverage': '100.00', 'max_fitness': '0.00', 'passive_coverage': '44.43', 'passive_max_fitness': '0.00', 'passive_mean_fitness': '-56.99', 'passive_qd_score': '38416.66', 'qd_score': '97991.97', 'mean_fitness_top_k': '-16.41'}
[2026-05-30 10:07:31,506][root][INFO] - Generation 151/400 - Time: 0.00 seconds
[2026-05-30 10:07:31,507][root][INFO] - {'coverage': '100.00', 'max_fitness': '0.00', 'passive_coverage': '45.21', 'passive_max_fitness': '0.00', 'passive_mean_fitness': '-57.17', 'passive_qd_score': '39009.73', 'qd_score': '85240.52', 'mean_fitness_top_k': '-25.53'}
[2026-05-30 10:07:32,516][root][INFO] - Generation 152/400 - Time: 0.00 seconds
[2026-05-30 10:07:32,516][root][INFO] - {'coverage': '100.00', 'max_fitness': '0.00', 'passive_coverage': '45.41', 'passive_max_fitness': '0.00', 'passive_mean_fitness': '-57.15', 'passive_qd_score': '39184.88', 'qd_score': '89071.56', 'mean_fitness_top_k': '-22.36'}
[2026-05-30 10:07:33,509][root][INFO] - Generation 153/400 - Time: 0.00 seconds
[2026-05-30 10:07:33,509][root][INFO] - {'coverage': '100.00', 'max_fitness': '0.00', 'passive_coverage': '45.61', 'passive_max_fitness': '0.00', 'passive_mean_fitness': '-57.21', 'passive_qd_score': '39327.29', 'qd_score': '91835.81', 'mean_fitness_top_k': '-20.31'}
[2026-05-30 10:07:34,494][root][INFO] - Generation 154/400 - Time: 0.00 seconds
[2026-05-30 10:07:34,494][root][INFO] - {'coverage': '100.00', 'max_fitness': '0.00', 'passive_coverage': '45.90', 'passive_max_fitness': '0.00', 'passive_mean_fitness': '-57.20', 'passive_qd_score': '39582.32', 'qd_score': '92879.45', 'mean_fitness_top_k': '-19.20'}
[2026-05-30 10:07:35,480][root][INFO] - Generation 155/400 - Time: 0.00 seconds
[2026-05-30 10:07:35,481][root][INFO] - {'coverage': '100.00', 'max_fitness': '0.00', 'passive_coverage': '46.09', 'passive_max_fitness': '0.00', 'passive_mean_fitness': '-57.27', 'passive_qd_score': '39718.56', 'qd_score': '93430.55', 'mean_fitness_top_k': '-18.83'}
[2026-05-30 10:07:35,482][root][INFO] - Saving snapshot to runs/20260530_100147_kheperax_seed42/plots/latent_generation_775_5_gens_after_ext_gen750.png
[2026-05-30 10:07:37,387][root][INFO] - Updating AE...
[2026-05-30 10:07:38,133][root][INFO] - Epoch: 1, loss: 164.9456
[2026-05-30 10:07:38,203][root][INFO] - Epoch: 2, loss: 156.3855
[2026-05-30 10:07:38,272][root][INFO] - Epoch: 3, loss: 152.8496
[2026-05-30 10:07:38,342][root][INFO] - Epoch: 4, loss: 149.9972
[2026-05-30 10:07:38,411][root][INFO] - Epoch: 5, loss: 145.0143
[2026-05-30 10:07:38,480][root][INFO] - Epoch: 6, loss: 142.1275
[2026-05-30 10:07:38,550][root][INFO] - Epoch: 7, loss: 137.8174
[2026-05-30 10:07:38,621][root][INFO] - Epoch: 8, loss: 133.2592
[2026-05-30 10:07:38,693][root][INFO] - Epoch: 9, loss: 129.4224
[2026-05-30 10:07:38,767][root][INFO] - Epoch: 10, loss: 125.6925
[2026-05-30 10:07:38,839][root][INFO] - Epoch: 11, loss: 122.4401
[2026-05-30 10:07:38,910][root][INFO] - Epoch: 12, loss: 120.5213
[2026-05-30 10:07:38,981][root][INFO] - Epoch: 13, loss: 118.0226
[2026-05-30 10:07:39,052][root][INFO] - Epoch: 14, loss: 116.7339
[2026-05-30 10:07:39,123][root][INFO] - Epoch: 15, loss: 117.9063
[2026-05-30 10:07:39,193][root][INFO] - Epoch: 16, loss: 121.8688
[2026-05-30 10:07:39,264][root][INFO] - Epoch: 17, loss: 116.0306
[2026-05-30 10:07:39,336][root][INFO] - Epoch: 18, loss: 113.4582
[2026-05-30 10:07:39,407][root][INFO] - Epoch: 19, loss: 110.8934
[2026-05-30 10:07:39,478][root][INFO] - Epoch: 20, loss: 109.3867
[2026-05-30 10:07:39,550][root][INFO] - Epoch: 21, loss: 109.8016
[2026-05-30 10:07:39,621][root][INFO] - Epoch: 22, loss: 107.4687
[2026-05-30 10:07:39,693][root][INFO] - Epoch: 23, loss: 110.8437
[2026-05-30 10:07:39,765][root][INFO] - Epoch: 24, loss: 121.3636
[2026-05-30 10:07:39,837][root][INFO] - Epoch: 25, loss: 119.6552
[2026-05-30 10:07:39,909][root][INFO] - Epoch: 26, loss: 127.4513
[2026-05-30 10:07:39,980][root][INFO] - Epoch: 27, loss: 128.7046
[2026-05-30 10:07:40,051][root][INFO] - Epoch: 28, loss: 126.2640
[2026-05-30 10:07:40,123][root][INFO] - Epoch: 29, loss: 120.6558
[2026-05-30 10:07:40,194][root][INFO] - Epoch: 30, loss: 116.1708
[2026-05-30 10:07:40,266][root][INFO] - Epoch: 31, loss: 112.7123
[2026-05-30 10:07:40,337][root][INFO] - Epoch: 32, loss: 111.7875
[2026-05-30 10:07:40,408][root][INFO] - Epoch: 33, loss: 110.6180
[2026-05-30 10:07:40,408][root][INFO] - Early stopping at epoch: 32
[2026-05-30 10:07:40,437][root][INFO] - {'model_loss': '110.6180', 'recon_loss': '0.0000', 'triplet_loss': '110.6180'}
[2026-05-30 10:07:40,441][root][INFO] - Updating AE...
[2026-05-30 10:07:41,184][root][INFO] - Epoch: 1, loss: 39.5137
[2026-05-30 10:07:41,255][root][INFO] - Epoch: 2, loss: 17.0695
[2026-05-30 10:07:41,324][root][INFO] - Epoch: 3, loss: 13.4794
[2026-05-30 10:07:41,394][root][INFO] - Epoch: 4, loss: 12.6105
[2026-05-30 10:07:41,464][root][INFO] - Epoch: 5, loss: 12.2256
[2026-05-30 10:07:41,534][root][INFO] - Epoch: 6, loss: 11.9227
[2026-05-30 10:07:41,605][root][INFO] - Epoch: 7, loss: 11.7292
[2026-05-30 10:07:41,676][root][INFO] - Epoch: 8, loss: 11.5687
[2026-05-30 10:07:41,748][root][INFO] - Epoch: 9, loss: 11.3523
[2026-05-30 10:07:41,819][root][INFO] - Epoch: 10, loss: 11.1974
[2026-05-30 10:07:41,890][root][INFO] - Epoch: 11, loss: 11.0491
[2026-05-30 10:07:41,961][root][INFO] - Epoch: 12, loss: 10.8909
[2026-05-30 10:07:42,032][root][INFO] - Epoch: 13, loss: 10.7773
[2026-05-30 10:07:42,103][root][INFO] - Epoch: 14, loss: 10.6626
[2026-05-30 10:07:42,173][root][INFO] - Epoch: 15, loss: 10.5711
[2026-05-30 10:07:42,243][root][INFO] - Epoch: 16, loss: 10.4976
[2026-05-30 10:07:42,312][root][INFO] - Epoch: 17, loss: 10.4470
[2026-05-30 10:07:42,383][root][INFO] - Epoch: 18, loss: 10.3362
[2026-05-30 10:07:42,454][root][INFO] - Epoch: 19, loss: 10.2575
[2026-05-30 10:07:42,524][root][INFO] - Epoch: 20, loss: 10.2036
[2026-05-30 10:07:42,595][root][INFO] - Epoch: 21, loss: 10.1446
[2026-05-30 10:07:42,667][root][INFO] - Epoch: 22, loss: 10.1015
[2026-05-30 10:07:42,738][root][INFO] - Epoch: 23, loss: 10.0440
[2026-05-30 10:07:42,809][root][INFO] - Epoch: 24, loss: 10.0188
[2026-05-30 10:07:42,880][root][INFO] - Epoch: 25, loss: 9.9492
[2026-05-30 10:07:42,951][root][INFO] - Epoch: 26, loss: 9.9880
[2026-05-30 10:07:43,022][root][INFO] - Epoch: 27, loss: 9.8068
[2026-05-30 10:07:43,096][root][INFO] - Epoch: 28, loss: 9.7679
[2026-05-30 10:07:43,166][root][INFO] - Epoch: 29, loss: 9.6882
[2026-05-30 10:07:43,235][root][INFO] - Epoch: 30, loss: 9.6401
[2026-05-30 10:07:43,305][root][INFO] - Epoch: 31, loss: 9.6122
[2026-05-30 10:07:43,375][root][INFO] - Epoch: 32, loss: 9.5554
[2026-05-30 10:07:43,445][root][INFO] - Epoch: 33, loss: 9.4523
[2026-05-30 10:07:43,514][root][INFO] - Epoch: 34, loss: 9.4270
[2026-05-30 10:07:43,586][root][INFO] - Epoch: 35, loss: 9.3313
[2026-05-30 10:07:43,656][root][INFO] - Epoch: 36, loss: 9.3325
[2026-05-30 10:07:43,727][root][INFO] - Epoch: 37, loss: 9.2526
[2026-05-30 10:07:43,798][root][INFO] - Epoch: 38, loss: 9.2480
[2026-05-30 10:07:43,869][root][INFO] - Epoch: 39, loss: 9.2078
[2026-05-30 10:07:43,940][root][INFO] - Epoch: 40, loss: 9.1561
[2026-05-30 10:07:44,011][root][INFO] - Epoch: 41, loss: 9.0437
[2026-05-30 10:07:44,082][root][INFO] - Epoch: 42, loss: 8.9873
[2026-05-30 10:07:44,153][root][INFO] - Epoch: 43, loss: 8.9691
[2026-05-30 10:07:44,222][root][INFO] - Epoch: 44, loss: 8.8777
[2026-05-30 10:07:44,291][root][INFO] - Epoch: 45, loss: 8.9001
[2026-05-30 10:07:44,360][root][INFO] - Epoch: 46, loss: 8.8984
[2026-05-30 10:07:44,431][root][INFO] - Epoch: 47, loss: 8.7953
[2026-05-30 10:07:44,500][root][INFO] - Epoch: 48, loss: 8.7215
[2026-05-30 10:07:44,572][root][INFO] - Epoch: 49, loss: 8.6793
[2026-05-30 10:07:44,644][root][INFO] - Epoch: 50, loss: 8.5987
[2026-05-30 10:07:44,715][root][INFO] - Epoch: 51, loss: 8.5873
[2026-05-30 10:07:44,786][root][INFO] - Epoch: 52, loss: 8.5881
[2026-05-30 10:07:44,858][root][INFO] - Epoch: 53, loss: 8.5920
[2026-05-30 10:07:44,933][root][INFO] - Epoch: 54, loss: 8.5057
[2026-05-30 10:07:45,006][root][INFO] - Epoch: 55, loss: 8.4154
[2026-05-30 10:07:45,080][root][INFO] - Epoch: 56, loss: 8.3283
[2026-05-30 10:07:45,152][root][INFO] - Epoch: 57, loss: 8.2955
[2026-05-30 10:07:45,222][root][INFO] - Epoch: 58, loss: 8.3638
[2026-05-30 10:07:45,292][root][INFO] - Epoch: 59, loss: 8.2811
[2026-05-30 10:07:45,361][root][INFO] - Epoch: 60, loss: 8.3079
[2026-05-30 10:07:45,430][root][INFO] - Epoch: 61, loss: 8.4043
[2026-05-30 10:07:45,500][root][INFO] - Epoch: 62, loss: 8.1928
[2026-05-30 10:07:45,572][root][INFO] - Epoch: 63, loss: 8.2547
[2026-05-30 10:07:45,643][root][INFO] - Epoch: 64, loss: 8.0590
[2026-05-30 10:07:45,713][root][INFO] - Epoch: 65, loss: 8.0921
[2026-05-30 10:07:45,785][root][INFO] - Epoch: 66, loss: 8.0937
[2026-05-30 10:07:45,857][root][INFO] - Epoch: 67, loss: 8.4547
[2026-05-30 10:07:45,928][root][INFO] - Epoch: 68, loss: 8.1635
[2026-05-30 10:07:46,000][root][INFO] - Epoch: 69, loss: 7.9363
[2026-05-30 10:07:46,071][root][INFO] - Epoch: 70, loss: 7.7457
[2026-05-30 10:07:46,145][root][INFO] - Epoch: 71, loss: 7.8735
[2026-05-30 10:07:46,216][root][INFO] - Epoch: 72, loss: 7.7511
[2026-05-30 10:07:46,287][root][INFO] - Epoch: 73, loss: 7.7491
[2026-05-30 10:07:46,356][root][INFO] - Epoch: 74, loss: 7.6341
[2026-05-30 10:07:46,426][root][INFO] - Epoch: 75, loss: 7.5702
[2026-05-30 10:07:46,496][root][INFO] - Epoch: 76, loss: 7.5266
[2026-05-30 10:07:46,569][root][INFO] - Epoch: 77, loss: 7.3613
[2026-05-30 10:07:46,640][root][INFO] - Epoch: 78, loss: 7.4669
[2026-05-30 10:07:46,712][root][INFO] - Epoch: 79, loss: 8.1302
[2026-05-30 10:07:46,784][root][INFO] - Epoch: 80, loss: 7.5863
[2026-05-30 10:07:46,855][root][INFO] - Epoch: 81, loss: 7.5348
[2026-05-30 10:07:46,928][root][INFO] - Epoch: 82, loss: 7.3129
[2026-05-30 10:07:46,999][root][INFO] - Epoch: 83, loss: 7.3940
[2026-05-30 10:07:47,072][root][INFO] - Epoch: 84, loss: 7.2003
[2026-05-30 10:07:47,143][root][INFO] - Epoch: 85, loss: 7.5851
[2026-05-30 10:07:47,215][root][INFO] - Epoch: 86, loss: 12.6185
[2026-05-30 10:07:47,286][root][INFO] - Epoch: 87, loss: 13.9135
[2026-05-30 10:07:47,357][root][INFO] - Epoch: 88, loss: 11.9977
[2026-05-30 10:07:47,428][root][INFO] - Epoch: 89, loss: 11.4262
[2026-05-30 10:07:47,500][root][INFO] - Epoch: 90, loss: 11.2615
[2026-05-30 10:07:47,570][root][INFO] - Epoch: 91, loss: 10.7827
[2026-05-30 10:07:47,642][root][INFO] - Epoch: 92, loss: 10.4809
[2026-05-30 10:07:47,714][root][INFO] - Epoch: 93, loss: 10.3795
[2026-05-30 10:07:47,784][root][INFO] - Epoch: 94, loss: 10.1740
[2026-05-30 10:07:47,857][root][INFO] - Epoch: 95, loss: 10.0217
[2026-05-30 10:07:47,857][root][INFO] - Early stopping at epoch: 94
[2026-05-30 10:07:47,901][root][INFO] - {'model_loss': '10.0217', 'recon_loss': '0.0000', 'triplet_loss': '10.0217'}
[2026-05-30 10:07:47,905][root][INFO] - Generation 156/400 - Time: 0.00 seconds
[2026-05-30 10:07:47,906][root][INFO] - {'coverage': '100.00', 'max_fitness': '0.00', 'passive_coverage': '46.88', 'passive_max_fitness': '0.00', 'passive_mean_fitness': '-57.25', 'passive_qd_score': '40402.44', 'qd_score': '93792.91', 'mean_fitness_top_k': '-18.43'}
[2026-05-30 10:07:49,049][root][INFO] - Generation 157/400 - Time: 0.00 seconds
[2026-05-30 10:07:49,050][root][INFO] - {'coverage': '100.00', 'max_fitness': '0.00', 'passive_coverage': '47.66', 'passive_max_fitness': '0.00', 'passive_mean_fitness': '-57.29', 'passive_qd_score': '41053.86', 'qd_score': '91023.44', 'mean_fitness_top_k': '-21.66'}
[2026-05-30 10:07:50,196][root][INFO] - Generation 158/400 - Time: 0.00 seconds
[2026-05-30 10:07:50,197][root][INFO] - {'coverage': '100.00', 'max_fitness': '0.00', 'passive_coverage': '47.66', 'passive_max_fitness': '0.00', 'passive_mean_fitness': '-57.29', 'passive_qd_score': '41054.25', 'qd_score': '91787.55', 'mean_fitness_top_k': '-21.78'}
[2026-05-30 10:07:51,336][root][INFO] - Generation 159/400 - Time: 0.00 seconds
[2026-05-30 10:07:51,337][root][INFO] - {'coverage': '100.00', 'max_fitness': '0.00', 'passive_coverage': '48.05', 'passive_max_fitness': '0.00', 'passive_mean_fitness': '-57.32', 'passive_qd_score': '41379.27', 'qd_score': '92804.07', 'mean_fitness_top_k': '-21.58'}
[2026-05-30 10:07:52,480][root][INFO] - Generation 160/400 - Time: 0.00 seconds
[2026-05-30 10:07:52,481][root][INFO] - {'coverage': '100.00', 'max_fitness': '0.00', 'passive_coverage': '48.34', 'passive_max_fitness': '0.00', 'passive_mean_fitness': '-57.30', 'passive_qd_score': '41641.79', 'qd_score': '93390.53', 'mean_fitness_top_k': '-20.99'}
[2026-05-30 10:07:53,628][root][INFO] - Generation 161/400 - Time: 0.00 seconds
[2026-05-30 10:07:53,629][root][INFO] - {'coverage': '100.00', 'max_fitness': '0.00', 'passive_coverage': '48.34', 'passive_max_fitness': '0.00', 'passive_mean_fitness': '-57.30', 'passive_qd_score': '41642.36', 'qd_score': '94060.59', 'mean_fitness_top_k': '-20.36'}
[2026-05-30 10:07:54,762][root][INFO] - Generation 162/400 - Time: 0.00 seconds
[2026-05-30 10:07:54,763][root][INFO] - {'coverage': '100.00', 'max_fitness': '0.00', 'passive_coverage': '48.44', 'passive_max_fitness': '0.00', 'passive_mean_fitness': '-57.36', 'passive_qd_score': '41693.48', 'qd_score': '93698.68', 'mean_fitness_top_k': '-20.30'}
[2026-05-30 10:07:55,931][root][INFO] - Generation 163/400 - Time: 0.00 seconds
[2026-05-30 10:07:55,931][root][INFO] - {'coverage': '100.00', 'max_fitness': '0.00', 'passive_coverage': '48.63', 'passive_max_fitness': '0.00', 'passive_mean_fitness': '-57.37', 'passive_qd_score': '41856.29', 'qd_score': '94035.79', 'mean_fitness_top_k': '-20.11'}
[2026-05-30 10:07:57,083][root][INFO] - Generation 164/400 - Time: 0.00 seconds
[2026-05-30 10:07:57,084][root][INFO] - {'coverage': '100.00', 'max_fitness': '0.00', 'passive_coverage': '48.63', 'passive_max_fitness': '0.00', 'passive_mean_fitness': '-57.37', 'passive_qd_score': '41859.59', 'qd_score': '94681.77', 'mean_fitness_top_k': '-18.98'}
[2026-05-30 10:07:58,222][root][INFO] - Generation 165/400 - Time: 0.00 seconds
[2026-05-30 10:07:58,223][root][INFO] - {'coverage': '100.00', 'max_fitness': '0.00', 'passive_coverage': '48.73', 'passive_max_fitness': '0.00', 'passive_mean_fitness': '-57.27', 'passive_qd_score': '41992.16', 'qd_score': '95108.20', 'mean_fitness_top_k': '-18.85'}
[2026-05-30 10:07:59,360][root][INFO] - Generation 166/400 - Time: 0.00 seconds
[2026-05-30 10:07:59,361][root][INFO] - {'coverage': '100.00', 'max_fitness': '0.00', 'passive_coverage': '48.93', 'passive_max_fitness': '0.00', 'passive_mean_fitness': '-57.19', 'passive_qd_score': '42200.13', 'qd_score': '95705.38', 'mean_fitness_top_k': '-18.21'}
[2026-05-30 10:08:00,503][root][INFO] - Generation 167/400 - Time: 0.00 seconds
[2026-05-30 10:08:00,504][root][INFO] - {'coverage': '100.00', 'max_fitness': '0.00', 'passive_coverage': '48.93', 'passive_max_fitness': '0.00', 'passive_mean_fitness': '-57.19', 'passive_qd_score': '42202.04', 'qd_score': '96078.73', 'mean_fitness_top_k': '-17.71'}
[2026-05-30 10:08:01,641][root][INFO] - Generation 168/400 - Time: 0.00 seconds
[2026-05-30 10:08:01,642][root][INFO] - {'coverage': '100.00', 'max_fitness': '0.00', 'passive_coverage': '49.12', 'passive_max_fitness': '0.00', 'passive_mean_fitness': '-57.18', 'passive_qd_score': '42373.95', 'qd_score': '96240.14', 'mean_fitness_top_k': '-17.36'}
[2026-05-30 10:08:02,790][root][INFO] - Generation 169/400 - Time: 0.00 seconds
[2026-05-30 10:08:02,791][root][INFO] - {'coverage': '100.00', 'max_fitness': '0.00', 'passive_coverage': '49.32', 'passive_max_fitness': '0.00', 'passive_mean_fitness': '-57.25', 'passive_qd_score': '42507.71', 'qd_score': '96425.30', 'mean_fitness_top_k': '-17.18'}
[2026-05-30 10:08:03,934][root][INFO] - Generation 170/400 - Time: 0.00 seconds
[2026-05-30 10:08:03,935][root][INFO] - {'coverage': '100.00', 'max_fitness': '0.00', 'passive_coverage': '49.71', 'passive_max_fitness': '0.00', 'passive_mean_fitness': '-57.22', 'passive_qd_score': '42858.99', 'qd_score': '96743.64', 'mean_fitness_top_k': '-16.82'}
[2026-05-30 10:08:05,087][root][INFO] - Generation 171/400 - Time: 0.00 seconds
[2026-05-30 10:08:05,088][root][INFO] - {'coverage': '100.00', 'max_fitness': '0.00', 'passive_coverage': '49.71', 'passive_max_fitness': '0.00', 'passive_mean_fitness': '-57.22', 'passive_qd_score': '42859.27', 'qd_score': '96578.19', 'mean_fitness_top_k': '-16.61'}
[2026-05-30 10:08:06,236][root][INFO] - Generation 172/400 - Time: 0.00 seconds
[2026-05-30 10:08:06,237][root][INFO] - {'coverage': '100.00', 'max_fitness': '0.00', 'passive_coverage': '49.80', 'passive_max_fitness': '0.00', 'passive_mean_fitness': '-57.27', 'passive_qd_score': '42917.75', 'qd_score': '96811.62', 'mean_fitness_top_k': '-16.86'}
[2026-05-30 10:08:07,365][root][INFO] - Generation 173/400 - Time: 0.00 seconds
[2026-05-30 10:08:07,366][root][INFO] - {'coverage': '100.00', 'max_fitness': '0.00', 'passive_coverage': '49.80', 'passive_max_fitness': '0.00', 'passive_mean_fitness': '-57.27', 'passive_qd_score': '42919.61', 'qd_score': '96873.30', 'mean_fitness_top_k': '-16.64'}
[2026-05-30 10:08:08,368][root][INFO] - Generation 174/400 - Time: 0.00 seconds
[2026-05-30 10:08:08,369][root][INFO] - {'coverage': '100.00', 'max_fitness': '0.00', 'passive_coverage': '49.80', 'passive_max_fitness': '0.00', 'passive_mean_fitness': '-57.26', 'passive_qd_score': '42919.92', 'qd_score': '96975.29', 'mean_fitness_top_k': '-16.09'}
[2026-05-30 10:08:09,375][root][INFO] - Generation 175/400 - Time: 0.00 seconds
[2026-05-30 10:08:09,378][root][INFO] - {'coverage': '100.00', 'max_fitness': '0.00', 'passive_coverage': '50.00', 'passive_max_fitness': '0.00', 'passive_mean_fitness': '-57.29', 'passive_qd_score': '43077.74', 'qd_score': '97348.31', 'mean_fitness_top_k': '-16.12'}
[2026-05-30 10:08:10,480][root][INFO] - Generation 176/400 - Time: 0.00 seconds
[2026-05-30 10:08:10,482][root][INFO] - {'coverage': '100.00', 'max_fitness': '0.00', 'passive_coverage': '50.29', 'passive_max_fitness': '0.00', 'passive_mean_fitness': '-57.38', 'passive_qd_score': '43283.12', 'qd_score': '97384.62', 'mean_fitness_top_k': '-15.56'}
[2026-05-30 10:08:11,632][root][INFO] - Generation 177/400 - Time: 0.00 seconds
[2026-05-30 10:08:11,633][root][INFO] - {'coverage': '100.00', 'max_fitness': '0.00', 'passive_coverage': '50.68', 'passive_max_fitness': '0.00', 'passive_mean_fitness': '-57.37', 'passive_qd_score': '43624.74', 'qd_score': '97664.53', 'mean_fitness_top_k': '-15.45'}
[2026-05-30 10:08:12,799][root][INFO] - Generation 178/400 - Time: 0.00 seconds
[2026-05-30 10:08:12,799][root][INFO] - {'coverage': '100.00', 'max_fitness': '0.00', 'passive_coverage': '50.68', 'passive_max_fitness': '0.00', 'passive_mean_fitness': '-57.36', 'passive_qd_score': '43627.34', 'qd_score': '97690.20', 'mean_fitness_top_k': '-15.35'}
[2026-05-30 10:08:13,936][root][INFO] - Generation 179/400 - Time: 0.00 seconds
[2026-05-30 10:08:13,938][root][INFO] - {'coverage': '100.00', 'max_fitness': '0.00', 'passive_coverage': '50.68', 'passive_max_fitness': '0.00', 'passive_mean_fitness': '-57.36', 'passive_qd_score': '43627.57', 'qd_score': '98228.17', 'mean_fitness_top_k': '-15.07'}
[2026-05-30 10:08:15,068][root][INFO] - Generation 180/400 - Time: 0.00 seconds
[2026-05-30 10:08:15,069][root][INFO] - {'coverage': '100.00', 'max_fitness': '0.00', 'passive_coverage': '50.78', 'passive_max_fitness': '0.00', 'passive_mean_fitness': '-57.41', 'passive_qd_score': '43687.21', 'qd_score': '98533.05', 'mean_fitness_top_k': '-15.04'}
[2026-05-30 10:08:16,106][root][INFO] - Generation 181/400 - Time: 0.00 seconds
[2026-05-30 10:08:16,107][root][INFO] - {'coverage': '100.00', 'max_fitness': '0.00', 'passive_coverage': '50.88', 'passive_max_fitness': '0.00', 'passive_mean_fitness': '-57.42', 'passive_qd_score': '43763.52', 'qd_score': '98257.11', 'mean_fitness_top_k': '-14.99'}
[2026-05-30 10:08:17,220][root][INFO] - Updating AE...
[2026-05-30 10:08:17,959][root][INFO] - Epoch: 1, loss: 162.8792
[2026-05-30 10:08:18,036][root][INFO] - Epoch: 2, loss: 153.1070
[2026-05-30 10:08:18,106][root][INFO] - Epoch: 3, loss: 149.5189
[2026-05-30 10:08:18,176][root][INFO] - Epoch: 4, loss: 142.8538
[2026-05-30 10:08:18,245][root][INFO] - Epoch: 5, loss: 137.6697
[2026-05-30 10:08:18,316][root][INFO] - Epoch: 6, loss: 133.5538
[2026-05-30 10:08:18,386][root][INFO] - Epoch: 7, loss: 127.7174
[2026-05-30 10:08:18,457][root][INFO] - Epoch: 8, loss: 124.0330
[2026-05-30 10:08:18,527][root][INFO] - Epoch: 9, loss: 122.9231
[2026-05-30 10:08:18,599][root][INFO] - Epoch: 10, loss: 123.2301
[2026-05-30 10:08:18,670][root][INFO] - Epoch: 11, loss: 124.2085
[2026-05-30 10:08:18,740][root][INFO] - Epoch: 12, loss: 129.3782
[2026-05-30 10:08:18,811][root][INFO] - Epoch: 13, loss: 129.2364
[2026-05-30 10:08:18,883][root][INFO] - Epoch: 14, loss: 121.9512
[2026-05-30 10:08:18,953][root][INFO] - Epoch: 15, loss: 121.1821
[2026-05-30 10:08:19,024][root][INFO] - Epoch: 16, loss: 119.5736
[2026-05-30 10:08:19,094][root][INFO] - Epoch: 17, loss: 116.7171
[2026-05-30 10:08:19,165][root][INFO] - Epoch: 18, loss: 114.9818
[2026-05-30 10:08:19,235][root][INFO] - Epoch: 19, loss: 113.7072
[2026-05-30 10:08:19,306][root][INFO] - Epoch: 20, loss: 113.4085
[2026-05-30 10:08:19,376][root][INFO] - Epoch: 21, loss: 113.3633
[2026-05-30 10:08:19,447][root][INFO] - Epoch: 22, loss: 112.8477
[2026-05-30 10:08:19,518][root][INFO] - Epoch: 23, loss: 115.8338
[2026-05-30 10:08:19,590][root][INFO] - Epoch: 24, loss: 114.5576
[2026-05-30 10:08:19,660][root][INFO] - Epoch: 25, loss: 116.5298
[2026-05-30 10:08:19,729][root][INFO] - Epoch: 26, loss: 114.5695
[2026-05-30 10:08:19,802][root][INFO] - Epoch: 27, loss: 116.1858
[2026-05-30 10:08:19,873][root][INFO] - Epoch: 28, loss: 113.5231
[2026-05-30 10:08:19,944][root][INFO] - Epoch: 29, loss: 111.4311
[2026-05-30 10:08:20,015][root][INFO] - Epoch: 30, loss: 110.5517
[2026-05-30 10:08:20,087][root][INFO] - Epoch: 31, loss: 110.1039
[2026-05-30 10:08:20,158][root][INFO] - Epoch: 32, loss: 108.5943
[2026-05-30 10:08:20,230][root][INFO] - Epoch: 33, loss: 109.1146
[2026-05-30 10:08:20,301][root][INFO] - Epoch: 34, loss: 107.2933
[2026-05-30 10:08:20,373][root][INFO] - Epoch: 35, loss: 106.9824
[2026-05-30 10:08:20,444][root][INFO] - Epoch: 36, loss: 108.9631
[2026-05-30 10:08:20,516][root][INFO] - Epoch: 37, loss: 107.1924
[2026-05-30 10:08:20,587][root][INFO] - Epoch: 38, loss: 107.0264
[2026-05-30 10:08:20,659][root][INFO] - Epoch: 39, loss: 105.5946
[2026-05-30 10:08:20,729][root][INFO] - Epoch: 40, loss: 105.2373
[2026-05-30 10:08:20,800][root][INFO] - Epoch: 41, loss: 104.5198
[2026-05-30 10:08:20,871][root][INFO] - Epoch: 42, loss: 105.7784
[2026-05-30 10:08:20,942][root][INFO] - Epoch: 43, loss: 104.0645
[2026-05-30 10:08:21,013][root][INFO] - Epoch: 44, loss: 102.6544
[2026-05-30 10:08:21,085][root][INFO] - Epoch: 45, loss: 104.6954
[2026-05-30 10:08:21,157][root][INFO] - Epoch: 46, loss: 104.0256
[2026-05-30 10:08:21,228][root][INFO] - Epoch: 47, loss: 101.2802
[2026-05-30 10:08:21,300][root][INFO] - Epoch: 48, loss: 104.1180
[2026-05-30 10:08:21,371][root][INFO] - Epoch: 49, loss: 101.3683
[2026-05-30 10:08:21,442][root][INFO] - Epoch: 50, loss: 100.7208
[2026-05-30 10:08:21,514][root][INFO] - Epoch: 51, loss: 99.2232
[2026-05-30 10:08:21,585][root][INFO] - Epoch: 52, loss: 100.0563
[2026-05-30 10:08:21,656][root][INFO] - Epoch: 53, loss: 100.0391
[2026-05-30 10:08:21,727][root][INFO] - Epoch: 54, loss: 99.4641
[2026-05-30 10:08:21,798][root][INFO] - Epoch: 55, loss: 97.7032
[2026-05-30 10:08:21,869][root][INFO] - Epoch: 56, loss: 97.6263
[2026-05-30 10:08:21,941][root][INFO] - Epoch: 57, loss: 100.9517
[2026-05-30 10:08:22,011][root][INFO] - Epoch: 58, loss: 99.9222
[2026-05-30 10:08:22,080][root][INFO] - Epoch: 59, loss: 99.7819
[2026-05-30 10:08:22,150][root][INFO] - Epoch: 60, loss: 97.3455
[2026-05-30 10:08:22,220][root][INFO] - Epoch: 61, loss: 96.4096
[2026-05-30 10:08:22,289][root][INFO] - Epoch: 62, loss: 95.5081
[2026-05-30 10:08:22,360][root][INFO] - Epoch: 63, loss: 94.8281
[2026-05-30 10:08:22,431][root][INFO] - Epoch: 64, loss: 92.9778
[2026-05-30 10:08:22,502][root][INFO] - Epoch: 65, loss: 92.2166
[2026-05-30 10:08:22,573][root][INFO] - Epoch: 66, loss: 91.9869
[2026-05-30 10:08:22,643][root][INFO] - Epoch: 67, loss: 92.0738
[2026-05-30 10:08:22,712][root][INFO] - Epoch: 68, loss: 91.6606
[2026-05-30 10:08:22,783][root][INFO] - Epoch: 69, loss: 91.2016
[2026-05-30 10:08:22,852][root][INFO] - Epoch: 70, loss: 90.5423
[2026-05-30 10:08:22,923][root][INFO] - Epoch: 71, loss: 89.0557
[2026-05-30 10:08:22,994][root][INFO] - Epoch: 72, loss: 90.8063
[2026-05-30 10:08:23,065][root][INFO] - Epoch: 73, loss: 90.5800
[2026-05-30 10:08:23,138][root][INFO] - Epoch: 74, loss: 88.4056
[2026-05-30 10:08:23,208][root][INFO] - Epoch: 75, loss: 88.1194
[2026-05-30 10:08:23,277][root][INFO] - Epoch: 76, loss: 88.6614
[2026-05-30 10:08:23,347][root][INFO] - Epoch: 77, loss: 86.8494
[2026-05-30 10:08:23,416][root][INFO] - Epoch: 78, loss: 87.0739
[2026-05-30 10:08:23,486][root][INFO] - Epoch: 79, loss: 84.8965
[2026-05-30 10:08:23,556][root][INFO] - Epoch: 80, loss: 85.7272
[2026-05-30 10:08:23,628][root][INFO] - Epoch: 81, loss: 87.5487
[2026-05-30 10:08:23,699][root][INFO] - Epoch: 82, loss: 85.0073
[2026-05-30 10:08:23,770][root][INFO] - Epoch: 83, loss: 89.5569
[2026-05-30 10:08:23,842][root][INFO] - Epoch: 84, loss: 91.3445
[2026-05-30 10:08:23,912][root][INFO] - Epoch: 85, loss: 87.7728
[2026-05-30 10:08:23,984][root][INFO] - Epoch: 86, loss: 86.3806
[2026-05-30 10:08:24,054][root][INFO] - Epoch: 87, loss: 84.4878
[2026-05-30 10:08:24,126][root][INFO] - Epoch: 88, loss: 84.3220
[2026-05-30 10:08:24,195][root][INFO] - Epoch: 89, loss: 83.1271
[2026-05-30 10:08:24,265][root][INFO] - Epoch: 90, loss: 83.3619
[2026-05-30 10:08:24,335][root][INFO] - Epoch: 91, loss: 81.7169
[2026-05-30 10:08:24,404][root][INFO] - Epoch: 92, loss: 81.8413
[2026-05-30 10:08:24,474][root][INFO] - Epoch: 93, loss: 82.1401
[2026-05-30 10:08:24,544][root][INFO] - Epoch: 94, loss: 80.7555
[2026-05-30 10:08:24,616][root][INFO] - Epoch: 95, loss: 82.6487
[2026-05-30 10:08:24,687][root][INFO] - Epoch: 96, loss: 83.9597
[2026-05-30 10:08:24,758][root][INFO] - Epoch: 97, loss: 87.4002
[2026-05-30 10:08:24,829][root][INFO] - Epoch: 98, loss: 110.9758
[2026-05-30 10:08:24,900][root][INFO] - Epoch: 99, loss: 160.0780
[2026-05-30 10:08:24,970][root][INFO] - Epoch: 100, loss: 143.8237
[2026-05-30 10:08:25,041][root][INFO] - Epoch: 101, loss: 138.1239
[2026-05-30 10:08:25,112][root][INFO] - Epoch: 102, loss: 130.3799
[2026-05-30 10:08:25,183][root][INFO] - Epoch: 103, loss: 125.7240
[2026-05-30 10:08:25,255][root][INFO] - Epoch: 104, loss: 121.3882
[2026-05-30 10:08:25,326][root][INFO] - Epoch: 105, loss: 114.6356
[2026-05-30 10:08:25,326][root][INFO] - Early stopping at epoch: 104
[2026-05-30 10:08:25,369][root][INFO] - {'model_loss': '114.6356', 'recon_loss': '0.0000', 'triplet_loss': '114.6356'}
[2026-05-30 10:08:25,373][root][INFO] - Updating AE...
[2026-05-30 10:08:26,227][root][INFO] - Epoch: 1, loss: 70.6948
[2026-05-30 10:08:26,297][root][INFO] - Epoch: 2, loss: 52.0315
[2026-05-30 10:08:26,368][root][INFO] - Epoch: 3, loss: 50.1160
[2026-05-30 10:08:26,437][root][INFO] - Epoch: 4, loss: 48.7630
[2026-05-30 10:08:26,507][root][INFO] - Epoch: 5, loss: 47.4727
[2026-05-30 10:08:26,576][root][INFO] - Epoch: 6, loss: 46.5548
[2026-05-30 10:08:26,648][root][INFO] - Epoch: 7, loss: 45.8165
[2026-05-30 10:08:26,719][root][INFO] - Epoch: 8, loss: 44.9474
[2026-05-30 10:08:26,790][root][INFO] - Epoch: 9, loss: 44.4115
[2026-05-30 10:08:26,861][root][INFO] - Epoch: 10, loss: 43.8941
[2026-05-30 10:08:26,932][root][INFO] - Epoch: 11, loss: 43.4234
[2026-05-30 10:08:27,003][root][INFO] - Epoch: 12, loss: 43.2709
[2026-05-30 10:08:27,075][root][INFO] - Epoch: 13, loss: 42.8883
[2026-05-30 10:08:27,146][root][INFO] - Epoch: 14, loss: 42.5672
[2026-05-30 10:08:27,217][root][INFO] - Epoch: 15, loss: 42.1345
[2026-05-30 10:08:27,289][root][INFO] - Epoch: 16, loss: 41.7155
[2026-05-30 10:08:27,360][root][INFO] - Epoch: 17, loss: 41.3961
[2026-05-30 10:08:27,431][root][INFO] - Epoch: 18, loss: 40.8826
[2026-05-30 10:08:27,504][root][INFO] - Epoch: 19, loss: 41.3876
[2026-05-30 10:08:27,579][root][INFO] - Epoch: 20, loss: 40.8801
[2026-05-30 10:08:27,649][root][INFO] - Epoch: 21, loss: 40.2925
[2026-05-30 10:08:27,720][root][INFO] - Epoch: 22, loss: 40.0208
[2026-05-30 10:08:27,791][root][INFO] - Epoch: 23, loss: 39.7718
[2026-05-30 10:08:27,863][root][INFO] - Epoch: 24, loss: 39.5830
[2026-05-30 10:08:27,932][root][INFO] - Epoch: 25, loss: 39.1792
[2026-05-30 10:08:28,002][root][INFO] - Epoch: 26, loss: 39.0790
[2026-05-30 10:08:28,074][root][INFO] - Epoch: 27, loss: 38.9271
[2026-05-30 10:08:28,145][root][INFO] - Epoch: 28, loss: 38.5883
[2026-05-30 10:08:28,221][root][INFO] - Epoch: 29, loss: 38.4229
[2026-05-30 10:08:28,294][root][INFO] - Epoch: 30, loss: 38.3394
[2026-05-30 10:08:28,364][root][INFO] - Epoch: 31, loss: 38.1665
[2026-05-30 10:08:28,435][root][INFO] - Epoch: 32, loss: 38.1921
[2026-05-30 10:08:28,506][root][INFO] - Epoch: 33, loss: 38.3291
[2026-05-30 10:08:28,576][root][INFO] - Epoch: 34, loss: 37.6987
[2026-05-30 10:08:28,646][root][INFO] - Epoch: 35, loss: 37.5801
[2026-05-30 10:08:28,716][root][INFO] - Epoch: 36, loss: 37.1948
[2026-05-30 10:08:28,788][root][INFO] - Epoch: 37, loss: 36.9980
[2026-05-30 10:08:28,859][root][INFO] - Epoch: 38, loss: 36.7205
[2026-05-30 10:08:28,930][root][INFO] - Epoch: 39, loss: 36.5559
[2026-05-30 10:08:29,001][root][INFO] - Epoch: 40, loss: 36.4843
[2026-05-30 10:08:29,072][root][INFO] - Epoch: 41, loss: 36.2040
[2026-05-30 10:08:29,142][root][INFO] - Epoch: 42, loss: 36.7164
[2026-05-30 10:08:29,213][root][INFO] - Epoch: 43, loss: 35.8599
[2026-05-30 10:08:29,285][root][INFO] - Epoch: 44, loss: 35.6028
[2026-05-30 10:08:29,356][root][INFO] - Epoch: 45, loss: 35.4235
[2026-05-30 10:08:29,427][root][INFO] - Epoch: 46, loss: 36.6823
[2026-05-30 10:08:29,498][root][INFO] - Epoch: 47, loss: 38.5919
[2026-05-30 10:08:29,569][root][INFO] - Epoch: 48, loss: 38.2050
[2026-05-30 10:08:29,641][root][INFO] - Epoch: 49, loss: 37.4966
[2026-05-30 10:08:29,712][root][INFO] - Epoch: 50, loss: 37.1527
[2026-05-30 10:08:29,783][root][INFO] - Epoch: 51, loss: 36.4768
[2026-05-30 10:08:29,854][root][INFO] - Epoch: 52, loss: 36.0823
[2026-05-30 10:08:29,925][root][INFO] - Epoch: 53, loss: 35.8778
[2026-05-30 10:08:29,996][root][INFO] - Epoch: 54, loss: 35.6729
[2026-05-30 10:08:30,067][root][INFO] - Epoch: 55, loss: 35.5892
[2026-05-30 10:08:30,139][root][INFO] - Epoch: 56, loss: 35.2578
[2026-05-30 10:08:30,211][root][INFO] - Epoch: 57, loss: 34.8743
[2026-05-30 10:08:30,282][root][INFO] - Epoch: 58, loss: 34.7987
[2026-05-30 10:08:30,353][root][INFO] - Epoch: 59, loss: 34.7278
[2026-05-30 10:08:30,425][root][INFO] - Epoch: 60, loss: 34.2207
[2026-05-30 10:08:30,496][root][INFO] - Epoch: 61, loss: 34.2975
[2026-05-30 10:08:30,567][root][INFO] - Epoch: 62, loss: 34.2546
[2026-05-30 10:08:30,638][root][INFO] - Epoch: 63, loss: 33.6641
[2026-05-30 10:08:30,710][root][INFO] - Epoch: 64, loss: 33.5306
[2026-05-30 10:08:30,781][root][INFO] - Epoch: 65, loss: 33.4773
[2026-05-30 10:08:30,852][root][INFO] - Epoch: 66, loss: 33.0977
[2026-05-30 10:08:30,922][root][INFO] - Epoch: 67, loss: 32.9661
[2026-05-30 10:08:30,993][root][INFO] - Epoch: 68, loss: 32.8739
[2026-05-30 10:08:31,065][root][INFO] - Epoch: 69, loss: 32.6739
[2026-05-30 10:08:31,136][root][INFO] - Epoch: 70, loss: 32.5796
[2026-05-30 10:08:31,207][root][INFO] - Epoch: 71, loss: 32.4157
[2026-05-30 10:08:31,277][root][INFO] - Epoch: 72, loss: 32.1886
[2026-05-30 10:08:31,347][root][INFO] - Epoch: 73, loss: 32.2347
[2026-05-30 10:08:31,418][root][INFO] - Epoch: 74, loss: 32.0055
[2026-05-30 10:08:31,487][root][INFO] - Epoch: 75, loss: 31.9747
[2026-05-30 10:08:31,557][root][INFO] - Epoch: 76, loss: 31.7962
[2026-05-30 10:08:31,628][root][INFO] - Epoch: 77, loss: 32.0140
[2026-05-30 10:08:31,698][root][INFO] - Epoch: 78, loss: 31.5345
[2026-05-30 10:08:31,770][root][INFO] - Epoch: 79, loss: 31.6383
[2026-05-30 10:08:31,840][root][INFO] - Epoch: 80, loss: 31.6063
[2026-05-30 10:08:31,910][root][INFO] - Epoch: 81, loss: 31.4439
[2026-05-30 10:08:31,980][root][INFO] - Epoch: 82, loss: 30.9304
[2026-05-30 10:08:32,051][root][INFO] - Epoch: 83, loss: 31.1042
[2026-05-30 10:08:32,121][root][INFO] - Epoch: 84, loss: 30.9832
[2026-05-30 10:08:32,191][root][INFO] - Epoch: 85, loss: 30.8400
[2026-05-30 10:08:32,260][root][INFO] - Epoch: 86, loss: 30.8536
[2026-05-30 10:08:32,332][root][INFO] - Epoch: 87, loss: 30.7590
[2026-05-30 10:08:32,403][root][INFO] - Epoch: 88, loss: 30.5258
[2026-05-30 10:08:32,474][root][INFO] - Epoch: 89, loss: 30.5217
[2026-05-30 10:08:32,544][root][INFO] - Epoch: 90, loss: 30.4790
[2026-05-30 10:08:32,614][root][INFO] - Epoch: 91, loss: 30.5580
[2026-05-30 10:08:32,842][root][INFO] - Epoch: 92, loss: 30.2097
[2026-05-30 10:08:32,918][root][INFO] - Epoch: 93, loss: 29.9241
[2026-05-30 10:08:32,999][root][INFO] - Epoch: 94, loss: 29.9201
[2026-05-30 10:08:33,097][root][INFO] - Epoch: 95, loss: 29.9826
[2026-05-30 10:08:33,177][root][INFO] - Epoch: 96, loss: 29.9500
[2026-05-30 10:08:33,246][root][INFO] - Epoch: 97, loss: 29.7382
[2026-05-30 10:08:33,313][root][INFO] - Epoch: 98, loss: 29.6472
[2026-05-30 10:08:33,378][root][INFO] - Epoch: 99, loss: 29.0340
[2026-05-30 10:08:33,444][root][INFO] - Epoch: 100, loss: 29.2675
[2026-05-30 10:08:33,509][root][INFO] - Epoch: 101, loss: 37.0687
[2026-05-30 10:08:33,574][root][INFO] - Epoch: 102, loss: 50.5569
[2026-05-30 10:08:33,639][root][INFO] - Epoch: 103, loss: 46.4441
[2026-05-30 10:08:33,709][root][INFO] - Epoch: 104, loss: 45.5454
[2026-05-30 10:08:33,779][root][INFO] - Epoch: 105, loss: 44.8184
[2026-05-30 10:08:33,846][root][INFO] - Epoch: 106, loss: 42.5927
[2026-05-30 10:08:33,914][root][INFO] - Epoch: 107, loss: 43.8947
[2026-05-30 10:08:33,979][root][INFO] - Epoch: 108, loss: 77.8706
[2026-05-30 10:08:34,044][root][INFO] - Epoch: 109, loss: 87.0557
[2026-05-30 10:08:34,110][root][INFO] - Epoch: 110, loss: 64.4921
[2026-05-30 10:08:34,111][root][INFO] - Early stopping at epoch: 109
[2026-05-30 10:08:34,164][root][INFO] - {'model_loss': '64.4921', 'recon_loss': '0.0000', 'triplet_loss': '64.4921'}
[2026-05-30 10:08:34,168][root][INFO] - Generation 182/400 - Time: 0.00 seconds
[2026-05-30 10:08:34,169][root][INFO] - {'coverage': '100.00', 'max_fitness': '0.00', 'passive_coverage': '50.88', 'passive_max_fitness': '0.00', 'passive_mean_fitness': '-57.42', 'passive_qd_score': '43764.43', 'qd_score': '98190.30', 'mean_fitness_top_k': '-14.91'}
[2026-05-30 10:08:35,343][root][INFO] - Generation 183/400 - Time: 0.00 seconds
[2026-05-30 10:08:35,344][root][INFO] - {'coverage': '100.00', 'max_fitness': '0.00', 'passive_coverage': '51.86', 'passive_max_fitness': '0.00', 'passive_mean_fitness': '-57.92', 'passive_qd_score': '44341.71', 'qd_score': '93567.19', 'mean_fitness_top_k': '-17.57'}
[2026-05-30 10:08:36,521][root][INFO] - Generation 184/400 - Time: 0.00 seconds
[2026-05-30 10:08:36,522][root][INFO] - {'coverage': '100.00', 'max_fitness': '0.00', 'passive_coverage': '52.25', 'passive_max_fitness': '0.00', 'passive_mean_fitness': '-57.96', 'passive_qd_score': '44649.94', 'qd_score': '91803.46', 'mean_fitness_top_k': '-18.32'}
[2026-05-30 10:08:37,696][root][INFO] - Generation 185/400 - Time: 0.00 seconds
[2026-05-30 10:08:37,697][root][INFO] - {'coverage': '100.00', 'max_fitness': '0.00', 'passive_coverage': '52.44', 'passive_max_fitness': '0.00', 'passive_mean_fitness': '-57.93', 'passive_qd_score': '44835.78', 'qd_score': '91777.44', 'mean_fitness_top_k': '-18.29'}
[2026-05-30 10:08:38,860][root][INFO] - Generation 186/400 - Time: 0.00 seconds
[2026-05-30 10:08:38,861][root][INFO] - {'coverage': '100.00', 'max_fitness': '0.00', 'passive_coverage': '52.93', 'passive_max_fitness': '0.00', 'passive_mean_fitness': '-58.20', 'passive_qd_score': '45108.23', 'qd_score': '90798.62', 'mean_fitness_top_k': '-19.49'}
[2026-05-30 10:08:40,042][root][INFO] - Generation 187/400 - Time: 0.00 seconds
[2026-05-30 10:08:40,043][root][INFO] - {'coverage': '100.00', 'max_fitness': '0.00', 'passive_coverage': '53.03', 'passive_max_fitness': '0.00', 'passive_mean_fitness': '-58.24', 'passive_qd_score': '45165.22', 'qd_score': '90807.39', 'mean_fitness_top_k': '-19.60'}
[2026-05-30 10:08:41,222][root][INFO] - Generation 188/400 - Time: 0.00 seconds
[2026-05-30 10:08:41,223][root][INFO] - {'coverage': '100.00', 'max_fitness': '0.00', 'passive_coverage': '53.22', 'passive_max_fitness': '0.00', 'passive_mean_fitness': '-58.29', 'passive_qd_score': '45308.72', 'qd_score': '90039.47', 'mean_fitness_top_k': '-19.64'}
[2026-05-30 10:08:42,411][root][INFO] - Generation 189/400 - Time: 0.00 seconds
[2026-05-30 10:08:42,412][root][INFO] - {'coverage': '100.00', 'max_fitness': '0.00', 'passive_coverage': '53.32', 'passive_max_fitness': '0.00', 'passive_mean_fitness': '-58.27', 'passive_qd_score': '45399.02', 'qd_score': '90389.78', 'mean_fitness_top_k': '-19.64'}
[2026-05-30 10:08:43,582][root][INFO] - Generation 190/400 - Time: 0.00 seconds
[2026-05-30 10:08:43,583][root][INFO] - {'coverage': '100.00', 'max_fitness': '0.00', 'passive_coverage': '53.32', 'passive_max_fitness': '0.00', 'passive_mean_fitness': '-58.27', 'passive_qd_score': '45400.95', 'qd_score': '90475.50', 'mean_fitness_top_k': '-19.40'}
[2026-05-30 10:08:44,760][root][INFO] - Generation 191/400 - Time: 0.00 seconds
[2026-05-30 10:08:44,761][root][INFO] - {'coverage': '100.00', 'max_fitness': '0.00', 'passive_coverage': '53.52', 'passive_max_fitness': '0.00', 'passive_mean_fitness': '-58.30', 'passive_qd_score': '45552.74', 'qd_score': '90811.16', 'mean_fitness_top_k': '-19.25'}
[2026-05-30 10:08:45,936][root][INFO] - Generation 192/400 - Time: 0.00 seconds
[2026-05-30 10:08:45,937][root][INFO] - {'coverage': '100.00', 'max_fitness': '0.00', 'passive_coverage': '53.61', 'passive_max_fitness': '0.00', 'passive_mean_fitness': '-58.35', 'passive_qd_score': '45606.53', 'qd_score': '90910.64', 'mean_fitness_top_k': '-18.85'}
[2026-05-30 10:08:47,114][root][INFO] - Generation 193/400 - Time: 0.00 seconds
[2026-05-30 10:08:47,115][root][INFO] - {'coverage': '100.00', 'max_fitness': '0.00', 'passive_coverage': '53.81', 'passive_max_fitness': '0.00', 'passive_mean_fitness': '-58.46', 'passive_qd_score': '45711.06', 'qd_score': '90676.80', 'mean_fitness_top_k': '-19.13'}
[2026-05-30 10:08:48,291][root][INFO] - Generation 194/400 - Time: 0.00 seconds
[2026-05-30 10:08:48,292][root][INFO] - {'coverage': '100.00', 'max_fitness': '0.00', 'passive_coverage': '53.91', 'passive_max_fitness': '0.00', 'passive_mean_fitness': '-58.51', 'passive_qd_score': '45766.25', 'qd_score': '90325.77', 'mean_fitness_top_k': '-19.58'}
[2026-05-30 10:08:49,512][root][INFO] - Generation 195/400 - Time: 0.00 seconds
[2026-05-30 10:08:49,512][root][INFO] - {'coverage': '100.00', 'max_fitness': '0.00', 'passive_coverage': '54.00', 'passive_max_fitness': '0.00', 'passive_mean_fitness': '-58.60', 'passive_qd_score': '45800.53', 'qd_score': '90285.17', 'mean_fitness_top_k': '-20.02'}
[2026-05-30 10:08:50,684][root][INFO] - Generation 196/400 - Time: 0.00 seconds
[2026-05-30 10:08:50,685][root][INFO] - {'coverage': '100.00', 'max_fitness': '0.00', 'passive_coverage': '54.10', 'passive_max_fitness': '0.00', 'passive_mean_fitness': '-58.65', 'passive_qd_score': '45854.73', 'qd_score': '90546.28', 'mean_fitness_top_k': '-19.47'}
[2026-05-30 10:08:51,860][root][INFO] - Generation 197/400 - Time: 0.00 seconds
[2026-05-30 10:08:51,861][root][INFO] - {'coverage': '100.00', 'max_fitness': '0.00', 'passive_coverage': '54.20', 'passive_max_fitness': '0.00', 'passive_mean_fitness': '-58.71', 'passive_qd_score': '45906.47', 'qd_score': '90447.48', 'mean_fitness_top_k': '-19.70'}
[2026-05-30 10:16:18,734][root][INFO] - Generation 198/400 - Time: 0.00 seconds
[2026-05-30 10:16:18,735][root][INFO] - {'coverage': '100.00', 'max_fitness': '0.00', 'passive_coverage': '54.30', 'passive_max_fitness': '0.00', 'passive_mean_fitness': '-58.70', 'passive_qd_score': '45992.13', 'qd_score': '90364.12', 'mean_fitness_top_k': '-19.83'}
[2026-05-30 10:16:19,951][root][INFO] - Generation 199/400 - Time: 0.00 seconds
[2026-05-30 10:16:19,952][root][INFO] - {'coverage': '100.00', 'max_fitness': '0.00', 'passive_coverage': '54.39', 'passive_max_fitness': '0.00', 'passive_mean_fitness': '-58.67', 'passive_qd_score': '46090.01', 'qd_score': '90607.92', 'mean_fitness_top_k': '-19.52'}
[2026-05-30 10:16:21,131][root][INFO] - Generation 200/400 - Time: 0.00 seconds
[2026-05-30 10:16:21,132][root][INFO] - {'coverage': '100.00', 'max_fitness': '0.00', 'passive_coverage': '54.39', 'passive_max_fitness': '0.00', 'passive_mean_fitness': '-58.67', 'passive_qd_score': '46090.15', 'qd_score': '90827.31', 'mean_fitness_top_k': '-19.77'}
[2026-05-30 10:16:22,342][root][INFO] - Generation 201/400 - Time: 0.00 seconds
[2026-05-30 10:16:22,342][root][INFO] - {'coverage': '100.00', 'max_fitness': '0.00', 'passive_coverage': '54.69', 'passive_max_fitness': '0.00', 'passive_mean_fitness': '-58.81', 'passive_qd_score': '46264.45', 'qd_score': '90875.71', 'mean_fitness_top_k': '-19.21'}
[2026-05-30 10:16:23,525][root][INFO] - Generation 202/400 - Time: 0.00 seconds
[2026-05-30 10:16:23,526][root][INFO] - {'coverage': '100.00', 'max_fitness': '0.00', 'passive_coverage': '54.98', 'passive_max_fitness': '0.00', 'passive_mean_fitness': '-58.86', 'passive_qd_score': '46479.65', 'qd_score': '90571.89', 'mean_fitness_top_k': '-19.54'}
[2026-05-30 10:16:24,742][root][INFO] - Generation 203/400 - Time: 0.00 seconds
[2026-05-30 10:16:24,743][root][INFO] - {'coverage': '100.00', 'max_fitness': '0.00', 'passive_coverage': '55.08', 'passive_max_fitness': '0.00', 'passive_mean_fitness': '-58.89', 'passive_qd_score': '46546.93', 'qd_score': '90015.58', 'mean_fitness_top_k': '-19.74'}
[2026-05-30 10:16:25,908][root][INFO] - Generation 204/400 - Time: 0.00 seconds
[2026-05-30 10:16:25,909][root][INFO] - {'coverage': '100.00', 'max_fitness': '0.00', 'passive_coverage': '55.18', 'passive_max_fitness': '0.00', 'passive_mean_fitness': '-58.97', 'passive_qd_score': '46585.00', 'qd_score': '90280.05', 'mean_fitness_top_k': '-19.95'}
[2026-05-30 10:16:27,111][root][INFO] - Generation 205/400 - Time: 0.00 seconds
[2026-05-30 10:16:27,111][root][INFO] - {'coverage': '100.00', 'max_fitness': '0.00', 'passive_coverage': '55.37', 'passive_max_fitness': '0.00', 'passive_mean_fitness': '-59.03', 'passive_qd_score': '46718.71', 'qd_score': '90606.97', 'mean_fitness_top_k': '-19.26'}
[2026-05-30 10:16:28,310][root][INFO] - Generation 206/400 - Time: 0.00 seconds
[2026-05-30 10:16:28,311][root][INFO] - {'coverage': '100.00', 'max_fitness': '0.00', 'passive_coverage': '55.37', 'passive_max_fitness': '0.00', 'passive_mean_fitness': '-59.02', 'passive_qd_score': '46720.80', 'qd_score': '90603.46', 'mean_fitness_top_k': '-19.42'}
[2026-05-30 10:16:29,492][root][INFO] - Generation 207/400 - Time: 0.00 seconds
[2026-05-30 10:16:29,492][root][INFO] - {'coverage': '100.00', 'max_fitness': '0.00', 'passive_coverage': '55.37', 'passive_max_fitness': '0.00', 'passive_mean_fitness': '-59.02', 'passive_qd_score': '46720.84', 'qd_score': '90962.51', 'mean_fitness_top_k': '-19.42'}
[2026-05-30 10:16:30,672][root][INFO] - Generation 208/400 - Time: 0.00 seconds
[2026-05-30 10:16:30,672][root][INFO] - {'coverage': '100.00', 'max_fitness': '0.00', 'passive_coverage': '55.37', 'passive_max_fitness': '0.00', 'passive_mean_fitness': '-59.02', 'passive_qd_score': '46722.23', 'qd_score': '91034.98', 'mean_fitness_top_k': '-19.17'}
[2026-05-30 10:16:31,689][root][INFO] - Generation 209/400 - Time: 0.00 seconds
[2026-05-30 10:16:31,690][root][INFO] - {'coverage': '100.00', 'max_fitness': '0.00', 'passive_coverage': '55.57', 'passive_max_fitness': '0.00', 'passive_mean_fitness': '-59.11', 'passive_qd_score': '46833.65', 'qd_score': '91124.95', 'mean_fitness_top_k': '-19.20'}
[2026-05-30 10:16:32,730][root][INFO] - Updating AE...
[2026-05-30 10:16:33,768][root][INFO] - Epoch: 1, loss: 278.5536
[2026-05-30 10:16:33,835][root][INFO] - Epoch: 2, loss: 261.7874
[2026-05-30 10:16:33,905][root][INFO] - Epoch: 3, loss: 258.8409
[2026-05-30 10:16:33,972][root][INFO] - Epoch: 4, loss: 255.8793
[2026-05-30 10:16:34,040][root][INFO] - Epoch: 5, loss: 254.6127
[2026-05-30 10:16:34,108][root][INFO] - Epoch: 6, loss: 252.6307
[2026-05-30 10:16:34,177][root][INFO] - Epoch: 7, loss: 251.4725
[2026-05-30 10:16:34,245][root][INFO] - Epoch: 8, loss: 250.3027
[2026-05-30 10:16:34,315][root][INFO] - Epoch: 9, loss: 248.6074
[2026-05-30 10:16:34,385][root][INFO] - Epoch: 10, loss: 246.0453
[2026-05-30 10:16:34,456][root][INFO] - Epoch: 11, loss: 243.8363
[2026-05-30 10:16:34,527][root][INFO] - Epoch: 12, loss: 240.9973
[2026-05-30 10:16:34,597][root][INFO] - Epoch: 13, loss: 239.4887
[2026-05-30 10:16:34,668][root][INFO] - Epoch: 14, loss: 236.9950
[2026-05-30 10:16:34,738][root][INFO] - Epoch: 15, loss: 235.2254
[2026-05-30 10:16:34,808][root][INFO] - Epoch: 16, loss: 232.7842
[2026-05-30 10:16:34,878][root][INFO] - Epoch: 17, loss: 238.1600
[2026-05-30 10:16:34,948][root][INFO] - Epoch: 18, loss: 238.0365
[2026-05-30 10:16:35,018][root][INFO] - Epoch: 19, loss: 235.0198
[2026-05-30 10:16:35,088][root][INFO] - Epoch: 20, loss: 235.2688
[2026-05-30 10:16:35,158][root][INFO] - Epoch: 21, loss: 244.3809
[2026-05-30 10:16:35,228][root][INFO] - Epoch: 22, loss: 243.7700
[2026-05-30 10:16:35,298][root][INFO] - Epoch: 23, loss: 243.0207
[2026-05-30 10:16:35,367][root][INFO] - Epoch: 24, loss: 238.9495
[2026-05-30 10:16:35,436][root][INFO] - Epoch: 25, loss: 234.7766
[2026-05-30 10:16:35,507][root][INFO] - Epoch: 26, loss: 231.4326
[2026-05-30 10:16:35,577][root][INFO] - Epoch: 27, loss: 228.3206
[2026-05-30 10:16:35,647][root][INFO] - Epoch: 28, loss: 226.2298
[2026-05-30 10:16:35,716][root][INFO] - Epoch: 29, loss: 227.8567
[2026-05-30 10:16:35,787][root][INFO] - Epoch: 30, loss: 227.4521
[2026-05-30 10:16:35,857][root][INFO] - Epoch: 31, loss: 228.9616
[2026-05-30 10:16:35,927][root][INFO] - Epoch: 32, loss: 228.1859
[2026-05-30 10:16:35,997][root][INFO] - Epoch: 33, loss: 226.2466
[2026-05-30 10:16:36,067][root][INFO] - Epoch: 34, loss: 225.8169
[2026-05-30 10:16:36,137][root][INFO] - Epoch: 35, loss: 224.1855
[2026-05-30 10:16:36,207][root][INFO] - Epoch: 36, loss: 222.3239
[2026-05-30 10:16:36,278][root][INFO] - Epoch: 37, loss: 224.0040
[2026-05-30 10:16:36,349][root][INFO] - Epoch: 38, loss: 223.6477
[2026-05-30 10:16:36,418][root][INFO] - Epoch: 39, loss: 227.2008
[2026-05-30 10:16:36,488][root][INFO] - Epoch: 40, loss: 230.2685
[2026-05-30 10:16:36,558][root][INFO] - Epoch: 41, loss: 227.2207
[2026-05-30 10:16:36,628][root][INFO] - Epoch: 42, loss: 227.1237
[2026-05-30 10:16:36,697][root][INFO] - Epoch: 43, loss: 221.9766
[2026-05-30 10:16:36,768][root][INFO] - Epoch: 44, loss: 219.3439
[2026-05-30 10:16:36,838][root][INFO] - Epoch: 45, loss: 218.1691
[2026-05-30 10:16:36,908][root][INFO] - Epoch: 46, loss: 216.3103
[2026-05-30 10:16:36,979][root][INFO] - Epoch: 47, loss: 214.8885
[2026-05-30 10:16:37,048][root][INFO] - Epoch: 48, loss: 216.3228
[2026-05-30 10:16:37,119][root][INFO] - Epoch: 49, loss: 218.0873
[2026-05-30 10:16:37,188][root][INFO] - Epoch: 50, loss: 216.5228
[2026-05-30 10:16:37,259][root][INFO] - Epoch: 51, loss: 213.3948
[2026-05-30 10:16:37,329][root][INFO] - Epoch: 52, loss: 210.9401
[2026-05-30 10:16:37,400][root][INFO] - Epoch: 53, loss: 209.7305
[2026-05-30 10:16:37,469][root][INFO] - Epoch: 54, loss: 211.1274
[2026-05-30 10:16:37,539][root][INFO] - Epoch: 55, loss: 211.4805
[2026-05-30 10:16:37,609][root][INFO] - Epoch: 56, loss: 210.6863
[2026-05-30 10:16:37,679][root][INFO] - Epoch: 57, loss: 209.0620
[2026-05-30 10:16:37,749][root][INFO] - Epoch: 58, loss: 206.4414
[2026-05-30 10:16:37,819][root][INFO] - Epoch: 59, loss: 201.1567
[2026-05-30 10:16:37,889][root][INFO] - Epoch: 60, loss: 208.3770
[2026-05-30 10:16:37,960][root][INFO] - Epoch: 61, loss: 221.6469
[2026-05-30 10:16:38,031][root][INFO] - Epoch: 62, loss: 211.5119
[2026-05-30 10:16:38,101][root][INFO] - Epoch: 63, loss: 207.2488
[2026-05-30 10:16:38,170][root][INFO] - Epoch: 64, loss: 204.1546
[2026-05-30 10:16:38,241][root][INFO] - Epoch: 65, loss: 201.5214
[2026-05-30 10:16:38,311][root][INFO] - Epoch: 66, loss: 196.0513
[2026-05-30 10:16:38,381][root][INFO] - Epoch: 67, loss: 194.2099
[2026-05-30 10:16:38,450][root][INFO] - Epoch: 68, loss: 191.7657
[2026-05-30 10:16:38,520][root][INFO] - Epoch: 69, loss: 187.7126
[2026-05-30 10:16:38,591][root][INFO] - Epoch: 70, loss: 186.4367
[2026-05-30 10:16:38,661][root][INFO] - Epoch: 71, loss: 184.5486
[2026-05-30 10:16:38,731][root][INFO] - Epoch: 72, loss: 186.4591
[2026-05-30 10:16:38,801][root][INFO] - Epoch: 73, loss: 180.9330
[2026-05-30 10:16:38,871][root][INFO] - Epoch: 74, loss: 181.4140
[2026-05-30 10:16:38,940][root][INFO] - Epoch: 75, loss: 181.2935
[2026-05-30 10:16:39,007][root][INFO] - Epoch: 76, loss: 179.2298
[2026-05-30 10:16:39,077][root][INFO] - Epoch: 77, loss: 177.3059
[2026-05-30 10:16:39,146][root][INFO] - Epoch: 78, loss: 198.1449
[2026-05-30 10:16:39,214][root][INFO] - Epoch: 79, loss: 210.3368
[2026-05-30 10:16:39,285][root][INFO] - Epoch: 80, loss: 212.3061
[2026-05-30 10:16:39,357][root][INFO] - Epoch: 81, loss: 208.8591
[2026-05-30 10:16:39,428][root][INFO] - Epoch: 82, loss: 204.3645
[2026-05-30 10:16:39,497][root][INFO] - Epoch: 83, loss: 198.5450
[2026-05-30 10:16:39,568][root][INFO] - Epoch: 84, loss: 190.6523
[2026-05-30 10:16:39,639][root][INFO] - Epoch: 85, loss: 184.2751
[2026-05-30 10:16:39,709][root][INFO] - Epoch: 86, loss: 204.3534
[2026-05-30 10:16:39,779][root][INFO] - Epoch: 87, loss: 339.2455
[2026-05-30 10:16:39,849][root][INFO] - Epoch: 88, loss: 261.2431
[2026-05-30 10:16:39,849][root][INFO] - Early stopping at epoch: 87
[2026-05-30 10:16:39,874][root][INFO] - {'model_loss': '261.2431', 'recon_loss': '0.0000', 'triplet_loss': '261.2431'}
[2026-05-30 10:16:39,879][root][INFO] - Updating AE...
[2026-05-30 10:16:40,623][root][INFO] - Epoch: 1, loss: 73.5776
[2026-05-30 10:16:40,692][root][INFO] - Epoch: 2, loss: 38.2061
[2026-05-30 10:16:40,760][root][INFO] - Epoch: 3, loss: 29.4080
[2026-05-30 10:16:40,829][root][INFO] - Epoch: 4, loss: 23.0249
[2026-05-30 10:16:40,898][root][INFO] - Epoch: 5, loss: 18.8184
[2026-05-30 10:16:40,966][root][INFO] - Epoch: 6, loss: 15.4624
[2026-05-30 10:16:41,036][root][INFO] - Epoch: 7, loss: 13.7457
[2026-05-30 10:16:41,105][root][INFO] - Epoch: 8, loss: 12.0423
[2026-05-30 10:16:41,173][root][INFO] - Epoch: 9, loss: 10.5739
[2026-05-30 10:16:41,243][root][INFO] - Epoch: 10, loss: 9.5109
[2026-05-30 10:16:41,312][root][INFO] - Epoch: 11, loss: 8.6440
[2026-05-30 10:16:41,383][root][INFO] - Epoch: 12, loss: 7.8908
[2026-05-30 10:16:41,453][root][INFO] - Epoch: 13, loss: 7.2055
[2026-05-30 10:16:41,522][root][INFO] - Epoch: 14, loss: 6.6940
[2026-05-30 10:16:41,593][root][INFO] - Epoch: 15, loss: 6.2111
[2026-05-30 10:16:41,663][root][INFO] - Epoch: 16, loss: 5.8373
[2026-05-30 10:16:41,734][root][INFO] - Epoch: 17, loss: 5.5557
[2026-05-30 10:16:41,804][root][INFO] - Epoch: 18, loss: 5.3126
[2026-05-30 10:16:41,874][root][INFO] - Epoch: 19, loss: 5.1059
[2026-05-30 10:16:41,945][root][INFO] - Epoch: 20, loss: 4.9427
[2026-05-30 10:16:42,015][root][INFO] - Epoch: 21, loss: 4.8075
[2026-05-30 10:16:42,085][root][INFO] - Epoch: 22, loss: 4.6909
[2026-05-30 10:16:42,155][root][INFO] - Epoch: 23, loss: 4.5903
[2026-05-30 10:16:42,227][root][INFO] - Epoch: 24, loss: 4.5029
[2026-05-30 10:16:42,298][root][INFO] - Epoch: 25, loss: 4.4167
[2026-05-30 10:16:42,365][root][INFO] - Epoch: 26, loss: 4.3475
[2026-05-30 10:16:42,436][root][INFO] - Epoch: 27, loss: 4.2762
[2026-05-30 10:16:42,507][root][INFO] - Epoch: 28, loss: 4.2097
[2026-05-30 10:16:42,579][root][INFO] - Epoch: 29, loss: 4.1542
[2026-05-30 10:16:42,651][root][INFO] - Epoch: 30, loss: 4.1038
[2026-05-30 10:16:42,721][root][INFO] - Epoch: 31, loss: 4.0666
[2026-05-30 10:16:42,793][root][INFO] - Epoch: 32, loss: 4.0276
[2026-05-30 10:16:42,863][root][INFO] - Epoch: 33, loss: 3.9892
[2026-05-30 10:16:42,934][root][INFO] - Epoch: 34, loss: 3.9621
[2026-05-30 10:16:43,004][root][INFO] - Epoch: 35, loss: 3.9246
[2026-05-30 10:16:43,074][root][INFO] - Epoch: 36, loss: 3.8961
[2026-05-30 10:16:43,144][root][INFO] - Epoch: 37, loss: 3.8698
[2026-05-30 10:16:43,215][root][INFO] - Epoch: 38, loss: 3.8434
[2026-05-30 10:16:43,285][root][INFO] - Epoch: 39, loss: 3.8178
[2026-05-30 10:16:43,356][root][INFO] - Epoch: 40, loss: 3.7970
[2026-05-30 10:16:43,427][root][INFO] - Epoch: 41, loss: 3.7766
[2026-05-30 10:16:43,498][root][INFO] - Epoch: 42, loss: 3.7542
[2026-05-30 10:16:43,569][root][INFO] - Epoch: 43, loss: 3.7356
[2026-05-30 10:16:43,639][root][INFO] - Epoch: 44, loss: 3.7174
[2026-05-30 10:16:43,711][root][INFO] - Epoch: 45, loss: 3.7018
[2026-05-30 10:16:43,782][root][INFO] - Epoch: 46, loss: 3.6810
[2026-05-30 10:16:43,853][root][INFO] - Epoch: 47, loss: 3.6635
[2026-05-30 10:16:43,923][root][INFO] - Epoch: 48, loss: 3.6454
[2026-05-30 10:16:43,993][root][INFO] - Epoch: 49, loss: 3.6275
[2026-05-30 10:16:44,064][root][INFO] - Epoch: 50, loss: 3.6175
[2026-05-30 10:16:44,134][root][INFO] - Epoch: 51, loss: 3.5989
[2026-05-30 10:16:44,204][root][INFO] - Epoch: 52, loss: 3.5827
[2026-05-30 10:16:44,274][root][INFO] - Epoch: 53, loss: 3.5729
[2026-05-30 10:16:44,344][root][INFO] - Epoch: 54, loss: 3.5581
[2026-05-30 10:16:44,415][root][INFO] - Epoch: 55, loss: 3.5421
[2026-05-30 10:16:44,483][root][INFO] - Epoch: 56, loss: 3.5302
[2026-05-30 10:16:44,552][root][INFO] - Epoch: 57, loss: 3.5162
[2026-05-30 10:16:44,623][root][INFO] - Epoch: 58, loss: 3.5012
[2026-05-30 10:16:44,694][root][INFO] - Epoch: 59, loss: 3.4914
[2026-05-30 10:16:44,765][root][INFO] - Epoch: 60, loss: 3.4779
[2026-05-30 10:16:44,835][root][INFO] - Epoch: 61, loss: 3.4651
[2026-05-30 10:16:44,906][root][INFO] - Epoch: 62, loss: 3.4535
[2026-05-30 10:16:44,976][root][INFO] - Epoch: 63, loss: 3.4435
[2026-05-30 10:16:45,044][root][INFO] - Epoch: 64, loss: 3.4352
[2026-05-30 10:16:45,113][root][INFO] - Epoch: 65, loss: 3.4208
[2026-05-30 10:16:45,183][root][INFO] - Epoch: 66, loss: 3.4115
[2026-05-30 10:16:45,255][root][INFO] - Epoch: 67, loss: 3.3978
[2026-05-30 10:16:45,325][root][INFO] - Epoch: 68, loss: 3.3876
[2026-05-30 10:16:45,396][root][INFO] - Epoch: 69, loss: 3.3789
[2026-05-30 10:16:45,466][root][INFO] - Epoch: 70, loss: 3.3706
[2026-05-30 10:16:45,538][root][INFO] - Epoch: 71, loss: 3.3648
[2026-05-30 10:16:45,607][root][INFO] - Epoch: 72, loss: 3.3509
[2026-05-30 10:16:45,677][root][INFO] - Epoch: 73, loss: 3.3476
[2026-05-30 10:16:45,749][root][INFO] - Epoch: 74, loss: 3.3317
[2026-05-30 10:16:45,821][root][INFO] - Epoch: 75, loss: 3.3215
[2026-05-30 10:16:45,892][root][INFO] - Epoch: 76, loss: 3.3156
[2026-05-30 10:16:45,975][root][INFO] - Epoch: 77, loss: 3.3052
[2026-05-30 10:16:46,055][root][INFO] - Epoch: 78, loss: 3.2998
[2026-05-30 10:16:46,127][root][INFO] - Epoch: 79, loss: 3.2952
[2026-05-30 10:16:46,197][root][INFO] - Epoch: 80, loss: 3.2825
[2026-05-30 10:16:46,267][root][INFO] - Epoch: 81, loss: 3.2759
[2026-05-30 10:16:46,337][root][INFO] - Epoch: 82, loss: 3.2677
[2026-05-30 10:16:46,409][root][INFO] - Epoch: 83, loss: 3.2653
[2026-05-30 10:16:46,483][root][INFO] - Epoch: 84, loss: 3.2554
[2026-05-30 10:16:46,555][root][INFO] - Epoch: 85, loss: 3.2505
[2026-05-30 10:16:46,623][root][INFO] - Epoch: 86, loss: 3.2394
[2026-05-30 10:16:46,693][root][INFO] - Epoch: 87, loss: 3.2353
[2026-05-30 10:16:46,763][root][INFO] - Epoch: 88, loss: 3.2255
[2026-05-30 10:16:46,830][root][INFO] - Epoch: 89, loss: 3.2226
[2026-05-30 10:16:46,899][root][INFO] - Epoch: 90, loss: 3.2114
[2026-05-30 10:16:46,969][root][INFO] - Epoch: 91, loss: 3.2082
[2026-05-30 10:16:47,039][root][INFO] - Epoch: 92, loss: 3.2029
[2026-05-30 10:16:47,110][root][INFO] - Epoch: 93, loss: 3.1969
[2026-05-30 10:16:47,181][root][INFO] - Epoch: 94, loss: 3.1879
[2026-05-30 10:16:47,252][root][INFO] - Epoch: 95, loss: 3.1807
[2026-05-30 10:16:47,322][root][INFO] - Epoch: 96, loss: 3.1729
[2026-05-30 10:16:47,394][root][INFO] - Epoch: 97, loss: 3.1692
[2026-05-30 10:16:47,466][root][INFO] - Epoch: 98, loss: 3.1737
[2026-05-30 10:16:47,537][root][INFO] - Epoch: 99, loss: 3.1575
[2026-05-30 10:16:47,608][root][INFO] - Epoch: 100, loss: 3.1533
[2026-05-30 10:16:47,679][root][INFO] - Epoch: 101, loss: 3.1496
[2026-05-30 10:16:47,750][root][INFO] - Epoch: 102, loss: 3.1430
[2026-05-30 10:16:47,821][root][INFO] - Epoch: 103, loss: 3.1335
[2026-05-30 10:16:47,892][root][INFO] - Epoch: 104, loss: 3.1316
[2026-05-30 10:16:47,963][root][INFO] - Epoch: 105, loss: 3.1310
[2026-05-30 10:16:48,034][root][INFO] - Epoch: 106, loss: 3.1285
[2026-05-30 10:16:48,106][root][INFO] - Epoch: 107, loss: 3.1237
[2026-05-30 10:16:48,177][root][INFO] - Epoch: 108, loss: 3.1127
[2026-05-30 10:16:48,247][root][INFO] - Epoch: 109, loss: 3.1045
[2026-05-30 10:16:48,320][root][INFO] - Epoch: 110, loss: 3.0989
[2026-05-30 10:16:48,390][root][INFO] - Epoch: 111, loss: 3.0980
[2026-05-30 10:16:48,458][root][INFO] - Epoch: 112, loss: 3.0951
[2026-05-30 10:16:48,531][root][INFO] - Epoch: 113, loss: 3.0973
[2026-05-30 10:16:48,600][root][INFO] - Epoch: 114, loss: 3.0828
[2026-05-30 10:16:48,671][root][INFO] - Epoch: 115, loss: 3.0837
[2026-05-30 10:16:48,742][root][INFO] - Epoch: 116, loss: 3.0808
[2026-05-30 10:16:48,815][root][INFO] - Epoch: 117, loss: 3.0713
[2026-05-30 10:16:48,886][root][INFO] - Epoch: 118, loss: 3.0659
[2026-05-30 10:16:48,956][root][INFO] - Epoch: 119, loss: 3.0650
[2026-05-30 10:16:49,025][root][INFO] - Epoch: 120, loss: 3.0609
[2026-05-30 10:16:49,095][root][INFO] - Epoch: 121, loss: 3.0557
[2026-05-30 10:16:49,166][root][INFO] - Epoch: 122, loss: 3.0518
[2026-05-30 10:16:49,235][root][INFO] - Epoch: 123, loss: 3.0463
[2026-05-30 10:16:49,304][root][INFO] - Epoch: 124, loss: 3.0460
[2026-05-30 10:16:49,375][root][INFO] - Epoch: 125, loss: 3.0400
[2026-05-30 10:16:49,446][root][INFO] - Epoch: 126, loss: 3.0386
[2026-05-30 10:16:49,517][root][INFO] - Epoch: 127, loss: 3.0319
[2026-05-30 10:16:49,588][root][INFO] - Epoch: 128, loss: 3.0294
[2026-05-30 10:16:49,658][root][INFO] - Epoch: 129, loss: 3.0206
[2026-05-30 10:16:49,728][root][INFO] - Epoch: 130, loss: 3.0190
[2026-05-30 10:16:49,798][root][INFO] - Epoch: 131, loss: 3.0140
[2026-05-30 10:16:49,869][root][INFO] - Epoch: 132, loss: 3.0143
[2026-05-30 10:16:49,939][root][INFO] - Epoch: 133, loss: 3.0175
[2026-05-30 10:16:50,009][root][INFO] - Epoch: 134, loss: 3.0053
[2026-05-30 10:16:50,079][root][INFO] - Epoch: 135, loss: 3.0045
[2026-05-30 10:16:50,148][root][INFO] - Epoch: 136, loss: 2.9953
[2026-05-30 10:16:50,216][root][INFO] - Epoch: 137, loss: 2.9910
[2026-05-30 10:16:50,286][root][INFO] - Epoch: 138, loss: 2.9883
[2026-05-30 10:16:50,356][root][INFO] - Epoch: 139, loss: 2.9834
[2026-05-30 10:16:50,425][root][INFO] - Epoch: 140, loss: 2.9857
[2026-05-30 10:16:50,497][root][INFO] - Epoch: 141, loss: 2.9812
[2026-05-30 10:16:50,569][root][INFO] - Epoch: 142, loss: 2.9749
[2026-05-30 10:16:50,639][root][INFO] - Epoch: 143, loss: 2.9699
[2026-05-30 10:16:50,711][root][INFO] - Epoch: 144, loss: 2.9674
[2026-05-30 10:16:50,782][root][INFO] - Epoch: 145, loss: 2.9629
[2026-05-30 10:16:50,852][root][INFO] - Epoch: 146, loss: 2.9603
[2026-05-30 10:16:50,923][root][INFO] - Epoch: 147, loss: 2.9567
[2026-05-30 10:16:50,994][root][INFO] - Epoch: 148, loss: 2.9588
[2026-05-30 10:16:51,062][root][INFO] - Epoch: 149, loss: 2.9500
[2026-05-30 10:16:51,131][root][INFO] - Epoch: 150, loss: 2.9463
[2026-05-30 10:16:51,204][root][INFO] - Epoch: 151, loss: 2.9435
[2026-05-30 10:16:51,274][root][INFO] - Epoch: 152, loss: 2.9398
[2026-05-30 10:16:51,345][root][INFO] - Epoch: 153, loss: 2.9403
[2026-05-30 10:16:51,416][root][INFO] - Epoch: 154, loss: 2.9290
[2026-05-30 10:16:51,487][root][INFO] - Epoch: 155, loss: 2.9311
[2026-05-30 10:16:51,557][root][INFO] - Epoch: 156, loss: 2.9247
[2026-05-30 10:16:51,627][root][INFO] - Epoch: 157, loss: 2.9215
[2026-05-30 10:16:51,697][root][INFO] - Epoch: 158, loss: 2.9241
[2026-05-30 10:16:51,768][root][INFO] - Epoch: 159, loss: 2.9202
[2026-05-30 10:16:51,839][root][INFO] - Epoch: 160, loss: 2.9172
[2026-05-30 10:16:51,909][root][INFO] - Epoch: 161, loss: 2.9068
[2026-05-30 10:16:51,982][root][INFO] - Epoch: 162, loss: 2.9092
[2026-05-30 10:16:52,056][root][INFO] - Epoch: 163, loss: 2.9003
[2026-05-30 10:16:52,129][root][INFO] - Epoch: 164, loss: 2.9002
[2026-05-30 10:16:52,201][root][INFO] - Epoch: 165, loss: 2.8986
[2026-05-30 10:16:52,273][root][INFO] - Epoch: 166, loss: 2.8945
[2026-05-30 10:16:52,343][root][INFO] - Epoch: 167, loss: 2.8864
[2026-05-30 10:16:52,414][root][INFO] - Epoch: 168, loss: 2.8820
[2026-05-30 10:16:52,510][root][INFO] - Epoch: 169, loss: 2.8803
[2026-05-30 10:16:52,582][root][INFO] - Epoch: 170, loss: 2.8771
[2026-05-30 10:16:52,653][root][INFO] - Epoch: 171, loss: 2.8719
[2026-05-30 10:16:52,725][root][INFO] - Epoch: 172, loss: 2.8640
[2026-05-30 10:16:52,795][root][INFO] - Epoch: 173, loss: 2.8661
[2026-05-30 10:16:52,865][root][INFO] - Epoch: 174, loss: 2.8689
[2026-05-30 10:16:52,935][root][INFO] - Epoch: 175, loss: 2.8504
[2026-05-30 10:16:53,006][root][INFO] - Epoch: 176, loss: 2.8506
[2026-05-30 10:16:53,077][root][INFO] - Epoch: 177, loss: 2.8467
[2026-05-30 10:16:53,147][root][INFO] - Epoch: 178, loss: 2.8485
[2026-05-30 10:16:53,222][root][INFO] - Epoch: 179, loss: 2.8366
[2026-05-30 10:16:53,307][root][INFO] - Epoch: 180, loss: 2.8266
[2026-05-30 10:16:53,388][root][INFO] - Epoch: 181, loss: 2.8327
[2026-05-30 10:16:53,461][root][INFO] - Epoch: 182, loss: 2.8273
[2026-05-30 10:16:53,533][root][INFO] - Epoch: 183, loss: 2.8278
[2026-05-30 10:16:53,604][root][INFO] - Epoch: 184, loss: 2.8138
[2026-05-30 10:16:53,674][root][INFO] - Epoch: 185, loss: 2.8121
[2026-05-30 10:16:53,745][root][INFO] - Epoch: 186, loss: 2.8028
[2026-05-30 10:16:53,818][root][INFO] - Epoch: 187, loss: 2.8173
[2026-05-30 10:16:53,889][root][INFO] - Epoch: 188, loss: 2.7961
[2026-05-30 10:16:53,960][root][INFO] - Epoch: 189, loss: 2.7984
[2026-05-30 10:16:54,032][root][INFO] - Epoch: 190, loss: 2.7946
[2026-05-30 10:16:54,104][root][INFO] - Epoch: 191, loss: 2.7893
[2026-05-30 10:16:54,184][root][INFO] - Epoch: 192, loss: 2.7955
[2026-05-30 10:16:54,273][root][INFO] - Epoch: 193, loss: 2.7807
[2026-05-30 10:16:54,346][root][INFO] - Epoch: 194, loss: 2.7874
[2026-05-30 10:16:54,421][root][INFO] - Epoch: 195, loss: 2.7728
[2026-05-30 10:16:54,491][root][INFO] - Epoch: 196, loss: 2.7715
[2026-05-30 10:16:54,563][root][INFO] - Epoch: 197, loss: 2.7675
[2026-05-30 10:16:54,632][root][INFO] - Epoch: 198, loss: 2.7641
[2026-05-30 10:16:54,702][root][INFO] - Epoch: 199, loss: 2.7569
[2026-05-30 10:16:54,774][root][INFO] - Epoch: 200, loss: 2.7548
[2026-05-30 10:16:54,810][root][INFO] - {'model_loss': '2.7548', 'recon_loss': '0.0000', 'triplet_loss': '2.7548'}
[2026-05-30 10:16:54,814][root][INFO] - Generation 210/400 - Time: 0.00 seconds
[2026-05-30 10:16:54,815][root][INFO] - {'coverage': '100.00', 'max_fitness': '0.00', 'passive_coverage': '55.66', 'passive_max_fitness': '0.00', 'passive_mean_fitness': '-59.12', 'passive_qd_score': '46910.95', 'qd_score': '91061.39', 'mean_fitness_top_k': '-18.91'}
[2026-05-30 10:16:55,819][root][INFO] - Generation 211/400 - Time: 0.00 seconds
[2026-05-30 10:16:55,820][root][INFO] - {'coverage': '100.00', 'max_fitness': '0.00', 'passive_coverage': '56.35', 'passive_max_fitness': '0.00', 'passive_mean_fitness': '-59.23', 'passive_qd_score': '47425.96', 'qd_score': '90773.86', 'mean_fitness_top_k': '-19.24'}
[2026-05-30 10:16:56,839][root][INFO] - Generation 212/400 - Time: 0.00 seconds
[2026-05-30 10:16:56,840][root][INFO] - {'coverage': '100.00', 'max_fitness': '0.00', 'passive_coverage': '56.45', 'passive_max_fitness': '0.00', 'passive_mean_fitness': '-59.24', 'passive_qd_score': '47503.49', 'qd_score': '92234.84', 'mean_fitness_top_k': '-18.20'}
[2026-05-30 10:16:57,828][root][INFO] - Generation 213/400 - Time: 0.00 seconds
[2026-05-30 10:16:57,829][root][INFO] - {'coverage': '100.00', 'max_fitness': '0.00', 'passive_coverage': '56.64', 'passive_max_fitness': '0.00', 'passive_mean_fitness': '-59.22', 'passive_qd_score': '47678.00', 'qd_score': '92638.56', 'mean_fitness_top_k': '-18.28'}
[2026-05-30 10:16:58,823][root][INFO] - Generation 214/400 - Time: 0.00 seconds
[2026-05-30 10:16:58,825][root][INFO] - {'coverage': '100.00', 'max_fitness': '0.00', 'passive_coverage': '56.93', 'passive_max_fitness': '0.00', 'passive_mean_fitness': '-59.14', 'passive_qd_score': '47969.60', 'qd_score': '92853.32', 'mean_fitness_top_k': '-18.04'}
[2026-05-30 10:16:59,873][root][INFO] - Generation 215/400 - Time: 0.00 seconds
[2026-05-30 10:16:59,874][root][INFO] - {'coverage': '100.00', 'max_fitness': '0.00', 'passive_coverage': '57.03', 'passive_max_fitness': '0.00', 'passive_mean_fitness': '-59.14', 'passive_qd_score': '48049.66', 'qd_score': '92995.98', 'mean_fitness_top_k': '-17.88'}
[2026-05-30 10:17:01,028][root][INFO] - Generation 216/400 - Time: 0.00 seconds
[2026-05-30 10:17:01,029][root][INFO] - {'coverage': '100.00', 'max_fitness': '0.00', 'passive_coverage': '57.13', 'passive_max_fitness': '0.00', 'passive_mean_fitness': '-59.20', 'passive_qd_score': '48098.93', 'qd_score': '93520.50', 'mean_fitness_top_k': '-17.32'}
[2026-05-30 10:17:02,168][root][INFO] - Generation 217/400 - Time: 0.00 seconds
[2026-05-30 10:17:02,169][root][INFO] - {'coverage': '100.00', 'max_fitness': '0.00', 'passive_coverage': '57.52', 'passive_max_fitness': '0.00', 'passive_mean_fitness': '-59.25', 'passive_qd_score': '48401.08', 'qd_score': '94352.03', 'mean_fitness_top_k': '-16.88'}
[2026-05-30 10:17:03,306][root][INFO] - Generation 218/400 - Time: 0.00 seconds
[2026-05-30 10:17:03,307][root][INFO] - {'coverage': '100.00', 'max_fitness': '0.00', 'passive_coverage': '58.01', 'passive_max_fitness': '0.00', 'passive_mean_fitness': '-59.50', 'passive_qd_score': '48661.71', 'qd_score': '94346.91', 'mean_fitness_top_k': '-16.54'}
[2026-05-30 10:17:04,476][root][INFO] - Generation 219/400 - Time: 0.00 seconds
[2026-05-30 10:17:04,476][root][INFO] - {'coverage': '100.00', 'max_fitness': '0.00', 'passive_coverage': '58.20', 'passive_max_fitness': '0.00', 'passive_mean_fitness': '-59.60', 'passive_qd_score': '48768.14', 'qd_score': '93729.55', 'mean_fitness_top_k': '-16.83'}
[2026-05-30 10:17:05,654][root][INFO] - Generation 220/400 - Time: 0.00 seconds
[2026-05-30 10:17:05,655][root][INFO] - {'coverage': '100.00', 'max_fitness': '0.00', 'passive_coverage': '58.20', 'passive_max_fitness': '0.00', 'passive_mean_fitness': '-59.59', 'passive_qd_score': '48772.68', 'qd_score': '94133.38', 'mean_fitness_top_k': '-16.69'}
[2026-05-30 10:17:06,774][root][INFO] - Generation 221/400 - Time: 0.00 seconds
[2026-05-30 10:17:06,775][root][INFO] - {'coverage': '100.00', 'max_fitness': '0.00', 'passive_coverage': '58.40', 'passive_max_fitness': '0.00', 'passive_mean_fitness': '-59.62', 'passive_qd_score': '48918.80', 'qd_score': '94246.48', 'mean_fitness_top_k': '-16.29'}
[2026-05-30 10:17:07,888][root][INFO] - Generation 222/400 - Time: 0.00 seconds
[2026-05-30 10:17:07,889][root][INFO] - {'coverage': '100.00', 'max_fitness': '0.00', 'passive_coverage': '58.40', 'passive_max_fitness': '0.00', 'passive_mean_fitness': '-59.62', 'passive_qd_score': '48919.71', 'qd_score': '94224.49', 'mean_fitness_top_k': '-16.25'}
[2026-05-30 10:17:09,059][root][INFO] - Generation 223/400 - Time: 0.00 seconds
[2026-05-30 10:17:09,060][root][INFO] - {'coverage': '100.00', 'max_fitness': '0.00', 'passive_coverage': '58.59', 'passive_max_fitness': '0.00', 'passive_mean_fitness': '-59.68', 'passive_qd_score': '49045.79', 'qd_score': '94407.22', 'mean_fitness_top_k': '-16.13'}
[2026-05-30 10:17:10,214][root][INFO] - Generation 224/400 - Time: 0.00 seconds
[2026-05-30 10:17:10,215][root][INFO] - {'coverage': '100.00', 'max_fitness': '0.00', 'passive_coverage': '58.89', 'passive_max_fitness': '0.00', 'passive_mean_fitness': '-59.78', 'passive_qd_score': '49231.34', 'qd_score': '94533.84', 'mean_fitness_top_k': '-16.10'}
[2026-05-30 10:17:11,347][root][INFO] - Generation 225/400 - Time: 0.00 seconds
[2026-05-30 10:17:11,348][root][INFO] - {'coverage': '100.00', 'max_fitness': '0.00', 'passive_coverage': '59.38', 'passive_max_fitness': '0.00', 'passive_mean_fitness': '-59.82', 'passive_qd_score': '49615.83', 'qd_score': '94365.98', 'mean_fitness_top_k': '-16.13'}
[2026-05-30 10:17:12,508][root][INFO] - Generation 226/400 - Time: 0.00 seconds
[2026-05-30 10:17:12,509][root][INFO] - {'coverage': '100.00', 'max_fitness': '0.00', 'passive_coverage': '59.67', 'passive_max_fitness': '0.00', 'passive_mean_fitness': '-59.91', 'passive_qd_score': '49804.31', 'qd_score': '94661.48', 'mean_fitness_top_k': '-15.77'}
[2026-05-30 10:17:13,647][root][INFO] - Generation 227/400 - Time: 0.00 seconds
[2026-05-30 10:17:13,648][root][INFO] - {'coverage': '100.00', 'max_fitness': '0.00', 'passive_coverage': '59.67', 'passive_max_fitness': '0.00', 'passive_mean_fitness': '-59.91', 'passive_qd_score': '49805.63', 'qd_score': '95017.81', 'mean_fitness_top_k': '-15.61'}
[2026-05-30 10:17:14,816][root][INFO] - Generation 228/400 - Time: 0.00 seconds
[2026-05-30 10:17:14,817][root][INFO] - {'coverage': '100.00', 'max_fitness': '0.00', 'passive_coverage': '59.67', 'passive_max_fitness': '0.00', 'passive_mean_fitness': '-59.90', 'passive_qd_score': '49808.76', 'qd_score': '95297.45', 'mean_fitness_top_k': '-15.50'}
[2026-05-30 10:17:15,987][root][INFO] - Generation 229/400 - Time: 0.00 seconds
[2026-05-30 10:17:15,988][root][INFO] - {'coverage': '100.00', 'max_fitness': '0.00', 'passive_coverage': '59.86', 'passive_max_fitness': '0.00', 'passive_mean_fitness': '-59.82', 'passive_qd_score': '50023.55', 'qd_score': '94980.02', 'mean_fitness_top_k': '-15.42'}
[2026-05-30 10:17:17,142][root][INFO] - Generation 230/400 - Time: 0.00 seconds
[2026-05-30 10:17:17,143][root][INFO] - {'coverage': '100.00', 'max_fitness': '0.00', 'passive_coverage': '59.96', 'passive_max_fitness': '0.00', 'passive_mean_fitness': '-59.77', 'passive_qd_score': '50132.30', 'qd_score': '95216.29', 'mean_fitness_top_k': '-15.39'}
[2026-05-30 10:17:18,313][root][INFO] - Generation 231/400 - Time: 0.00 seconds
[2026-05-30 10:17:18,314][root][INFO] - {'coverage': '100.00', 'max_fitness': '0.00', 'passive_coverage': '60.06', 'passive_max_fitness': '0.00', 'passive_mean_fitness': '-59.75', 'passive_qd_score': '50229.10', 'qd_score': '95052.66', 'mean_fitness_top_k': '-15.47'}
[2026-05-30 10:17:19,501][root][INFO] - Generation 232/400 - Time: 0.00 seconds
[2026-05-30 10:17:19,502][root][INFO] - {'coverage': '100.00', 'max_fitness': '0.00', 'passive_coverage': '60.16', 'passive_max_fitness': '0.00', 'passive_mean_fitness': '-59.74', 'passive_qd_score': '50315.96', 'qd_score': '94954.00', 'mean_fitness_top_k': '-15.55'}
[2026-05-30 10:17:20,646][root][INFO] - Generation 233/400 - Time: 0.00 seconds
[2026-05-30 10:17:20,647][root][INFO] - {'coverage': '100.00', 'max_fitness': '0.00', 'passive_coverage': '60.16', 'passive_max_fitness': '0.00', 'passive_mean_fitness': '-59.74', 'passive_qd_score': '50316.04', 'qd_score': '95338.55', 'mean_fitness_top_k': '-15.21'}
[2026-05-30 10:17:21,806][root][INFO] - Generation 234/400 - Time: 0.00 seconds
[2026-05-30 10:17:21,807][root][INFO] - {'coverage': '100.00', 'max_fitness': '0.00', 'passive_coverage': '60.35', 'passive_max_fitness': '0.00', 'passive_mean_fitness': '-59.75', 'passive_qd_score': '50472.27', 'qd_score': '95129.38', 'mean_fitness_top_k': '-15.39'}
[2026-05-30 10:17:22,949][root][INFO] - Generation 235/400 - Time: 0.00 seconds
[2026-05-30 10:17:22,950][root][INFO] - {'coverage': '100.00', 'max_fitness': '0.00', 'passive_coverage': '60.35', 'passive_max_fitness': '0.00', 'passive_mean_fitness': '-59.75', 'passive_qd_score': '50472.61', 'qd_score': '95381.51', 'mean_fitness_top_k': '-15.21'}
[2026-05-30 10:17:24,129][root][INFO] - Generation 236/400 - Time: 0.00 seconds
[2026-05-30 10:17:24,129][root][INFO] - {'coverage': '100.00', 'max_fitness': '0.00', 'passive_coverage': '60.35', 'passive_max_fitness': '0.00', 'passive_mean_fitness': '-59.75', 'passive_qd_score': '50472.71', 'qd_score': '95612.53', 'mean_fitness_top_k': '-15.03'}
[2026-05-30 10:17:25,263][root][INFO] - Generation 237/400 - Time: 0.00 seconds
[2026-05-30 10:17:25,263][root][INFO] - {'coverage': '100.00', 'max_fitness': '0.00', 'passive_coverage': '60.45', 'passive_max_fitness': '0.00', 'passive_mean_fitness': '-59.70', 'passive_qd_score': '50587.77', 'qd_score': '95767.23', 'mean_fitness_top_k': '-14.95'}
[2026-05-30 10:17:26,375][root][INFO] - Generation 238/400 - Time: 0.00 seconds
[2026-05-30 10:17:26,376][root][INFO] - {'coverage': '100.00', 'max_fitness': '0.00', 'passive_coverage': '60.45', 'passive_max_fitness': '0.00', 'passive_mean_fitness': '-59.69', 'passive_qd_score': '50591.08', 'qd_score': '95991.78', 'mean_fitness_top_k': '-14.94'}
[2026-05-30 10:17:27,545][root][INFO] - Generation 239/400 - Time: 0.00 seconds
[2026-05-30 10:17:27,546][root][INFO] - {'coverage': '100.00', 'max_fitness': '0.00', 'passive_coverage': '60.45', 'passive_max_fitness': '0.00', 'passive_mean_fitness': '-59.69', 'passive_qd_score': '50591.13', 'qd_score': '96163.16', 'mean_fitness_top_k': '-14.63'}
[2026-05-30 10:17:28,672][root][INFO] - Updating AE...
[2026-05-30 10:17:29,460][root][INFO] - Epoch: 1, loss: 12181.9258
[2026-05-30 10:17:29,531][root][INFO] - Epoch: 2, loss: 147.5116
[2026-05-30 10:17:29,603][root][INFO] - Epoch: 3, loss: 145.9284
[2026-05-30 10:17:29,675][root][INFO] - Epoch: 4, loss: 143.6113
[2026-05-30 10:17:29,748][root][INFO] - Epoch: 5, loss: 143.5352
[2026-05-30 10:17:29,819][root][INFO] - Epoch: 6, loss: 143.0620
[2026-05-30 10:17:29,892][root][INFO] - Epoch: 7, loss: 142.4972
[2026-05-30 10:17:29,964][root][INFO] - Epoch: 8, loss: 141.8117
[2026-05-30 10:17:30,035][root][INFO] - Epoch: 9, loss: 140.9297
[2026-05-30 10:17:30,107][root][INFO] - Epoch: 10, loss: 139.7844
[2026-05-30 10:17:30,179][root][INFO] - Epoch: 11, loss: 138.4402
[2026-05-30 10:17:30,251][root][INFO] - Epoch: 12, loss: 137.1099
[2026-05-30 10:17:30,323][root][INFO] - Epoch: 13, loss: 137.8691
[2026-05-30 10:17:30,394][root][INFO] - Epoch: 14, loss: 135.6999
[2026-05-30 10:17:30,465][root][INFO] - Epoch: 15, loss: 135.1964
[2026-05-30 10:17:30,538][root][INFO] - Epoch: 16, loss: 134.1212
[2026-05-30 10:17:30,609][root][INFO] - Epoch: 17, loss: 133.2567
[2026-05-30 10:17:30,681][root][INFO] - Epoch: 18, loss: 131.8453
[2026-05-30 10:17:30,752][root][INFO] - Epoch: 19, loss: 130.6077
[2026-05-30 10:17:30,823][root][INFO] - Epoch: 20, loss: 129.8298
[2026-05-30 10:17:30,895][root][INFO] - Epoch: 21, loss: 128.8384
[2026-05-30 10:17:30,966][root][INFO] - Epoch: 22, loss: 128.1088
[2026-05-30 10:17:31,037][root][INFO] - Epoch: 23, loss: 128.1436
[2026-05-30 10:17:31,110][root][INFO] - Epoch: 24, loss: 127.4652
[2026-05-30 10:17:31,182][root][INFO] - Epoch: 25, loss: 127.0923
[2026-05-30 10:17:31,252][root][INFO] - Epoch: 26, loss: 126.1571
[2026-05-30 10:17:31,324][root][INFO] - Epoch: 27, loss: 125.2525
[2026-05-30 10:17:31,396][root][INFO] - Epoch: 28, loss: 126.4578
[2026-05-30 10:17:31,466][root][INFO] - Epoch: 29, loss: 126.3305
[2026-05-30 10:17:31,540][root][INFO] - Epoch: 30, loss: 125.9148
[2026-05-30 10:17:31,613][root][INFO] - Epoch: 31, loss: 125.1586
[2026-05-30 10:17:31,684][root][INFO] - Epoch: 32, loss: 125.1748
[2026-05-30 10:17:31,755][root][INFO] - Epoch: 33, loss: 124.9471
[2026-05-30 10:17:31,826][root][INFO] - Epoch: 34, loss: 124.6715
[2026-05-30 10:17:31,897][root][INFO] - Epoch: 35, loss: 124.3104
[2026-05-30 10:17:31,969][root][INFO] - Epoch: 36, loss: 124.1888
[2026-05-30 10:17:32,055][root][INFO] - Epoch: 37, loss: 123.9356
[2026-05-30 10:17:32,128][root][INFO] - Epoch: 38, loss: 123.5167
[2026-05-30 10:17:32,196][root][INFO] - Epoch: 39, loss: 123.5489
[2026-05-30 10:17:32,268][root][INFO] - Epoch: 40, loss: 123.2355
[2026-05-30 10:17:32,342][root][INFO] - Epoch: 41, loss: 124.3335
[2026-05-30 10:17:32,412][root][INFO] - Epoch: 42, loss: 127.6121
[2026-05-30 10:17:32,482][root][INFO] - Epoch: 43, loss: 130.9923
[2026-05-30 10:17:32,553][root][INFO] - Epoch: 44, loss: 130.1073
[2026-05-30 10:17:32,624][root][INFO] - Epoch: 45, loss: 127.7658
[2026-05-30 10:17:32,694][root][INFO] - Epoch: 46, loss: 125.6275
[2026-05-30 10:17:32,765][root][INFO] - Epoch: 47, loss: 124.8369
[2026-05-30 10:17:32,836][root][INFO] - Epoch: 48, loss: 123.9665
[2026-05-30 10:17:32,907][root][INFO] - Epoch: 49, loss: 123.2915
[2026-05-30 10:17:32,978][root][INFO] - Epoch: 50, loss: 122.8193
[2026-05-30 10:17:33,049][root][INFO] - Epoch: 51, loss: 122.2142
[2026-05-30 10:17:33,120][root][INFO] - Epoch: 52, loss: 121.9131
[2026-05-30 10:17:33,191][root][INFO] - Epoch: 53, loss: 121.4834
[2026-05-30 10:17:33,262][root][INFO] - Epoch: 54, loss: 121.2006
[2026-05-30 10:17:33,334][root][INFO] - Epoch: 55, loss: 121.0130
[2026-05-30 10:17:33,404][root][INFO] - Epoch: 56, loss: 120.6409
[2026-05-30 10:17:33,473][root][INFO] - Epoch: 57, loss: 120.2759
[2026-05-30 10:17:33,545][root][INFO] - Epoch: 58, loss: 120.2230
[2026-05-30 10:17:33,615][root][INFO] - Epoch: 59, loss: 119.8524
[2026-05-30 10:17:33,686][root][INFO] - Epoch: 60, loss: 119.7065
[2026-05-30 10:17:33,758][root][INFO] - Epoch: 61, loss: 119.6755
[2026-05-30 10:17:33,829][root][INFO] - Epoch: 62, loss: 119.3243
[2026-05-30 10:17:33,899][root][INFO] - Epoch: 63, loss: 119.0775
[2026-05-30 10:17:33,979][root][INFO] - Epoch: 64, loss: 118.9297
[2026-05-30 10:17:34,052][root][INFO] - Epoch: 65, loss: 118.9905
[2026-05-30 10:17:34,121][root][INFO] - Epoch: 66, loss: 118.7169
[2026-05-30 10:17:34,192][root][INFO] - Epoch: 67, loss: 118.5013
[2026-05-30 10:17:34,262][root][INFO] - Epoch: 68, loss: 118.2350
[2026-05-30 10:17:34,332][root][INFO] - Epoch: 69, loss: 117.6416
[2026-05-30 10:17:34,402][root][INFO] - Epoch: 70, loss: 117.1767
[2026-05-30 10:17:34,473][root][INFO] - Epoch: 71, loss: 117.1310
[2026-05-30 10:17:34,544][root][INFO] - Epoch: 72, loss: 117.2327
[2026-05-30 10:17:34,615][root][INFO] - Epoch: 73, loss: 117.1876
[2026-05-30 10:17:34,686][root][INFO] - Epoch: 74, loss: 118.0648
[2026-05-30 10:17:34,757][root][INFO] - Epoch: 75, loss: 117.8468
[2026-05-30 10:17:34,829][root][INFO] - Epoch: 76, loss: 117.7609
[2026-05-30 10:17:34,900][root][INFO] - Epoch: 77, loss: 117.1285
[2026-05-30 10:17:34,971][root][INFO] - Epoch: 78, loss: 116.8350
[2026-05-30 10:17:35,042][root][INFO] - Epoch: 79, loss: 116.3703
[2026-05-30 10:17:35,113][root][INFO] - Epoch: 80, loss: 116.5798
[2026-05-30 10:17:35,185][root][INFO] - Epoch: 81, loss: 115.9756
[2026-05-30 10:17:35,257][root][INFO] - Epoch: 82, loss: 116.2565
[2026-05-30 10:17:35,327][root][INFO] - Epoch: 83, loss: 115.7316
[2026-05-30 10:17:35,398][root][INFO] - Epoch: 84, loss: 115.3225
[2026-05-30 10:17:35,469][root][INFO] - Epoch: 85, loss: 115.1652
[2026-05-30 10:17:35,540][root][INFO] - Epoch: 86, loss: 115.2108
[2026-05-30 10:17:35,611][root][INFO] - Epoch: 87, loss: 114.6303
[2026-05-30 10:17:35,684][root][INFO] - Epoch: 88, loss: 114.5638
[2026-05-30 10:17:35,753][root][INFO] - Epoch: 89, loss: 116.2043
[2026-05-30 10:17:35,824][root][INFO] - Epoch: 90, loss: 114.7591
[2026-05-30 10:17:35,895][root][INFO] - Epoch: 91, loss: 114.7272
[2026-05-30 10:17:35,967][root][INFO] - Epoch: 92, loss: 114.8805
[2026-05-30 10:17:36,039][root][INFO] - Epoch: 93, loss: 113.9887
[2026-05-30 10:17:36,110][root][INFO] - Epoch: 94, loss: 113.7196
[2026-05-30 10:17:36,181][root][INFO] - Epoch: 95, loss: 113.3910
[2026-05-30 10:17:36,252][root][INFO] - Epoch: 96, loss: 113.0514
[2026-05-30 10:17:36,324][root][INFO] - Epoch: 97, loss: 112.8623
[2026-05-30 10:17:36,394][root][INFO] - Epoch: 98, loss: 112.9478
[2026-05-30 10:17:36,465][root][INFO] - Epoch: 99, loss: 112.3713
[2026-05-30 10:17:36,537][root][INFO] - Epoch: 100, loss: 114.8166
[2026-05-30 10:17:36,608][root][INFO] - Epoch: 101, loss: 115.7380
[2026-05-30 10:17:36,680][root][INFO] - Epoch: 102, loss: 112.9841
[2026-05-30 10:17:36,751][root][INFO] - Epoch: 103, loss: 114.1337
[2026-05-30 10:17:36,821][root][INFO] - Epoch: 104, loss: 113.4320
[2026-05-30 10:17:36,892][root][INFO] - Epoch: 105, loss: 113.4983
[2026-05-30 10:17:36,964][root][INFO] - Epoch: 106, loss: 113.6224
[2026-05-30 10:17:37,035][root][INFO] - Epoch: 107, loss: 113.3803
[2026-05-30 10:17:37,107][root][INFO] - Epoch: 108, loss: 112.5978
[2026-05-30 10:17:37,178][root][INFO] - Epoch: 109, loss: 111.7751
[2026-05-30 10:17:37,249][root][INFO] - Epoch: 110, loss: 112.4502
[2026-05-30 10:17:37,320][root][INFO] - Epoch: 111, loss: 119.3585
[2026-05-30 10:17:37,391][root][INFO] - Epoch: 112, loss: 196.8301
[2026-05-30 10:17:37,463][root][INFO] - Epoch: 113, loss: 190.4344
[2026-05-30 10:17:37,534][root][INFO] - Epoch: 114, loss: 14779.1758
[2026-05-30 10:17:37,605][root][INFO] - Epoch: 115, loss: 192.0291
[2026-05-30 10:17:37,676][root][INFO] - Epoch: 116, loss: 168.4753
[2026-05-30 10:17:37,748][root][INFO] - Epoch: 117, loss: 166.7790
[2026-05-30 10:17:37,819][root][INFO] - Epoch: 118, loss: 164.3275
[2026-05-30 10:17:37,890][root][INFO] - Epoch: 119, loss: 161.9483
[2026-05-30 10:17:37,961][root][INFO] - Epoch: 120, loss: 160.8278
[2026-05-30 10:17:37,962][root][INFO] - Early stopping at epoch: 119
[2026-05-30 10:17:37,990][root][INFO] - {'model_loss': '160.8278', 'recon_loss': '0.0000', 'triplet_loss': '160.8278'}
[2026-05-30 10:17:37,995][root][INFO] - Updating AE...
[2026-05-30 10:17:38,746][root][INFO] - Epoch: 1, loss: 76.2192
[2026-05-30 10:17:38,817][root][INFO] - Epoch: 2, loss: 51.0014
[2026-05-30 10:17:38,889][root][INFO] - Epoch: 3, loss: 45.3946
[2026-05-30 10:17:38,959][root][INFO] - Epoch: 4, loss: 42.2162
[2026-05-30 10:17:39,030][root][INFO] - Epoch: 5, loss: 41.2581
[2026-05-30 10:17:39,100][root][INFO] - Epoch: 6, loss: 40.6373
[2026-05-30 10:17:39,170][root][INFO] - Epoch: 7, loss: 40.1652
[2026-05-30 10:17:39,240][root][INFO] - Epoch: 8, loss: 39.9137
[2026-05-30 10:17:39,311][root][INFO] - Epoch: 9, loss: 39.6022
[2026-05-30 10:17:39,383][root][INFO] - Epoch: 10, loss: 39.2750
[2026-05-30 10:17:39,454][root][INFO] - Epoch: 11, loss: 39.0111
[2026-05-30 10:17:39,525][root][INFO] - Epoch: 12, loss: 38.8122
[2026-05-30 10:17:39,597][root][INFO] - Epoch: 13, loss: 38.5094
[2026-05-30 10:17:39,668][root][INFO] - Epoch: 14, loss: 38.2985
[2026-05-30 10:17:39,738][root][INFO] - Epoch: 15, loss: 37.9911
[2026-05-30 10:17:39,810][root][INFO] - Epoch: 16, loss: 37.7377
[2026-05-30 10:17:39,881][root][INFO] - Epoch: 17, loss: 37.5827
[2026-05-30 10:17:39,951][root][INFO] - Epoch: 18, loss: 37.3898
[2026-05-30 10:17:40,025][root][INFO] - Epoch: 19, loss: 37.2925
[2026-05-30 10:17:40,097][root][INFO] - Epoch: 20, loss: 37.1959
[2026-05-30 10:17:40,169][root][INFO] - Epoch: 21, loss: 37.0186
[2026-05-30 10:17:40,240][root][INFO] - Epoch: 22, loss: 36.8106
[2026-05-30 10:17:40,312][root][INFO] - Epoch: 23, loss: 36.7890
[2026-05-30 10:17:40,383][root][INFO] - Epoch: 24, loss: 36.6242
[2026-05-30 10:17:40,454][root][INFO] - Epoch: 25, loss: 36.5307
[2026-05-30 10:17:40,525][root][INFO] - Epoch: 26, loss: 36.4182
[2026-05-30 10:17:40,597][root][INFO] - Epoch: 27, loss: 36.2128
[2026-05-30 10:17:40,668][root][INFO] - Epoch: 28, loss: 36.1743
[2026-05-30 10:17:40,739][root][INFO] - Epoch: 29, loss: 36.1507
[2026-05-30 10:17:40,810][root][INFO] - Epoch: 30, loss: 35.7820
[2026-05-30 10:17:40,882][root][INFO] - Epoch: 31, loss: 35.5734
[2026-05-30 10:17:40,952][root][INFO] - Epoch: 32, loss: 35.4575
[2026-05-30 10:17:41,022][root][INFO] - Epoch: 33, loss: 35.3488
[2026-05-30 10:17:41,092][root][INFO] - Epoch: 34, loss: 35.1908
[2026-05-30 10:17:41,162][root][INFO] - Epoch: 35, loss: 35.0785
[2026-05-30 10:17:41,233][root][INFO] - Epoch: 36, loss: 35.0876
[2026-05-30 10:17:41,305][root][INFO] - Epoch: 37, loss: 34.8988
[2026-05-30 10:17:41,375][root][INFO] - Epoch: 38, loss: 34.7418
[2026-05-30 10:17:41,445][root][INFO] - Epoch: 39, loss: 38.6092
[2026-05-30 10:17:41,515][root][INFO] - Epoch: 40, loss: 35.9206
[2026-05-30 10:17:41,587][root][INFO] - Epoch: 41, loss: 35.8035
[2026-05-30 10:17:41,658][root][INFO] - Epoch: 42, loss: 35.6105
[2026-05-30 10:17:41,732][root][INFO] - Epoch: 43, loss: 35.2816
[2026-05-30 10:17:41,803][root][INFO] - Epoch: 44, loss: 35.0341
[2026-05-30 10:17:41,873][root][INFO] - Epoch: 45, loss: 34.6917
[2026-05-30 10:17:41,945][root][INFO] - Epoch: 46, loss: 34.4117
[2026-05-30 10:17:42,016][root][INFO] - Epoch: 47, loss: 34.1878
[2026-05-30 10:17:42,087][root][INFO] - Epoch: 48, loss: 33.9140
[2026-05-30 10:17:42,158][root][INFO] - Epoch: 49, loss: 34.0322
[2026-05-30 10:17:42,230][root][INFO] - Epoch: 50, loss: 34.1358
[2026-05-30 10:17:42,300][root][INFO] - Epoch: 51, loss: 33.9511
[2026-05-30 10:17:42,372][root][INFO] - Epoch: 52, loss: 33.5519
[2026-05-30 10:17:42,443][root][INFO] - Epoch: 53, loss: 33.5198
[2026-05-30 10:17:42,514][root][INFO] - Epoch: 54, loss: 33.6523
[2026-05-30 10:17:42,585][root][INFO] - Epoch: 55, loss: 33.5441
[2026-05-30 10:17:42,656][root][INFO] - Epoch: 56, loss: 33.0755
[2026-05-30 10:17:42,728][root][INFO] - Epoch: 57, loss: 32.9199
[2026-05-30 10:17:42,799][root][INFO] - Epoch: 58, loss: 32.7064
[2026-05-30 10:17:42,869][root][INFO] - Epoch: 59, loss: 32.7406
[2026-05-30 10:17:42,941][root][INFO] - Epoch: 60, loss: 32.6221
[2026-05-30 10:17:43,012][root][INFO] - Epoch: 61, loss: 32.6270
[2026-05-30 10:17:43,083][root][INFO] - Epoch: 62, loss: 32.6759
[2026-05-30 10:17:43,155][root][INFO] - Epoch: 63, loss: 32.2111
[2026-05-30 10:17:43,226][root][INFO] - Epoch: 64, loss: 31.9194
[2026-05-30 10:17:43,297][root][INFO] - Epoch: 65, loss: 31.7645
[2026-05-30 10:17:43,369][root][INFO] - Epoch: 66, loss: 31.8667
[2026-05-30 10:17:43,439][root][INFO] - Epoch: 67, loss: 31.7904
[2026-05-30 10:17:43,511][root][INFO] - Epoch: 68, loss: 31.4312
[2026-05-30 10:17:43,582][root][INFO] - Epoch: 69, loss: 31.4310
[2026-05-30 10:17:43,653][root][INFO] - Epoch: 70, loss: 31.2575
[2026-05-30 10:17:43,725][root][INFO] - Epoch: 71, loss: 31.2400
[2026-05-30 10:17:43,796][root][INFO] - Epoch: 72, loss: 30.9417
[2026-05-30 10:17:43,867][root][INFO] - Epoch: 73, loss: 31.0196
[2026-05-30 10:17:43,938][root][INFO] - Epoch: 74, loss: 31.1144
[2026-05-30 10:17:44,008][root][INFO] - Epoch: 75, loss: 31.0883
[2026-05-30 10:17:44,079][root][INFO] - Epoch: 76, loss: 31.7210
[2026-05-30 10:17:44,150][root][INFO] - Epoch: 77, loss: 31.7029
[2026-05-30 10:17:44,221][root][INFO] - Epoch: 78, loss: 32.6796
[2026-05-30 10:17:44,293][root][INFO] - Epoch: 79, loss: 31.4580
[2026-05-30 10:17:44,364][root][INFO] - Epoch: 80, loss: 31.1657
[2026-05-30 10:17:44,436][root][INFO] - Epoch: 81, loss: 30.5975
[2026-05-30 10:17:44,507][root][INFO] - Epoch: 82, loss: 30.6146
[2026-05-30 10:17:44,578][root][INFO] - Epoch: 83, loss: 30.3510
[2026-05-30 10:17:44,650][root][INFO] - Epoch: 84, loss: 30.4103
[2026-05-30 10:17:44,721][root][INFO] - Epoch: 85, loss: 30.3269
[2026-05-30 10:17:44,792][root][INFO] - Epoch: 86, loss: 30.1305
[2026-05-30 10:17:44,864][root][INFO] - Epoch: 87, loss: 29.9416
[2026-05-30 10:17:44,935][root][INFO] - Epoch: 88, loss: 29.8690
[2026-05-30 10:17:45,005][root][INFO] - Epoch: 89, loss: 30.3445
[2026-05-30 10:17:45,076][root][INFO] - Epoch: 90, loss: 29.9952
[2026-05-30 10:17:45,147][root][INFO] - Epoch: 91, loss: 29.9786
[2026-05-30 10:17:45,216][root][INFO] - Epoch: 92, loss: 30.6719
[2026-05-30 10:17:45,287][root][INFO] - Epoch: 93, loss: 31.1033
[2026-05-30 10:17:45,357][root][INFO] - Epoch: 94, loss: 30.1996
[2026-05-30 10:17:45,428][root][INFO] - Epoch: 95, loss: 30.0250
[2026-05-30 10:17:45,498][root][INFO] - Epoch: 96, loss: 29.6812
[2026-05-30 10:17:45,569][root][INFO] - Epoch: 97, loss: 29.7684
[2026-05-30 10:17:45,643][root][INFO] - Epoch: 98, loss: 29.3750
[2026-05-30 10:17:45,714][root][INFO] - Epoch: 99, loss: 29.6184
[2026-05-30 10:17:45,785][root][INFO] - Epoch: 100, loss: 30.1829
[2026-05-30 10:17:45,856][root][INFO] - Epoch: 101, loss: 29.2636
[2026-05-30 10:17:45,928][root][INFO] - Epoch: 102, loss: 29.2182
[2026-05-30 10:17:45,998][root][INFO] - Epoch: 103, loss: 29.0588
[2026-05-30 10:17:46,069][root][INFO] - Epoch: 104, loss: 29.0000
[2026-05-30 10:17:46,140][root][INFO] - Epoch: 105, loss: 29.1312
[2026-05-30 10:17:46,212][root][INFO] - Epoch: 106, loss: 29.3054
[2026-05-30 10:17:46,284][root][INFO] - Epoch: 107, loss: 30.1958
[2026-05-30 10:17:46,356][root][INFO] - Epoch: 108, loss: 34.8621
[2026-05-30 10:17:46,429][root][INFO] - Epoch: 109, loss: 33.1096
[2026-05-30 10:17:46,502][root][INFO] - Epoch: 110, loss: 33.0135
[2026-05-30 10:17:46,574][root][INFO] - Epoch: 111, loss: 31.0872
[2026-05-30 10:17:46,645][root][INFO] - Epoch: 112, loss: 31.0339
[2026-05-30 10:17:46,717][root][INFO] - Epoch: 113, loss: 30.4133
[2026-05-30 10:17:46,790][root][INFO] - Epoch: 114, loss: 30.1693
[2026-05-30 10:17:46,861][root][INFO] - Epoch: 115, loss: 30.1048
[2026-05-30 10:17:46,862][root][INFO] - Early stopping at epoch: 114
[2026-05-30 10:17:46,909][root][INFO] - {'model_loss': '30.1048', 'recon_loss': '0.0000', 'triplet_loss': '30.1048'}
[2026-05-30 10:17:46,913][root][INFO] - Generation 240/400 - Time: 0.00 seconds
[2026-05-30 10:17:46,914][root][INFO] - {'coverage': '100.00', 'max_fitness': '0.00', 'passive_coverage': '60.64', 'passive_max_fitness': '0.00', 'passive_mean_fitness': '-59.69', 'passive_qd_score': '50753.67', 'qd_score': '96271.77', 'mean_fitness_top_k': '-14.41'}
[2026-05-30 10:17:48,045][root][INFO] - Generation 241/400 - Time: 0.00 seconds
[2026-05-30 10:17:48,046][root][INFO] - {'coverage': '100.00', 'max_fitness': '0.00', 'passive_coverage': '60.94', 'passive_max_fitness': '0.00', 'passive_mean_fitness': '-59.83', 'passive_qd_score': '50911.43', 'qd_score': '98247.59', 'mean_fitness_top_k': '-14.33'}
[2026-05-30 10:17:49,188][root][INFO] - Generation 242/400 - Time: 0.00 seconds
[2026-05-30 10:17:49,189][root][INFO] - {'coverage': '100.00', 'max_fitness': '0.00', 'passive_coverage': '61.33', 'passive_max_fitness': '0.00', 'passive_mean_fitness': '-59.85', 'passive_qd_score': '51229.67', 'qd_score': '98420.73', 'mean_fitness_top_k': '-14.19'}
[2026-05-30 10:17:50,320][root][INFO] - Generation 243/400 - Time: 0.00 seconds
[2026-05-30 10:17:50,321][root][INFO] - {'coverage': '100.00', 'max_fitness': '0.00', 'passive_coverage': '61.62', 'passive_max_fitness': '0.00', 'passive_mean_fitness': '-59.86', 'passive_qd_score': '51462.34', 'qd_score': '98599.52', 'mean_fitness_top_k': '-14.12'}
[2026-05-30 10:17:51,482][root][INFO] - Generation 244/400 - Time: 0.00 seconds
[2026-05-30 10:17:51,483][root][INFO] - {'coverage': '100.00', 'max_fitness': '0.00', 'passive_coverage': '61.82', 'passive_max_fitness': '0.00', 'passive_mean_fitness': '-59.88', 'passive_qd_score': '51616.55', 'qd_score': '98528.62', 'mean_fitness_top_k': '-14.12'}
[2026-05-30 10:17:52,615][root][INFO] - Generation 245/400 - Time: 0.00 seconds
[2026-05-30 10:17:52,616][root][INFO] - {'coverage': '100.00', 'max_fitness': '0.00', 'passive_coverage': '62.11', 'passive_max_fitness': '0.00', 'passive_mean_fitness': '-59.91', 'passive_qd_score': '51841.56', 'qd_score': '98102.66', 'mean_fitness_top_k': '-13.99'}
[2026-05-30 10:17:53,745][root][INFO] - Generation 246/400 - Time: 0.00 seconds
[2026-05-30 10:17:53,746][root][INFO] - {'coverage': '100.00', 'max_fitness': '0.00', 'passive_coverage': '62.60', 'passive_max_fitness': '0.00', 'passive_mean_fitness': '-59.93', 'passive_qd_score': '52233.71', 'qd_score': '98009.19', 'mean_fitness_top_k': '-13.87'}
[2026-05-30 10:17:54,888][root][INFO] - Generation 247/400 - Time: 0.00 seconds
[2026-05-30 10:17:54,889][root][INFO] - {'coverage': '100.00', 'max_fitness': '0.00', 'passive_coverage': '62.70', 'passive_max_fitness': '0.00', 'passive_mean_fitness': '-59.96', 'passive_qd_score': '52298.55', 'qd_score': '97749.50', 'mean_fitness_top_k': '-13.92'}
[2026-05-30 10:17:56,036][root][INFO] - Generation 248/400 - Time: 0.00 seconds
[2026-05-30 10:17:56,037][root][INFO] - {'coverage': '100.00', 'max_fitness': '0.00', 'passive_coverage': '62.79', 'passive_max_fitness': '0.00', 'passive_mean_fitness': '-59.99', 'passive_qd_score': '52357.60', 'qd_score': '97848.81', 'mean_fitness_top_k': '-13.88'}
[2026-05-30 10:17:57,190][root][INFO] - Generation 249/400 - Time: 0.00 seconds
[2026-05-30 10:17:57,191][root][INFO] - {'coverage': '100.00', 'max_fitness': '0.00', 'passive_coverage': '62.99', 'passive_max_fitness': '0.00', 'passive_mean_fitness': '-59.97', 'passive_qd_score': '52535.38', 'qd_score': '97905.53', 'mean_fitness_top_k': '-13.78'}
[2026-05-30 10:17:58,317][root][INFO] - Generation 250/400 - Time: 0.00 seconds
[2026-05-30 10:17:58,318][root][INFO] - {'coverage': '100.00', 'max_fitness': '0.00', 'passive_coverage': '63.28', 'passive_max_fitness': '0.00', 'passive_mean_fitness': '-60.11', 'passive_qd_score': '52689.11', 'qd_score': '97652.09', 'mean_fitness_top_k': '-13.72'}
[2026-05-30 10:17:59,479][root][INFO] - Generation 251/400 - Time: 0.00 seconds
[2026-05-30 10:17:59,480][root][INFO] - {'coverage': '100.00', 'max_fitness': '0.00', 'passive_coverage': '63.38', 'passive_max_fitness': '0.00', 'passive_mean_fitness': '-60.09', 'passive_qd_score': '52785.15', 'qd_score': '97419.32', 'mean_fitness_top_k': '-13.76'}
[2026-05-30 10:18:00,642][root][INFO] - Generation 252/400 - Time: 0.00 seconds
[2026-05-30 10:18:00,644][root][INFO] - {'coverage': '100.00', 'max_fitness': '0.00', 'passive_coverage': '63.57', 'passive_max_fitness': '0.00', 'passive_mean_fitness': '-60.01', 'passive_qd_score': '52997.71', 'qd_score': '97333.80', 'mean_fitness_top_k': '-13.65'}
[2026-05-30 10:18:01,774][root][INFO] - Generation 253/400 - Time: 0.00 seconds
[2026-05-30 10:18:01,775][root][INFO] - {'coverage': '100.00', 'max_fitness': '0.00', 'passive_coverage': '63.96', 'passive_max_fitness': '0.00', 'passive_mean_fitness': '-60.06', 'passive_qd_score': '53288.71', 'qd_score': '97383.34', 'mean_fitness_top_k': '-13.52'}
[2026-05-30 10:18:02,931][root][INFO] - Generation 254/400 - Time: 0.00 seconds
[2026-05-30 10:18:02,932][root][INFO] - {'coverage': '100.00', 'max_fitness': '0.00', 'passive_coverage': '63.96', 'passive_max_fitness': '0.00', 'passive_mean_fitness': '-60.06', 'passive_qd_score': '53290.99', 'qd_score': '96918.46', 'mean_fitness_top_k': '-13.53'}
[2026-05-30 10:18:04,062][root][INFO] - Generation 255/400 - Time: 0.00 seconds
[2026-05-30 10:18:04,063][root][INFO] - {'coverage': '100.00', 'max_fitness': '0.00', 'passive_coverage': '63.96', 'passive_max_fitness': '0.00', 'passive_mean_fitness': '-60.06', 'passive_qd_score': '53291.91', 'qd_score': '97573.98', 'mean_fitness_top_k': '-13.22'}
[2026-05-30 10:18:05,242][root][INFO] - Generation 256/400 - Time: 0.00 seconds
[2026-05-30 10:18:05,244][root][INFO] - {'coverage': '100.00', 'max_fitness': '0.00', 'passive_coverage': '64.06', 'passive_max_fitness': '0.00', 'passive_mean_fitness': '-60.06', 'passive_qd_score': '53370.80', 'qd_score': '97223.65', 'mean_fitness_top_k': '-13.16'}
[2026-05-30 10:18:06,390][root][INFO] - Generation 257/400 - Time: 0.00 seconds
[2026-05-30 10:18:06,391][root][INFO] - {'coverage': '100.00', 'max_fitness': '0.00', 'passive_coverage': '64.16', 'passive_max_fitness': '0.00', 'passive_mean_fitness': '-60.11', 'passive_qd_score': '53422.86', 'qd_score': '96993.11', 'mean_fitness_top_k': '-13.22'}
[2026-05-30 10:18:07,582][root][INFO] - Generation 258/400 - Time: 0.00 seconds
[2026-05-30 10:18:07,584][root][INFO] - {'coverage': '100.00', 'max_fitness': '0.00', 'passive_coverage': '64.36', 'passive_max_fitness': '0.00', 'passive_mean_fitness': '-60.13', 'passive_qd_score': '53574.25', 'qd_score': '96861.53', 'mean_fitness_top_k': '-13.17'}
[2026-05-30 10:18:08,796][root][INFO] - Generation 259/400 - Time: 0.00 seconds
[2026-05-30 10:18:08,797][root][INFO] - {'coverage': '100.00', 'max_fitness': '0.00', 'passive_coverage': '64.45', 'passive_max_fitness': '0.00', 'passive_mean_fitness': '-60.11', 'passive_qd_score': '53666.66', 'qd_score': '96854.23', 'mean_fitness_top_k': '-13.08'}
[2026-05-30 10:18:10,028][root][INFO] - Generation 260/400 - Time: 0.00 seconds
[2026-05-30 10:18:10,030][root][INFO] - {'coverage': '100.00', 'max_fitness': '0.00', 'passive_coverage': '64.65', 'passive_max_fitness': '0.00', 'passive_mean_fitness': '-60.08', 'passive_qd_score': '53845.44', 'qd_score': '96711.50', 'mean_fitness_top_k': '-12.76'}
[2026-05-30 10:18:11,208][root][INFO] - Generation 261/400 - Time: 0.00 seconds
[2026-05-30 10:18:11,209][root][INFO] - {'coverage': '100.00', 'max_fitness': '0.00', 'passive_coverage': '64.65', 'passive_max_fitness': '0.00', 'passive_mean_fitness': '-60.08', 'passive_qd_score': '53846.12', 'qd_score': '96385.34', 'mean_fitness_top_k': '-12.50'}
[2026-05-30 10:18:12,378][root][INFO] - Generation 262/400 - Time: 0.00 seconds
[2026-05-30 10:18:12,379][root][INFO] - {'coverage': '100.00', 'max_fitness': '0.00', 'passive_coverage': '64.75', 'passive_max_fitness': '0.00', 'passive_mean_fitness': '-60.13', 'passive_qd_score': '53896.22', 'qd_score': '96256.05', 'mean_fitness_top_k': '-12.37'}
[2026-05-30 10:18:13,507][root][INFO] - Generation 263/400 - Time: 0.00 seconds
[2026-05-30 10:18:13,508][root][INFO] - {'coverage': '100.00', 'max_fitness': '0.00', 'passive_coverage': '64.84', 'passive_max_fitness': '0.00', 'passive_mean_fitness': '-60.17', 'passive_qd_score': '53953.97', 'qd_score': '96510.91', 'mean_fitness_top_k': '-12.15'}
[2026-05-30 10:18:14,649][root][INFO] - Generation 264/400 - Time: 0.00 seconds
[2026-05-30 10:18:14,650][root][INFO] - {'coverage': '100.00', 'max_fitness': '0.00', 'passive_coverage': '64.84', 'passive_max_fitness': '0.00', 'passive_mean_fitness': '-60.16', 'passive_qd_score': '53955.55', 'qd_score': '96525.80', 'mean_fitness_top_k': '-12.21'}
[2026-05-30 10:18:15,783][root][INFO] - Generation 265/400 - Time: 0.00 seconds
[2026-05-30 10:18:15,784][root][INFO] - {'coverage': '100.00', 'max_fitness': '0.00', 'passive_coverage': '65.04', 'passive_max_fitness': '0.00', 'passive_mean_fitness': '-60.16', 'passive_qd_score': '54120.96', 'qd_score': '96716.52', 'mean_fitness_top_k': '-12.05'}
[2026-05-30 10:18:16,926][root][INFO] - Generation 266/400 - Time: 0.00 seconds
[2026-05-30 10:18:16,928][root][INFO] - {'coverage': '100.00', 'max_fitness': '0.00', 'passive_coverage': '65.23', 'passive_max_fitness': '0.00', 'passive_mean_fitness': '-60.28', 'passive_qd_score': '54205.30', 'qd_score': '96594.59', 'mean_fitness_top_k': '-11.84'}
[2026-05-30 10:18:18,055][root][INFO] - Generation 267/400 - Time: 0.00 seconds
[2026-05-30 10:18:18,056][root][INFO] - {'coverage': '100.00', 'max_fitness': '0.00', 'passive_coverage': '65.33', 'passive_max_fitness': '0.00', 'passive_mean_fitness': '-60.24', 'passive_qd_score': '54313.44', 'qd_score': '96572.49', 'mean_fitness_top_k': '-12.04'}
[2026-05-30 10:18:19,175][root][INFO] - Generation 268/400 - Time: 0.00 seconds
[2026-05-30 10:18:19,176][root][INFO] - {'coverage': '100.00', 'max_fitness': '0.00', 'passive_coverage': '65.43', 'passive_max_fitness': '0.00', 'passive_mean_fitness': '-60.20', 'passive_qd_score': '54417.06', 'qd_score': '96953.83', 'mean_fitness_top_k': '-12.00'}
[2026-05-30 10:18:20,295][root][INFO] - Generation 269/400 - Time: 0.00 seconds
[2026-05-30 10:18:20,296][root][INFO] - {'coverage': '100.00', 'max_fitness': '0.00', 'passive_coverage': '65.53', 'passive_max_fitness': '0.00', 'passive_mean_fitness': '-60.21', 'passive_qd_score': '54491.76', 'qd_score': '96699.08', 'mean_fitness_top_k': '-11.87'}
[2026-05-30 10:18:21,360][root][INFO] - Generation 270/400 - Time: 0.00 seconds
[2026-05-30 10:18:21,361][root][INFO] - {'coverage': '100.00', 'max_fitness': '0.00', 'passive_coverage': '65.53', 'passive_max_fitness': '0.00', 'passive_mean_fitness': '-60.21', 'passive_qd_score': '54495.51', 'qd_score': '96702.21', 'mean_fitness_top_k': '-11.58'}
[2026-05-30 10:18:22,357][root][INFO] - Generation 271/400 - Time: 0.00 seconds
[2026-05-30 10:18:22,358][root][INFO] - {'coverage': '100.00', 'max_fitness': '0.00', 'passive_coverage': '65.53', 'passive_max_fitness': '0.00', 'passive_mean_fitness': '-60.20', 'passive_qd_score': '54499.93', 'qd_score': '96996.01', 'mean_fitness_top_k': '-11.20'}
[2026-05-30 10:18:23,330][root][INFO] - Updating AE...
[2026-05-30 10:18:24,119][root][INFO] - Epoch: 1, loss: 422.7933
[2026-05-30 10:18:24,188][root][INFO] - Epoch: 2, loss: 314.2749
[2026-05-30 10:18:24,258][root][INFO] - Epoch: 3, loss: 309.9534
[2026-05-30 10:18:24,327][root][INFO] - Epoch: 4, loss: 308.5163
[2026-05-30 10:18:24,397][root][INFO] - Epoch: 5, loss: 306.5366
[2026-05-30 10:18:24,467][root][INFO] - Epoch: 6, loss: 305.6860
[2026-05-30 10:18:24,539][root][INFO] - Epoch: 7, loss: 304.8549
[2026-05-30 10:18:24,609][root][INFO] - Epoch: 8, loss: 303.8974
[2026-05-30 10:18:24,680][root][INFO] - Epoch: 9, loss: 302.7080
[2026-05-30 10:18:24,751][root][INFO] - Epoch: 10, loss: 301.2622
[2026-05-30 10:18:24,822][root][INFO] - Epoch: 11, loss: 301.1461
[2026-05-30 10:18:24,893][root][INFO] - Epoch: 12, loss: 300.5757
[2026-05-30 10:18:24,964][root][INFO] - Epoch: 13, loss: 300.0575
[2026-05-30 10:18:25,034][root][INFO] - Epoch: 14, loss: 299.2295
[2026-05-30 10:18:25,105][root][INFO] - Epoch: 15, loss: 298.8024
[2026-05-30 10:18:25,175][root][INFO] - Epoch: 16, loss: 297.9501
[2026-05-30 10:18:25,247][root][INFO] - Epoch: 17, loss: 297.3844
[2026-05-30 10:18:25,317][root][INFO] - Epoch: 18, loss: 296.3766
[2026-05-30 10:18:25,388][root][INFO] - Epoch: 19, loss: 296.2738
[2026-05-30 10:18:25,459][root][INFO] - Epoch: 20, loss: 295.7227
[2026-05-30 10:18:25,529][root][INFO] - Epoch: 21, loss: 294.6692
[2026-05-30 10:18:25,601][root][INFO] - Epoch: 22, loss: 295.0456
[2026-05-30 10:18:25,672][root][INFO] - Epoch: 23, loss: 294.6047
[2026-05-30 10:18:25,743][root][INFO] - Epoch: 24, loss: 294.4065
[2026-05-30 10:18:25,814][root][INFO] - Epoch: 25, loss: 293.0708
[2026-05-30 10:18:25,885][root][INFO] - Epoch: 26, loss: 293.3506
[2026-05-30 10:18:25,955][root][INFO] - Epoch: 27, loss: 292.7581
[2026-05-30 10:18:26,026][root][INFO] - Epoch: 28, loss: 291.8339
[2026-05-30 10:18:26,098][root][INFO] - Epoch: 29, loss: 292.7901
[2026-05-30 10:18:26,169][root][INFO] - Epoch: 30, loss: 291.0565
[2026-05-30 10:18:26,240][root][INFO] - Epoch: 31, loss: 291.7790
[2026-05-30 10:18:26,311][root][INFO] - Epoch: 32, loss: 290.6550
[2026-05-30 10:18:26,382][root][INFO] - Epoch: 33, loss: 290.7309
[2026-05-30 10:18:26,452][root][INFO] - Epoch: 34, loss: 288.9255
[2026-05-30 10:18:26,523][root][INFO] - Epoch: 35, loss: 288.6572
[2026-05-30 10:18:26,595][root][INFO] - Epoch: 36, loss: 287.7961
[2026-05-30 10:18:26,666][root][INFO] - Epoch: 37, loss: 287.8507
[2026-05-30 10:18:26,737][root][INFO] - Epoch: 38, loss: 287.6126
[2026-05-30 10:18:26,808][root][INFO] - Epoch: 39, loss: 286.9189
[2026-05-30 10:18:26,878][root][INFO] - Epoch: 40, loss: 286.7592
[2026-05-30 10:18:26,947][root][INFO] - Epoch: 41, loss: 285.4542
[2026-05-30 10:18:27,018][root][INFO] - Epoch: 42, loss: 284.8162
[2026-05-30 10:18:27,088][root][INFO] - Epoch: 43, loss: 284.9820
[2026-05-30 10:18:27,159][root][INFO] - Epoch: 44, loss: 283.1245
[2026-05-30 10:18:27,230][root][INFO] - Epoch: 45, loss: 283.7323
[2026-05-30 10:18:27,301][root][INFO] - Epoch: 46, loss: 281.8147
[2026-05-30 10:18:27,370][root][INFO] - Epoch: 47, loss: 279.5738
[2026-05-30 10:18:27,439][root][INFO] - Epoch: 48, loss: 278.4023
[2026-05-30 10:18:27,510][root][INFO] - Epoch: 49, loss: 292.7883
[2026-05-30 10:18:27,582][root][INFO] - Epoch: 50, loss: 294.1367
[2026-05-30 10:18:27,652][root][INFO] - Epoch: 51, loss: 300.7169
[2026-05-30 10:18:27,723][root][INFO] - Epoch: 52, loss: 300.1179
[2026-05-30 10:18:27,794][root][INFO] - Epoch: 53, loss: 299.8808
[2026-05-30 10:18:27,865][root][INFO] - Epoch: 54, loss: 299.6846
[2026-05-30 10:18:27,937][root][INFO] - Epoch: 55, loss: 299.2379
[2026-05-30 10:18:28,008][root][INFO] - Epoch: 56, loss: 298.7031
[2026-05-30 10:18:28,079][root][INFO] - Epoch: 57, loss: 298.0917
[2026-05-30 10:18:28,150][root][INFO] - Epoch: 58, loss: 297.2945
[2026-05-30 10:18:28,221][root][INFO] - Epoch: 59, loss: 296.6631
[2026-05-30 10:18:28,221][root][INFO] - Early stopping at epoch: 58
[2026-05-30 10:18:28,255][root][INFO] - {'model_loss': '296.6631', 'recon_loss': '0.0000', 'triplet_loss': '296.6631'}
[2026-05-30 10:18:28,259][root][INFO] - Updating AE...
[2026-05-30 10:18:29,013][root][INFO] - Epoch: 1, loss: 25.7052
[2026-05-30 10:18:29,082][root][INFO] - Epoch: 2, loss: 18.0207
[2026-05-30 10:18:29,152][root][INFO] - Epoch: 3, loss: 16.7838
[2026-05-30 10:18:29,222][root][INFO] - Epoch: 4, loss: 16.1923
[2026-05-30 10:18:29,297][root][INFO] - Epoch: 5, loss: 15.9414
[2026-05-30 10:18:29,369][root][INFO] - Epoch: 6, loss: 15.6757
[2026-05-30 10:18:29,439][root][INFO] - Epoch: 7, loss: 15.4405
[2026-05-30 10:18:29,510][root][INFO] - Epoch: 8, loss: 15.2787
[2026-05-30 10:18:29,580][root][INFO] - Epoch: 9, loss: 15.0814
[2026-05-30 10:18:29,649][root][INFO] - Epoch: 10, loss: 14.9023
[2026-05-30 10:18:29,719][root][INFO] - Epoch: 11, loss: 14.7762
[2026-05-30 10:18:29,788][root][INFO] - Epoch: 12, loss: 14.6685
[2026-05-30 10:18:29,858][root][INFO] - Epoch: 13, loss: 14.5818
[2026-05-30 10:18:29,928][root][INFO] - Epoch: 14, loss: 14.4281
[2026-05-30 10:18:29,998][root][INFO] - Epoch: 15, loss: 14.3150
[2026-05-30 10:18:30,067][root][INFO] - Epoch: 16, loss: 14.2667
[2026-05-30 10:18:30,136][root][INFO] - Epoch: 17, loss: 14.1638
[2026-05-30 10:18:30,205][root][INFO] - Epoch: 18, loss: 14.1079
[2026-05-30 10:18:30,275][root][INFO] - Epoch: 19, loss: 14.0171
[2026-05-30 10:18:30,346][root][INFO] - Epoch: 20, loss: 14.8263
[2026-05-30 10:18:30,415][root][INFO] - Epoch: 21, loss: 14.2403
[2026-05-30 10:18:30,486][root][INFO] - Epoch: 22, loss: 14.2661
[2026-05-30 10:18:30,557][root][INFO] - Epoch: 23, loss: 14.2906
[2026-05-30 10:18:30,628][root][INFO] - Epoch: 24, loss: 14.0799
[2026-05-30 10:18:30,698][root][INFO] - Epoch: 25, loss: 13.9956
[2026-05-30 10:18:30,770][root][INFO] - Epoch: 26, loss: 13.8218
[2026-05-30 10:18:30,840][root][INFO] - Epoch: 27, loss: 13.6980
[2026-05-30 10:18:30,911][root][INFO] - Epoch: 28, loss: 13.5931
[2026-05-30 10:18:30,983][root][INFO] - Epoch: 29, loss: 13.4680
[2026-05-30 10:18:31,054][root][INFO] - Epoch: 30, loss: 13.3546
[2026-05-30 10:18:31,125][root][INFO] - Epoch: 31, loss: 13.4314
[2026-05-30 10:18:31,196][root][INFO] - Epoch: 32, loss: 13.5335
[2026-05-30 10:18:31,267][root][INFO] - Epoch: 33, loss: 13.5494
[2026-05-30 10:18:31,338][root][INFO] - Epoch: 34, loss: 13.4268
[2026-05-30 10:18:31,409][root][INFO] - Epoch: 35, loss: 13.7862
[2026-05-30 10:18:31,482][root][INFO] - Epoch: 36, loss: 13.4088
[2026-05-30 10:18:31,553][root][INFO] - Epoch: 37, loss: 13.2964
[2026-05-30 10:18:31,625][root][INFO] - Epoch: 38, loss: 13.2436
[2026-05-30 10:18:31,696][root][INFO] - Epoch: 39, loss: 13.0849
[2026-05-30 10:18:31,766][root][INFO] - Epoch: 40, loss: 12.9761
[2026-05-30 10:18:31,839][root][INFO] - Epoch: 41, loss: 12.8520
[2026-05-30 10:18:31,911][root][INFO] - Epoch: 42, loss: 12.7361
[2026-05-30 10:18:31,981][root][INFO] - Epoch: 43, loss: 12.7313
[2026-05-30 10:18:32,052][root][INFO] - Epoch: 44, loss: 12.5588
[2026-05-30 10:18:32,122][root][INFO] - Epoch: 45, loss: 12.4627
[2026-05-30 10:18:32,192][root][INFO] - Epoch: 46, loss: 12.5023
[2026-05-30 10:18:32,264][root][INFO] - Epoch: 47, loss: 12.3539
[2026-05-30 10:18:32,335][root][INFO] - Epoch: 48, loss: 12.3172
[2026-05-30 10:18:32,406][root][INFO] - Epoch: 49, loss: 12.1259
[2026-05-30 10:18:32,477][root][INFO] - Epoch: 50, loss: 12.0041
[2026-05-30 10:18:32,548][root][INFO] - Epoch: 51, loss: 12.0426
[2026-05-30 10:18:32,620][root][INFO] - Epoch: 52, loss: 11.8500
[2026-05-30 10:18:32,691][root][INFO] - Epoch: 53, loss: 11.7767
[2026-05-30 10:18:32,761][root][INFO] - Epoch: 54, loss: 11.6560
[2026-05-30 10:18:32,832][root][INFO] - Epoch: 55, loss: 11.6794
[2026-05-30 10:18:32,903][root][INFO] - Epoch: 56, loss: 11.5488
[2026-05-30 10:18:32,974][root][INFO] - Epoch: 57, loss: 11.4537
[2026-05-30 10:18:33,046][root][INFO] - Epoch: 58, loss: 11.5293
[2026-05-30 10:18:33,117][root][INFO] - Epoch: 59, loss: 11.3536
[2026-05-30 10:18:33,188][root][INFO] - Epoch: 60, loss: 11.2781
[2026-05-30 10:18:33,258][root][INFO] - Epoch: 61, loss: 11.2506
[2026-05-30 10:18:33,329][root][INFO] - Epoch: 62, loss: 11.2491
[2026-05-30 10:18:33,400][root][INFO] - Epoch: 63, loss: 11.1405
[2026-05-30 10:18:33,470][root][INFO] - Epoch: 64, loss: 11.0302
[2026-05-30 10:18:33,541][root][INFO] - Epoch: 65, loss: 11.0080
[2026-05-30 10:18:33,612][root][INFO] - Epoch: 66, loss: 10.9866
[2026-05-30 10:18:33,684][root][INFO] - Epoch: 67, loss: 10.7351
[2026-05-30 10:18:33,754][root][INFO] - Epoch: 68, loss: 10.5987
[2026-05-30 10:18:33,826][root][INFO] - Epoch: 69, loss: 10.5986
[2026-05-30 10:18:33,897][root][INFO] - Epoch: 70, loss: 10.6629
[2026-05-30 10:18:33,969][root][INFO] - Epoch: 71, loss: 10.6116
[2026-05-30 10:18:34,042][root][INFO] - Epoch: 72, loss: 10.5816
[2026-05-30 10:18:34,113][root][INFO] - Epoch: 73, loss: 10.4143
[2026-05-30 10:18:34,184][root][INFO] - Epoch: 74, loss: 10.4098
[2026-05-30 10:18:34,256][root][INFO] - Epoch: 75, loss: 10.2961
[2026-05-30 10:18:34,327][root][INFO] - Epoch: 76, loss: 10.2580
[2026-05-30 10:18:34,398][root][INFO] - Epoch: 77, loss: 9.9892
[2026-05-30 10:18:34,470][root][INFO] - Epoch: 78, loss: 10.0106
[2026-05-30 10:18:34,542][root][INFO] - Epoch: 79, loss: 9.9346
[2026-05-30 10:18:34,613][root][INFO] - Epoch: 80, loss: 9.8424
[2026-05-30 10:18:34,686][root][INFO] - Epoch: 81, loss: 9.8429
[2026-05-30 10:18:34,756][root][INFO] - Epoch: 82, loss: 9.7110
[2026-05-30 10:18:34,827][root][INFO] - Epoch: 83, loss: 9.9216
[2026-05-30 10:18:34,899][root][INFO] - Epoch: 84, loss: 9.8018
[2026-05-30 10:18:34,970][root][INFO] - Epoch: 85, loss: 9.6951
[2026-05-30 10:18:35,041][root][INFO] - Epoch: 86, loss: 9.9571
[2026-05-30 10:18:35,113][root][INFO] - Epoch: 87, loss: 9.9808
[2026-05-30 10:18:35,185][root][INFO] - Epoch: 88, loss: 10.0949
[2026-05-30 10:18:35,255][root][INFO] - Epoch: 89, loss: 9.9001
[2026-05-30 10:18:35,327][root][INFO] - Epoch: 90, loss: 9.5869
[2026-05-30 10:18:35,398][root][INFO] - Epoch: 91, loss: 9.4253
[2026-05-30 10:18:35,470][root][INFO] - Epoch: 92, loss: 9.4769
[2026-05-30 10:18:35,541][root][INFO] - Epoch: 93, loss: 9.2068
[2026-05-30 10:18:35,612][root][INFO] - Epoch: 94, loss: 9.2512
[2026-05-30 10:18:35,684][root][INFO] - Epoch: 95, loss: 9.3273
[2026-05-30 10:18:35,755][root][INFO] - Epoch: 96, loss: 9.7523
[2026-05-30 10:18:35,826][root][INFO] - Epoch: 97, loss: 12.7669
[2026-05-30 10:18:35,898][root][INFO] - Epoch: 98, loss: 11.9965
[2026-05-30 10:18:35,969][root][INFO] - Epoch: 99, loss: 13.1512
[2026-05-30 10:18:36,040][root][INFO] - Epoch: 100, loss: 16.9257
[2026-05-30 10:18:36,112][root][INFO] - Epoch: 101, loss: 16.3483
[2026-05-30 10:18:36,184][root][INFO] - Epoch: 102, loss: 15.2923
[2026-05-30 10:18:36,255][root][INFO] - Epoch: 103, loss: 14.8126
[2026-05-30 10:18:36,326][root][INFO] - Epoch: 104, loss: 14.4510
[2026-05-30 10:18:36,327][root][INFO] - Early stopping at epoch: 103
[2026-05-30 10:18:36,364][root][INFO] - {'model_loss': '14.4510', 'recon_loss': '0.0000', 'triplet_loss': '14.4510'}
[2026-05-30 10:18:36,368][root][INFO] - Generation 272/400 - Time: 0.00 seconds
[2026-05-30 10:18:36,368][root][INFO] - {'coverage': '100.00', 'max_fitness': '0.00', 'passive_coverage': '65.53', 'passive_max_fitness': '0.00', 'passive_mean_fitness': '-60.20', 'passive_qd_score': '54500.16', 'qd_score': '97270.22', 'mean_fitness_top_k': '-11.15'}
[2026-05-30 10:18:37,549][root][INFO] - Generation 273/400 - Time: 0.00 seconds
[2026-05-30 10:18:37,550][root][INFO] - {'coverage': '100.00', 'max_fitness': '0.00', 'passive_coverage': '66.11', 'passive_max_fitness': '0.00', 'passive_mean_fitness': '-60.42', 'passive_qd_score': '54840.37', 'qd_score': '98562.95', 'mean_fitness_top_k': '-11.39'}
[2026-05-30 10:18:38,698][root][INFO] - Generation 274/400 - Time: 0.00 seconds
[2026-05-30 10:18:38,699][root][INFO] - {'coverage': '100.00', 'max_fitness': '0.00', 'passive_coverage': '66.31', 'passive_max_fitness': '0.00', 'passive_mean_fitness': '-60.51', 'passive_qd_score': '54941.55', 'qd_score': '99891.37', 'mean_fitness_top_k': '-11.00'}
[2026-05-30 10:18:39,841][root][INFO] - Generation 275/400 - Time: 0.00 seconds
[2026-05-30 10:18:39,841][root][INFO] - {'coverage': '100.00', 'max_fitness': '0.00', 'passive_coverage': '66.31', 'passive_max_fitness': '0.00', 'passive_mean_fitness': '-60.50', 'passive_qd_score': '54944.21', 'qd_score': '100225.91', 'mean_fitness_top_k': '-10.89'}
[2026-05-30 10:18:40,974][root][INFO] - Generation 276/400 - Time: 0.00 seconds
[2026-05-30 10:18:40,975][root][INFO] - {'coverage': '100.00', 'max_fitness': '0.00', 'passive_coverage': '66.41', 'passive_max_fitness': '0.00', 'passive_mean_fitness': '-60.54', 'passive_qd_score': '54999.11', 'qd_score': '101246.65', 'mean_fitness_top_k': '-10.78'}
[2026-05-30 10:18:42,112][root][INFO] - Generation 277/400 - Time: 0.00 seconds
[2026-05-30 10:18:42,113][root][INFO] - {'coverage': '100.00', 'max_fitness': '0.00', 'passive_coverage': '66.50', 'passive_max_fitness': '0.00', 'passive_mean_fitness': '-60.54', 'passive_qd_score': '55079.50', 'qd_score': '100886.91', 'mean_fitness_top_k': '-10.75'}
[2026-05-30 10:18:43,260][root][INFO] - Generation 278/400 - Time: 0.00 seconds
[2026-05-30 10:18:43,261][root][INFO] - {'coverage': '100.00', 'max_fitness': '0.00', 'passive_coverage': '66.70', 'passive_max_fitness': '0.00', 'passive_mean_fitness': '-60.66', 'passive_qd_score': '55160.28', 'qd_score': '100687.84', 'mean_fitness_top_k': '-10.66'}
[2026-05-30 10:18:44,404][root][INFO] - Generation 279/400 - Time: 0.00 seconds
[2026-05-30 10:18:44,405][root][INFO] - {'coverage': '100.00', 'max_fitness': '0.00', 'passive_coverage': '66.99', 'passive_max_fitness': '0.00', 'passive_mean_fitness': '-60.78', 'passive_qd_score': '55322.73', 'qd_score': '100738.81', 'mean_fitness_top_k': '-10.37'}
[2026-05-30 10:18:45,557][root][INFO] - Generation 280/400 - Time: 0.00 seconds
[2026-05-30 10:18:45,558][root][INFO] - {'coverage': '100.00', 'max_fitness': '0.00', 'passive_coverage': '67.19', 'passive_max_fitness': '0.00', 'passive_mean_fitness': '-60.77', 'passive_qd_score': '55485.64', 'qd_score': '101306.62', 'mean_fitness_top_k': '-10.16'}
[2026-05-30 10:18:46,675][root][INFO] - Generation 281/400 - Time: 0.00 seconds
[2026-05-30 10:18:46,675][root][INFO] - {'coverage': '100.00', 'max_fitness': '0.00', 'passive_coverage': '67.19', 'passive_max_fitness': '0.00', 'passive_mean_fitness': '-60.77', 'passive_qd_score': '55485.85', 'qd_score': '100905.75', 'mean_fitness_top_k': '-9.92'}
[2026-05-30 10:18:47,801][root][INFO] - Generation 282/400 - Time: 0.00 seconds
[2026-05-30 10:18:47,802][root][INFO] - {'coverage': '100.00', 'max_fitness': '0.00', 'passive_coverage': '67.19', 'passive_max_fitness': '0.00', 'passive_mean_fitness': '-60.77', 'passive_qd_score': '55489.32', 'qd_score': '100939.73', 'mean_fitness_top_k': '-9.46'}
[2026-05-30 10:18:48,930][root][INFO] - Generation 283/400 - Time: 0.00 seconds
[2026-05-30 10:18:48,931][root][INFO] - {'coverage': '100.00', 'max_fitness': '0.00', 'passive_coverage': '67.38', 'passive_max_fitness': '0.00', 'passive_mean_fitness': '-60.78', 'passive_qd_score': '55642.08', 'qd_score': '101565.11', 'mean_fitness_top_k': '-9.12'}
[2026-05-30 10:18:50,145][root][INFO] - Generation 284/400 - Time: 0.00 seconds
[2026-05-30 10:18:50,146][root][INFO] - {'coverage': '100.00', 'max_fitness': '0.00', 'passive_coverage': '67.38', 'passive_max_fitness': '0.00', 'passive_mean_fitness': '-60.78', 'passive_qd_score': '55642.41', 'qd_score': '102379.32', 'mean_fitness_top_k': '-8.98'}
[2026-05-30 10:18:51,292][root][INFO] - Generation 285/400 - Time: 0.00 seconds
[2026-05-30 10:18:51,293][root][INFO] - {'coverage': '100.00', 'max_fitness': '0.00', 'passive_coverage': '67.48', 'passive_max_fitness': '0.00', 'passive_mean_fitness': '-60.84', 'passive_qd_score': '55683.14', 'qd_score': '102706.71', 'mean_fitness_top_k': '-8.54'}
[2026-05-30 10:18:52,441][root][INFO] - Generation 286/400 - Time: 0.00 seconds
[2026-05-30 10:18:52,442][root][INFO] - {'coverage': '100.00', 'max_fitness': '0.00', 'passive_coverage': '67.58', 'passive_max_fitness': '0.00', 'passive_mean_fitness': '-60.83', 'passive_qd_score': '55771.60', 'qd_score': '103045.71', 'mean_fitness_top_k': '-8.38'}
[2026-05-30 10:18:53,579][root][INFO] - Generation 287/400 - Time: 0.00 seconds
[2026-05-30 10:18:53,580][root][INFO] - {'coverage': '100.00', 'max_fitness': '0.00', 'passive_coverage': '67.58', 'passive_max_fitness': '0.00', 'passive_mean_fitness': '-60.83', 'passive_qd_score': '55771.60', 'qd_score': '103357.22', 'mean_fitness_top_k': '-8.29'}
[2026-05-30 10:18:54,770][root][INFO] - Generation 288/400 - Time: 0.00 seconds
[2026-05-30 10:18:54,771][root][INFO] - {'coverage': '100.00', 'max_fitness': '0.00', 'passive_coverage': '67.77', 'passive_max_fitness': '0.00', 'passive_mean_fitness': '-60.85', 'passive_qd_score': '55917.52', 'qd_score': '103107.45', 'mean_fitness_top_k': '-7.96'}
[2026-05-30 10:18:55,897][root][INFO] - Generation 289/400 - Time: 0.00 seconds
[2026-05-30 10:18:55,898][root][INFO] - {'coverage': '100.00', 'max_fitness': '0.00', 'passive_coverage': '67.77', 'passive_max_fitness': '0.00', 'passive_mean_fitness': '-60.85', 'passive_qd_score': '55918.10', 'qd_score': '102834.47', 'mean_fitness_top_k': '-7.98'}
[2026-05-30 10:18:57,014][root][INFO] - Generation 290/400 - Time: 0.00 seconds
[2026-05-30 10:18:57,015][root][INFO] - {'coverage': '100.00', 'max_fitness': '0.00', 'passive_coverage': '67.87', 'passive_max_fitness': '0.00', 'passive_mean_fitness': '-60.77', 'passive_qd_score': '56051.82', 'qd_score': '103122.98', 'mean_fitness_top_k': '-7.71'}
[2026-05-30 10:18:58,127][root][INFO] - Generation 291/400 - Time: 0.00 seconds
[2026-05-30 10:18:58,128][root][INFO] - {'coverage': '100.00', 'max_fitness': '0.00', 'passive_coverage': '67.87', 'passive_max_fitness': '0.00', 'passive_mean_fitness': '-60.76', 'passive_qd_score': '56056.85', 'qd_score': '103212.43', 'mean_fitness_top_k': '-7.65'}
[2026-05-30 10:18:59,292][root][INFO] - Generation 292/400 - Time: 0.00 seconds
[2026-05-30 10:18:59,293][root][INFO] - {'coverage': '100.00', 'max_fitness': '0.00', 'passive_coverage': '67.97', 'passive_max_fitness': '0.00', 'passive_mean_fitness': '-60.73', 'passive_qd_score': '56160.36', 'qd_score': '103096.23', 'mean_fitness_top_k': '-7.46'}
[2026-05-30 10:19:00,415][root][INFO] - Generation 293/400 - Time: 0.00 seconds
[2026-05-30 10:19:00,416][root][INFO] - {'coverage': '100.00', 'max_fitness': '0.00', 'passive_coverage': '67.97', 'passive_max_fitness': '0.00', 'passive_mean_fitness': '-60.73', 'passive_qd_score': '56160.36', 'qd_score': '103250.64', 'mean_fitness_top_k': '-7.34'}
[2026-05-30 10:19:01,573][root][INFO] - Generation 294/400 - Time: 0.00 seconds
[2026-05-30 10:19:01,574][root][INFO] - {'coverage': '100.00', 'max_fitness': '0.00', 'passive_coverage': '68.16', 'passive_max_fitness': '0.00', 'passive_mean_fitness': '-60.77', 'passive_qd_score': '56296.00', 'qd_score': '103338.70', 'mean_fitness_top_k': '-7.33'}
[2026-05-30 10:19:02,697][root][INFO] - Generation 295/400 - Time: 0.00 seconds
[2026-05-30 10:19:02,698][root][INFO] - {'coverage': '100.00', 'max_fitness': '0.00', 'passive_coverage': '68.16', 'passive_max_fitness': '0.00', 'passive_mean_fitness': '-60.77', 'passive_qd_score': '56296.44', 'qd_score': '103711.08', 'mean_fitness_top_k': '-7.03'}
[2026-05-30 10:19:03,811][root][INFO] - Generation 296/400 - Time: 0.00 seconds
[2026-05-30 10:19:03,812][root][INFO] - {'coverage': '100.00', 'max_fitness': '0.00', 'passive_coverage': '68.16', 'passive_max_fitness': '0.00', 'passive_mean_fitness': '-60.77', 'passive_qd_score': '56297.18', 'qd_score': '103674.76', 'mean_fitness_top_k': '-6.85'}
[2026-05-30 10:19:04,944][root][INFO] - Generation 297/400 - Time: 0.00 seconds
[2026-05-30 10:19:04,945][root][INFO] - {'coverage': '100.00', 'max_fitness': '0.00', 'passive_coverage': '68.36', 'passive_max_fitness': '0.00', 'passive_mean_fitness': '-60.71', 'passive_qd_score': '56499.16', 'qd_score': '103904.59', 'mean_fitness_top_k': '-6.68'}
[2026-05-30 10:19:06,065][root][INFO] - Generation 298/400 - Time: 0.00 seconds
[2026-05-30 10:19:06,067][root][INFO] - {'coverage': '100.00', 'max_fitness': '0.00', 'passive_coverage': '68.36', 'passive_max_fitness': '0.00', 'passive_mean_fitness': '-60.71', 'passive_qd_score': '56499.16', 'qd_score': '104052.09', 'mean_fitness_top_k': '-6.53'}
[2026-05-30 10:19:07,191][root][INFO] - Generation 299/400 - Time: 0.00 seconds
[2026-05-30 10:19:07,192][root][INFO] - {'coverage': '100.00', 'max_fitness': '0.00', 'passive_coverage': '68.36', 'passive_max_fitness': '0.00', 'passive_mean_fitness': '-60.71', 'passive_qd_score': '56499.61', 'qd_score': '104163.14', 'mean_fitness_top_k': '-6.26'}
[2026-05-30 10:19:08,312][root][INFO] - Generation 300/400 - Time: 0.00 seconds
[2026-05-30 10:19:08,313][root][INFO] - {'coverage': '100.00', 'max_fitness': '0.00', 'passive_coverage': '68.36', 'passive_max_fitness': '0.00', 'passive_mean_fitness': '-60.71', 'passive_qd_score': '56499.81', 'qd_score': '104456.35', 'mean_fitness_top_k': '-5.99'}
[2026-05-30 10:19:09,569][root][INFO] - Generation 301/400 - Time: 0.00 seconds
[2026-05-30 10:19:09,571][root][INFO] - {'coverage': '100.00', 'max_fitness': '0.00', 'passive_coverage': '68.36', 'passive_max_fitness': '0.00', 'passive_mean_fitness': '-60.71', 'passive_qd_score': '56499.81', 'qd_score': '104022.30', 'mean_fitness_top_k': '-5.73'}
[2026-05-30 10:19:10,688][root][INFO] - Generation 302/400 - Time: 0.00 seconds
[2026-05-30 10:19:10,689][root][INFO] - {'coverage': '100.00', 'max_fitness': '0.00', 'passive_coverage': '68.36', 'passive_max_fitness': '0.00', 'passive_mean_fitness': '-60.71', 'passive_qd_score': '56500.91', 'qd_score': '104453.88', 'mean_fitness_top_k': '-5.58'}
[2026-05-30 10:19:11,703][root][INFO] - Generation 303/400 - Time: 0.00 seconds
[2026-05-30 10:19:11,705][root][INFO] - {'coverage': '100.00', 'max_fitness': '0.00', 'passive_coverage': '68.36', 'passive_max_fitness': '0.00', 'passive_mean_fitness': '-60.71', 'passive_qd_score': '56500.91', 'qd_score': '104974.33', 'mean_fitness_top_k': '-5.10'}
[2026-05-30 10:19:12,722][root][INFO] - Generation 304/400 - Time: 0.00 seconds
[2026-05-30 10:19:12,723][root][INFO] - {'coverage': '100.00', 'max_fitness': '0.00', 'passive_coverage': '68.36', 'passive_max_fitness': '0.00', 'passive_mean_fitness': '-60.71', 'passive_qd_score': '56500.91', 'qd_score': '105056.98', 'mean_fitness_top_k': '-5.02'}
[2026-05-30 10:19:13,717][root][INFO] - Generation 305/400 - Time: 0.00 seconds
[2026-05-30 10:19:13,718][root][INFO] - {'coverage': '100.00', 'max_fitness': '0.00', 'passive_coverage': '68.36', 'passive_max_fitness': '0.00', 'passive_mean_fitness': '-60.70', 'passive_qd_score': '56501.89', 'qd_score': '105449.73', 'mean_fitness_top_k': '-4.86'}
[2026-05-30 10:19:14,738][root][INFO] - Updating AE...
[2026-05-30 10:19:15,956][root][INFO] - Epoch: 1, loss: 202.2491
[2026-05-30 10:19:16,028][root][INFO] - Epoch: 2, loss: 193.5158
[2026-05-30 10:19:16,101][root][INFO] - Epoch: 3, loss: 185.3549
[2026-05-30 10:19:16,171][root][INFO] - Epoch: 4, loss: 181.7885
[2026-05-30 10:19:16,242][root][INFO] - Epoch: 5, loss: 177.0865
[2026-05-30 10:19:16,315][root][INFO] - Epoch: 6, loss: 174.8176
[2026-05-30 10:19:16,387][root][INFO] - Epoch: 7, loss: 171.4218
[2026-05-30 10:19:16,461][root][INFO] - Epoch: 8, loss: 169.7126
[2026-05-30 10:19:16,534][root][INFO] - Epoch: 9, loss: 167.5442
[2026-05-30 10:19:16,606][root][INFO] - Epoch: 10, loss: 166.2391
[2026-05-30 10:19:16,678][root][INFO] - Epoch: 11, loss: 163.9747
[2026-05-30 10:19:16,749][root][INFO] - Epoch: 12, loss: 161.6537
[2026-05-30 10:19:16,823][root][INFO] - Epoch: 13, loss: 160.8978
[2026-05-30 10:19:16,895][root][INFO] - Epoch: 14, loss: 157.9732
[2026-05-30 10:19:16,966][root][INFO] - Epoch: 15, loss: 156.9281
[2026-05-30 10:19:17,038][root][INFO] - Epoch: 16, loss: 155.8722
[2026-05-30 10:19:17,110][root][INFO] - Epoch: 17, loss: 153.7537
[2026-05-30 10:19:17,181][root][INFO] - Epoch: 18, loss: 152.8398
[2026-05-30 10:19:17,253][root][INFO] - Epoch: 19, loss: 150.7488
[2026-05-30 10:19:17,326][root][INFO] - Epoch: 20, loss: 148.9271
[2026-05-30 10:19:17,397][root][INFO] - Epoch: 21, loss: 147.7898
[2026-05-30 10:19:17,468][root][INFO] - Epoch: 22, loss: 145.8353
[2026-05-30 10:19:17,539][root][INFO] - Epoch: 23, loss: 144.2649
[2026-05-30 10:19:17,611][root][INFO] - Epoch: 24, loss: 142.5918
[2026-05-30 10:19:17,682][root][INFO] - Epoch: 25, loss: 142.1830
[2026-05-30 10:19:17,753][root][INFO] - Epoch: 26, loss: 140.0180
[2026-05-30 10:19:17,824][root][INFO] - Epoch: 27, loss: 138.7022
[2026-05-30 10:19:17,895][root][INFO] - Epoch: 28, loss: 137.4314
[2026-05-30 10:19:17,968][root][INFO] - Epoch: 29, loss: 135.0158
[2026-05-30 10:19:18,042][root][INFO] - Epoch: 30, loss: 133.6027
[2026-05-30 10:19:18,114][root][INFO] - Epoch: 31, loss: 131.6595
[2026-05-30 10:19:18,185][root][INFO] - Epoch: 32, loss: 129.5874
[2026-05-30 10:19:18,256][root][INFO] - Epoch: 33, loss: 129.1210
[2026-05-30 10:19:18,329][root][INFO] - Epoch: 34, loss: 127.6832
[2026-05-30 10:19:18,402][root][INFO] - Epoch: 35, loss: 126.8077
[2026-05-30 10:19:18,475][root][INFO] - Epoch: 36, loss: 124.8219
[2026-05-30 10:19:18,546][root][INFO] - Epoch: 37, loss: 135.5150
[2026-05-30 10:19:18,620][root][INFO] - Epoch: 38, loss: 147.1890
[2026-05-30 10:19:18,692][root][INFO] - Epoch: 39, loss: 190.4175
[2026-05-30 10:19:18,765][root][INFO] - Epoch: 40, loss: 207.1478
[2026-05-30 10:19:18,841][root][INFO] - Epoch: 41, loss: 218.9909
[2026-05-30 10:19:18,916][root][INFO] - Epoch: 42, loss: 218.1443
[2026-05-30 10:19:18,989][root][INFO] - Epoch: 43, loss: 203.6337
[2026-05-30 10:19:19,060][root][INFO] - Epoch: 44, loss: 202.1554
[2026-05-30 10:19:19,133][root][INFO] - Epoch: 45, loss: 202.1760
[2026-05-30 10:19:19,207][root][INFO] - Epoch: 46, loss: 195.8962
[2026-05-30 10:19:19,279][root][INFO] - Epoch: 47, loss: 190.2147
[2026-05-30 10:19:19,280][root][INFO] - Early stopping at epoch: 46
[2026-05-30 10:19:19,312][root][INFO] - {'model_loss': '190.2147', 'recon_loss': '0.0000', 'triplet_loss': '190.2147'}
[2026-05-30 10:19:19,316][root][INFO] - Updating AE...
[2026-05-30 10:19:20,111][root][INFO] - Epoch: 1, loss: 131.1490
[2026-05-30 10:19:20,182][root][INFO] - Epoch: 2, loss: 76.3473
[2026-05-30 10:19:20,254][root][INFO] - Epoch: 3, loss: 63.4747
[2026-05-30 10:19:20,326][root][INFO] - Epoch: 4, loss: 58.8923
[2026-05-30 10:19:20,398][root][INFO] - Epoch: 5, loss: 57.0701
[2026-05-30 10:19:20,469][root][INFO] - Epoch: 6, loss: 56.1486
[2026-05-30 10:19:20,541][root][INFO] - Epoch: 7, loss: 55.1906
[2026-05-30 10:19:20,615][root][INFO] - Epoch: 8, loss: 54.4424
[2026-05-30 10:19:20,688][root][INFO] - Epoch: 9, loss: 53.7207
[2026-05-30 10:19:20,762][root][INFO] - Epoch: 10, loss: 53.1344
[2026-05-30 10:19:20,834][root][INFO] - Epoch: 11, loss: 52.5828
[2026-05-30 10:19:20,907][root][INFO] - Epoch: 12, loss: 51.9689
[2026-05-30 10:19:20,981][root][INFO] - Epoch: 13, loss: 51.4465
[2026-05-30 10:19:21,053][root][INFO] - Epoch: 14, loss: 51.0565
[2026-05-30 10:19:21,127][root][INFO] - Epoch: 15, loss: 50.5068
[2026-05-30 10:19:21,199][root][INFO] - Epoch: 16, loss: 50.0867
[2026-05-30 10:19:21,272][root][INFO] - Epoch: 17, loss: 49.5372
[2026-05-30 10:19:21,346][root][INFO] - Epoch: 18, loss: 49.1040
[2026-05-30 10:19:21,418][root][INFO] - Epoch: 19, loss: 48.5333
[2026-05-30 10:19:21,490][root][INFO] - Epoch: 20, loss: 48.1469
[2026-05-30 10:19:21,562][root][INFO] - Epoch: 21, loss: 47.6477
[2026-05-30 10:19:21,633][root][INFO] - Epoch: 22, loss: 47.1361
[2026-05-30 10:19:21,705][root][INFO] - Epoch: 23, loss: 46.7791
[2026-05-30 10:19:21,775][root][INFO] - Epoch: 24, loss: 46.3475
[2026-05-30 10:19:21,847][root][INFO] - Epoch: 25, loss: 45.9305
[2026-05-30 10:19:21,919][root][INFO] - Epoch: 26, loss: 45.6235
[2026-05-30 10:19:21,990][root][INFO] - Epoch: 27, loss: 45.0527
[2026-05-30 10:19:22,062][root][INFO] - Epoch: 28, loss: 45.0282
[2026-05-30 10:19:22,133][root][INFO] - Epoch: 29, loss: 44.5381
[2026-05-30 10:19:22,204][root][INFO] - Epoch: 30, loss: 44.5268
[2026-05-30 10:19:22,275][root][INFO] - Epoch: 31, loss: 44.1354
[2026-05-30 10:19:22,348][root][INFO] - Epoch: 32, loss: 43.7469
[2026-05-30 10:19:22,420][root][INFO] - Epoch: 33, loss: 43.6330
[2026-05-30 10:19:22,493][root][INFO] - Epoch: 34, loss: 44.0210
[2026-05-30 10:19:22,564][root][INFO] - Epoch: 35, loss: 43.2566
[2026-05-30 10:19:22,636][root][INFO] - Epoch: 36, loss: 42.8036
[2026-05-30 10:19:22,708][root][INFO] - Epoch: 37, loss: 42.7168
[2026-05-30 10:19:22,779][root][INFO] - Epoch: 38, loss: 42.5796
[2026-05-30 10:19:22,851][root][INFO] - Epoch: 39, loss: 41.9194
[2026-05-30 10:19:22,924][root][INFO] - Epoch: 40, loss: 41.9829
[2026-05-30 10:19:22,997][root][INFO] - Epoch: 41, loss: 42.0749
[2026-05-30 10:19:23,070][root][INFO] - Epoch: 42, loss: 41.3930
[2026-05-30 10:19:23,141][root][INFO] - Epoch: 43, loss: 42.3228
[2026-05-30 10:19:23,215][root][INFO] - Epoch: 44, loss: 41.5364
[2026-05-30 10:19:23,287][root][INFO] - Epoch: 45, loss: 41.2390
[2026-05-30 10:19:23,358][root][INFO] - Epoch: 46, loss: 40.9163
[2026-05-30 10:19:23,430][root][INFO] - Epoch: 47, loss: 40.5042
[2026-05-30 10:19:23,504][root][INFO] - Epoch: 48, loss: 39.8799
[2026-05-30 10:19:23,577][root][INFO] - Epoch: 49, loss: 39.8998
[2026-05-30 10:19:23,648][root][INFO] - Epoch: 50, loss: 41.2503
[2026-05-30 10:19:23,720][root][INFO] - Epoch: 51, loss: 40.0452
[2026-05-30 10:19:23,793][root][INFO] - Epoch: 52, loss: 39.8455
[2026-05-30 10:19:23,866][root][INFO] - Epoch: 53, loss: 40.0551
[2026-05-30 10:19:23,938][root][INFO] - Epoch: 54, loss: 40.7219
[2026-05-30 10:19:24,010][root][INFO] - Epoch: 55, loss: 39.9084
[2026-05-30 10:19:24,081][root][INFO] - Epoch: 56, loss: 39.2608
[2026-05-30 10:19:24,154][root][INFO] - Epoch: 57, loss: 38.3681
[2026-05-30 10:19:24,227][root][INFO] - Epoch: 58, loss: 37.9240
[2026-05-30 10:19:24,301][root][INFO] - Epoch: 59, loss: 37.7008
[2026-05-30 10:19:24,375][root][INFO] - Epoch: 60, loss: 37.5231
[2026-05-30 10:19:24,448][root][INFO] - Epoch: 61, loss: 37.5733
[2026-05-30 10:19:24,522][root][INFO] - Epoch: 62, loss: 37.1947
[2026-05-30 10:19:24,595][root][INFO] - Epoch: 63, loss: 36.5649
[2026-05-30 10:19:24,669][root][INFO] - Epoch: 64, loss: 36.8711
[2026-05-30 10:19:24,742][root][INFO] - Epoch: 65, loss: 36.2876
[2026-05-30 10:19:24,815][root][INFO] - Epoch: 66, loss: 36.1806
[2026-05-30 10:19:24,889][root][INFO] - Epoch: 67, loss: 35.7649
[2026-05-30 10:19:24,962][root][INFO] - Epoch: 68, loss: 36.2158
[2026-05-30 10:19:25,036][root][INFO] - Epoch: 69, loss: 35.8586
[2026-05-30 10:19:25,111][root][INFO] - Epoch: 70, loss: 35.1755
[2026-05-30 10:19:25,185][root][INFO] - Epoch: 71, loss: 35.3925
[2026-05-30 10:19:25,259][root][INFO] - Epoch: 72, loss: 34.8542
[2026-05-30 10:19:25,332][root][INFO] - Epoch: 73, loss: 34.6362
[2026-05-30 10:19:25,406][root][INFO] - Epoch: 74, loss: 34.2522
[2026-05-30 10:19:25,479][root][INFO] - Epoch: 75, loss: 34.4398
[2026-05-30 10:19:25,552][root][INFO] - Epoch: 76, loss: 34.3851
[2026-05-30 10:19:25,625][root][INFO] - Epoch: 77, loss: 34.9387
[2026-05-30 10:19:25,698][root][INFO] - Epoch: 78, loss: 34.3002
[2026-05-30 10:19:25,772][root][INFO] - Epoch: 79, loss: 33.8932
[2026-05-30 10:19:25,845][root][INFO] - Epoch: 80, loss: 33.6205
[2026-05-30 10:19:25,919][root][INFO] - Epoch: 81, loss: 34.8667
[2026-05-30 10:19:25,997][root][INFO] - Epoch: 82, loss: 34.9841
[2026-05-30 10:19:26,070][root][INFO] - Epoch: 83, loss: 33.5712
[2026-05-30 10:19:26,143][root][INFO] - Epoch: 84, loss: 33.9158
[2026-05-30 10:19:26,215][root][INFO] - Epoch: 85, loss: 37.3502
[2026-05-30 10:19:26,288][root][INFO] - Epoch: 86, loss: 37.1921
[2026-05-30 10:19:26,365][root][INFO] - Epoch: 87, loss: 35.6789
[2026-05-30 10:19:26,450][root][INFO] - Epoch: 88, loss: 34.5515
[2026-05-30 10:19:26,522][root][INFO] - Epoch: 89, loss: 33.2870
[2026-05-30 10:19:26,593][root][INFO] - Epoch: 90, loss: 32.8445
[2026-05-30 10:19:26,664][root][INFO] - Epoch: 91, loss: 32.4827
[2026-05-30 10:19:26,734][root][INFO] - Epoch: 92, loss: 32.3259
[2026-05-30 10:19:26,806][root][INFO] - Epoch: 93, loss: 32.7408
[2026-05-30 10:19:26,878][root][INFO] - Epoch: 94, loss: 33.0439
[2026-05-30 10:19:26,951][root][INFO] - Epoch: 95, loss: 32.0598
[2026-05-30 10:19:27,024][root][INFO] - Epoch: 96, loss: 32.2568
[2026-05-30 10:19:27,096][root][INFO] - Epoch: 97, loss: 32.6017
[2026-05-30 10:19:27,167][root][INFO] - Epoch: 98, loss: 32.4049
[2026-05-30 10:19:27,239][root][INFO] - Epoch: 99, loss: 33.3245
[2026-05-30 10:19:27,312][root][INFO] - Epoch: 100, loss: 32.9016
[2026-05-30 10:19:27,384][root][INFO] - Epoch: 101, loss: 32.7401
[2026-05-30 10:19:27,456][root][INFO] - Epoch: 102, loss: 33.8251
[2026-05-30 10:19:27,529][root][INFO] - Epoch: 103, loss: 32.2183
[2026-05-30 10:19:27,602][root][INFO] - Epoch: 104, loss: 37.4765
[2026-05-30 10:19:27,675][root][INFO] - Epoch: 105, loss: 37.4646
[2026-05-30 10:19:27,747][root][INFO] - Epoch: 106, loss: 34.7428
[2026-05-30 10:19:27,748][root][INFO] - Early stopping at epoch: 105
[2026-05-30 10:19:27,784][root][INFO] - {'model_loss': '34.7428', 'recon_loss': '0.0000', 'triplet_loss': '34.7428'}
[2026-05-30 10:19:27,788][root][INFO] - Generation 306/400 - Time: 0.00 seconds
[2026-05-30 10:19:27,790][root][INFO] - {'coverage': '100.00', 'max_fitness': '0.00', 'passive_coverage': '68.36', 'passive_max_fitness': '0.00', 'passive_mean_fitness': '-60.70', 'passive_qd_score': '56501.89', 'qd_score': '105912.92', 'mean_fitness_top_k': '-4.49'}
[2026-05-30 10:19:28,781][root][INFO] - Generation 307/400 - Time: 0.00 seconds
[2026-05-30 10:19:28,782][root][INFO] - {'coverage': '100.00', 'max_fitness': '0.00', 'passive_coverage': '68.55', 'passive_max_fitness': '0.00', 'passive_mean_fitness': '-60.76', 'passive_qd_score': '56623.32', 'qd_score': '96255.39', 'mean_fitness_top_k': '-5.20'}
[2026-05-30 10:19:29,778][root][INFO] - Generation 308/400 - Time: 0.00 seconds
[2026-05-30 10:19:29,778][root][INFO] - {'coverage': '100.00', 'max_fitness': '0.00', 'passive_coverage': '68.65', 'passive_max_fitness': '0.00', 'passive_mean_fitness': '-60.80', 'passive_qd_score': '56675.18', 'qd_score': '95971.13', 'mean_fitness_top_k': '-4.95'}
[2026-05-30 10:19:30,765][root][INFO] - Generation 309/400 - Time: 0.00 seconds
[2026-05-30 10:19:30,766][root][INFO] - {'coverage': '100.00', 'max_fitness': '0.00', 'passive_coverage': '68.65', 'passive_max_fitness': '0.00', 'passive_mean_fitness': '-60.80', 'passive_qd_score': '56676.50', 'qd_score': '95729.36', 'mean_fitness_top_k': '-5.13'}
[2026-05-30 10:19:31,755][root][INFO] - Generation 310/400 - Time: 0.00 seconds
[2026-05-30 10:19:31,756][root][INFO] - {'coverage': '100.00', 'max_fitness': '0.00', 'passive_coverage': '68.75', 'passive_max_fitness': '0.00', 'passive_mean_fitness': '-60.86', 'passive_qd_score': '56718.16', 'qd_score': '95427.69', 'mean_fitness_top_k': '-4.87'}
[2026-05-30 10:19:32,744][root][INFO] - Generation 311/400 - Time: 0.00 seconds
[2026-05-30 10:19:32,745][root][INFO] - {'coverage': '100.00', 'max_fitness': '0.00', 'passive_coverage': '68.85', 'passive_max_fitness': '0.00', 'passive_mean_fitness': '-60.78', 'passive_qd_score': '56854.77', 'qd_score': '95200.20', 'mean_fitness_top_k': '-4.82'}
[2026-05-30 10:19:33,737][root][INFO] - Generation 312/400 - Time: 0.00 seconds
[2026-05-30 10:19:33,738][root][INFO] - {'coverage': '100.00', 'max_fitness': '0.00', 'passive_coverage': '68.95', 'passive_max_fitness': '0.00', 'passive_mean_fitness': '-60.85', 'passive_qd_score': '56886.59', 'qd_score': '94618.95', 'mean_fitness_top_k': '-4.93'}
[2026-05-30 10:19:34,753][root][INFO] - Generation 313/400 - Time: 0.00 seconds
[2026-05-30 10:19:34,754][root][INFO] - {'coverage': '100.00', 'max_fitness': '0.00', 'passive_coverage': '68.95', 'passive_max_fitness': '0.00', 'passive_mean_fitness': '-60.84', 'passive_qd_score': '56889.01', 'qd_score': '94133.98', 'mean_fitness_top_k': '-4.87'}
[2026-05-30 10:19:35,777][root][INFO] - Generation 314/400 - Time: 0.00 seconds
[2026-05-30 10:19:35,778][root][INFO] - {'coverage': '100.00', 'max_fitness': '0.00', 'passive_coverage': '68.95', 'passive_max_fitness': '0.00', 'passive_mean_fitness': '-60.84', 'passive_qd_score': '56889.01', 'qd_score': '93823.95', 'mean_fitness_top_k': '-4.24'}
[2026-05-30 10:19:36,768][root][INFO] - Generation 315/400 - Time: 0.00 seconds
[2026-05-30 10:19:36,768][root][INFO] - {'coverage': '100.00', 'max_fitness': '0.00', 'passive_coverage': '68.95', 'passive_max_fitness': '0.00', 'passive_mean_fitness': '-60.84', 'passive_qd_score': '56889.59', 'qd_score': '93475.17', 'mean_fitness_top_k': '-4.00'}
[2026-05-30 10:19:37,756][root][INFO] - Generation 316/400 - Time: 0.00 seconds
[2026-05-30 10:19:37,757][root][INFO] - {'coverage': '100.00', 'max_fitness': '0.00', 'passive_coverage': '68.95', 'passive_max_fitness': '0.00', 'passive_mean_fitness': '-60.84', 'passive_qd_score': '56889.59', 'qd_score': '93353.95', 'mean_fitness_top_k': '-3.64'}
[2026-05-30 10:19:38,771][root][INFO] - Generation 317/400 - Time: 0.00 seconds
[2026-05-30 10:19:38,772][root][INFO] - {'coverage': '100.00', 'max_fitness': '0.00', 'passive_coverage': '68.95', 'passive_max_fitness': '0.00', 'passive_mean_fitness': '-60.84', 'passive_qd_score': '56893.17', 'qd_score': '93131.59', 'mean_fitness_top_k': '-3.35'}
[2026-05-30 10:19:39,794][root][INFO] - Generation 318/400 - Time: 0.00 seconds
[2026-05-30 10:19:39,795][root][INFO] - {'coverage': '100.00', 'max_fitness': '0.00', 'passive_coverage': '68.95', 'passive_max_fitness': '0.00', 'passive_mean_fitness': '-60.84', 'passive_qd_score': '56893.77', 'qd_score': '92898.50', 'mean_fitness_top_k': '-2.97'}
[2026-05-30 10:19:40,815][root][INFO] - Generation 319/400 - Time: 0.00 seconds
[2026-05-30 10:19:40,815][root][INFO] - {'coverage': '100.00', 'max_fitness': '0.00', 'passive_coverage': '68.95', 'passive_max_fitness': '0.00', 'passive_mean_fitness': '-60.83', 'passive_qd_score': '56894.15', 'qd_score': '92901.16', 'mean_fitness_top_k': '-2.97'}
[2026-05-30 10:19:41,943][root][INFO] - Generation 320/400 - Time: 0.00 seconds
[2026-05-30 10:19:41,944][root][INFO] - {'coverage': '100.00', 'max_fitness': '0.00', 'passive_coverage': '68.95', 'passive_max_fitness': '0.00', 'passive_mean_fitness': '-60.83', 'passive_qd_score': '56894.27', 'qd_score': '92666.52', 'mean_fitness_top_k': '-2.47'}
[2026-05-30 10:19:43,072][root][INFO] - Generation 321/400 - Time: 0.00 seconds
[2026-05-30 10:19:43,072][root][INFO] - {'coverage': '100.00', 'max_fitness': '0.00', 'passive_coverage': '69.04', 'passive_max_fitness': '0.00', 'passive_mean_fitness': '-60.79', 'passive_qd_score': '57008.68', 'qd_score': '93034.28', 'mean_fitness_top_k': '-1.86'}
[2026-05-30 10:19:44,204][root][INFO] - Generation 322/400 - Time: 0.00 seconds
[2026-05-30 10:19:44,205][root][INFO] - {'coverage': '100.00', 'max_fitness': '0.00', 'passive_coverage': '69.14', 'passive_max_fitness': '0.00', 'passive_mean_fitness': '-60.70', 'passive_qd_score': '57150.10', 'qd_score': '92777.96', 'mean_fitness_top_k': '-1.79'}
[2026-05-30 10:19:45,345][root][INFO] - Generation 323/400 - Time: 0.00 seconds
[2026-05-30 10:19:45,346][root][INFO] - {'coverage': '100.00', 'max_fitness': '0.00', 'passive_coverage': '69.14', 'passive_max_fitness': '0.00', 'passive_mean_fitness': '-60.70', 'passive_qd_score': '57150.36', 'qd_score': '92728.55', 'mean_fitness_top_k': '-1.69'}
[2026-05-30 10:19:46,470][root][INFO] - Generation 324/400 - Time: 0.00 seconds
[2026-05-30 10:19:46,471][root][INFO] - {'coverage': '100.00', 'max_fitness': '0.00', 'passive_coverage': '69.14', 'passive_max_fitness': '0.00', 'passive_mean_fitness': '-60.70', 'passive_qd_score': '57150.36', 'qd_score': '92599.17', 'mean_fitness_top_k': '-1.37'}
[2026-05-30 10:19:47,617][root][INFO] - Generation 325/400 - Time: 0.00 seconds
[2026-05-30 10:19:47,618][root][INFO] - {'coverage': '100.00', 'max_fitness': '0.00', 'passive_coverage': '69.14', 'passive_max_fitness': '0.00', 'passive_mean_fitness': '-60.70', 'passive_qd_score': '57150.93', 'qd_score': '92435.43', 'mean_fitness_top_k': '-0.94'}
[2026-05-30 10:19:48,786][root][INFO] - Generation 326/400 - Time: 0.00 seconds
[2026-05-30 10:19:48,787][root][INFO] - {'coverage': '100.00', 'max_fitness': '0.00', 'passive_coverage': '69.14', 'passive_max_fitness': '0.00', 'passive_mean_fitness': '-60.70', 'passive_qd_score': '57150.93', 'qd_score': '92564.61', 'mean_fitness_top_k': '-0.77'}
[2026-05-30 10:19:49,967][root][INFO] - Generation 327/400 - Time: 0.00 seconds
[2026-05-30 10:19:49,968][root][INFO] - {'coverage': '100.00', 'max_fitness': '0.00', 'passive_coverage': '69.14', 'passive_max_fitness': '0.00', 'passive_mean_fitness': '-60.70', 'passive_qd_score': '57150.93', 'qd_score': '92805.58', 'mean_fitness_top_k': '-0.35'}
[2026-05-30 10:19:51,100][root][INFO] - Generation 328/400 - Time: 0.00 seconds
[2026-05-30 10:19:51,101][root][INFO] - {'coverage': '100.00', 'max_fitness': '0.00', 'passive_coverage': '69.14', 'passive_max_fitness': '0.00', 'passive_mean_fitness': '-60.70', 'passive_qd_score': '57150.98', 'qd_score': '92658.64', 'mean_fitness_top_k': '-0.29'}
[2026-05-30 10:19:52,223][root][INFO] - Generation 329/400 - Time: 0.00 seconds
[2026-05-30 10:19:52,224][root][INFO] - {'coverage': '100.00', 'max_fitness': '0.00', 'passive_coverage': '69.14', 'passive_max_fitness': '0.00', 'passive_mean_fitness': '-60.70', 'passive_qd_score': '57150.98', 'qd_score': '92793.00', 'mean_fitness_top_k': '-0.07'}
[2026-05-30 10:19:53,362][root][INFO] - Generation 330/400 - Time: 0.00 seconds
[2026-05-30 10:19:53,363][root][INFO] - {'coverage': '100.00', 'max_fitness': '0.00', 'passive_coverage': '69.14', 'passive_max_fitness': '0.00', 'passive_mean_fitness': '-60.70', 'passive_qd_score': '57150.98', 'qd_score': '92809.81', 'mean_fitness_top_k': '0.00'}
[2026-05-30 10:19:54,502][root][INFO] - Generation 331/400 - Time: 0.00 seconds
[2026-05-30 10:19:54,503][root][INFO] - {'coverage': '100.00', 'max_fitness': '0.00', 'passive_coverage': '69.14', 'passive_max_fitness': '0.00', 'passive_mean_fitness': '-60.70', 'passive_qd_score': '57150.98', 'qd_score': '92709.47', 'mean_fitness_top_k': '0.00'}
[2026-05-30 10:19:55,634][root][INFO] - Generation 332/400 - Time: 0.00 seconds
[2026-05-30 10:19:55,635][root][INFO] - {'coverage': '100.00', 'max_fitness': '0.00', 'passive_coverage': '69.14', 'passive_max_fitness': '0.00', 'passive_mean_fitness': '-60.70', 'passive_qd_score': '57150.98', 'qd_score': '93300.33', 'mean_fitness_top_k': '0.00'}
[2026-05-30 10:19:56,766][root][INFO] - Generation 333/400 - Time: 0.00 seconds
[2026-05-30 10:19:56,766][root][INFO] - {'coverage': '100.00', 'max_fitness': '0.00', 'passive_coverage': '69.14', 'passive_max_fitness': '0.00', 'passive_mean_fitness': '-60.70', 'passive_qd_score': '57150.98', 'qd_score': '93469.42', 'mean_fitness_top_k': '0.00'}
[2026-05-30 10:19:57,924][root][INFO] - Generation 334/400 - Time: 0.00 seconds
[2026-05-30 10:19:57,925][root][INFO] - {'coverage': '100.00', 'max_fitness': '0.00', 'passive_coverage': '69.14', 'passive_max_fitness': '0.00', 'passive_mean_fitness': '-60.70', 'passive_qd_score': '57152.18', 'qd_score': '93596.12', 'mean_fitness_top_k': '0.00'}
[2026-05-30 10:19:59,091][root][INFO] - Generation 335/400 - Time: 0.00 seconds
[2026-05-30 10:19:59,092][root][INFO] - {'coverage': '100.00', 'max_fitness': '0.00', 'passive_coverage': '69.24', 'passive_max_fitness': '0.00', 'passive_mean_fitness': '-60.61', 'passive_qd_score': '57293.60', 'qd_score': '93408.27', 'mean_fitness_top_k': '0.00'}
[2026-05-30 10:20:00,237][root][INFO] - Generation 336/400 - Time: 0.00 seconds
[2026-05-30 10:20:00,238][root][INFO] - {'coverage': '100.00', 'max_fitness': '0.00', 'passive_coverage': '69.24', 'passive_max_fitness': '0.00', 'passive_mean_fitness': '-60.61', 'passive_qd_score': '57293.84', 'qd_score': '93465.45', 'mean_fitness_top_k': '0.00'}
[2026-05-30 10:20:01,389][root][INFO] - Generation 337/400 - Time: 0.00 seconds
[2026-05-30 10:20:01,390][root][INFO] - {'coverage': '100.00', 'max_fitness': '0.00', 'passive_coverage': '69.24', 'passive_max_fitness': '0.00', 'passive_mean_fitness': '-60.61', 'passive_qd_score': '57293.84', 'qd_score': '93610.80', 'mean_fitness_top_k': '0.00'}
[2026-05-30 10:20:02,537][root][INFO] - Generation 338/400 - Time: 0.00 seconds
[2026-05-30 10:20:02,538][root][INFO] - {'coverage': '100.00', 'max_fitness': '0.00', 'passive_coverage': '69.24', 'passive_max_fitness': '0.00', 'passive_mean_fitness': '-60.61', 'passive_qd_score': '57293.84', 'qd_score': '93582.80', 'mean_fitness_top_k': '0.00'}
[2026-05-30 10:20:03,702][root][INFO] - Generation 339/400 - Time: 0.00 seconds
[2026-05-30 10:20:03,703][root][INFO] - {'coverage': '100.00', 'max_fitness': '0.00', 'passive_coverage': '69.24', 'passive_max_fitness': '0.00', 'passive_mean_fitness': '-60.61', 'passive_qd_score': '57293.84', 'qd_score': '93724.27', 'mean_fitness_top_k': '0.00'}
[2026-05-30 10:20:04,873][root][INFO] - Generation 340/400 - Time: 0.00 seconds
[2026-05-30 10:20:04,874][root][INFO] - {'coverage': '100.00', 'max_fitness': '0.00', 'passive_coverage': '69.24', 'passive_max_fitness': '0.00', 'passive_mean_fitness': '-60.61', 'passive_qd_score': '57293.84', 'qd_score': '93776.44', 'mean_fitness_top_k': '0.00'}
[2026-05-30 10:20:06,045][root][INFO] - Generation 341/400 - Time: 0.00 seconds
[2026-05-30 10:20:06,046][root][INFO] - {'coverage': '100.00', 'max_fitness': '0.00', 'passive_coverage': '69.34', 'passive_max_fitness': '0.00', 'passive_mean_fitness': '-60.54', 'passive_qd_score': '57428.73', 'qd_score': '94038.75', 'mean_fitness_top_k': '0.00'}
[2026-05-30 10:20:07,210][root][INFO] - Updating AE...
[2026-05-30 10:20:08,025][root][INFO] - Epoch: 1, loss: 60086.5781
[2026-05-30 10:20:08,098][root][INFO] - Epoch: 2, loss: 700.6901
[2026-05-30 10:20:08,173][root][INFO] - Epoch: 3, loss: 579.7158
[2026-05-30 10:20:08,248][root][INFO] - Epoch: 4, loss: 557.2845
[2026-05-30 10:20:08,321][root][INFO] - Epoch: 5, loss: 549.3997
[2026-05-30 10:20:08,395][root][INFO] - Epoch: 6, loss: 543.0457
[2026-05-30 10:20:08,470][root][INFO] - Epoch: 7, loss: 537.7705
[2026-05-30 10:20:08,544][root][INFO] - Epoch: 8, loss: 532.6806
[2026-05-30 10:20:08,619][root][INFO] - Epoch: 9, loss: 527.9934
[2026-05-30 10:20:08,694][root][INFO] - Epoch: 10, loss: 524.9640
[2026-05-30 10:20:08,769][root][INFO] - Epoch: 11, loss: 522.0908
[2026-05-30 10:20:08,844][root][INFO] - Epoch: 12, loss: 518.9987
[2026-05-30 10:20:08,923][root][INFO] - Epoch: 13, loss: 515.9452
[2026-05-30 10:20:08,997][root][INFO] - Epoch: 14, loss: 512.5380
[2026-05-30 10:20:09,073][root][INFO] - Epoch: 15, loss: 508.7117
[2026-05-30 10:20:09,147][root][INFO] - Epoch: 16, loss: 504.9528
[2026-05-30 10:20:09,220][root][INFO] - Epoch: 17, loss: 500.0367
[2026-05-30 10:20:09,295][root][INFO] - Epoch: 18, loss: 494.8789
[2026-05-30 10:20:09,370][root][INFO] - Epoch: 19, loss: 488.6065
[2026-05-30 10:20:09,444][root][INFO] - Epoch: 20, loss: 483.0882
[2026-05-30 10:20:09,519][root][INFO] - Epoch: 21, loss: 476.8766
[2026-05-30 10:20:09,593][root][INFO] - Epoch: 22, loss: 471.2882
[2026-05-30 10:20:09,668][root][INFO] - Epoch: 23, loss: 465.0905
[2026-05-30 10:20:09,743][root][INFO] - Epoch: 24, loss: 460.3374
[2026-05-30 10:20:09,816][root][INFO] - Epoch: 25, loss: 455.7742
[2026-05-30 10:20:09,892][root][INFO] - Epoch: 26, loss: 452.1070
[2026-05-30 10:20:09,965][root][INFO] - Epoch: 27, loss: 449.3441
[2026-05-30 10:20:10,041][root][INFO] - Epoch: 28, loss: 446.7368
[2026-05-30 10:20:10,114][root][INFO] - Epoch: 29, loss: 443.9613
[2026-05-30 10:20:10,186][root][INFO] - Epoch: 30, loss: 442.4824
[2026-05-30 10:20:10,260][root][INFO] - Epoch: 31, loss: 440.8466
[2026-05-30 10:20:10,334][root][INFO] - Epoch: 32, loss: 439.1140
[2026-05-30 10:20:10,407][root][INFO] - Epoch: 33, loss: 438.1369
[2026-05-30 10:20:10,481][root][INFO] - Epoch: 34, loss: 436.0120
[2026-05-30 10:20:10,553][root][INFO] - Epoch: 35, loss: 435.0643
[2026-05-30 10:20:10,627][root][INFO] - Epoch: 36, loss: 433.5316
[2026-05-30 10:20:10,701][root][INFO] - Epoch: 37, loss: 431.7870
[2026-05-30 10:20:10,776][root][INFO] - Epoch: 38, loss: 430.0869
[2026-05-30 10:20:10,850][root][INFO] - Epoch: 39, loss: 428.1692
[2026-05-30 10:20:10,922][root][INFO] - Epoch: 40, loss: 426.1266
[2026-05-30 10:20:10,996][root][INFO] - Epoch: 41, loss: 424.4980
[2026-05-30 10:20:11,070][root][INFO] - Epoch: 42, loss: 422.9061
[2026-05-30 10:20:11,143][root][INFO] - Epoch: 43, loss: 421.3262
[2026-05-30 10:20:11,217][root][INFO] - Epoch: 44, loss: 419.8417
[2026-05-30 10:20:11,290][root][INFO] - Epoch: 45, loss: 418.7264
[2026-05-30 10:20:11,365][root][INFO] - Epoch: 46, loss: 417.7136
[2026-05-30 10:20:11,439][root][INFO] - Epoch: 47, loss: 416.6120
[2026-05-30 10:20:11,512][root][INFO] - Epoch: 48, loss: 415.6947
[2026-05-30 10:20:11,586][root][INFO] - Epoch: 49, loss: 414.8378
[2026-05-30 10:20:11,659][root][INFO] - Epoch: 50, loss: 413.6845
[2026-05-30 10:20:11,733][root][INFO] - Epoch: 51, loss: 412.8717
[2026-05-30 10:20:11,808][root][INFO] - Epoch: 52, loss: 412.0114
[2026-05-30 10:20:11,881][root][INFO] - Epoch: 53, loss: 411.0939
[2026-05-30 10:20:11,958][root][INFO] - Epoch: 54, loss: 410.1575
[2026-05-30 10:20:12,040][root][INFO] - Epoch: 55, loss: 409.5013
[2026-05-30 10:20:12,119][root][INFO] - Epoch: 56, loss: 408.4716
[2026-05-30 10:20:12,197][root][INFO] - Epoch: 57, loss: 407.5548
[2026-05-30 10:20:12,271][root][INFO] - Epoch: 58, loss: 406.8270
[2026-05-30 10:20:12,347][root][INFO] - Epoch: 59, loss: 405.9077
[2026-05-30 10:20:12,420][root][INFO] - Epoch: 60, loss: 405.0791
[2026-05-30 10:20:12,494][root][INFO] - Epoch: 61, loss: 404.1670
[2026-05-30 10:20:12,567][root][INFO] - Epoch: 62, loss: 403.3478
[2026-05-30 10:20:12,642][root][INFO] - Epoch: 63, loss: 402.5413
[2026-05-30 10:20:12,716][root][INFO] - Epoch: 64, loss: 401.8788
[2026-05-30 10:20:12,790][root][INFO] - Epoch: 65, loss: 400.8739
[2026-05-30 10:20:12,864][root][INFO] - Epoch: 66, loss: 400.2104
[2026-05-30 10:20:12,937][root][INFO] - Epoch: 67, loss: 398.9358
[2026-05-30 10:20:13,011][root][INFO] - Epoch: 68, loss: 398.0895
[2026-05-30 10:20:13,085][root][INFO] - Epoch: 69, loss: 397.2231
[2026-05-30 10:20:13,159][root][INFO] - Epoch: 70, loss: 396.3224
[2026-05-30 10:20:13,234][root][INFO] - Epoch: 71, loss: 395.5905
[2026-05-30 10:20:13,308][root][INFO] - Epoch: 72, loss: 394.6609
[2026-05-30 10:20:13,382][root][INFO] - Epoch: 73, loss: 393.9356
[2026-05-30 10:20:13,455][root][INFO] - Epoch: 74, loss: 393.0620
[2026-05-30 10:20:13,529][root][INFO] - Epoch: 75, loss: 392.3458
[2026-05-30 10:20:13,604][root][INFO] - Epoch: 76, loss: 391.6123
[2026-05-30 10:20:13,677][root][INFO] - Epoch: 77, loss: 390.8790
[2026-05-30 10:20:13,751][root][INFO] - Epoch: 78, loss: 390.1001
[2026-05-30 10:20:13,824][root][INFO] - Epoch: 79, loss: 389.4137
[2026-05-30 10:20:13,899][root][INFO] - Epoch: 80, loss: 388.8806
[2026-05-30 10:20:13,973][root][INFO] - Epoch: 81, loss: 388.0941
[2026-05-30 10:20:14,048][root][INFO] - Epoch: 82, loss: 387.3054
[2026-05-30 10:20:14,121][root][INFO] - Epoch: 83, loss: 386.5281
[2026-05-30 10:20:14,195][root][INFO] - Epoch: 84, loss: 385.7477
[2026-05-30 10:20:14,269][root][INFO] - Epoch: 85, loss: 384.7094
[2026-05-30 10:20:14,344][root][INFO] - Epoch: 86, loss: 383.8683
[2026-05-30 10:20:14,419][root][INFO] - Epoch: 87, loss: 383.1596
[2026-05-30 10:20:14,493][root][INFO] - Epoch: 88, loss: 382.4555
[2026-05-30 10:20:14,566][root][INFO] - Epoch: 89, loss: 381.8835
[2026-05-30 10:20:14,641][root][INFO] - Epoch: 90, loss: 381.3636
[2026-05-30 10:20:14,716][root][INFO] - Epoch: 91, loss: 380.8695
[2026-05-30 10:20:14,790][root][INFO] - Epoch: 92, loss: 380.2903
[2026-05-30 10:20:14,864][root][INFO] - Epoch: 93, loss: 379.9483
[2026-05-30 10:20:14,937][root][INFO] - Epoch: 94, loss: 379.4271
[2026-05-30 10:20:15,011][root][INFO] - Epoch: 95, loss: 379.1680
[2026-05-30 10:20:15,084][root][INFO] - Epoch: 96, loss: 378.6256
[2026-05-30 10:20:15,158][root][INFO] - Epoch: 97, loss: 378.2798
[2026-05-30 10:20:15,232][root][INFO] - Epoch: 98, loss: 377.6924
[2026-05-30 10:20:15,306][root][INFO] - Epoch: 99, loss: 377.2438
[2026-05-30 10:20:15,379][root][INFO] - Epoch: 100, loss: 376.7468
[2026-05-30 10:20:15,453][root][INFO] - Epoch: 101, loss: 376.2529
[2026-05-30 10:20:15,526][root][INFO] - Epoch: 102, loss: 375.9142
[2026-05-30 10:20:15,600][root][INFO] - Epoch: 103, loss: 375.5776
[2026-05-30 10:20:15,675][root][INFO] - Epoch: 104, loss: 375.1447
[2026-05-30 10:20:15,748][root][INFO] - Epoch: 105, loss: 374.5734
[2026-05-30 10:20:15,820][root][INFO] - Epoch: 106, loss: 374.1463
[2026-05-30 10:20:15,893][root][INFO] - Epoch: 107, loss: 373.8201
[2026-05-30 10:20:15,966][root][INFO] - Epoch: 108, loss: 373.4660
[2026-05-30 10:20:16,040][root][INFO] - Epoch: 109, loss: 372.9601
[2026-05-30 10:20:16,113][root][INFO] - Epoch: 110, loss: 372.4069
[2026-05-30 10:20:16,186][root][INFO] - Epoch: 111, loss: 372.0192
[2026-05-30 10:20:16,260][root][INFO] - Epoch: 112, loss: 371.4941
[2026-05-30 10:20:16,333][root][INFO] - Epoch: 113, loss: 370.8380
[2026-05-30 10:20:16,406][root][INFO] - Epoch: 114, loss: 370.5408
[2026-05-30 10:20:16,481][root][INFO] - Epoch: 115, loss: 370.2021
[2026-05-30 10:20:16,554][root][INFO] - Epoch: 116, loss: 369.6917
[2026-05-30 10:20:16,627][root][INFO] - Epoch: 117, loss: 369.1267
[2026-05-30 10:20:16,701][root][INFO] - Epoch: 118, loss: 368.6049
[2026-05-30 10:20:16,774][root][INFO] - Epoch: 119, loss: 368.2583
[2026-05-30 10:20:16,848][root][INFO] - Epoch: 120, loss: 367.6512
[2026-05-30 10:20:16,921][root][INFO] - Epoch: 121, loss: 366.9217
[2026-05-30 10:20:16,993][root][INFO] - Epoch: 122, loss: 366.0058
[2026-05-30 10:20:17,067][root][INFO] - Epoch: 123, loss: 365.3687
[2026-05-30 10:20:17,141][root][INFO] - Epoch: 124, loss: 364.9951
[2026-05-30 10:20:17,215][root][INFO] - Epoch: 125, loss: 364.6817
[2026-05-30 10:20:17,289][root][INFO] - Epoch: 126, loss: 364.0894
[2026-05-30 10:20:17,363][root][INFO] - Epoch: 127, loss: 363.4005
[2026-05-30 10:20:17,436][root][INFO] - Epoch: 128, loss: 363.2426
[2026-05-30 10:20:17,509][root][INFO] - Epoch: 129, loss: 362.5125
[2026-05-30 10:20:17,583][root][INFO] - Epoch: 130, loss: 361.6645
[2026-05-30 10:20:17,656][root][INFO] - Epoch: 131, loss: 361.1885
[2026-05-30 10:20:17,728][root][INFO] - Epoch: 132, loss: 360.5926
[2026-05-30 10:20:17,801][root][INFO] - Epoch: 133, loss: 359.6443
[2026-05-30 10:20:17,876][root][INFO] - Epoch: 134, loss: 359.2169
[2026-05-30 10:20:17,950][root][INFO] - Epoch: 135, loss: 358.6765
[2026-05-30 10:20:18,024][root][INFO] - Epoch: 136, loss: 357.7909
[2026-05-30 10:20:18,097][root][INFO] - Epoch: 137, loss: 357.7354
[2026-05-30 10:20:18,170][root][INFO] - Epoch: 138, loss: 356.8324
[2026-05-30 10:20:18,244][root][INFO] - Epoch: 139, loss: 356.1449
[2026-05-30 10:20:18,317][root][INFO] - Epoch: 140, loss: 355.3459
[2026-05-30 10:20:18,391][root][INFO] - Epoch: 141, loss: 354.6606
[2026-05-30 10:20:18,465][root][INFO] - Epoch: 142, loss: 354.3873
[2026-05-30 10:20:18,538][root][INFO] - Epoch: 143, loss: 353.1025
[2026-05-30 10:20:18,611][root][INFO] - Epoch: 144, loss: 352.7689
[2026-05-30 10:20:18,683][root][INFO] - Epoch: 145, loss: 351.8264
[2026-05-30 10:20:18,755][root][INFO] - Epoch: 146, loss: 351.8819
[2026-05-30 10:20:18,828][root][INFO] - Epoch: 147, loss: 350.8604
[2026-05-30 10:20:18,903][root][INFO] - Epoch: 148, loss: 350.3373
[2026-05-30 10:20:18,974][root][INFO] - Epoch: 149, loss: 349.8661
[2026-05-30 10:20:19,046][root][INFO] - Epoch: 150, loss: 349.0969
[2026-05-30 10:20:19,117][root][INFO] - Epoch: 151, loss: 348.2548
[2026-05-30 10:20:19,187][root][INFO] - Epoch: 152, loss: 347.4125
[2026-05-30 10:20:19,275][root][INFO] - Epoch: 153, loss: 346.5536
[2026-05-30 10:20:19,350][root][INFO] - Epoch: 154, loss: 345.4085
[2026-05-30 10:20:19,422][root][INFO] - Epoch: 155, loss: 343.3515
[2026-05-30 10:20:19,493][root][INFO] - Epoch: 156, loss: 341.6663
[2026-05-30 10:20:19,566][root][INFO] - Epoch: 157, loss: 339.7861
[2026-05-30 10:20:19,637][root][INFO] - Epoch: 158, loss: 338.2090
[2026-05-30 10:20:19,709][root][INFO] - Epoch: 159, loss: 337.7617
[2026-05-30 10:20:19,782][root][INFO] - Epoch: 160, loss: 336.6774
[2026-05-30 10:20:19,856][root][INFO] - Epoch: 161, loss: 335.6129
[2026-05-30 10:20:19,929][root][INFO] - Epoch: 162, loss: 335.3899
[2026-05-30 10:20:20,001][root][INFO] - Epoch: 163, loss: 333.9697
[2026-05-30 10:20:20,074][root][INFO] - Epoch: 164, loss: 333.6125
[2026-05-30 10:20:20,146][root][INFO] - Epoch: 165, loss: 332.6936
[2026-05-30 10:20:20,220][root][INFO] - Epoch: 166, loss: 332.7783
[2026-05-30 10:20:20,291][root][INFO] - Epoch: 167, loss: 331.7157
[2026-05-30 10:20:20,364][root][INFO] - Epoch: 168, loss: 331.5309
[2026-05-30 10:20:20,438][root][INFO] - Epoch: 169, loss: 331.3238
[2026-05-30 10:20:20,510][root][INFO] - Epoch: 170, loss: 330.8352
[2026-05-30 10:20:20,582][root][INFO] - Epoch: 171, loss: 330.0448
[2026-05-30 10:20:20,656][root][INFO] - Epoch: 172, loss: 329.7022
[2026-05-30 10:20:20,729][root][INFO] - Epoch: 173, loss: 330.2747
[2026-05-30 10:20:20,803][root][INFO] - Epoch: 174, loss: 328.6887
[2026-05-30 10:20:20,877][root][INFO] - Epoch: 175, loss: 330.0857
[2026-05-30 10:20:20,950][root][INFO] - Epoch: 176, loss: 328.3607
[2026-05-30 10:20:21,025][root][INFO] - Epoch: 177, loss: 328.0097
[2026-05-30 10:20:21,098][root][INFO] - Epoch: 178, loss: 328.0257
[2026-05-30 10:20:21,172][root][INFO] - Epoch: 179, loss: 328.0700
[2026-05-30 10:20:21,245][root][INFO] - Epoch: 180, loss: 326.9220
[2026-05-30 10:20:21,319][root][INFO] - Epoch: 181, loss: 327.3275
[2026-05-30 10:20:21,392][root][INFO] - Epoch: 182, loss: 326.5786
[2026-05-30 10:20:21,466][root][INFO] - Epoch: 183, loss: 325.8128
[2026-05-30 10:20:21,540][root][INFO] - Epoch: 184, loss: 325.6894
[2026-05-30 10:20:21,613][root][INFO] - Epoch: 185, loss: 325.0805
[2026-05-30 10:20:21,686][root][INFO] - Epoch: 186, loss: 324.8283
[2026-05-30 10:20:21,759][root][INFO] - Epoch: 187, loss: 325.2077
[2026-05-30 10:20:21,832][root][INFO] - Epoch: 188, loss: 324.6534
[2026-05-30 10:20:21,903][root][INFO] - Epoch: 189, loss: 325.4485
[2026-05-30 10:20:21,975][root][INFO] - Epoch: 190, loss: 324.1686
[2026-05-30 10:20:22,048][root][INFO] - Epoch: 191, loss: 323.2711
[2026-05-30 10:20:22,122][root][INFO] - Epoch: 192, loss: 323.5155
[2026-05-30 10:20:22,194][root][INFO] - Epoch: 193, loss: 322.6406
[2026-05-30 10:20:22,266][root][INFO] - Epoch: 194, loss: 323.2876
[2026-05-30 10:20:22,338][root][INFO] - Epoch: 195, loss: 322.8636
[2026-05-30 10:20:22,411][root][INFO] - Epoch: 196, loss: 325.0081
[2026-05-30 10:20:22,483][root][INFO] - Epoch: 197, loss: 323.5517
[2026-05-30 10:20:22,555][root][INFO] - Epoch: 198, loss: 322.5157
[2026-05-30 10:20:22,627][root][INFO] - Epoch: 199, loss: 322.4637
[2026-05-30 10:20:22,699][root][INFO] - Epoch: 200, loss: 324.2952
[2026-05-30 10:20:22,734][root][INFO] - {'model_loss': '324.2952', 'recon_loss': '0.0000', 'triplet_loss': '324.2952'}
[2026-05-30 10:20:22,738][root][INFO] - Updating AE...
[2026-05-30 10:20:23,516][root][INFO] - Epoch: 1, loss: 104.4290
[2026-05-30 10:20:23,588][root][INFO] - Epoch: 2, loss: 55.9958
[2026-05-30 10:20:23,659][root][INFO] - Epoch: 3, loss: 49.4949
[2026-05-30 10:20:23,730][root][INFO] - Epoch: 4, loss: 46.9489
[2026-05-30 10:20:23,801][root][INFO] - Epoch: 5, loss: 45.9739
[2026-05-30 10:20:23,872][root][INFO] - Epoch: 6, loss: 45.3827
[2026-05-30 10:20:23,945][root][INFO] - Epoch: 7, loss: 44.6543
[2026-05-30 10:20:24,017][root][INFO] - Epoch: 8, loss: 43.8745
[2026-05-30 10:20:24,088][root][INFO] - Epoch: 9, loss: 43.2823
[2026-05-30 10:20:24,160][root][INFO] - Epoch: 10, loss: 42.7983
[2026-05-30 10:20:24,232][root][INFO] - Epoch: 11, loss: 42.3403
[2026-05-30 10:20:24,304][root][INFO] - Epoch: 12, loss: 42.0457
[2026-05-30 10:20:24,376][root][INFO] - Epoch: 13, loss: 41.4662
[2026-05-30 10:20:24,450][root][INFO] - Epoch: 14, loss: 41.0709
[2026-05-30 10:20:24,521][root][INFO] - Epoch: 15, loss: 40.8934
[2026-05-30 10:20:24,595][root][INFO] - Epoch: 16, loss: 40.1462
[2026-05-30 10:20:24,669][root][INFO] - Epoch: 17, loss: 46.3957
[2026-05-30 10:20:24,743][root][INFO] - Epoch: 18, loss: 58.5588
[2026-05-30 10:20:24,816][root][INFO] - Epoch: 19, loss: 56.3849
[2026-05-30 10:20:24,888][root][INFO] - Epoch: 20, loss: 54.4136
[2026-05-30 10:20:24,960][root][INFO] - Epoch: 21, loss: 52.0749
[2026-05-30 10:20:25,033][root][INFO] - Epoch: 22, loss: 49.8249
[2026-05-30 10:20:25,106][root][INFO] - Epoch: 23, loss: 48.6808
[2026-05-30 10:20:25,178][root][INFO] - Epoch: 24, loss: 47.8401
[2026-05-30 10:20:25,249][root][INFO] - Epoch: 25, loss: 47.2477
[2026-05-30 10:20:25,321][root][INFO] - Epoch: 26, loss: 46.7594
[2026-05-30 10:20:25,393][root][INFO] - Epoch: 27, loss: 46.4175
[2026-05-30 10:20:25,393][root][INFO] - Early stopping at epoch: 26
[2026-05-30 10:20:25,422][root][INFO] - {'model_loss': '46.4175', 'recon_loss': '0.0000', 'triplet_loss': '46.4175'}
[2026-05-30 10:20:25,426][root][INFO] - Generation 342/400 - Time: 0.00 seconds
[2026-05-30 10:20:25,427][root][INFO] - {'coverage': '100.00', 'max_fitness': '0.00', 'passive_coverage': '69.34', 'passive_max_fitness': '0.00', 'passive_mean_fitness': '-60.54', 'passive_qd_score': '57428.77', 'qd_score': '94264.66', 'mean_fitness_top_k': '0.00'}
[2026-05-30 10:20:26,426][root][INFO] - Generation 343/400 - Time: 0.00 seconds
[2026-05-30 10:20:26,426][root][INFO] - {'coverage': '100.00', 'max_fitness': '0.00', 'passive_coverage': '69.53', 'passive_max_fitness': '0.00', 'passive_mean_fitness': '-60.58', 'passive_qd_score': '57558.22', 'qd_score': '100898.09', 'mean_fitness_top_k': '0.00'}
[2026-05-30 10:20:27,414][root][INFO] - Generation 344/400 - Time: 0.00 seconds
[2026-05-30 10:20:27,415][root][INFO] - {'coverage': '100.00', 'max_fitness': '0.00', 'passive_coverage': '69.53', 'passive_max_fitness': '0.00', 'passive_mean_fitness': '-60.58', 'passive_qd_score': '57559.77', 'qd_score': '102186.97', 'mean_fitness_top_k': '0.00'}
[2026-05-30 10:20:28,403][root][INFO] - Generation 345/400 - Time: 0.00 seconds
[2026-05-30 10:20:28,404][root][INFO] - {'coverage': '100.00', 'max_fitness': '0.00', 'passive_coverage': '69.73', 'passive_max_fitness': '0.00', 'passive_mean_fitness': '-60.66', 'passive_qd_score': '57661.86', 'qd_score': '102941.24', 'mean_fitness_top_k': '0.00'}
[2026-05-30 10:20:29,401][root][INFO] - Generation 346/400 - Time: 0.00 seconds
[2026-05-30 10:20:29,402][root][INFO] - {'coverage': '100.00', 'max_fitness': '0.00', 'passive_coverage': '69.73', 'passive_max_fitness': '0.00', 'passive_mean_fitness': '-60.66', 'passive_qd_score': '57662.39', 'qd_score': '103275.31', 'mean_fitness_top_k': '0.00'}
[2026-05-30 10:20:30,396][root][INFO] - Generation 347/400 - Time: 0.00 seconds
[2026-05-30 10:20:30,397][root][INFO] - {'coverage': '100.00', 'max_fitness': '0.00', 'passive_coverage': '69.73', 'passive_max_fitness': '0.00', 'passive_mean_fitness': '-60.66', 'passive_qd_score': '57662.48', 'qd_score': '104374.06', 'mean_fitness_top_k': '0.00'}
[2026-05-30 10:20:31,387][root][INFO] - Generation 348/400 - Time: 0.00 seconds
[2026-05-30 10:20:31,388][root][INFO] - {'coverage': '100.00', 'max_fitness': '0.00', 'passive_coverage': '69.82', 'passive_max_fitness': '0.00', 'passive_mean_fitness': '-60.63', 'passive_qd_score': '57763.32', 'qd_score': '104856.36', 'mean_fitness_top_k': '0.00'}
[2026-05-30 10:20:32,375][root][INFO] - Generation 349/400 - Time: 0.00 seconds
[2026-05-30 10:20:32,376][root][INFO] - {'coverage': '100.00', 'max_fitness': '0.00', 'passive_coverage': '69.82', 'passive_max_fitness': '0.00', 'passive_mean_fitness': '-60.63', 'passive_qd_score': '57763.55', 'qd_score': '104918.98', 'mean_fitness_top_k': '0.00'}
[2026-05-30 10:20:33,366][root][INFO] - Generation 350/400 - Time: 0.00 seconds
[2026-05-30 10:20:33,367][root][INFO] - {'coverage': '100.00', 'max_fitness': '0.00', 'passive_coverage': '69.82', 'passive_max_fitness': '0.00', 'passive_mean_fitness': '-60.63', 'passive_qd_score': '57766.00', 'qd_score': '105850.87', 'mean_fitness_top_k': '0.00'}
[2026-05-30 10:20:34,357][root][INFO] - Generation 351/400 - Time: 0.00 seconds
[2026-05-30 10:20:34,357][root][INFO] - {'coverage': '100.00', 'max_fitness': '0.00', 'passive_coverage': '69.82', 'passive_max_fitness': '0.00', 'passive_mean_fitness': '-60.63', 'passive_qd_score': '57766.00', 'qd_score': '106603.27', 'mean_fitness_top_k': '0.00'}
[2026-05-30 10:20:35,356][root][INFO] - Generation 352/400 - Time: 0.00 seconds
[2026-05-30 10:20:35,357][root][INFO] - {'coverage': '100.00', 'max_fitness': '0.00', 'passive_coverage': '69.82', 'passive_max_fitness': '0.00', 'passive_mean_fitness': '-60.63', 'passive_qd_score': '57766.50', 'qd_score': '106928.23', 'mean_fitness_top_k': '0.00'}
[2026-05-30 10:20:36,350][root][INFO] - Generation 353/400 - Time: 0.00 seconds
[2026-05-30 10:20:36,351][root][INFO] - {'coverage': '100.00', 'max_fitness': '0.00', 'passive_coverage': '69.82', 'passive_max_fitness': '0.00', 'passive_mean_fitness': '-60.63', 'passive_qd_score': '57766.50', 'qd_score': '107653.11', 'mean_fitness_top_k': '0.00'}
[2026-05-30 10:20:37,341][root][INFO] - Generation 354/400 - Time: 0.00 seconds
[2026-05-30 10:20:37,342][root][INFO] - {'coverage': '100.00', 'max_fitness': '0.00', 'passive_coverage': '69.82', 'passive_max_fitness': '0.00', 'passive_mean_fitness': '-60.63', 'passive_qd_score': '57766.50', 'qd_score': '108403.45', 'mean_fitness_top_k': '0.00'}
[2026-05-30 10:20:38,333][root][INFO] - Generation 355/400 - Time: 0.00 seconds
[2026-05-30 10:20:38,334][root][INFO] - {'coverage': '100.00', 'max_fitness': '0.00', 'passive_coverage': '69.82', 'passive_max_fitness': '0.00', 'passive_mean_fitness': '-60.63', 'passive_qd_score': '57766.50', 'qd_score': '108578.86', 'mean_fitness_top_k': '0.00'}
[2026-05-30 10:20:39,366][root][INFO] - Generation 356/400 - Time: 0.00 seconds
[2026-05-30 10:20:39,368][root][INFO] - {'coverage': '100.00', 'max_fitness': '0.00', 'passive_coverage': '69.92', 'passive_max_fitness': '0.00', 'passive_mean_fitness': '-60.67', 'passive_qd_score': '57819.04', 'qd_score': '109071.41', 'mean_fitness_top_k': '0.00'}
[2026-05-30 10:20:40,369][root][INFO] - Generation 357/400 - Time: 0.00 seconds
[2026-05-30 10:20:40,370][root][INFO] - {'coverage': '100.00', 'max_fitness': '0.00', 'passive_coverage': '70.02', 'passive_max_fitness': '0.00', 'passive_mean_fitness': '-60.58', 'passive_qd_score': '57960.46', 'qd_score': '109256.07', 'mean_fitness_top_k': '0.00'}
[2026-05-30 10:20:41,387][root][INFO] - Generation 358/400 - Time: 0.00 seconds
[2026-05-30 10:20:41,387][root][INFO] - {'coverage': '100.00', 'max_fitness': '0.00', 'passive_coverage': '70.02', 'passive_max_fitness': '0.00', 'passive_mean_fitness': '-60.58', 'passive_qd_score': '57960.93', 'qd_score': '109795.70', 'mean_fitness_top_k': '0.00'}
[2026-05-30 10:20:42,376][root][INFO] - Generation 359/400 - Time: 0.00 seconds
[2026-05-30 10:20:42,377][root][INFO] - {'coverage': '100.00', 'max_fitness': '0.00', 'passive_coverage': '70.02', 'passive_max_fitness': '0.00', 'passive_mean_fitness': '-60.58', 'passive_qd_score': '57962.01', 'qd_score': '110075.62', 'mean_fitness_top_k': '0.00'}
[2026-05-30 10:20:43,373][root][INFO] - Generation 360/400 - Time: 0.00 seconds
[2026-05-30 10:20:43,374][root][INFO] - {'coverage': '100.00', 'max_fitness': '0.00', 'passive_coverage': '70.02', 'passive_max_fitness': '0.00', 'passive_mean_fitness': '-60.58', 'passive_qd_score': '57962.01', 'qd_score': '110207.56', 'mean_fitness_top_k': '0.00'}
[2026-05-30 10:20:44,369][root][INFO] - Generation 361/400 - Time: 0.00 seconds
[2026-05-30 10:20:44,369][root][INFO] - {'coverage': '100.00', 'max_fitness': '0.00', 'passive_coverage': '70.02', 'passive_max_fitness': '0.00', 'passive_mean_fitness': '-60.58', 'passive_qd_score': '57962.01', 'qd_score': '110593.36', 'mean_fitness_top_k': '0.00'}
[2026-05-30 10:20:45,359][root][INFO] - Generation 362/400 - Time: 0.00 seconds
[2026-05-30 10:20:45,359][root][INFO] - {'coverage': '100.00', 'max_fitness': '0.00', 'passive_coverage': '70.02', 'passive_max_fitness': '0.00', 'passive_mean_fitness': '-60.58', 'passive_qd_score': '57962.01', 'qd_score': '110965.03', 'mean_fitness_top_k': '0.00'}
[2026-05-30 10:20:46,375][root][INFO] - Generation 363/400 - Time: 0.00 seconds
[2026-05-30 10:20:46,376][root][INFO] - {'coverage': '100.00', 'max_fitness': '0.00', 'passive_coverage': '70.02', 'passive_max_fitness': '0.00', 'passive_mean_fitness': '-60.58', 'passive_qd_score': '57962.46', 'qd_score': '111278.28', 'mean_fitness_top_k': '0.00'}
[2026-05-30 10:20:47,367][root][INFO] - Generation 364/400 - Time: 0.00 seconds
[2026-05-30 10:20:47,368][root][INFO] - {'coverage': '100.00', 'max_fitness': '0.00', 'passive_coverage': '70.02', 'passive_max_fitness': '0.00', 'passive_mean_fitness': '-60.58', 'passive_qd_score': '57962.46', 'qd_score': '111628.72', 'mean_fitness_top_k': '0.00'}
[2026-05-30 10:20:48,357][root][INFO] - Generation 365/400 - Time: 0.00 seconds
[2026-05-30 10:20:48,358][root][INFO] - {'coverage': '100.00', 'max_fitness': '0.00', 'passive_coverage': '70.12', 'passive_max_fitness': '0.00', 'passive_mean_fitness': '-60.54', 'passive_qd_score': '58074.12', 'qd_score': '112375.84', 'mean_fitness_top_k': '0.00'}
[2026-05-30 10:20:49,379][root][INFO] - Generation 366/400 - Time: 0.00 seconds
[2026-05-30 10:20:49,380][root][INFO] - {'coverage': '100.00', 'max_fitness': '0.00', 'passive_coverage': '70.12', 'passive_max_fitness': '0.00', 'passive_mean_fitness': '-60.54', 'passive_qd_score': '58074.73', 'qd_score': '112527.38', 'mean_fitness_top_k': '0.00'}
[2026-05-30 10:20:50,500][root][INFO] - Generation 367/400 - Time: 0.00 seconds
[2026-05-30 10:20:50,501][root][INFO] - {'coverage': '100.00', 'max_fitness': '0.00', 'passive_coverage': '70.12', 'passive_max_fitness': '0.00', 'passive_mean_fitness': '-60.54', 'passive_qd_score': '58074.73', 'qd_score': '112344.81', 'mean_fitness_top_k': '0.00'}
[2026-05-30 10:20:51,658][root][INFO] - Generation 368/400 - Time: 0.00 seconds
[2026-05-30 10:20:51,659][root][INFO] - {'coverage': '100.00', 'max_fitness': '0.00', 'passive_coverage': '70.12', 'passive_max_fitness': '0.00', 'passive_mean_fitness': '-60.54', 'passive_qd_score': '58075.71', 'qd_score': '112680.82', 'mean_fitness_top_k': '0.00'}
[2026-05-30 10:20:52,801][root][INFO] - Generation 369/400 - Time: 0.00 seconds
[2026-05-30 10:20:52,803][root][INFO] - {'coverage': '100.00', 'max_fitness': '0.00', 'passive_coverage': '70.12', 'passive_max_fitness': '0.00', 'passive_mean_fitness': '-60.54', 'passive_qd_score': '58075.71', 'qd_score': '112880.94', 'mean_fitness_top_k': '0.00'}
[2026-05-30 10:20:53,932][root][INFO] - Generation 370/400 - Time: 0.00 seconds
[2026-05-30 10:20:53,933][root][INFO] - {'coverage': '100.00', 'max_fitness': '0.00', 'passive_coverage': '70.12', 'passive_max_fitness': '0.00', 'passive_mean_fitness': '-60.54', 'passive_qd_score': '58075.71', 'qd_score': '113264.62', 'mean_fitness_top_k': '0.00'}
[2026-05-30 10:20:55,064][root][INFO] - Generation 371/400 - Time: 0.00 seconds
[2026-05-30 10:20:55,065][root][INFO] - {'coverage': '100.00', 'max_fitness': '0.00', 'passive_coverage': '70.12', 'passive_max_fitness': '0.00', 'passive_mean_fitness': '-60.54', 'passive_qd_score': '58075.71', 'qd_score': '113974.70', 'mean_fitness_top_k': '0.00'}
[2026-05-30 10:20:56,205][root][INFO] - Generation 372/400 - Time: 0.00 seconds
[2026-05-30 10:20:56,206][root][INFO] - {'coverage': '100.00', 'max_fitness': '0.00', 'passive_coverage': '70.12', 'passive_max_fitness': '0.00', 'passive_mean_fitness': '-60.54', 'passive_qd_score': '58075.71', 'qd_score': '114164.19', 'mean_fitness_top_k': '0.00'}
[2026-05-30 10:20:57,350][root][INFO] - Generation 373/400 - Time: 0.00 seconds
[2026-05-30 10:20:57,351][root][INFO] - {'coverage': '100.00', 'max_fitness': '0.00', 'passive_coverage': '70.21', 'passive_max_fitness': '0.00', 'passive_mean_fitness': '-60.45', 'passive_qd_score': '58217.21', 'qd_score': '114500.11', 'mean_fitness_top_k': '0.00'}
[2026-05-30 10:20:58,492][root][INFO] - Generation 374/400 - Time: 0.00 seconds
[2026-05-30 10:20:58,493][root][INFO] - {'coverage': '100.00', 'max_fitness': '0.00', 'passive_coverage': '70.21', 'passive_max_fitness': '0.00', 'passive_mean_fitness': '-60.45', 'passive_qd_score': '58217.41', 'qd_score': '115050.62', 'mean_fitness_top_k': '0.00'}
[2026-05-30 10:20:59,666][root][INFO] - Generation 375/400 - Time: 0.00 seconds
[2026-05-30 10:20:59,667][root][INFO] - {'coverage': '100.00', 'max_fitness': '0.00', 'passive_coverage': '70.21', 'passive_max_fitness': '0.00', 'passive_mean_fitness': '-60.45', 'passive_qd_score': '58217.41', 'qd_score': '115276.62', 'mean_fitness_top_k': '0.00'}
[2026-05-30 10:21:00,833][root][INFO] - Generation 376/400 - Time: 0.00 seconds
[2026-05-30 10:21:00,834][root][INFO] - {'coverage': '100.00', 'max_fitness': '0.00', 'passive_coverage': '70.31', 'passive_max_fitness': '0.00', 'passive_mean_fitness': '-60.38', 'passive_qd_score': '58351.17', 'qd_score': '115482.09', 'mean_fitness_top_k': '0.00'}
[2026-05-30 10:21:02,030][root][INFO] - Generation 377/400 - Time: 0.00 seconds
[2026-05-30 10:21:02,031][root][INFO] - {'coverage': '100.00', 'max_fitness': '0.00', 'passive_coverage': '70.31', 'passive_max_fitness': '0.00', 'passive_mean_fitness': '-60.38', 'passive_qd_score': '58351.17', 'qd_score': '115647.75', 'mean_fitness_top_k': '0.00'}
[2026-05-30 10:21:03,198][root][INFO] - Generation 378/400 - Time: 0.00 seconds
[2026-05-30 10:21:03,199][root][INFO] - {'coverage': '100.00', 'max_fitness': '0.00', 'passive_coverage': '70.41', 'passive_max_fitness': '0.00', 'passive_mean_fitness': '-60.35', 'passive_qd_score': '58452.62', 'qd_score': '116255.97', 'mean_fitness_top_k': '0.00'}
[2026-05-30 10:21:04,341][root][INFO] - Generation 379/400 - Time: 0.00 seconds
[2026-05-30 10:21:04,342][root][INFO] - {'coverage': '100.00', 'max_fitness': '0.00', 'passive_coverage': '70.41', 'passive_max_fitness': '0.00', 'passive_mean_fitness': '-60.35', 'passive_qd_score': '58452.62', 'qd_score': '116330.06', 'mean_fitness_top_k': '0.00'}
[2026-05-30 10:21:05,479][root][INFO] - Updating AE...
[2026-05-30 10:21:06,295][root][INFO] - Epoch: 1, loss: 331.8817
[2026-05-30 10:21:06,369][root][INFO] - Epoch: 2, loss: 298.0435
[2026-05-30 10:21:06,443][root][INFO] - Epoch: 3, loss: 276.5727
[2026-05-30 10:21:06,517][root][INFO] - Epoch: 4, loss: 250.3331
[2026-05-30 10:21:06,591][root][INFO] - Epoch: 5, loss: 247.4306
[2026-05-30 10:21:06,665][root][INFO] - Epoch: 6, loss: 242.5347
[2026-05-30 10:21:06,738][root][INFO] - Epoch: 7, loss: 239.4854
[2026-05-30 10:21:06,812][root][INFO] - Epoch: 8, loss: 236.6042
[2026-05-30 10:21:06,885][root][INFO] - Epoch: 9, loss: 235.0436
[2026-05-30 10:21:06,959][root][INFO] - Epoch: 10, loss: 234.2065
[2026-05-30 10:21:07,034][root][INFO] - Epoch: 11, loss: 229.5915
[2026-05-30 10:21:07,107][root][INFO] - Epoch: 12, loss: 228.4316
[2026-05-30 10:21:07,180][root][INFO] - Epoch: 13, loss: 223.5769
[2026-05-30 10:21:07,254][root][INFO] - Epoch: 14, loss: 222.0253
[2026-05-30 10:21:07,329][root][INFO] - Epoch: 15, loss: 219.5731
[2026-05-30 10:21:07,401][root][INFO] - Epoch: 16, loss: 217.3560
[2026-05-30 10:21:07,475][root][INFO] - Epoch: 17, loss: 214.1353
[2026-05-30 10:21:07,550][root][INFO] - Epoch: 18, loss: 210.8355
[2026-05-30 10:21:07,627][root][INFO] - Epoch: 19, loss: 209.1679
[2026-05-30 10:21:07,702][root][INFO] - Epoch: 20, loss: 208.9010
[2026-05-30 10:21:07,776][root][INFO] - Epoch: 21, loss: 206.3406
[2026-05-30 10:21:07,851][root][INFO] - Epoch: 22, loss: 205.3095
[2026-05-30 10:21:07,925][root][INFO] - Epoch: 23, loss: 204.5833
[2026-05-30 10:21:07,999][root][INFO] - Epoch: 24, loss: 202.6997
[2026-05-30 10:21:08,074][root][INFO] - Epoch: 25, loss: 201.8547
[2026-05-30 10:21:08,148][root][INFO] - Epoch: 26, loss: 200.2699
[2026-05-30 10:21:08,222][root][INFO] - Epoch: 27, loss: 198.2702
[2026-05-30 10:21:08,296][root][INFO] - Epoch: 28, loss: 197.2760
[2026-05-30 10:21:08,369][root][INFO] - Epoch: 29, loss: 195.3890
[2026-05-30 10:21:08,443][root][INFO] - Epoch: 30, loss: 195.8829
[2026-05-30 10:21:08,517][root][INFO] - Epoch: 31, loss: 194.2491
[2026-05-30 10:21:08,591][root][INFO] - Epoch: 32, loss: 193.8100
[2026-05-30 10:21:08,665][root][INFO] - Epoch: 33, loss: 192.4368
[2026-05-30 10:21:08,739][root][INFO] - Epoch: 34, loss: 191.5905
[2026-05-30 10:21:08,812][root][INFO] - Epoch: 35, loss: 191.5418
[2026-05-30 10:21:08,897][root][INFO] - Epoch: 36, loss: 190.7875
[2026-05-30 10:21:08,972][root][INFO] - Epoch: 37, loss: 189.3537
[2026-05-30 10:21:09,046][root][INFO] - Epoch: 38, loss: 188.4826
[2026-05-30 10:21:09,120][root][INFO] - Epoch: 39, loss: 187.4666
[2026-05-30 10:21:09,193][root][INFO] - Epoch: 40, loss: 186.8730
[2026-05-30 10:21:09,267][root][INFO] - Epoch: 41, loss: 186.5497
[2026-05-30 10:21:09,341][root][INFO] - Epoch: 42, loss: 186.5012
[2026-05-30 10:21:09,414][root][INFO] - Epoch: 43, loss: 185.3652
[2026-05-30 10:21:09,488][root][INFO] - Epoch: 44, loss: 185.3550
[2026-05-30 10:21:09,562][root][INFO] - Epoch: 45, loss: 183.1147
[2026-05-30 10:21:09,635][root][INFO] - Epoch: 46, loss: 184.0975
[2026-05-30 10:21:09,708][root][INFO] - Epoch: 47, loss: 184.9886
[2026-05-30 10:21:09,782][root][INFO] - Epoch: 48, loss: 196.5798
[2026-05-30 10:21:09,857][root][INFO] - Epoch: 49, loss: 201.7700
[2026-05-30 10:21:09,942][root][INFO] - Epoch: 50, loss: 191.2610
[2026-05-30 10:21:10,019][root][INFO] - Epoch: 51, loss: 188.7614
[2026-05-30 10:21:10,095][root][INFO] - Epoch: 52, loss: 188.5599
[2026-05-30 10:21:10,170][root][INFO] - Epoch: 53, loss: 185.2840
[2026-05-30 10:21:10,246][root][INFO] - Epoch: 54, loss: 184.9004
[2026-05-30 10:21:10,321][root][INFO] - Epoch: 55, loss: 182.4549
[2026-05-30 10:21:10,395][root][INFO] - Epoch: 56, loss: 180.9913
[2026-05-30 10:21:10,470][root][INFO] - Epoch: 57, loss: 179.0244
[2026-05-30 10:21:10,546][root][INFO] - Epoch: 58, loss: 177.5137
[2026-05-30 10:21:10,621][root][INFO] - Epoch: 59, loss: 175.7722
[2026-05-30 10:21:10,697][root][INFO] - Epoch: 60, loss: 174.7077
[2026-05-30 10:21:10,772][root][INFO] - Epoch: 61, loss: 174.1715
[2026-05-30 10:21:10,847][root][INFO] - Epoch: 62, loss: 172.8701
[2026-05-30 10:21:10,922][root][INFO] - Epoch: 63, loss: 171.1422
[2026-05-30 10:21:10,998][root][INFO] - Epoch: 64, loss: 170.7453
[2026-05-30 10:21:11,074][root][INFO] - Epoch: 65, loss: 170.0798
[2026-05-30 10:21:11,149][root][INFO] - Epoch: 66, loss: 170.3615
[2026-05-30 10:21:11,224][root][INFO] - Epoch: 67, loss: 169.3344
[2026-05-30 10:21:11,306][root][INFO] - Epoch: 68, loss: 168.3316
[2026-05-30 10:21:11,391][root][INFO] - Epoch: 69, loss: 168.7133
[2026-05-30 10:21:11,468][root][INFO] - Epoch: 70, loss: 168.7720
[2026-05-30 10:21:11,543][root][INFO] - Epoch: 71, loss: 167.8569
[2026-05-30 10:21:11,619][root][INFO] - Epoch: 72, loss: 166.1457
[2026-05-30 10:21:11,694][root][INFO] - Epoch: 73, loss: 165.5552
[2026-05-30 10:21:11,770][root][INFO] - Epoch: 74, loss: 165.8884
[2026-05-30 10:21:11,845][root][INFO] - Epoch: 75, loss: 164.4581
[2026-05-30 10:21:11,919][root][INFO] - Epoch: 76, loss: 163.9999
[2026-05-30 10:21:11,992][root][INFO] - Epoch: 77, loss: 162.6704
[2026-05-30 10:21:12,067][root][INFO] - Epoch: 78, loss: 161.7894
[2026-05-30 10:21:12,141][root][INFO] - Epoch: 79, loss: 161.9832
[2026-05-30 10:21:12,216][root][INFO] - Epoch: 80, loss: 161.6872
[2026-05-30 10:21:12,290][root][INFO] - Epoch: 81, loss: 165.8015
[2026-05-30 10:21:12,364][root][INFO] - Epoch: 82, loss: 172.6566
[2026-05-30 10:21:12,437][root][INFO] - Epoch: 83, loss: 164.8327
[2026-05-30 10:21:12,523][root][INFO] - Epoch: 84, loss: 162.5559
[2026-05-30 10:21:12,606][root][INFO] - Epoch: 85, loss: 161.3292
[2026-05-30 10:21:12,692][root][INFO] - Epoch: 86, loss: 160.6365
[2026-05-30 10:21:12,776][root][INFO] - Epoch: 87, loss: 159.1684
[2026-05-30 10:21:12,857][root][INFO] - Epoch: 88, loss: 157.1717
[2026-05-30 10:21:12,933][root][INFO] - Epoch: 89, loss: 156.8000
[2026-05-30 10:21:13,007][root][INFO] - Epoch: 90, loss: 195.3896
[2026-05-30 10:21:13,081][root][INFO] - Epoch: 91, loss: 276.5672
[2026-05-30 10:21:13,154][root][INFO] - Epoch: 92, loss: 459.3011
[2026-05-30 10:21:13,230][root][INFO] - Epoch: 93, loss: 609.3020
[2026-05-30 10:21:13,304][root][INFO] - Epoch: 94, loss: 670.1459
[2026-05-30 10:21:13,379][root][INFO] - Epoch: 95, loss: 669.0899
[2026-05-30 10:21:13,454][root][INFO] - Epoch: 96, loss: 652.8580
[2026-05-30 10:21:13,528][root][INFO] - Epoch: 97, loss: 640.5565
[2026-05-30 10:21:13,602][root][INFO] - Epoch: 98, loss: 628.1764
[2026-05-30 10:21:13,676][root][INFO] - Epoch: 99, loss: 602.2509
[2026-05-30 10:21:13,752][root][INFO] - Epoch: 100, loss: 591.7388
[2026-05-30 10:21:13,753][root][INFO] - Early stopping at epoch: 99
[2026-05-30 10:21:13,797][root][INFO] - {'model_loss': '591.7388', 'recon_loss': '0.0000', 'triplet_loss': '591.7388'}
[2026-05-30 10:21:13,802][root][INFO] - Updating AE...
[2026-05-30 10:21:14,627][root][INFO] - Epoch: 1, loss: 372.7794
[2026-05-30 10:21:14,701][root][INFO] - Epoch: 2, loss: 264.1737
[2026-05-30 10:21:14,775][root][INFO] - Epoch: 3, loss: 242.7011
[2026-05-30 10:21:14,848][root][INFO] - Epoch: 4, loss: 205.2749
[2026-05-30 10:21:14,921][root][INFO] - Epoch: 5, loss: 172.3809
[2026-05-30 10:21:14,995][root][INFO] - Epoch: 6, loss: 149.2796
[2026-05-30 10:21:15,069][root][INFO] - Epoch: 7, loss: 144.0239
[2026-05-30 10:21:15,143][root][INFO] - Epoch: 8, loss: 114.1134
[2026-05-30 10:21:15,218][root][INFO] - Epoch: 9, loss: 97.4751
[2026-05-30 10:21:15,292][root][INFO] - Epoch: 10, loss: 92.3256
[2026-05-30 10:21:15,367][root][INFO] - Epoch: 11, loss: 88.5492
[2026-05-30 10:21:15,442][root][INFO] - Epoch: 12, loss: 82.3550
[2026-05-30 10:21:15,517][root][INFO] - Epoch: 13, loss: 72.5935
[2026-05-30 10:21:15,590][root][INFO] - Epoch: 14, loss: 73.8057
[2026-05-30 10:21:15,664][root][INFO] - Epoch: 15, loss: 70.8268
[2026-05-30 10:21:15,739][root][INFO] - Epoch: 16, loss: 66.6589
[2026-05-30 10:21:15,812][root][INFO] - Epoch: 17, loss: 64.9557
[2026-05-30 10:21:15,886][root][INFO] - Epoch: 18, loss: 60.1191
[2026-05-30 10:21:15,960][root][INFO] - Epoch: 19, loss: 58.2173
[2026-05-30 10:21:16,034][root][INFO] - Epoch: 20, loss: 56.7571
[2026-05-30 10:21:16,107][root][INFO] - Epoch: 21, loss: 54.7972
[2026-05-30 10:21:16,182][root][INFO] - Epoch: 22, loss: 53.6003
[2026-05-30 10:21:16,257][root][INFO] - Epoch: 23, loss: 52.1476
[2026-05-30 10:21:16,331][root][INFO] - Epoch: 24, loss: 52.1159
[2026-05-30 10:21:16,404][root][INFO] - Epoch: 25, loss: 50.6220
[2026-05-30 10:21:16,477][root][INFO] - Epoch: 26, loss: 54.9138
[2026-05-30 10:21:16,552][root][INFO] - Epoch: 27, loss: 56.4723
[2026-05-30 10:21:16,626][root][INFO] - Epoch: 28, loss: 55.3066
[2026-05-30 10:21:16,699][root][INFO] - Epoch: 29, loss: 50.0313
[2026-05-30 10:21:16,772][root][INFO] - Epoch: 30, loss: 45.4491
[2026-05-30 10:21:16,846][root][INFO] - Epoch: 31, loss: 42.9367
[2026-05-30 10:21:16,921][root][INFO] - Epoch: 32, loss: 40.6634
[2026-05-30 10:21:16,995][root][INFO] - Epoch: 33, loss: 38.9644
[2026-05-30 10:21:17,067][root][INFO] - Epoch: 34, loss: 36.6028
[2026-05-30 10:21:17,141][root][INFO] - Epoch: 35, loss: 35.3597
[2026-05-30 10:21:17,215][root][INFO] - Epoch: 36, loss: 34.7163
[2026-05-30 10:21:17,289][root][INFO] - Epoch: 37, loss: 34.5185
[2026-05-30 10:21:17,363][root][INFO] - Epoch: 38, loss: 34.0605
[2026-05-30 10:21:17,438][root][INFO] - Epoch: 39, loss: 33.9338
[2026-05-30 10:21:17,511][root][INFO] - Epoch: 40, loss: 34.1380
[2026-05-30 10:21:17,586][root][INFO] - Epoch: 41, loss: 33.6317
[2026-05-30 10:21:17,660][root][INFO] - Epoch: 42, loss: 33.1696
[2026-05-30 10:21:17,733][root][INFO] - Epoch: 43, loss: 32.6185
[2026-05-30 10:21:17,807][root][INFO] - Epoch: 44, loss: 32.0838
[2026-05-30 10:21:17,883][root][INFO] - Epoch: 45, loss: 31.4910
[2026-05-30 10:21:17,957][root][INFO] - Epoch: 46, loss: 30.7296
[2026-05-30 10:21:18,031][root][INFO] - Epoch: 47, loss: 29.3575
[2026-05-30 10:21:18,104][root][INFO] - Epoch: 48, loss: 28.0295
[2026-05-30 10:21:18,179][root][INFO] - Epoch: 49, loss: 26.9314
[2026-05-30 10:21:18,253][root][INFO] - Epoch: 50, loss: 25.8272
[2026-05-30 10:21:18,327][root][INFO] - Epoch: 51, loss: 22.0139
[2026-05-30 10:21:18,403][root][INFO] - Epoch: 52, loss: 17.5646
[2026-05-30 10:21:18,476][root][INFO] - Epoch: 53, loss: 17.1207
[2026-05-30 10:21:18,550][root][INFO] - Epoch: 54, loss: 16.6940
[2026-05-30 10:21:18,623][root][INFO] - Epoch: 55, loss: 16.3472
[2026-05-30 10:21:18,697][root][INFO] - Epoch: 56, loss: 15.9843
[2026-05-30 10:21:18,770][root][INFO] - Epoch: 57, loss: 15.6538
[2026-05-30 10:21:18,845][root][INFO] - Epoch: 58, loss: 15.4004
[2026-05-30 10:21:18,921][root][INFO] - Epoch: 59, loss: 15.2868
[2026-05-30 10:21:18,997][root][INFO] - Epoch: 60, loss: 14.9802
[2026-05-30 10:21:19,070][root][INFO] - Epoch: 61, loss: 14.6851
[2026-05-30 10:21:19,144][root][INFO] - Epoch: 62, loss: 14.4228
[2026-05-30 10:21:19,218][root][INFO] - Epoch: 63, loss: 14.1967
[2026-05-30 10:21:19,292][root][INFO] - Epoch: 64, loss: 13.9547
[2026-05-30 10:21:19,364][root][INFO] - Epoch: 65, loss: 13.6892
[2026-05-30 10:21:19,438][root][INFO] - Epoch: 66, loss: 13.4186
[2026-05-30 10:21:19,511][root][INFO] - Epoch: 67, loss: 13.1987
[2026-05-30 10:21:19,585][root][INFO] - Epoch: 68, loss: 13.0108
[2026-05-30 10:21:19,659][root][INFO] - Epoch: 69, loss: 12.8109
[2026-05-30 10:21:19,732][root][INFO] - Epoch: 70, loss: 12.6781
[2026-05-30 10:21:19,806][root][INFO] - Epoch: 71, loss: 12.4743
[2026-05-30 10:21:19,879][root][INFO] - Epoch: 72, loss: 12.3337
[2026-05-30 10:21:19,954][root][INFO] - Epoch: 73, loss: 12.2062
[2026-05-30 10:21:20,028][root][INFO] - Epoch: 74, loss: 12.0858
[2026-05-30 10:21:20,102][root][INFO] - Epoch: 75, loss: 11.9621
[2026-05-30 10:21:20,176][root][INFO] - Epoch: 76, loss: 11.8396
[2026-05-30 10:21:20,250][root][INFO] - Epoch: 77, loss: 11.7425
[2026-05-30 10:21:20,324][root][INFO] - Epoch: 78, loss: 11.6337
[2026-05-30 10:21:20,398][root][INFO] - Epoch: 79, loss: 11.5399
[2026-05-30 10:21:20,472][root][INFO] - Epoch: 80, loss: 11.4629
[2026-05-30 10:21:20,545][root][INFO] - Epoch: 81, loss: 11.3306
[2026-05-30 10:21:20,619][root][INFO] - Epoch: 82, loss: 11.2540
[2026-05-30 10:21:20,692][root][INFO] - Epoch: 83, loss: 11.1486
[2026-05-30 10:21:20,766][root][INFO] - Epoch: 84, loss: 11.0525
[2026-05-30 10:21:20,841][root][INFO] - Epoch: 85, loss: 10.9721
[2026-05-30 10:21:20,918][root][INFO] - Epoch: 86, loss: 10.9076
[2026-05-30 10:21:20,991][root][INFO] - Epoch: 87, loss: 10.8152
[2026-05-30 10:21:21,065][root][INFO] - Epoch: 88, loss: 10.7218
[2026-05-30 10:21:21,139][root][INFO] - Epoch: 89, loss: 10.6579
[2026-05-30 10:21:21,213][root][INFO] - Epoch: 90, loss: 10.5781
[2026-05-30 10:21:21,287][root][INFO] - Epoch: 91, loss: 10.5099
[2026-05-30 10:21:21,361][root][INFO] - Epoch: 92, loss: 10.4158
[2026-05-30 10:21:21,435][root][INFO] - Epoch: 93, loss: 10.3393
[2026-05-30 10:21:21,509][root][INFO] - Epoch: 94, loss: 10.2554
[2026-05-30 10:21:21,585][root][INFO] - Epoch: 95, loss: 10.2014
[2026-05-30 10:21:21,661][root][INFO] - Epoch: 96, loss: 10.1153
[2026-05-30 10:21:21,734][root][INFO] - Epoch: 97, loss: 10.0263
[2026-05-30 10:21:21,807][root][INFO] - Epoch: 98, loss: 9.9070
[2026-05-30 10:21:21,883][root][INFO] - Epoch: 99, loss: 9.8428
[2026-05-30 10:21:21,956][root][INFO] - Epoch: 100, loss: 9.7490
[2026-05-30 10:21:22,030][root][INFO] - Epoch: 101, loss: 9.6361
[2026-05-30 10:21:22,105][root][INFO] - Epoch: 102, loss: 9.5067
[2026-05-30 10:21:22,179][root][INFO] - Epoch: 103, loss: 9.3906
[2026-05-30 10:21:22,252][root][INFO] - Epoch: 104, loss: 9.2687
[2026-05-30 10:21:22,326][root][INFO] - Epoch: 105, loss: 9.1271
[2026-05-30 10:21:22,399][root][INFO] - Epoch: 106, loss: 9.4479
[2026-05-30 10:21:22,473][root][INFO] - Epoch: 107, loss: 16.0751
[2026-05-30 10:21:22,547][root][INFO] - Epoch: 108, loss: 21.9472
[2026-05-30 10:21:22,621][root][INFO] - Epoch: 109, loss: 23.7568
[2026-05-30 10:21:22,695][root][INFO] - Epoch: 110, loss: 22.9115
[2026-05-30 10:21:22,768][root][INFO] - Epoch: 111, loss: 21.4119
[2026-05-30 10:21:22,841][root][INFO] - Epoch: 112, loss: 20.0791
[2026-05-30 10:21:22,915][root][INFO] - Epoch: 113, loss: 19.3927
[2026-05-30 10:21:22,989][root][INFO] - Epoch: 114, loss: 19.0810
[2026-05-30 10:21:23,061][root][INFO] - Epoch: 115, loss: 18.7313
[2026-05-30 10:21:23,135][root][INFO] - Epoch: 116, loss: 18.1570
[2026-05-30 10:21:23,135][root][INFO] - Early stopping at epoch: 115
[2026-05-30 10:21:23,164][root][INFO] - {'model_loss': '18.1570', 'recon_loss': '0.0000', 'triplet_loss': '18.1570'}
[2026-05-30 10:21:23,168][root][INFO] - Generation 380/400 - Time: 0.00 seconds
[2026-05-30 10:21:23,169][root][INFO] - {'coverage': '100.00', 'max_fitness': '0.00', 'passive_coverage': '70.41', 'passive_max_fitness': '0.00', 'passive_mean_fitness': '-60.35', 'passive_qd_score': '58453.03', 'qd_score': '116639.50', 'mean_fitness_top_k': '0.00'}
[2026-05-30 10:21:24,365][root][INFO] - Generation 381/400 - Time: 0.00 seconds
[2026-05-30 10:21:24,366][root][INFO] - {'coverage': '100.00', 'max_fitness': '0.00', 'passive_coverage': '70.41', 'passive_max_fitness': '0.00', 'passive_mean_fitness': '-60.35', 'passive_qd_score': '58454.34', 'qd_score': '114454.72', 'mean_fitness_top_k': '0.00'}
[2026-05-30 10:21:25,506][root][INFO] - Generation 382/400 - Time: 0.00 seconds
[2026-05-30 10:21:25,506][root][INFO] - {'coverage': '100.00', 'max_fitness': '0.00', 'passive_coverage': '70.51', 'passive_max_fitness': '0.00', 'passive_mean_fitness': '-60.40', 'passive_qd_score': '58496.75', 'qd_score': '114930.33', 'mean_fitness_top_k': '0.00'}
[2026-05-30 10:21:26,658][root][INFO] - Generation 383/400 - Time: 0.00 seconds
[2026-05-30 10:21:26,659][root][INFO] - {'coverage': '100.00', 'max_fitness': '0.00', 'passive_coverage': '70.51', 'passive_max_fitness': '0.00', 'passive_mean_fitness': '-60.40', 'passive_qd_score': '58497.23', 'qd_score': '115334.19', 'mean_fitness_top_k': '0.00'}
[2026-05-30 10:21:27,809][root][INFO] - Generation 384/400 - Time: 0.00 seconds
[2026-05-30 10:21:27,810][root][INFO] - {'coverage': '100.00', 'max_fitness': '0.00', 'passive_coverage': '70.61', 'passive_max_fitness': '0.00', 'passive_mean_fitness': '-60.37', 'passive_qd_score': '58596.57', 'qd_score': '115719.48', 'mean_fitness_top_k': '0.00'}
[2026-05-30 10:21:28,906][root][INFO] - Generation 385/400 - Time: 0.00 seconds
[2026-05-30 10:21:28,910][root][INFO] - {'coverage': '100.00', 'max_fitness': '0.00', 'passive_coverage': '70.70', 'passive_max_fitness': '0.00', 'passive_mean_fitness': '-60.38', 'passive_qd_score': '58676.34', 'qd_score': '115869.20', 'mean_fitness_top_k': '0.00'}
[2026-05-30 10:21:29,932][root][INFO] - Generation 386/400 - Time: 0.00 seconds
[2026-05-30 10:21:29,933][root][INFO] - {'coverage': '100.00', 'max_fitness': '0.00', 'passive_coverage': '70.70', 'passive_max_fitness': '0.00', 'passive_mean_fitness': '-60.38', 'passive_qd_score': '58677.34', 'qd_score': '116247.11', 'mean_fitness_top_k': '0.00'}
[2026-05-30 10:21:30,966][root][INFO] - Generation 387/400 - Time: 0.00 seconds
[2026-05-30 10:21:30,967][root][INFO] - {'coverage': '100.00', 'max_fitness': '0.00', 'passive_coverage': '70.70', 'passive_max_fitness': '0.00', 'passive_mean_fitness': '-60.38', 'passive_qd_score': '58677.34', 'qd_score': '116699.66', 'mean_fitness_top_k': '0.00'}
[2026-05-30 10:21:31,957][root][INFO] - Generation 388/400 - Time: 0.00 seconds
[2026-05-30 10:21:31,957][root][INFO] - {'coverage': '100.00', 'max_fitness': '0.00', 'passive_coverage': '70.70', 'passive_max_fitness': '0.00', 'passive_mean_fitness': '-60.37', 'passive_qd_score': '58677.70', 'qd_score': '117477.73', 'mean_fitness_top_k': '0.00'}
[2026-05-30 10:21:32,951][root][INFO] - Generation 389/400 - Time: 0.00 seconds
[2026-05-30 10:21:32,952][root][INFO] - {'coverage': '100.00', 'max_fitness': '0.00', 'passive_coverage': '70.70', 'passive_max_fitness': '0.00', 'passive_mean_fitness': '-60.37', 'passive_qd_score': '58677.70', 'qd_score': '117744.91', 'mean_fitness_top_k': '0.00'}
[2026-05-30 10:21:33,972][root][INFO] - Generation 390/400 - Time: 0.00 seconds
[2026-05-30 10:21:33,972][root][INFO] - {'coverage': '100.00', 'max_fitness': '0.00', 'passive_coverage': '70.70', 'passive_max_fitness': '0.00', 'passive_mean_fitness': '-60.37', 'passive_qd_score': '58677.94', 'qd_score': '118266.67', 'mean_fitness_top_k': '0.00'}
[2026-05-30 10:21:34,963][root][INFO] - Generation 391/400 - Time: 0.00 seconds
[2026-05-30 10:21:34,964][root][INFO] - {'coverage': '100.00', 'max_fitness': '0.00', 'passive_coverage': '70.80', 'passive_max_fitness': '0.00', 'passive_mean_fitness': '-60.36', 'passive_qd_score': '58768.02', 'qd_score': '119105.77', 'mean_fitness_top_k': '0.00'}
[2026-05-30 10:21:35,956][root][INFO] - Generation 392/400 - Time: 0.00 seconds
[2026-05-30 10:21:35,957][root][INFO] - {'coverage': '100.00', 'max_fitness': '0.00', 'passive_coverage': '70.80', 'passive_max_fitness': '0.00', 'passive_mean_fitness': '-60.36', 'passive_qd_score': '58768.02', 'qd_score': '119784.58', 'mean_fitness_top_k': '0.00'}
[2026-05-30 10:21:36,979][root][INFO] - Generation 393/400 - Time: 0.00 seconds
[2026-05-30 10:21:36,979][root][INFO] - {'coverage': '100.00', 'max_fitness': '0.00', 'passive_coverage': '70.90', 'passive_max_fitness': '0.00', 'passive_mean_fitness': '-60.30', 'passive_qd_score': '58897.35', 'qd_score': '120160.97', 'mean_fitness_top_k': '0.00'}
[2026-05-30 10:21:38,013][root][INFO] - Generation 394/400 - Time: 0.00 seconds
[2026-05-30 10:21:38,014][root][INFO] - {'coverage': '100.00', 'max_fitness': '0.00', 'passive_coverage': '70.90', 'passive_max_fitness': '0.00', 'passive_mean_fitness': '-60.30', 'passive_qd_score': '58897.35', 'qd_score': '120741.20', 'mean_fitness_top_k': '0.00'}
[2026-05-30 10:21:39,011][root][INFO] - Generation 395/400 - Time: 0.00 seconds
[2026-05-30 10:21:39,012][root][INFO] - {'coverage': '100.00', 'max_fitness': '0.00', 'passive_coverage': '70.90', 'passive_max_fitness': '0.00', 'passive_mean_fitness': '-60.30', 'passive_qd_score': '58897.35', 'qd_score': '121145.75', 'mean_fitness_top_k': '0.00'}
[2026-05-30 10:21:40,007][root][INFO] - Generation 396/400 - Time: 0.00 seconds
[2026-05-30 10:21:40,008][root][INFO] - {'coverage': '100.00', 'max_fitness': '0.00', 'passive_coverage': '70.90', 'passive_max_fitness': '0.00', 'passive_mean_fitness': '-60.30', 'passive_qd_score': '58897.35', 'qd_score': '121614.02', 'mean_fitness_top_k': '0.00'}
[2026-05-30 10:21:41,043][root][INFO] - Generation 397/400 - Time: 0.00 seconds
[2026-05-30 10:21:41,043][root][INFO] - {'coverage': '100.00', 'max_fitness': '0.00', 'passive_coverage': '70.90', 'passive_max_fitness': '0.00', 'passive_mean_fitness': '-60.30', 'passive_qd_score': '58897.35', 'qd_score': '122518.06', 'mean_fitness_top_k': '0.00'}
[2026-05-30 10:21:42,101][root][INFO] - Generation 398/400 - Time: 0.00 seconds
[2026-05-30 10:21:42,103][root][INFO] - {'coverage': '100.00', 'max_fitness': '0.00', 'passive_coverage': '70.90', 'passive_max_fitness': '0.00', 'passive_mean_fitness': '-60.30', 'passive_qd_score': '58897.35', 'qd_score': '122883.16', 'mean_fitness_top_k': '0.00'}
[2026-05-30 10:21:43,145][root][INFO] - Generation 399/400 - Time: 0.00 seconds
[2026-05-30 10:21:43,146][root][INFO] - {'coverage': '100.00', 'max_fitness': '0.00', 'passive_coverage': '70.90', 'passive_max_fitness': '0.00', 'passive_mean_fitness': '-60.29', 'passive_qd_score': '58898.13', 'qd_score': '123556.31', 'mean_fitness_top_k': '0.00'}
[2026-05-30 10:21:44,163][root][INFO] - Generation 400/400 - Time: 0.00 seconds
[2026-05-30 10:21:44,164][root][INFO] - {'coverage': '100.00', 'max_fitness': '0.00', 'passive_coverage': '70.90', 'passive_max_fitness': '0.00', 'passive_mean_fitness': '-60.29', 'passive_qd_score': '58898.13', 'qd_score': '123753.17', 'mean_fitness_top_k': '0.00'}
[2026-05-30 10:21:44,177][root][INFO] - Trigger signal log saved to runs/20260530_100147_kheperax_seed42
