[2026-05-30 10:01:39,367][root][INFO] - {'wandb': {'project': 'mt-map-elites', 'job_type': 'train', 'name': '${now:%Y_%m_%d_%H_%M_%S}', 'mode': 'offline', 'group': '${env.name}', 'tags': ['${name}', '${env.name}']}, 'env': {'name': 'kheperax', 'reward_type': 'final', 'speed_bonus_factor': 1.0, 'episode_length': 200, 'resolution': [64, 64], 'policy_hidden_layer_size': [5], 'map_name': 'standard', 'lasers_return_minus_one_if_out_of_range': False, 'std_noise_wheel_velocities': 0.0, 'std_noise_sensor_measures': 0.0, 'action_scale': 0.025, 'grid_shape': [40, 40], 'min_bd': 0, 'max_bd': 1, 'num_init_cvt_samples': 50000, 'num_centroids': 1024, 'task': {'bd_extractor': 'xy_pos', 'grid_shape': [40, 40], 'min_bd': 0, 'max_bd': 1, 'num_init_cvt_samples': 50000, 'num_centroids': 1024, 'num_descriptors': 2}, 'vmax': 0, 'vmin': -124, 'observation_extraction': {'subsample': True, 'sampling_freq': 4, 'observation_option': 'sensory_data', 'normalize_obs': True, 'max_obs_size': 25}}, 'name': 'aurora_baseline', 'seed': 20, 'backend': 'jax', 'batch_size': 512, 'num_iterations': 2000, 'num_total_steps': 2000000, 'metrics_log_period': 5, 'log_answer_set_geometry': True, 'save_archive_checkpoints': False, 'archive_checkpoint_interval': 100, 'me_repertoire': False, 'iso_sigma': 0.2, 'line_sigma': 0, 'reinit_params': False, 'reinit_opt': True, 'no_csc': False, 'no_training': False, 'csc_orig': False, 'repertoire': 'adaptive', 'max_size': 1024, 'target_size': 922, 'l_value_init': 0.2, 'prop_gain': 0.0001, 'default_update_base': 10, 'model_batch_size': 128, 'hidden_size': 10, 'features': 8, 'model_epoch_period': 200, 'learning_rate': 0.01, 'min_delta_early_stopping': 0.0005, 'loss_type': 'triplet', 'triplet_margin': 0.2, 'triplet_loss_weight': 1, 'margin_auto_adjust': True, 'extinction': False, 'extinction_freq': 10, 'remaining_prop': 0.05, 'post_extinction_snapshot_offset': 5, 'top_k_percent': 20, 'extinction_mode': 'fixed_generations', 'target_extinction_count': 13, 'safe_keep': {'enabled': True, 'mode': 'fitness_coverage', 'remaining_prop': 0.05, 'fitness_coverage': {'n_bins': 5, 'min_per_bin': 'auto', 'neighbor_dist': 0.15}}, 'fixed_generations': {'generations': [250, 750]}, 'adaptive_extinction': {'warmup': 50, 'patience': 10, 'alpha': 0.2, 'cooldown': 10, 'd_min_patience': 5, 'd_min_alpha': 0.2, 'd_min_warmup': 25, 'd_min_cooldown': 5, 'd_min_window': 10, 'fitness_window': 10, 'd_min_stagnation_threshold': 0.03, 'fitness_improvement_threshold': 0.05, 'high_d_min_threshold': 0.75, 'high_d_min_patience': 12, 'fitness_patience': 5, 'ramped_prop_min': 0.05, 'ramped_prop_max': 0.4}, 'env_params': {'kheperax': {'iso_sigma': 0.2, 'line_sigma': 0}, 'ant_maze': {'iso_sigma': 0.005, 'line_sigma': 0.05}, 'walker': {'iso_sigma': 0.005, 'line_sigma': 0.05}, 'half_cheetah': {'iso_sigma': 0.005, 'line_sigma': 0.05}}}
[2026-05-30 10:01:39,367][root][INFO] - Training
[2026-05-30 10:01:39,812][jax._src.xla_bridge][INFO] - Unable to initialize backend 'rocm': module 'jaxlib.xla_extension' has no attribute 'GpuAllocatorConfig'
[2026-05-30 10:01:39,813][jax._src.xla_bridge][INFO] - Unable to initialize backend 'tpu': INTERNAL: Failed to open libtpu.so: libtpu.so: cannot open shared object file: No such file or directory
[2026-05-30 10:01:40,521][root][INFO] - Policy params count (search space): 42
[2026-05-30 10:01:41,102][root][INFO] - AE params count: 1335
[2026-05-30 10:01:41,103][root][INFO] - Algorithm initialization
[2026-05-30 10:01:44,753][root][INFO] - Repertoire initialized in 3.65 seconds
[2026-05-30 10:01:46,283][root][INFO] - Epoch: 1, loss: 0.0000
[2026-05-30 10:01:46,359][root][INFO] - Epoch: 2, loss: 0.0000
[2026-05-30 10:01:46,437][root][INFO] - Epoch: 3, loss: 0.0000
[2026-05-30 10:01:46,505][root][INFO] - Epoch: 4, loss: 0.0000
[2026-05-30 10:01:46,571][root][INFO] - Epoch: 5, loss: 0.0000
[2026-05-30 10:01:46,638][root][INFO] - Epoch: 6, loss: 0.0000
[2026-05-30 10:01:46,705][root][INFO] - Epoch: 7, loss: 0.0000
[2026-05-30 10:01:46,772][root][INFO] - Epoch: 8, loss: 0.0000
[2026-05-30 10:01:46,839][root][INFO] - Epoch: 9, loss: 0.0000
[2026-05-30 10:01:46,909][root][INFO] - Epoch: 10, loss: 0.0000
[2026-05-30 10:01:46,975][root][INFO] - Epoch: 11, loss: 0.0000
[2026-05-30 10:01:47,041][root][INFO] - Epoch: 12, loss: 0.0000
[2026-05-30 10:01:47,042][root][INFO] - Early stopping at epoch: 11
[2026-05-30 10:01:47,242][root][INFO] - Saving initialization snapshot
[2026-05-30 10:01:48,780][root][INFO] - Trigger signal logger writing to /workspace/src/output/final_fixed_generations_seed20/runs/20260530_100147_kheperax_seed20
[2026-05-30 10:01:52,190][root][INFO] - Generation 1/400 - Time: 2.05 seconds
[2026-05-30 10:01:52,197][root][INFO] - {'coverage': '100.00', 'max_fitness': '-13.17', 'passive_coverage': '12.99', 'passive_max_fitness': '-13.17', 'passive_mean_fitness': '-64.65', 'passive_qd_score': '10210.50', 'qd_score': '72492.04', 'mean_fitness_top_k': '-51.82'}
[2026-05-30 10:01:53,406][root][INFO] - Updating AE...
[2026-05-30 10:01:54,241][root][INFO] - Epoch: 1, loss: 11847.1230
[2026-05-30 10:01:54,307][root][INFO] - Epoch: 2, loss: 2311.6780
[2026-05-30 10:01:54,375][root][INFO] - Epoch: 3, loss: 1314.5020
[2026-05-30 10:01:54,440][root][INFO] - Epoch: 4, loss: 962.7752
[2026-05-30 10:01:54,508][root][INFO] - Epoch: 5, loss: 814.4581
[2026-05-30 10:01:54,575][root][INFO] - Epoch: 6, loss: 731.0466
[2026-05-30 10:01:54,643][root][INFO] - Epoch: 7, loss: 678.1061
[2026-05-30 10:01:54,710][root][INFO] - Epoch: 8, loss: 641.9388
[2026-05-30 10:01:54,776][root][INFO] - Epoch: 9, loss: 618.3835
[2026-05-30 10:01:54,845][root][INFO] - Epoch: 10, loss: 600.3143
[2026-05-30 10:01:54,914][root][INFO] - Epoch: 11, loss: 585.9215
[2026-05-30 10:01:54,982][root][INFO] - Epoch: 12, loss: 572.6023
[2026-05-30 10:01:55,050][root][INFO] - Epoch: 13, loss: 563.1199
[2026-05-30 10:01:55,118][root][INFO] - Epoch: 14, loss: 554.3702
[2026-05-30 10:01:55,185][root][INFO] - Epoch: 15, loss: 546.2480
[2026-05-30 10:01:55,253][root][INFO] - Epoch: 16, loss: 539.5786
[2026-05-30 10:01:55,321][root][INFO] - Epoch: 17, loss: 534.0923
[2026-05-30 10:01:55,389][root][INFO] - Epoch: 18, loss: 528.9846
[2026-05-30 10:01:55,457][root][INFO] - Epoch: 19, loss: 523.6223
[2026-05-30 10:01:55,525][root][INFO] - Epoch: 20, loss: 519.5378
[2026-05-30 10:01:55,594][root][INFO] - Epoch: 21, loss: 515.9416
[2026-05-30 10:01:55,662][root][INFO] - Epoch: 22, loss: 512.4073
[2026-05-30 10:01:55,731][root][INFO] - Epoch: 23, loss: 509.3256
[2026-05-30 10:01:55,801][root][INFO] - Epoch: 24, loss: 506.4309
[2026-05-30 10:01:55,869][root][INFO] - Epoch: 25, loss: 503.8152
[2026-05-30 10:01:55,937][root][INFO] - Epoch: 26, loss: 501.5480
[2026-05-30 10:01:56,006][root][INFO] - Epoch: 27, loss: 499.2409
[2026-05-30 10:01:56,074][root][INFO] - Epoch: 28, loss: 497.2839
[2026-05-30 10:01:56,141][root][INFO] - Epoch: 29, loss: 495.4409
[2026-05-30 10:01:56,210][root][INFO] - Epoch: 30, loss: 493.4405
[2026-05-30 10:01:56,278][root][INFO] - Epoch: 31, loss: 491.6256
[2026-05-30 10:01:56,347][root][INFO] - Epoch: 32, loss: 490.0273
[2026-05-30 10:01:56,414][root][INFO] - Epoch: 33, loss: 488.4596
[2026-05-30 10:01:56,481][root][INFO] - Epoch: 34, loss: 486.8743
[2026-05-30 10:01:56,548][root][INFO] - Epoch: 35, loss: 485.0221
[2026-05-30 10:01:56,616][root][INFO] - Epoch: 36, loss: 484.0262
[2026-05-30 10:01:56,685][root][INFO] - Epoch: 37, loss: 481.7212
[2026-05-30 10:01:56,751][root][INFO] - Epoch: 38, loss: 480.4068
[2026-05-30 10:01:56,819][root][INFO] - Epoch: 39, loss: 478.9117
[2026-05-30 10:01:56,887][root][INFO] - Epoch: 40, loss: 477.7871
[2026-05-30 10:01:56,955][root][INFO] - Epoch: 41, loss: 476.4326
[2026-05-30 10:01:57,024][root][INFO] - Epoch: 42, loss: 474.7161
[2026-05-30 10:01:57,092][root][INFO] - Epoch: 43, loss: 473.6790
[2026-05-30 10:01:57,161][root][INFO] - Epoch: 44, loss: 472.0072
[2026-05-30 10:01:57,230][root][INFO] - Epoch: 45, loss: 471.3689
[2026-05-30 10:01:57,298][root][INFO] - Epoch: 46, loss: 469.8102
[2026-05-30 10:01:57,367][root][INFO] - Epoch: 47, loss: 469.0317
[2026-05-30 10:01:57,435][root][INFO] - Epoch: 48, loss: 468.0687
[2026-05-30 10:01:57,504][root][INFO] - Epoch: 49, loss: 466.9885
[2026-05-30 10:01:57,572][root][INFO] - Epoch: 50, loss: 466.9541
[2026-05-30 10:01:57,640][root][INFO] - Epoch: 51, loss: 464.7577
[2026-05-30 10:01:57,708][root][INFO] - Epoch: 52, loss: 465.3841
[2026-05-30 10:01:57,776][root][INFO] - Epoch: 53, loss: 464.1973
[2026-05-30 10:01:57,846][root][INFO] - Epoch: 54, loss: 462.0908
[2026-05-30 10:01:57,915][root][INFO] - Epoch: 55, loss: 461.4124
[2026-05-30 10:01:57,983][root][INFO] - Epoch: 56, loss: 461.4950
[2026-05-30 10:01:58,051][root][INFO] - Epoch: 57, loss: 461.9687
[2026-05-30 10:01:58,119][root][INFO] - Epoch: 58, loss: 462.5442
[2026-05-30 10:01:58,187][root][INFO] - Epoch: 59, loss: 460.1554
[2026-05-30 10:01:58,256][root][INFO] - Epoch: 60, loss: 459.0502
[2026-05-30 10:01:58,324][root][INFO] - Epoch: 61, loss: 460.1776
[2026-05-30 10:01:58,391][root][INFO] - Epoch: 62, loss: 457.5409
[2026-05-30 10:01:58,459][root][INFO] - Epoch: 63, loss: 456.8979
[2026-05-30 10:01:58,527][root][INFO] - Epoch: 64, loss: 455.0955
[2026-05-30 10:01:58,593][root][INFO] - Epoch: 65, loss: 455.6720
[2026-05-30 10:01:58,661][root][INFO] - Epoch: 66, loss: 454.0244
[2026-05-30 10:01:58,729][root][INFO] - Epoch: 67, loss: 457.0311
[2026-05-30 10:01:58,797][root][INFO] - Epoch: 68, loss: 462.2646
[2026-05-30 10:01:58,865][root][INFO] - Epoch: 69, loss: 464.6093
[2026-05-30 10:01:58,932][root][INFO] - Epoch: 70, loss: 456.9791
[2026-05-30 10:01:59,002][root][INFO] - Epoch: 71, loss: 454.1984
[2026-05-30 10:01:59,070][root][INFO] - Epoch: 72, loss: 453.3833
[2026-05-30 10:01:59,138][root][INFO] - Epoch: 73, loss: 452.4515
[2026-05-30 10:01:59,206][root][INFO] - Epoch: 74, loss: 452.5431
[2026-05-30 10:01:59,274][root][INFO] - Epoch: 75, loss: 452.9347
[2026-05-30 10:01:59,342][root][INFO] - Epoch: 76, loss: 451.6954
[2026-05-30 10:01:59,411][root][INFO] - Epoch: 77, loss: 456.8800
[2026-05-30 10:01:59,480][root][INFO] - Epoch: 78, loss: 453.9276
[2026-05-30 10:01:59,550][root][INFO] - Epoch: 79, loss: 450.9976
[2026-05-30 10:01:59,618][root][INFO] - Epoch: 80, loss: 458.9868
[2026-05-30 10:01:59,686][root][INFO] - Epoch: 81, loss: 453.6563
[2026-05-30 10:01:59,755][root][INFO] - Epoch: 82, loss: 450.6115
[2026-05-30 10:01:59,824][root][INFO] - Epoch: 83, loss: 449.1719
[2026-05-30 10:01:59,893][root][INFO] - Epoch: 84, loss: 449.8185
[2026-05-30 10:01:59,961][root][INFO] - Epoch: 85, loss: 449.2802
[2026-05-30 10:02:00,029][root][INFO] - Epoch: 86, loss: 449.1129
[2026-05-30 10:02:00,098][root][INFO] - Epoch: 87, loss: 448.5461
[2026-05-30 10:02:00,167][root][INFO] - Epoch: 88, loss: 450.0876
[2026-05-30 10:02:00,235][root][INFO] - Epoch: 89, loss: 449.7484
[2026-05-30 10:02:00,305][root][INFO] - Epoch: 90, loss: 448.0334
[2026-05-30 10:02:00,373][root][INFO] - Epoch: 91, loss: 446.9273
[2026-05-30 10:02:00,442][root][INFO] - Epoch: 92, loss: 446.0047
[2026-05-30 10:02:00,510][root][INFO] - Epoch: 93, loss: 449.5686
[2026-05-30 10:02:00,578][root][INFO] - Epoch: 94, loss: 448.1327
[2026-05-30 10:02:00,646][root][INFO] - Epoch: 95, loss: 446.2931
[2026-05-30 10:02:00,715][root][INFO] - Epoch: 96, loss: 445.9280
[2026-05-30 10:02:00,784][root][INFO] - Epoch: 97, loss: 444.1425
[2026-05-30 10:02:00,852][root][INFO] - Epoch: 98, loss: 449.7585
[2026-05-30 10:02:00,920][root][INFO] - Epoch: 99, loss: 455.0434
[2026-05-30 10:02:00,988][root][INFO] - Epoch: 100, loss: 451.3465
[2026-05-30 10:02:01,057][root][INFO] - Epoch: 101, loss: 447.4390
[2026-05-30 10:02:01,125][root][INFO] - Epoch: 102, loss: 444.2809
[2026-05-30 10:02:01,193][root][INFO] - Epoch: 103, loss: 440.5479
[2026-05-30 10:02:01,262][root][INFO] - Epoch: 104, loss: 445.5613
[2026-05-30 10:02:01,331][root][INFO] - Epoch: 105, loss: 444.6368
[2026-05-30 10:02:01,399][root][INFO] - Epoch: 106, loss: 445.3365
[2026-05-30 10:02:01,467][root][INFO] - Epoch: 107, loss: 444.4213
[2026-05-30 10:02:01,534][root][INFO] - Epoch: 108, loss: 445.7714
[2026-05-30 10:02:01,603][root][INFO] - Epoch: 109, loss: 443.4232
[2026-05-30 10:02:01,671][root][INFO] - Epoch: 110, loss: 442.6615
[2026-05-30 10:02:01,739][root][INFO] - Epoch: 111, loss: 440.5464
[2026-05-30 10:02:01,805][root][INFO] - Epoch: 112, loss: 444.0287
[2026-05-30 10:02:01,874][root][INFO] - Epoch: 113, loss: 443.3345
[2026-05-30 10:02:01,942][root][INFO] - Epoch: 114, loss: 437.0279
[2026-05-30 10:02:02,009][root][INFO] - Epoch: 115, loss: 442.3351
[2026-05-30 10:02:02,076][root][INFO] - Epoch: 116, loss: 439.4448
[2026-05-30 10:02:02,143][root][INFO] - Epoch: 117, loss: 437.3641
[2026-05-30 10:02:02,210][root][INFO] - Epoch: 118, loss: 441.0612
[2026-05-30 10:02:02,279][root][INFO] - Epoch: 119, loss: 442.2738
[2026-05-30 10:02:02,347][root][INFO] - Epoch: 120, loss: 437.4492
[2026-05-30 10:02:02,416][root][INFO] - Epoch: 121, loss: 438.0389
[2026-05-30 10:02:02,484][root][INFO] - Epoch: 122, loss: 441.1467
[2026-05-30 10:02:02,553][root][INFO] - Epoch: 123, loss: 438.0450
[2026-05-30 10:02:02,623][root][INFO] - Epoch: 124, loss: 447.7698
[2026-05-30 10:02:02,692][root][INFO] - Epoch: 125, loss: 439.5017
[2026-05-30 10:02:02,692][root][INFO] - Early stopping at epoch: 124
[2026-05-30 10:02:02,744][root][INFO] - {'model_loss': '439.5017', 'recon_loss': '0.0000', 'triplet_loss': '439.5017'}
[2026-05-30 10:02:02,748][root][INFO] - Updating AE...
[2026-05-30 10:02:03,490][root][INFO] - Epoch: 1, loss: 70.2680
[2026-05-30 10:02:03,559][root][INFO] - Epoch: 2, loss: 24.9136
[2026-05-30 10:02:03,627][root][INFO] - Epoch: 3, loss: 13.6892
[2026-05-30 10:02:03,694][root][INFO] - Epoch: 4, loss: 9.3558
[2026-05-30 10:02:03,762][root][INFO] - Epoch: 5, loss: 7.2088
[2026-05-30 10:02:03,829][root][INFO] - Epoch: 6, loss: 6.1140
[2026-05-30 10:02:03,896][root][INFO] - Epoch: 7, loss: 5.4934
[2026-05-30 10:02:03,965][root][INFO] - Epoch: 8, loss: 5.0878
[2026-05-30 10:02:04,034][root][INFO] - Epoch: 9, loss: 4.7649
[2026-05-30 10:02:04,100][root][INFO] - Epoch: 10, loss: 4.5845
[2026-05-30 10:02:04,167][root][INFO] - Epoch: 11, loss: 4.4108
[2026-05-30 10:02:04,234][root][INFO] - Epoch: 12, loss: 4.2751
[2026-05-30 10:02:04,301][root][INFO] - Epoch: 13, loss: 4.1882
[2026-05-30 10:02:04,369][root][INFO] - Epoch: 14, loss: 4.0999
[2026-05-30 10:02:04,438][root][INFO] - Epoch: 15, loss: 4.0346
[2026-05-30 10:02:04,509][root][INFO] - Epoch: 16, loss: 3.9605
[2026-05-30 10:02:04,577][root][INFO] - Epoch: 17, loss: 3.9102
[2026-05-30 10:02:04,647][root][INFO] - Epoch: 18, loss: 3.8549
[2026-05-30 10:02:04,716][root][INFO] - Epoch: 19, loss: 3.8270
[2026-05-30 10:02:04,786][root][INFO] - Epoch: 20, loss: 3.7916
[2026-05-30 10:02:04,855][root][INFO] - Epoch: 21, loss: 3.7596
[2026-05-30 10:02:04,924][root][INFO] - Epoch: 22, loss: 3.7449
[2026-05-30 10:02:04,993][root][INFO] - Epoch: 23, loss: 3.8336
[2026-05-30 10:02:05,062][root][INFO] - Epoch: 24, loss: 3.7477
[2026-05-30 10:02:05,131][root][INFO] - Epoch: 25, loss: 3.7097
[2026-05-30 10:02:05,199][root][INFO] - Epoch: 26, loss: 3.6669
[2026-05-30 10:02:05,269][root][INFO] - Epoch: 27, loss: 3.6585
[2026-05-30 10:02:05,339][root][INFO] - Epoch: 28, loss: 3.6475
[2026-05-30 10:02:05,408][root][INFO] - Epoch: 29, loss: 3.6160
[2026-05-30 10:02:05,476][root][INFO] - Epoch: 30, loss: 3.6763
[2026-05-30 10:02:05,546][root][INFO] - Epoch: 31, loss: 3.6339
[2026-05-30 10:02:05,616][root][INFO] - Epoch: 32, loss: 3.5988
[2026-05-30 10:02:05,685][root][INFO] - Epoch: 33, loss: 3.5845
[2026-05-30 10:02:05,755][root][INFO] - Epoch: 34, loss: 3.5624
[2026-05-30 10:02:05,824][root][INFO] - Epoch: 35, loss: 3.5746
[2026-05-30 10:02:05,893][root][INFO] - Epoch: 36, loss: 3.5552
[2026-05-30 10:02:05,962][root][INFO] - Epoch: 37, loss: 3.5644
[2026-05-30 10:02:06,033][root][INFO] - Epoch: 38, loss: 3.5432
[2026-05-30 10:02:06,102][root][INFO] - Epoch: 39, loss: 3.5525
[2026-05-30 10:02:06,170][root][INFO] - Epoch: 40, loss: 3.4982
[2026-05-30 10:02:06,240][root][INFO] - Epoch: 41, loss: 3.5202
[2026-05-30 10:02:06,307][root][INFO] - Epoch: 42, loss: 3.5102
[2026-05-30 10:02:06,376][root][INFO] - Epoch: 43, loss: 3.5249
[2026-05-30 10:02:06,446][root][INFO] - Epoch: 44, loss: 3.5127
[2026-05-30 10:02:06,515][root][INFO] - Epoch: 45, loss: 3.4849
[2026-05-30 10:02:06,584][root][INFO] - Epoch: 46, loss: 3.5151
[2026-05-30 10:02:06,654][root][INFO] - Epoch: 47, loss: 3.4960
[2026-05-30 10:02:06,722][root][INFO] - Epoch: 48, loss: 3.4777
[2026-05-30 10:02:06,791][root][INFO] - Epoch: 49, loss: 3.4666
[2026-05-30 10:02:06,862][root][INFO] - Epoch: 50, loss: 3.4585
[2026-05-30 10:02:06,931][root][INFO] - Epoch: 51, loss: 3.4420
[2026-05-30 10:02:07,000][root][INFO] - Epoch: 52, loss: 3.4556
[2026-05-30 10:02:07,069][root][INFO] - Epoch: 53, loss: 3.4406
[2026-05-30 10:02:07,137][root][INFO] - Epoch: 54, loss: 3.4334
[2026-05-30 10:02:07,207][root][INFO] - Epoch: 55, loss: 3.4300
[2026-05-30 10:02:07,277][root][INFO] - Epoch: 56, loss: 3.4391
[2026-05-30 10:02:07,347][root][INFO] - Epoch: 57, loss: 3.4674
[2026-05-30 10:02:07,418][root][INFO] - Epoch: 58, loss: 3.4390
[2026-05-30 10:02:07,487][root][INFO] - Epoch: 59, loss: 3.4188
[2026-05-30 10:02:07,557][root][INFO] - Epoch: 60, loss: 3.4067
[2026-05-30 10:02:07,625][root][INFO] - Epoch: 61, loss: 3.4123
[2026-05-30 10:02:07,692][root][INFO] - Epoch: 62, loss: 3.4293
[2026-05-30 10:02:07,763][root][INFO] - Epoch: 63, loss: 3.4174
[2026-05-30 10:02:07,833][root][INFO] - Epoch: 64, loss: 3.4514
[2026-05-30 10:02:07,904][root][INFO] - Epoch: 65, loss: 3.4215
[2026-05-30 10:02:07,972][root][INFO] - Epoch: 66, loss: 3.4051
[2026-05-30 10:02:08,041][root][INFO] - Epoch: 67, loss: 3.3976
[2026-05-30 10:02:08,109][root][INFO] - Epoch: 68, loss: 3.4076
[2026-05-30 10:02:08,177][root][INFO] - Epoch: 69, loss: 3.3967
[2026-05-30 10:02:08,248][root][INFO] - Epoch: 70, loss: 3.3757
[2026-05-30 10:02:08,320][root][INFO] - Epoch: 71, loss: 3.3884
[2026-05-30 10:02:08,389][root][INFO] - Epoch: 72, loss: 3.3908
[2026-05-30 10:02:08,461][root][INFO] - Epoch: 73, loss: 3.3673
[2026-05-30 10:02:08,528][root][INFO] - Epoch: 74, loss: 3.3686
[2026-05-30 10:02:08,602][root][INFO] - Epoch: 75, loss: 3.3736
[2026-05-30 10:02:08,675][root][INFO] - Epoch: 76, loss: 3.3568
[2026-05-30 10:02:08,742][root][INFO] - Epoch: 77, loss: 3.3580
[2026-05-30 10:02:08,809][root][INFO] - Epoch: 78, loss: 3.3661
[2026-05-30 10:02:08,876][root][INFO] - Epoch: 79, loss: 3.3719
[2026-05-30 10:02:08,943][root][INFO] - Epoch: 80, loss: 3.3890
[2026-05-30 10:02:09,010][root][INFO] - Epoch: 81, loss: 3.3662
[2026-05-30 10:02:09,110][root][INFO] - Epoch: 82, loss: 3.3976
[2026-05-30 10:02:09,181][root][INFO] - Epoch: 83, loss: 3.3800
[2026-05-30 10:02:09,252][root][INFO] - Epoch: 84, loss: 3.3629
[2026-05-30 10:02:09,322][root][INFO] - Epoch: 85, loss: 3.3373
[2026-05-30 10:02:09,391][root][INFO] - Epoch: 86, loss: 3.3539
[2026-05-30 10:02:09,464][root][INFO] - Epoch: 87, loss: 3.3407
[2026-05-30 10:02:09,535][root][INFO] - Epoch: 88, loss: 3.3423
[2026-05-30 10:02:09,607][root][INFO] - Epoch: 89, loss: 3.3486
[2026-05-30 10:02:09,676][root][INFO] - Epoch: 90, loss: 3.3769
[2026-05-30 10:02:09,747][root][INFO] - Epoch: 91, loss: 3.3782
[2026-05-30 10:02:09,816][root][INFO] - Epoch: 92, loss: 3.3364
[2026-05-30 10:02:09,885][root][INFO] - Epoch: 93, loss: 3.3856
[2026-05-30 10:02:09,956][root][INFO] - Epoch: 94, loss: 3.3696
[2026-05-30 10:02:10,027][root][INFO] - Epoch: 95, loss: 3.3554
[2026-05-30 10:02:10,098][root][INFO] - Epoch: 96, loss: 3.3450
[2026-05-30 10:02:10,168][root][INFO] - Epoch: 97, loss: 3.3201
[2026-05-30 10:02:10,237][root][INFO] - Epoch: 98, loss: 3.3134
[2026-05-30 10:02:10,307][root][INFO] - Epoch: 99, loss: 3.3274
[2026-05-30 10:02:10,376][root][INFO] - Epoch: 100, loss: 3.3297
[2026-05-30 10:02:10,445][root][INFO] - Epoch: 101, loss: 3.3105
[2026-05-30 10:02:10,513][root][INFO] - Epoch: 102, loss: 3.3006
[2026-05-30 10:02:10,582][root][INFO] - Epoch: 103, loss: 3.3185
[2026-05-30 10:02:10,651][root][INFO] - Epoch: 104, loss: 3.3188
[2026-05-30 10:02:10,720][root][INFO] - Epoch: 105, loss: 3.3120
[2026-05-30 10:02:10,790][root][INFO] - Epoch: 106, loss: 3.3617
[2026-05-30 10:02:10,860][root][INFO] - Epoch: 107, loss: 3.3209
[2026-05-30 10:02:10,930][root][INFO] - Epoch: 108, loss: 3.3191
[2026-05-30 10:02:11,001][root][INFO] - Epoch: 109, loss: 3.2912
[2026-05-30 10:02:11,071][root][INFO] - Epoch: 110, loss: 3.2712
[2026-05-30 10:02:11,138][root][INFO] - Epoch: 111, loss: 3.2693
[2026-05-30 10:02:11,208][root][INFO] - Epoch: 112, loss: 3.3030
[2026-05-30 10:02:11,278][root][INFO] - Epoch: 113, loss: 3.2649
[2026-05-30 10:02:11,350][root][INFO] - Epoch: 114, loss: 3.2888
[2026-05-30 10:02:11,419][root][INFO] - Epoch: 115, loss: 3.2713
[2026-05-30 10:02:11,486][root][INFO] - Epoch: 116, loss: 3.2882
[2026-05-30 10:02:11,556][root][INFO] - Epoch: 117, loss: 3.2888
[2026-05-30 10:02:11,626][root][INFO] - Epoch: 118, loss: 3.2653
[2026-05-30 10:02:11,696][root][INFO] - Epoch: 119, loss: 3.2580
[2026-05-30 10:02:11,766][root][INFO] - Epoch: 120, loss: 3.2721
[2026-05-30 10:02:11,835][root][INFO] - Epoch: 121, loss: 3.2478
[2026-05-30 10:02:11,903][root][INFO] - Epoch: 122, loss: 3.2562
[2026-05-30 10:02:11,972][root][INFO] - Epoch: 123, loss: 3.2501
[2026-05-30 10:02:12,040][root][INFO] - Epoch: 124, loss: 3.2601
[2026-05-30 10:02:12,109][root][INFO] - Epoch: 125, loss: 3.2270
[2026-05-30 10:02:12,180][root][INFO] - Epoch: 126, loss: 3.2370
[2026-05-30 10:02:12,249][root][INFO] - Epoch: 127, loss: 3.1997
[2026-05-30 10:02:12,316][root][INFO] - Epoch: 128, loss: 3.2760
[2026-05-30 10:02:12,386][root][INFO] - Epoch: 129, loss: 3.2392
[2026-05-30 10:02:12,455][root][INFO] - Epoch: 130, loss: 3.2815
[2026-05-30 10:02:12,525][root][INFO] - Epoch: 131, loss: 3.2591
[2026-05-30 10:02:12,596][root][INFO] - Epoch: 132, loss: 3.2279
[2026-05-30 10:02:12,667][root][INFO] - Epoch: 133, loss: 3.2061
[2026-05-30 10:02:12,737][root][INFO] - Epoch: 134, loss: 3.1949
[2026-05-30 10:02:12,807][root][INFO] - Epoch: 135, loss: 3.2048
[2026-05-30 10:02:12,877][root][INFO] - Epoch: 136, loss: 3.2062
[2026-05-30 10:02:12,947][root][INFO] - Epoch: 137, loss: 3.1859
[2026-05-30 10:02:13,020][root][INFO] - Epoch: 138, loss: 3.1538
[2026-05-30 10:02:13,090][root][INFO] - Epoch: 139, loss: 3.2258
[2026-05-30 10:02:13,159][root][INFO] - Epoch: 140, loss: 3.2470
[2026-05-30 10:02:13,229][root][INFO] - Epoch: 141, loss: 3.1659
[2026-05-30 10:02:13,299][root][INFO] - Epoch: 142, loss: 3.1432
[2026-05-30 10:02:13,369][root][INFO] - Epoch: 143, loss: 3.1977
[2026-05-30 10:02:13,440][root][INFO] - Epoch: 144, loss: 3.2041
[2026-05-30 10:02:13,509][root][INFO] - Epoch: 145, loss: 3.1636
[2026-05-30 10:02:13,579][root][INFO] - Epoch: 146, loss: 3.1459
[2026-05-30 10:02:13,650][root][INFO] - Epoch: 147, loss: 3.2374
[2026-05-30 10:02:13,720][root][INFO] - Epoch: 148, loss: 3.2866
[2026-05-30 10:02:13,789][root][INFO] - Epoch: 149, loss: 3.2275
[2026-05-30 10:02:13,858][root][INFO] - Epoch: 150, loss: 3.2315
[2026-05-30 10:02:13,928][root][INFO] - Epoch: 151, loss: 3.1565
[2026-05-30 10:02:13,999][root][INFO] - Epoch: 152, loss: 3.1447
[2026-05-30 10:02:14,070][root][INFO] - Epoch: 153, loss: 3.2062
[2026-05-30 10:02:14,071][root][INFO] - Early stopping at epoch: 152
[2026-05-30 10:02:14,141][root][INFO] - {'model_loss': '3.2062', 'recon_loss': '0.0000', 'triplet_loss': '3.2062'}
[2026-05-30 10:02:14,145][root][INFO] - Generation 2/400 - Time: 0.00 seconds
[2026-05-30 10:02:14,145][root][INFO] - {'coverage': '100.00', 'max_fitness': '-13.17', 'passive_coverage': '15.43', 'passive_max_fitness': '-13.17', 'passive_mean_fitness': '-61.59', 'passive_qd_score': '12612.58', 'qd_score': '78324.52', 'mean_fitness_top_k': '-37.34'}
[2026-05-30 10:02:15,138][root][INFO] - Generation 3/400 - Time: 0.00 seconds
[2026-05-30 10:02:15,139][root][INFO] - {'coverage': '100.00', 'max_fitness': '-13.17', 'passive_coverage': '16.50', 'passive_max_fitness': '-13.17', 'passive_mean_fitness': '-60.76', 'passive_qd_score': '13632.44', 'qd_score': '74929.84', 'mean_fitness_top_k': '-40.19'}
[2026-05-30 10:02:16,119][root][INFO] - Generation 4/400 - Time: 0.00 seconds
[2026-05-30 10:02:16,120][root][INFO] - {'coverage': '100.00', 'max_fitness': '-13.17', 'passive_coverage': '17.19', 'passive_max_fitness': '-13.17', 'passive_mean_fitness': '-60.64', 'passive_qd_score': '14218.17', 'qd_score': '74953.37', 'mean_fitness_top_k': '-40.74'}
[2026-05-30 10:02:17,097][root][INFO] - Generation 5/400 - Time: 0.00 seconds
[2026-05-30 10:02:17,098][root][INFO] - {'coverage': '100.00', 'max_fitness': '-13.13', 'passive_coverage': '17.87', 'passive_max_fitness': '-13.13', 'passive_mean_fitness': '-60.19', 'passive_qd_score': '14864.80', 'qd_score': '75300.53', 'mean_fitness_top_k': '-40.21'}
[2026-05-30 10:02:18,078][root][INFO] - Updating AE...
[2026-05-30 10:02:18,833][root][INFO] - Epoch: 1, loss: 58.5539
[2026-05-30 10:02:18,905][root][INFO] - Epoch: 2, loss: 54.7504
[2026-05-30 10:02:18,976][root][INFO] - Epoch: 3, loss: 53.4796
[2026-05-30 10:02:19,046][root][INFO] - Epoch: 4, loss: 53.4362
[2026-05-30 10:02:19,114][root][INFO] - Epoch: 5, loss: 52.2174
[2026-05-30 10:02:19,185][root][INFO] - Epoch: 6, loss: 51.6187
[2026-05-30 10:02:19,254][root][INFO] - Epoch: 7, loss: 51.2028
[2026-05-30 10:02:19,325][root][INFO] - Epoch: 8, loss: 51.2252
[2026-05-30 10:02:19,396][root][INFO] - Epoch: 9, loss: 50.3340
[2026-05-30 10:02:19,466][root][INFO] - Epoch: 10, loss: 50.2344
[2026-05-30 10:02:19,536][root][INFO] - Epoch: 11, loss: 49.2604
[2026-05-30 10:02:19,605][root][INFO] - Epoch: 12, loss: 48.7957
[2026-05-30 10:02:19,674][root][INFO] - Epoch: 13, loss: 48.6087
[2026-05-30 10:02:19,744][root][INFO] - Epoch: 14, loss: 48.1516
[2026-05-30 10:02:19,814][root][INFO] - Epoch: 15, loss: 48.5209
[2026-05-30 10:02:19,885][root][INFO] - Epoch: 16, loss: 48.3951
[2026-05-30 10:02:19,956][root][INFO] - Epoch: 17, loss: 48.0652
[2026-05-30 10:02:20,027][root][INFO] - Epoch: 18, loss: 46.7005
[2026-05-30 10:02:20,097][root][INFO] - Epoch: 19, loss: 46.1122
[2026-05-30 10:02:20,168][root][INFO] - Epoch: 20, loss: 45.7226
[2026-05-30 10:02:20,238][root][INFO] - Epoch: 21, loss: 46.2527
[2026-05-30 10:02:20,308][root][INFO] - Epoch: 22, loss: 46.2577
[2026-05-30 10:02:20,378][root][INFO] - Epoch: 23, loss: 46.4188
[2026-05-30 10:02:20,448][root][INFO] - Epoch: 24, loss: 45.6286
[2026-05-30 10:02:20,519][root][INFO] - Epoch: 25, loss: 45.4771
[2026-05-30 10:02:20,590][root][INFO] - Epoch: 26, loss: 44.8669
[2026-05-30 10:02:20,661][root][INFO] - Epoch: 27, loss: 44.3195
[2026-05-30 10:02:20,732][root][INFO] - Epoch: 28, loss: 44.2399
[2026-05-30 10:02:20,807][root][INFO] - Epoch: 29, loss: 43.6721
[2026-05-30 10:02:20,880][root][INFO] - Epoch: 30, loss: 43.4954
[2026-05-30 10:02:20,953][root][INFO] - Epoch: 31, loss: 42.9962
[2026-05-30 10:02:21,026][root][INFO] - Epoch: 32, loss: 42.7581
[2026-05-30 10:02:21,099][root][INFO] - Epoch: 33, loss: 42.3741
[2026-05-30 10:02:21,171][root][INFO] - Epoch: 34, loss: 42.7541
[2026-05-30 10:02:21,245][root][INFO] - Epoch: 35, loss: 42.9324
[2026-05-30 10:02:21,317][root][INFO] - Epoch: 36, loss: 42.4890
[2026-05-30 10:02:21,391][root][INFO] - Epoch: 37, loss: 42.8327
[2026-05-30 10:02:21,463][root][INFO] - Epoch: 38, loss: 42.7037
[2026-05-30 10:02:21,535][root][INFO] - Epoch: 39, loss: 42.0848
[2026-05-30 10:02:21,609][root][INFO] - Epoch: 40, loss: 41.6860
[2026-05-30 10:02:21,680][root][INFO] - Epoch: 41, loss: 41.9206
[2026-05-30 10:02:21,754][root][INFO] - Epoch: 42, loss: 42.0447
[2026-05-30 10:02:21,827][root][INFO] - Epoch: 43, loss: 41.5231
[2026-05-30 10:02:21,901][root][INFO] - Epoch: 44, loss: 41.4290
[2026-05-30 10:02:21,975][root][INFO] - Epoch: 45, loss: 40.9634
[2026-05-30 10:02:22,047][root][INFO] - Epoch: 46, loss: 41.1473
[2026-05-30 10:02:22,119][root][INFO] - Epoch: 47, loss: 40.7624
[2026-05-30 10:02:22,192][root][INFO] - Epoch: 48, loss: 40.6982
[2026-05-30 10:02:22,264][root][INFO] - Epoch: 49, loss: 39.9219
[2026-05-30 10:02:22,336][root][INFO] - Epoch: 50, loss: 40.2929
[2026-05-30 10:02:22,410][root][INFO] - Epoch: 51, loss: 39.9119
[2026-05-30 10:02:22,482][root][INFO] - Epoch: 52, loss: 39.2901
[2026-05-30 10:02:22,555][root][INFO] - Epoch: 53, loss: 39.6345
[2026-05-30 10:02:22,629][root][INFO] - Epoch: 54, loss: 39.7187
[2026-05-30 10:02:22,701][root][INFO] - Epoch: 55, loss: 38.6768
[2026-05-30 10:02:22,774][root][INFO] - Epoch: 56, loss: 38.9096
[2026-05-30 10:02:22,846][root][INFO] - Epoch: 57, loss: 38.1335
[2026-05-30 10:02:22,919][root][INFO] - Epoch: 58, loss: 37.8940
[2026-05-30 10:02:22,998][root][INFO] - Epoch: 59, loss: 37.5033
[2026-05-30 10:02:23,070][root][INFO] - Epoch: 60, loss: 37.2298
[2026-05-30 10:02:23,144][root][INFO] - Epoch: 61, loss: 37.9327
[2026-05-30 10:02:23,217][root][INFO] - Epoch: 62, loss: 37.5661
[2026-05-30 10:02:23,290][root][INFO] - Epoch: 63, loss: 36.2294
[2026-05-30 10:02:23,364][root][INFO] - Epoch: 64, loss: 36.7870
[2026-05-30 10:02:23,437][root][INFO] - Epoch: 65, loss: 36.6089
[2026-05-30 10:02:23,508][root][INFO] - Epoch: 66, loss: 37.2375
[2026-05-30 10:02:23,581][root][INFO] - Epoch: 67, loss: 37.1757
[2026-05-30 10:02:23,655][root][INFO] - Epoch: 68, loss: 36.0636
[2026-05-30 10:02:23,727][root][INFO] - Epoch: 69, loss: 37.6342
[2026-05-30 10:02:23,800][root][INFO] - Epoch: 70, loss: 37.5235
[2026-05-30 10:02:23,872][root][INFO] - Epoch: 71, loss: 35.7190
[2026-05-30 10:02:23,944][root][INFO] - Epoch: 72, loss: 35.5535
[2026-05-30 10:02:24,018][root][INFO] - Epoch: 73, loss: 36.3143
[2026-05-30 10:02:24,091][root][INFO] - Epoch: 74, loss: 35.2689
[2026-05-30 10:02:24,165][root][INFO] - Epoch: 75, loss: 34.7876
[2026-05-30 10:02:24,236][root][INFO] - Epoch: 76, loss: 34.4568
[2026-05-30 10:02:24,310][root][INFO] - Epoch: 77, loss: 34.3904
[2026-05-30 10:02:24,383][root][INFO] - Epoch: 78, loss: 34.4240
[2026-05-30 10:02:24,456][root][INFO] - Epoch: 79, loss: 34.6909
[2026-05-30 10:02:24,528][root][INFO] - Epoch: 80, loss: 34.3022
[2026-05-30 10:02:24,600][root][INFO] - Epoch: 81, loss: 35.0026
[2026-05-30 10:02:24,672][root][INFO] - Epoch: 82, loss: 34.2553
[2026-05-30 10:02:24,742][root][INFO] - Epoch: 83, loss: 33.8283
[2026-05-30 10:02:24,811][root][INFO] - Epoch: 84, loss: 32.8301
[2026-05-30 10:02:24,883][root][INFO] - Epoch: 85, loss: 33.8391
[2026-05-30 10:02:24,952][root][INFO] - Epoch: 86, loss: 32.9347
[2026-05-30 10:02:25,021][root][INFO] - Epoch: 87, loss: 32.2240
[2026-05-30 10:02:25,091][root][INFO] - Epoch: 88, loss: 31.7899
[2026-05-30 10:02:25,162][root][INFO] - Epoch: 89, loss: 31.4722
[2026-05-30 10:02:25,233][root][INFO] - Epoch: 90, loss: 31.5474
[2026-05-30 10:02:25,308][root][INFO] - Epoch: 91, loss: 31.6135
[2026-05-30 10:02:25,386][root][INFO] - Epoch: 92, loss: 31.9182
[2026-05-30 10:02:25,457][root][INFO] - Epoch: 93, loss: 31.7473
[2026-05-30 10:02:25,526][root][INFO] - Epoch: 94, loss: 31.1312
[2026-05-30 10:02:25,595][root][INFO] - Epoch: 95, loss: 31.0309
[2026-05-30 10:02:25,665][root][INFO] - Epoch: 96, loss: 30.6200
[2026-05-30 10:02:25,736][root][INFO] - Epoch: 97, loss: 29.2919
[2026-05-30 10:02:25,805][root][INFO] - Epoch: 98, loss: 29.2883
[2026-05-30 10:02:25,875][root][INFO] - Epoch: 99, loss: 29.6895
[2026-05-30 10:02:25,947][root][INFO] - Epoch: 100, loss: 30.1652
[2026-05-30 10:02:26,017][root][INFO] - Epoch: 101, loss: 29.6207
[2026-05-30 10:02:26,087][root][INFO] - Epoch: 102, loss: 29.5115
[2026-05-30 10:02:26,158][root][INFO] - Epoch: 103, loss: 29.4884
[2026-05-30 10:02:26,228][root][INFO] - Epoch: 104, loss: 28.8039
[2026-05-30 10:02:26,299][root][INFO] - Epoch: 105, loss: 28.9187
[2026-05-30 10:02:26,370][root][INFO] - Epoch: 106, loss: 28.6521
[2026-05-30 10:02:26,441][root][INFO] - Epoch: 107, loss: 28.8174
[2026-05-30 10:02:26,512][root][INFO] - Epoch: 108, loss: 28.6354
[2026-05-30 10:02:26,583][root][INFO] - Epoch: 109, loss: 28.6335
[2026-05-30 10:02:26,653][root][INFO] - Epoch: 110, loss: 28.6474
[2026-05-30 10:02:26,723][root][INFO] - Epoch: 111, loss: 27.4209
[2026-05-30 10:02:26,794][root][INFO] - Epoch: 112, loss: 27.2956
[2026-05-30 10:02:26,886][root][INFO] - Epoch: 113, loss: 27.3322
[2026-05-30 10:02:26,956][root][INFO] - Epoch: 114, loss: 28.8401
[2026-05-30 10:02:27,026][root][INFO] - Epoch: 115, loss: 28.5418
[2026-05-30 10:02:27,095][root][INFO] - Epoch: 116, loss: 28.0407
[2026-05-30 10:02:27,166][root][INFO] - Epoch: 117, loss: 27.9431
[2026-05-30 10:02:27,235][root][INFO] - Epoch: 118, loss: 28.0117
[2026-05-30 10:02:27,306][root][INFO] - Epoch: 119, loss: 28.3291
[2026-05-30 10:02:27,376][root][INFO] - Epoch: 120, loss: 27.6650
[2026-05-30 10:02:27,445][root][INFO] - Epoch: 121, loss: 26.7289
[2026-05-30 10:02:27,515][root][INFO] - Epoch: 122, loss: 26.9040
[2026-05-30 10:02:27,585][root][INFO] - Epoch: 123, loss: 27.6584
[2026-05-30 10:02:27,655][root][INFO] - Epoch: 124, loss: 26.5166
[2026-05-30 10:02:27,725][root][INFO] - Epoch: 125, loss: 26.4768
[2026-05-30 10:02:27,797][root][INFO] - Epoch: 126, loss: 26.1274
[2026-05-30 10:02:27,868][root][INFO] - Epoch: 127, loss: 25.7674
[2026-05-30 10:02:27,937][root][INFO] - Epoch: 128, loss: 25.9291
[2026-05-30 10:02:28,008][root][INFO] - Epoch: 129, loss: 25.6408
[2026-05-30 10:02:28,078][root][INFO] - Epoch: 130, loss: 25.0826
[2026-05-30 10:02:28,149][root][INFO] - Epoch: 131, loss: 25.2787
[2026-05-30 10:02:28,218][root][INFO] - Epoch: 132, loss: 25.0511
[2026-05-30 10:02:28,291][root][INFO] - Epoch: 133, loss: 25.3167
[2026-05-30 10:02:28,361][root][INFO] - Epoch: 134, loss: 25.2488
[2026-05-30 10:02:28,431][root][INFO] - Epoch: 135, loss: 25.4225
[2026-05-30 10:02:28,503][root][INFO] - Epoch: 136, loss: 24.6931
[2026-05-30 10:02:28,573][root][INFO] - Epoch: 137, loss: 25.8671
[2026-05-30 10:02:28,643][root][INFO] - Epoch: 138, loss: 25.4196
[2026-05-30 10:02:28,715][root][INFO] - Epoch: 139, loss: 26.0357
[2026-05-30 10:02:28,785][root][INFO] - Epoch: 140, loss: 25.6267
[2026-05-30 10:02:28,855][root][INFO] - Epoch: 141, loss: 25.1816
[2026-05-30 10:02:28,926][root][INFO] - Epoch: 142, loss: 25.0684
[2026-05-30 10:02:28,996][root][INFO] - Epoch: 143, loss: 25.1960
[2026-05-30 10:02:29,068][root][INFO] - Epoch: 144, loss: 23.6529
[2026-05-30 10:02:29,137][root][INFO] - Epoch: 145, loss: 23.8763
[2026-05-30 10:02:29,208][root][INFO] - Epoch: 146, loss: 23.8762
[2026-05-30 10:02:29,280][root][INFO] - Epoch: 147, loss: 23.9335
[2026-05-30 10:02:29,350][root][INFO] - Epoch: 148, loss: 23.8452
[2026-05-30 10:02:29,423][root][INFO] - Epoch: 149, loss: 23.8517
[2026-05-30 10:02:29,494][root][INFO] - Epoch: 150, loss: 23.1837
[2026-05-30 10:02:29,563][root][INFO] - Epoch: 151, loss: 23.0226
[2026-05-30 10:02:29,635][root][INFO] - Epoch: 152, loss: 23.4633
[2026-05-30 10:02:29,707][root][INFO] - Epoch: 153, loss: 23.0929
[2026-05-30 10:02:29,777][root][INFO] - Epoch: 154, loss: 23.0507
[2026-05-30 10:02:29,847][root][INFO] - Epoch: 155, loss: 22.7322
[2026-05-30 10:02:29,919][root][INFO] - Epoch: 156, loss: 23.2463
[2026-05-30 10:02:29,990][root][INFO] - Epoch: 157, loss: 23.5559
[2026-05-30 10:02:30,060][root][INFO] - Epoch: 158, loss: 23.0893
[2026-05-30 10:02:30,131][root][INFO] - Epoch: 159, loss: 23.1598
[2026-05-30 10:02:30,202][root][INFO] - Epoch: 160, loss: 22.9630
[2026-05-30 10:02:30,271][root][INFO] - Epoch: 161, loss: 23.0527
[2026-05-30 10:02:30,342][root][INFO] - Epoch: 162, loss: 23.2643
[2026-05-30 10:02:30,414][root][INFO] - Epoch: 163, loss: 22.6210
[2026-05-30 10:02:30,483][root][INFO] - Epoch: 164, loss: 23.1988
[2026-05-30 10:02:30,553][root][INFO] - Epoch: 165, loss: 23.4887
[2026-05-30 10:02:30,624][root][INFO] - Epoch: 166, loss: 23.3477
[2026-05-30 10:02:30,695][root][INFO] - Epoch: 167, loss: 22.2562
[2026-05-30 10:02:30,766][root][INFO] - Epoch: 168, loss: 21.8089
[2026-05-30 10:02:30,838][root][INFO] - Epoch: 169, loss: 21.5225
[2026-05-30 10:02:30,907][root][INFO] - Epoch: 170, loss: 22.2557
[2026-05-30 10:02:30,978][root][INFO] - Epoch: 171, loss: 21.1289
[2026-05-30 10:02:31,049][root][INFO] - Epoch: 172, loss: 22.2316
[2026-05-30 10:02:31,119][root][INFO] - Epoch: 173, loss: 22.4415
[2026-05-30 10:02:31,190][root][INFO] - Epoch: 174, loss: 23.7237
[2026-05-30 10:02:31,260][root][INFO] - Epoch: 175, loss: 23.0957
[2026-05-30 10:02:31,331][root][INFO] - Epoch: 176, loss: 22.6121
[2026-05-30 10:02:31,403][root][INFO] - Epoch: 177, loss: 21.9560
[2026-05-30 10:02:31,474][root][INFO] - Epoch: 178, loss: 21.9356
[2026-05-30 10:02:31,544][root][INFO] - Epoch: 179, loss: 21.8031
[2026-05-30 10:02:31,614][root][INFO] - Epoch: 180, loss: 21.6163
[2026-05-30 10:02:31,684][root][INFO] - Epoch: 181, loss: 21.2813
[2026-05-30 10:02:31,755][root][INFO] - Epoch: 182, loss: 20.6660
[2026-05-30 10:02:31,828][root][INFO] - Epoch: 183, loss: 21.1341
[2026-05-30 10:02:31,899][root][INFO] - Epoch: 184, loss: 20.6800
[2026-05-30 10:02:31,969][root][INFO] - Epoch: 185, loss: 20.6861
[2026-05-30 10:02:32,040][root][INFO] - Epoch: 186, loss: 20.2381
[2026-05-30 10:02:32,111][root][INFO] - Epoch: 187, loss: 20.6246
[2026-05-30 10:02:32,181][root][INFO] - Epoch: 188, loss: 20.8494
[2026-05-30 10:02:32,251][root][INFO] - Epoch: 189, loss: 21.1903
[2026-05-30 10:02:32,322][root][INFO] - Epoch: 190, loss: 22.1295
[2026-05-30 10:02:32,392][root][INFO] - Epoch: 191, loss: 22.2686
[2026-05-30 10:02:32,461][root][INFO] - Epoch: 192, loss: 21.1603
[2026-05-30 10:02:32,531][root][INFO] - Epoch: 193, loss: 22.0252
[2026-05-30 10:02:32,601][root][INFO] - Epoch: 194, loss: 21.5919
[2026-05-30 10:02:32,670][root][INFO] - Epoch: 195, loss: 20.9051
[2026-05-30 10:02:32,741][root][INFO] - Epoch: 196, loss: 20.5432
[2026-05-30 10:02:32,812][root][INFO] - Epoch: 197, loss: 20.1883
[2026-05-30 10:02:32,883][root][INFO] - Epoch: 198, loss: 20.4551
[2026-05-30 10:02:32,954][root][INFO] - Epoch: 199, loss: 19.8948
[2026-05-30 10:02:33,025][root][INFO] - Epoch: 200, loss: 19.1110
[2026-05-30 10:02:33,075][root][INFO] - {'model_loss': '19.1110', 'recon_loss': '0.0000', 'triplet_loss': '19.1110'}
[2026-05-30 10:02:33,079][root][INFO] - Updating AE...
[2026-05-30 10:02:33,941][root][INFO] - Epoch: 1, loss: 105.5256
[2026-05-30 10:02:34,012][root][INFO] - Epoch: 2, loss: 81.2281
[2026-05-30 10:02:34,082][root][INFO] - Epoch: 3, loss: 78.8240
[2026-05-30 10:02:34,153][root][INFO] - Epoch: 4, loss: 77.3621
[2026-05-30 10:02:34,223][root][INFO] - Epoch: 5, loss: 75.9703
[2026-05-30 10:02:34,292][root][INFO] - Epoch: 6, loss: 74.4445
[2026-05-30 10:02:34,363][root][INFO] - Epoch: 7, loss: 73.2838
[2026-05-30 10:02:34,435][root][INFO] - Epoch: 8, loss: 71.7855
[2026-05-30 10:02:34,505][root][INFO] - Epoch: 9, loss: 70.9537
[2026-05-30 10:02:34,576][root][INFO] - Epoch: 10, loss: 69.9787
[2026-05-30 10:02:34,648][root][INFO] - Epoch: 11, loss: 69.3640
[2026-05-30 10:02:34,719][root][INFO] - Epoch: 12, loss: 67.9290
[2026-05-30 10:02:34,790][root][INFO] - Epoch: 13, loss: 67.3271
[2026-05-30 10:02:34,861][root][INFO] - Epoch: 14, loss: 66.6267
[2026-05-30 10:02:34,932][root][INFO] - Epoch: 15, loss: 66.5170
[2026-05-30 10:02:35,002][root][INFO] - Epoch: 16, loss: 65.5415
[2026-05-30 10:02:35,072][root][INFO] - Epoch: 17, loss: 64.5323
[2026-05-30 10:02:35,143][root][INFO] - Epoch: 18, loss: 63.7988
[2026-05-30 10:02:35,214][root][INFO] - Epoch: 19, loss: 63.5975
[2026-05-30 10:02:35,285][root][INFO] - Epoch: 20, loss: 63.2374
[2026-05-30 10:02:35,358][root][INFO] - Epoch: 21, loss: 62.1647
[2026-05-30 10:02:35,428][root][INFO] - Epoch: 22, loss: 62.7222
[2026-05-30 10:02:35,499][root][INFO] - Epoch: 23, loss: 62.3547
[2026-05-30 10:02:35,574][root][INFO] - Epoch: 24, loss: 60.2430
[2026-05-30 10:02:35,668][root][INFO] - Epoch: 25, loss: 60.3830
[2026-05-30 10:02:35,740][root][INFO] - Epoch: 26, loss: 60.6792
[2026-05-30 10:02:35,810][root][INFO] - Epoch: 27, loss: 59.6210
[2026-05-30 10:02:35,880][root][INFO] - Epoch: 28, loss: 58.2229
[2026-05-30 10:02:35,950][root][INFO] - Epoch: 29, loss: 57.1698
[2026-05-30 10:02:36,019][root][INFO] - Epoch: 30, loss: 57.8271
[2026-05-30 10:02:36,090][root][INFO] - Epoch: 31, loss: 57.3047
[2026-05-30 10:02:36,164][root][INFO] - Epoch: 32, loss: 57.5077
[2026-05-30 10:02:36,235][root][INFO] - Epoch: 33, loss: 56.8077
[2026-05-30 10:02:36,308][root][INFO] - Epoch: 34, loss: 54.7696
[2026-05-30 10:02:36,381][root][INFO] - Epoch: 35, loss: 56.2152
[2026-05-30 10:02:36,454][root][INFO] - Epoch: 36, loss: 59.1535
[2026-05-30 10:02:36,525][root][INFO] - Epoch: 37, loss: 57.4767
[2026-05-30 10:02:36,597][root][INFO] - Epoch: 38, loss: 55.2317
[2026-05-30 10:02:36,668][root][INFO] - Epoch: 39, loss: 54.0975
[2026-05-30 10:02:36,739][root][INFO] - Epoch: 40, loss: 53.0514
[2026-05-30 10:02:36,809][root][INFO] - Epoch: 41, loss: 52.7203
[2026-05-30 10:02:36,893][root][INFO] - Epoch: 42, loss: 52.4962
[2026-05-30 10:02:36,964][root][INFO] - Epoch: 43, loss: 52.4515
[2026-05-30 10:02:37,034][root][INFO] - Epoch: 44, loss: 52.3837
[2026-05-30 10:02:37,103][root][INFO] - Epoch: 45, loss: 50.4706
[2026-05-30 10:02:37,173][root][INFO] - Epoch: 46, loss: 50.6688
[2026-05-30 10:02:37,243][root][INFO] - Epoch: 47, loss: 50.2554
[2026-05-30 10:02:37,313][root][INFO] - Epoch: 48, loss: 50.1800
[2026-05-30 10:02:37,384][root][INFO] - Epoch: 49, loss: 50.1636
[2026-05-30 10:02:37,454][root][INFO] - Epoch: 50, loss: 54.7829
[2026-05-30 10:02:37,525][root][INFO] - Epoch: 51, loss: 62.9297
[2026-05-30 10:02:37,594][root][INFO] - Epoch: 52, loss: 58.0955
[2026-05-30 10:02:37,666][root][INFO] - Epoch: 53, loss: 55.6013
[2026-05-30 10:02:37,736][root][INFO] - Epoch: 54, loss: 56.1093
[2026-05-30 10:02:37,808][root][INFO] - Epoch: 55, loss: 63.6200
[2026-05-30 10:02:37,877][root][INFO] - Epoch: 56, loss: 62.6963
[2026-05-30 10:02:37,947][root][INFO] - Epoch: 57, loss: 58.9913
[2026-05-30 10:02:38,019][root][INFO] - Epoch: 58, loss: 56.2334
[2026-05-30 10:02:38,089][root][INFO] - Epoch: 59, loss: 54.4736
[2026-05-30 10:02:38,161][root][INFO] - Epoch: 60, loss: 52.7009
[2026-05-30 10:02:38,161][root][INFO] - Early stopping at epoch: 59
[2026-05-30 10:02:38,192][root][INFO] - {'model_loss': '52.7009', 'recon_loss': '0.0000', 'triplet_loss': '52.7009'}
[2026-05-30 10:02:38,196][root][INFO] - Generation 6/400 - Time: 0.00 seconds
[2026-05-30 10:02:38,197][root][INFO] - {'coverage': '100.00', 'max_fitness': '-13.12', 'passive_coverage': '18.46', 'passive_max_fitness': '-13.12', 'passive_mean_fitness': '-59.89', 'passive_qd_score': '15408.94', 'qd_score': '76457.47', 'mean_fitness_top_k': '-39.53'}
[2026-05-30 10:02:39,177][root][INFO] - Generation 7/400 - Time: 0.00 seconds
[2026-05-30 10:02:39,178][root][INFO] - {'coverage': '100.00', 'max_fitness': '-13.12', 'passive_coverage': '18.85', 'passive_max_fitness': '-13.12', 'passive_mean_fitness': '-59.63', 'passive_qd_score': '15786.33', 'qd_score': '74495.48', 'mean_fitness_top_k': '-40.90'}
[2026-05-30 10:02:40,145][root][INFO] - Generation 8/400 - Time: 0.00 seconds
[2026-05-30 10:02:40,145][root][INFO] - {'coverage': '100.00', 'max_fitness': '-12.97', 'passive_coverage': '19.14', 'passive_max_fitness': '-12.97', 'passive_mean_fitness': '-59.73', 'passive_qd_score': '16011.67', 'qd_score': '74935.38', 'mean_fitness_top_k': '-40.81'}
[2026-05-30 10:02:41,125][root][INFO] - Generation 9/400 - Time: 0.00 seconds
[2026-05-30 10:02:41,127][root][INFO] - {'coverage': '100.00', 'max_fitness': '-12.97', 'passive_coverage': '19.73', 'passive_max_fitness': '-12.97', 'passive_mean_fitness': '-59.41', 'passive_qd_score': '16565.46', 'qd_score': '75835.74', 'mean_fitness_top_k': '-39.83'}
[2026-05-30 10:02:42,105][root][INFO] - Generation 10/400 - Time: 0.00 seconds
[2026-05-30 10:02:42,106][root][INFO] - {'coverage': '100.00', 'max_fitness': '-12.97', 'passive_coverage': '20.21', 'passive_max_fitness': '-12.97', 'passive_mean_fitness': '-59.63', 'passive_qd_score': '16930.47', 'qd_score': '76936.71', 'mean_fitness_top_k': '-39.56'}
[2026-05-30 10:02:43,235][root][INFO] - Generation 11/400 - Time: 0.00 seconds
[2026-05-30 10:02:43,236][root][INFO] - {'coverage': '100.00', 'max_fitness': '-12.97', 'passive_coverage': '20.41', 'passive_max_fitness': '-12.97', 'passive_mean_fitness': '-59.27', 'passive_qd_score': '17170.43', 'qd_score': '78246.11', 'mean_fitness_top_k': '-38.56'}
[2026-05-30 10:02:44,438][root][INFO] - Updating AE...
[2026-05-30 10:02:45,214][root][INFO] - Epoch: 1, loss: 95777.6328
[2026-05-30 10:02:45,285][root][INFO] - Epoch: 2, loss: 398.8854
[2026-05-30 10:02:45,358][root][INFO] - Epoch: 3, loss: 413.1105
[2026-05-30 10:02:45,428][root][INFO] - Epoch: 4, loss: 425.3562
[2026-05-30 10:02:45,501][root][INFO] - Epoch: 5, loss: 429.3265
[2026-05-30 10:02:45,574][root][INFO] - Epoch: 6, loss: 429.6045
[2026-05-30 10:02:45,646][root][INFO] - Epoch: 7, loss: 426.9723
[2026-05-30 10:02:45,718][root][INFO] - Epoch: 8, loss: 424.0196
[2026-05-30 10:02:45,790][root][INFO] - Epoch: 9, loss: 419.7295
[2026-05-30 10:02:45,862][root][INFO] - Epoch: 10, loss: 415.8444
[2026-05-30 10:02:45,934][root][INFO] - Epoch: 11, loss: 412.5913
[2026-05-30 10:02:46,005][root][INFO] - Epoch: 12, loss: 409.1973
[2026-05-30 10:02:46,078][root][INFO] - Epoch: 13, loss: 406.0052
[2026-05-30 10:02:46,078][root][INFO] - Early stopping at epoch: 12
[2026-05-30 10:02:46,100][root][INFO] - {'model_loss': '406.0052', 'recon_loss': '0.0000', 'triplet_loss': '406.0052'}
[2026-05-30 10:02:46,104][root][INFO] - Updating AE...
[2026-05-30 10:02:46,878][root][INFO] - Epoch: 1, loss: 63.1468
[2026-05-30 10:02:46,950][root][INFO] - Epoch: 2, loss: 28.1860
[2026-05-30 10:02:47,023][root][INFO] - Epoch: 3, loss: 25.9466
[2026-05-30 10:02:47,094][root][INFO] - Epoch: 4, loss: 24.8660
[2026-05-30 10:02:47,166][root][INFO] - Epoch: 5, loss: 24.3090
[2026-05-30 10:02:47,237][root][INFO] - Epoch: 6, loss: 23.7292
[2026-05-30 10:02:47,309][root][INFO] - Epoch: 7, loss: 23.1427
[2026-05-30 10:02:47,381][root][INFO] - Epoch: 8, loss: 22.6765
[2026-05-30 10:02:47,453][root][INFO] - Epoch: 9, loss: 22.2450
[2026-05-30 10:02:47,525][root][INFO] - Epoch: 10, loss: 21.8450
[2026-05-30 10:02:47,597][root][INFO] - Epoch: 11, loss: 21.6635
[2026-05-30 10:02:47,669][root][INFO] - Epoch: 12, loss: 21.2695
[2026-05-30 10:02:47,741][root][INFO] - Epoch: 13, loss: 21.0885
[2026-05-30 10:02:47,813][root][INFO] - Epoch: 14, loss: 20.9226
[2026-05-30 10:02:47,884][root][INFO] - Epoch: 15, loss: 20.6125
[2026-05-30 10:02:47,957][root][INFO] - Epoch: 16, loss: 20.3702
[2026-05-30 10:02:48,029][root][INFO] - Epoch: 17, loss: 20.2146
[2026-05-30 10:02:48,101][root][INFO] - Epoch: 18, loss: 20.0554
[2026-05-30 10:02:48,173][root][INFO] - Epoch: 19, loss: 19.8739
[2026-05-30 10:02:48,244][root][INFO] - Epoch: 20, loss: 19.5520
[2026-05-30 10:02:48,317][root][INFO] - Epoch: 21, loss: 19.4042
[2026-05-30 10:02:48,389][root][INFO] - Epoch: 22, loss: 19.2083
[2026-05-30 10:02:48,461][root][INFO] - Epoch: 23, loss: 19.0845
[2026-05-30 10:02:48,531][root][INFO] - Epoch: 24, loss: 18.7991
[2026-05-30 10:02:48,599][root][INFO] - Epoch: 25, loss: 18.6728
[2026-05-30 10:02:48,670][root][INFO] - Epoch: 26, loss: 18.4693
[2026-05-30 10:02:48,741][root][INFO] - Epoch: 27, loss: 18.3290
[2026-05-30 10:02:48,811][root][INFO] - Epoch: 28, loss: 18.0759
[2026-05-30 10:02:48,881][root][INFO] - Epoch: 29, loss: 17.7732
[2026-05-30 10:02:48,952][root][INFO] - Epoch: 30, loss: 17.5807
[2026-05-30 10:02:49,023][root][INFO] - Epoch: 31, loss: 17.2597
[2026-05-30 10:02:49,095][root][INFO] - Epoch: 32, loss: 17.1476
[2026-05-30 10:02:49,172][root][INFO] - Epoch: 33, loss: 16.9281
[2026-05-30 10:02:49,242][root][INFO] - Epoch: 34, loss: 16.8617
[2026-05-30 10:02:49,312][root][INFO] - Epoch: 35, loss: 16.6484
[2026-05-30 10:02:49,384][root][INFO] - Epoch: 36, loss: 16.3532
[2026-05-30 10:02:49,454][root][INFO] - Epoch: 37, loss: 16.3760
[2026-05-30 10:02:49,524][root][INFO] - Epoch: 38, loss: 16.0327
[2026-05-30 10:02:49,595][root][INFO] - Epoch: 39, loss: 15.7793
[2026-05-30 10:02:49,668][root][INFO] - Epoch: 40, loss: 15.7605
[2026-05-30 10:02:49,740][root][INFO] - Epoch: 41, loss: 15.6657
[2026-05-30 10:02:49,812][root][INFO] - Epoch: 42, loss: 15.6288
[2026-05-30 10:02:49,884][root][INFO] - Epoch: 43, loss: 15.4979
[2026-05-30 10:02:49,954][root][INFO] - Epoch: 44, loss: 15.2904
[2026-05-30 10:02:50,025][root][INFO] - Epoch: 45, loss: 15.1993
[2026-05-30 10:02:50,096][root][INFO] - Epoch: 46, loss: 14.9719
[2026-05-30 10:02:50,167][root][INFO] - Epoch: 47, loss: 14.8750
[2026-05-30 10:02:50,238][root][INFO] - Epoch: 48, loss: 14.7615
[2026-05-30 10:02:50,308][root][INFO] - Epoch: 49, loss: 14.6463
[2026-05-30 10:02:50,380][root][INFO] - Epoch: 50, loss: 14.4551
[2026-05-30 10:02:50,451][root][INFO] - Epoch: 51, loss: 14.4698
[2026-05-30 10:02:50,523][root][INFO] - Epoch: 52, loss: 14.4186
[2026-05-30 10:02:50,595][root][INFO] - Epoch: 53, loss: 14.2048
[2026-05-30 10:02:50,666][root][INFO] - Epoch: 54, loss: 14.2212
[2026-05-30 10:02:50,738][root][INFO] - Epoch: 55, loss: 14.1122
[2026-05-30 10:02:50,808][root][INFO] - Epoch: 56, loss: 13.9676
[2026-05-30 10:02:50,879][root][INFO] - Epoch: 57, loss: 14.0139
[2026-05-30 10:02:50,950][root][INFO] - Epoch: 58, loss: 13.8956
[2026-05-30 10:02:51,049][root][INFO] - Epoch: 59, loss: 14.0174
[2026-05-30 10:02:51,120][root][INFO] - Epoch: 60, loss: 13.9100
[2026-05-30 10:02:51,191][root][INFO] - Epoch: 61, loss: 13.7037
[2026-05-30 10:02:51,261][root][INFO] - Epoch: 62, loss: 13.5640
[2026-05-30 10:02:51,332][root][INFO] - Epoch: 63, loss: 13.4718
[2026-05-30 10:02:51,403][root][INFO] - Epoch: 64, loss: 13.5111
[2026-05-30 10:02:51,472][root][INFO] - Epoch: 65, loss: 13.3028
[2026-05-30 10:02:51,543][root][INFO] - Epoch: 66, loss: 13.2003
[2026-05-30 10:02:51,614][root][INFO] - Epoch: 67, loss: 13.0801
[2026-05-30 10:02:51,684][root][INFO] - Epoch: 68, loss: 13.0009
[2026-05-30 10:02:51,755][root][INFO] - Epoch: 69, loss: 12.8335
[2026-05-30 10:02:51,827][root][INFO] - Epoch: 70, loss: 12.7432
[2026-05-30 10:02:51,897][root][INFO] - Epoch: 71, loss: 12.8301
[2026-05-30 10:02:51,968][root][INFO] - Epoch: 72, loss: 12.9887
[2026-05-30 10:02:52,040][root][INFO] - Epoch: 73, loss: 13.3146
[2026-05-30 10:02:52,111][root][INFO] - Epoch: 74, loss: 13.7139
[2026-05-30 10:02:52,183][root][INFO] - Epoch: 75, loss: 13.4880
[2026-05-30 10:02:52,254][root][INFO] - Epoch: 76, loss: 12.7771
[2026-05-30 10:02:52,326][root][INFO] - Epoch: 77, loss: 12.3472
[2026-05-30 10:02:52,397][root][INFO] - Epoch: 78, loss: 12.0979
[2026-05-30 10:02:52,467][root][INFO] - Epoch: 79, loss: 12.4733
[2026-05-30 10:02:52,538][root][INFO] - Epoch: 80, loss: 12.3532
[2026-05-30 10:02:52,610][root][INFO] - Epoch: 81, loss: 11.9372
[2026-05-30 10:02:52,682][root][INFO] - Epoch: 82, loss: 11.8752
[2026-05-30 10:02:52,753][root][INFO] - Epoch: 83, loss: 11.7542
[2026-05-30 10:02:52,822][root][INFO] - Epoch: 84, loss: 11.6712
[2026-05-30 10:02:52,892][root][INFO] - Epoch: 85, loss: 11.6312
[2026-05-30 10:02:52,962][root][INFO] - Epoch: 86, loss: 11.5893
[2026-05-30 10:02:53,034][root][INFO] - Epoch: 87, loss: 11.6655
[2026-05-30 10:02:53,106][root][INFO] - Epoch: 88, loss: 11.6026
[2026-05-30 10:02:53,177][root][INFO] - Epoch: 89, loss: 11.3301
[2026-05-30 10:02:53,248][root][INFO] - Epoch: 90, loss: 11.7311
[2026-05-30 10:02:53,320][root][INFO] - Epoch: 91, loss: 11.5481
[2026-05-30 10:02:53,389][root][INFO] - Epoch: 92, loss: 11.3648
[2026-05-30 10:02:53,460][root][INFO] - Epoch: 93, loss: 11.2335
[2026-05-30 10:02:53,531][root][INFO] - Epoch: 94, loss: 11.3101
[2026-05-30 10:02:53,602][root][INFO] - Epoch: 95, loss: 11.3253
[2026-05-30 10:02:53,674][root][INFO] - Epoch: 96, loss: 11.1803
[2026-05-30 10:02:53,748][root][INFO] - Epoch: 97, loss: 10.8739
[2026-05-30 10:02:53,825][root][INFO] - Epoch: 98, loss: 11.1373
[2026-05-30 10:02:53,895][root][INFO] - Epoch: 99, loss: 11.2163
[2026-05-30 10:02:53,968][root][INFO] - Epoch: 100, loss: 11.0770
[2026-05-30 10:02:54,040][root][INFO] - Epoch: 101, loss: 11.0431
[2026-05-30 10:02:54,111][root][INFO] - Epoch: 102, loss: 10.8584
[2026-05-30 10:02:54,182][root][INFO] - Epoch: 103, loss: 10.4996
[2026-05-30 10:02:54,254][root][INFO] - Epoch: 104, loss: 10.3148
[2026-05-30 10:02:54,325][root][INFO] - Epoch: 105, loss: 10.4010
[2026-05-30 10:02:54,397][root][INFO] - Epoch: 106, loss: 10.7259
[2026-05-30 10:02:54,468][root][INFO] - Epoch: 107, loss: 10.5546
[2026-05-30 10:02:54,538][root][INFO] - Epoch: 108, loss: 10.6867
[2026-05-30 10:02:54,610][root][INFO] - Epoch: 109, loss: 10.7803
[2026-05-30 10:02:54,680][root][INFO] - Epoch: 110, loss: 10.6395
[2026-05-30 10:02:54,751][root][INFO] - Epoch: 111, loss: 10.4268
[2026-05-30 10:02:54,822][root][INFO] - Epoch: 112, loss: 10.0562
[2026-05-30 10:02:54,893][root][INFO] - Epoch: 113, loss: 10.0465
[2026-05-30 10:02:54,965][root][INFO] - Epoch: 114, loss: 10.0884
[2026-05-30 10:02:55,037][root][INFO] - Epoch: 115, loss: 9.9794
[2026-05-30 10:02:55,107][root][INFO] - Epoch: 116, loss: 10.3594
[2026-05-30 10:02:55,180][root][INFO] - Epoch: 117, loss: 10.1257
[2026-05-30 10:02:55,252][root][INFO] - Epoch: 118, loss: 10.0415
[2026-05-30 10:02:55,323][root][INFO] - Epoch: 119, loss: 10.0173
[2026-05-30 10:02:55,394][root][INFO] - Epoch: 120, loss: 9.7496
[2026-05-30 10:02:55,466][root][INFO] - Epoch: 121, loss: 10.1725
[2026-05-30 10:02:55,538][root][INFO] - Epoch: 122, loss: 9.6069
[2026-05-30 10:02:55,610][root][INFO] - Epoch: 123, loss: 9.6469
[2026-05-30 10:02:55,680][root][INFO] - Epoch: 124, loss: 9.4978
[2026-05-30 10:02:55,749][root][INFO] - Epoch: 125, loss: 9.5370
[2026-05-30 10:02:55,821][root][INFO] - Epoch: 126, loss: 9.7600
[2026-05-30 10:02:55,893][root][INFO] - Epoch: 127, loss: 9.1675
[2026-05-30 10:02:55,964][root][INFO] - Epoch: 128, loss: 9.4495
[2026-05-30 10:02:56,035][root][INFO] - Epoch: 129, loss: 9.3267
[2026-05-30 10:02:56,106][root][INFO] - Epoch: 130, loss: 9.5708
[2026-05-30 10:02:56,177][root][INFO] - Epoch: 131, loss: 9.9858
[2026-05-30 10:02:56,248][root][INFO] - Epoch: 132, loss: 10.6488
[2026-05-30 10:02:56,321][root][INFO] - Epoch: 133, loss: 10.5205
[2026-05-30 10:02:56,390][root][INFO] - Epoch: 134, loss: 9.3610
[2026-05-30 10:02:56,483][root][INFO] - Epoch: 135, loss: 8.9967
[2026-05-30 10:02:56,554][root][INFO] - Epoch: 136, loss: 9.0317
[2026-05-30 10:02:56,626][root][INFO] - Epoch: 137, loss: 8.8136
[2026-05-30 10:02:56,697][root][INFO] - Epoch: 138, loss: 8.5465
[2026-05-30 10:02:56,769][root][INFO] - Epoch: 139, loss: 8.7469
[2026-05-30 10:02:56,840][root][INFO] - Epoch: 140, loss: 8.6244
[2026-05-30 10:02:56,911][root][INFO] - Epoch: 141, loss: 9.0850
[2026-05-30 10:02:56,983][root][INFO] - Epoch: 142, loss: 10.1270
[2026-05-30 10:02:57,053][root][INFO] - Epoch: 143, loss: 8.9816
[2026-05-30 10:02:57,124][root][INFO] - Epoch: 144, loss: 8.6484
[2026-05-30 10:02:57,195][root][INFO] - Epoch: 145, loss: 8.4958
[2026-05-30 10:02:57,266][root][INFO] - Epoch: 146, loss: 8.5320
[2026-05-30 10:02:57,338][root][INFO] - Epoch: 147, loss: 8.8049
[2026-05-30 10:02:57,410][root][INFO] - Epoch: 148, loss: 8.6115
[2026-05-30 10:02:57,481][root][INFO] - Epoch: 149, loss: 8.7274
[2026-05-30 10:02:57,552][root][INFO] - Epoch: 150, loss: 8.7568
[2026-05-30 10:02:57,623][root][INFO] - Epoch: 151, loss: 8.7819
[2026-05-30 10:02:57,696][root][INFO] - Epoch: 152, loss: 8.3326
[2026-05-30 10:02:57,768][root][INFO] - Epoch: 153, loss: 7.9868
[2026-05-30 10:02:57,840][root][INFO] - Epoch: 154, loss: 8.2629
[2026-05-30 10:02:57,914][root][INFO] - Epoch: 155, loss: 8.2528
[2026-05-30 10:02:57,987][root][INFO] - Epoch: 156, loss: 8.1833
[2026-05-30 10:02:58,059][root][INFO] - Epoch: 157, loss: 7.8130
[2026-05-30 10:02:58,131][root][INFO] - Epoch: 158, loss: 8.0028
[2026-05-30 10:02:58,204][root][INFO] - Epoch: 159, loss: 8.0146
[2026-05-30 10:02:58,276][root][INFO] - Epoch: 160, loss: 7.7261
[2026-05-30 10:02:58,350][root][INFO] - Epoch: 161, loss: 8.1408
[2026-05-30 10:02:58,423][root][INFO] - Epoch: 162, loss: 8.1184
[2026-05-30 10:02:58,495][root][INFO] - Epoch: 163, loss: 8.0419
[2026-05-30 10:02:58,568][root][INFO] - Epoch: 164, loss: 9.6167
[2026-05-30 10:02:58,639][root][INFO] - Epoch: 165, loss: 9.0449
[2026-05-30 10:02:58,711][root][INFO] - Epoch: 166, loss: 9.3683
[2026-05-30 10:02:58,784][root][INFO] - Epoch: 167, loss: 8.9196
[2026-05-30 10:02:58,857][root][INFO] - Epoch: 168, loss: 8.5172
[2026-05-30 10:02:58,930][root][INFO] - Epoch: 169, loss: 7.5896
[2026-05-30 10:02:59,003][root][INFO] - Epoch: 170, loss: 7.7387
[2026-05-30 10:02:59,075][root][INFO] - Epoch: 171, loss: 7.8660
[2026-05-30 10:02:59,149][root][INFO] - Epoch: 172, loss: 7.4965
[2026-05-30 10:02:59,219][root][INFO] - Epoch: 173, loss: 7.2281
[2026-05-30 10:02:59,292][root][INFO] - Epoch: 174, loss: 7.3944
[2026-05-30 10:02:59,364][root][INFO] - Epoch: 175, loss: 7.3321
[2026-05-30 10:02:59,437][root][INFO] - Epoch: 176, loss: 7.3629
[2026-05-30 10:02:59,507][root][INFO] - Epoch: 177, loss: 7.8711
[2026-05-30 10:02:59,578][root][INFO] - Epoch: 178, loss: 7.6095
[2026-05-30 10:02:59,649][root][INFO] - Epoch: 179, loss: 7.6791
[2026-05-30 10:02:59,721][root][INFO] - Epoch: 180, loss: 7.2348
[2026-05-30 10:02:59,792][root][INFO] - Epoch: 181, loss: 7.4021
[2026-05-30 10:02:59,864][root][INFO] - Epoch: 182, loss: 6.8717
[2026-05-30 10:02:59,937][root][INFO] - Epoch: 183, loss: 6.8967
[2026-05-30 10:03:00,009][root][INFO] - Epoch: 184, loss: 7.3748
[2026-05-30 10:03:00,081][root][INFO] - Epoch: 185, loss: 7.9567
[2026-05-30 10:03:00,153][root][INFO] - Epoch: 186, loss: 7.5307
[2026-05-30 10:03:00,224][root][INFO] - Epoch: 187, loss: 7.6039
[2026-05-30 10:03:00,296][root][INFO] - Epoch: 188, loss: 7.6550
[2026-05-30 10:03:00,368][root][INFO] - Epoch: 189, loss: 7.1281
[2026-05-30 10:03:00,464][root][INFO] - Epoch: 190, loss: 7.1747
[2026-05-30 10:03:00,536][root][INFO] - Epoch: 191, loss: 7.0032
[2026-05-30 10:03:00,609][root][INFO] - Epoch: 192, loss: 6.7070
[2026-05-30 10:03:00,679][root][INFO] - Epoch: 193, loss: 7.0016
[2026-05-30 10:03:00,751][root][INFO] - Epoch: 194, loss: 6.7917
[2026-05-30 10:03:00,823][root][INFO] - Epoch: 195, loss: 6.7649
[2026-05-30 10:03:00,893][root][INFO] - Epoch: 196, loss: 7.3150
[2026-05-30 10:03:00,963][root][INFO] - Epoch: 197, loss: 7.3598
[2026-05-30 10:03:01,032][root][INFO] - Epoch: 198, loss: 9.0167
[2026-05-30 10:03:01,103][root][INFO] - Epoch: 199, loss: 8.5814
[2026-05-30 10:03:01,176][root][INFO] - Epoch: 200, loss: 7.4855
[2026-05-30 10:03:01,211][root][INFO] - {'model_loss': '7.4855', 'recon_loss': '0.0000', 'triplet_loss': '7.4855'}
[2026-05-30 10:03:01,215][root][INFO] - Generation 12/400 - Time: 0.00 seconds
[2026-05-30 10:03:01,216][root][INFO] - {'coverage': '100.00', 'max_fitness': '-12.97', 'passive_coverage': '20.51', 'passive_max_fitness': '-12.97', 'passive_mean_fitness': '-59.36', 'passive_qd_score': '17232.97', 'qd_score': '79076.54', 'mean_fitness_top_k': '-37.92'}
[2026-05-30 10:03:02,230][root][INFO] - Generation 13/400 - Time: 0.00 seconds
[2026-05-30 10:03:02,231][root][INFO] - {'coverage': '100.00', 'max_fitness': '-12.95', 'passive_coverage': '20.90', 'passive_max_fitness': '-12.95', 'passive_mean_fitness': '-59.22', 'passive_qd_score': '17590.85', 'qd_score': '78696.70', 'mean_fitness_top_k': '-38.78'}
[2026-05-30 10:03:03,384][root][INFO] - Generation 14/400 - Time: 0.00 seconds
[2026-05-30 10:03:03,385][root][INFO] - {'coverage': '100.00', 'max_fitness': '-12.95', 'passive_coverage': '20.90', 'passive_max_fitness': '-12.95', 'passive_mean_fitness': '-59.22', 'passive_qd_score': '17591.54', 'qd_score': '78661.07', 'mean_fitness_top_k': '-38.21'}
[2026-05-30 10:03:04,552][root][INFO] - Generation 15/400 - Time: 0.00 seconds
[2026-05-30 10:03:04,553][root][INFO] - {'coverage': '100.00', 'max_fitness': '-12.95', 'passive_coverage': '21.00', 'passive_max_fitness': '-12.95', 'passive_mean_fitness': '-59.14', 'passive_qd_score': '17690.38', 'qd_score': '78795.02', 'mean_fitness_top_k': '-38.29'}
[2026-05-30 10:03:05,717][root][INFO] - Generation 16/400 - Time: 0.00 seconds
[2026-05-30 10:03:05,718][root][INFO] - {'coverage': '100.00', 'max_fitness': '-12.89', 'passive_coverage': '21.09', 'passive_max_fitness': '-12.89', 'passive_mean_fitness': '-58.93', 'passive_qd_score': '17819.12', 'qd_score': '78660.04', 'mean_fitness_top_k': '-38.23'}
[2026-05-30 10:03:06,892][root][INFO] - Generation 17/400 - Time: 0.00 seconds
[2026-05-30 10:03:06,893][root][INFO] - {'coverage': '100.00', 'max_fitness': '-12.89', 'passive_coverage': '21.09', 'passive_max_fitness': '-12.89', 'passive_mean_fitness': '-58.91', 'passive_qd_score': '17822.19', 'qd_score': '78781.25', 'mean_fitness_top_k': '-38.42'}
[2026-05-30 10:03:08,028][root][INFO] - Generation 18/400 - Time: 0.00 seconds
[2026-05-30 10:03:08,029][root][INFO] - {'coverage': '100.00', 'max_fitness': '-12.75', 'passive_coverage': '21.19', 'passive_max_fitness': '-12.75', 'passive_mean_fitness': '-58.95', 'passive_qd_score': '17897.25', 'qd_score': '78987.85', 'mean_fitness_top_k': '-38.10'}
[2026-05-30 10:03:09,177][root][INFO] - Generation 19/400 - Time: 0.00 seconds
[2026-05-30 10:03:09,178][root][INFO] - {'coverage': '100.00', 'max_fitness': '-12.72', 'passive_coverage': '21.19', 'passive_max_fitness': '-12.72', 'passive_mean_fitness': '-58.94', 'passive_qd_score': '17897.59', 'qd_score': '78769.20', 'mean_fitness_top_k': '-38.35'}
[2026-05-30 10:03:10,315][root][INFO] - Updating AE...
[2026-05-30 10:03:11,215][root][INFO] - Epoch: 1, loss: 433.1653
[2026-05-30 10:03:11,289][root][INFO] - Epoch: 2, loss: 396.9303
[2026-05-30 10:03:11,361][root][INFO] - Epoch: 3, loss: 382.5687
[2026-05-30 10:03:11,434][root][INFO] - Epoch: 4, loss: 365.5045
[2026-05-30 10:03:11,507][root][INFO] - Epoch: 5, loss: 352.4619
[2026-05-30 10:03:11,577][root][INFO] - Epoch: 6, loss: 341.3696
[2026-05-30 10:03:11,647][root][INFO] - Epoch: 7, loss: 334.2744
[2026-05-30 10:03:11,716][root][INFO] - Epoch: 8, loss: 324.1287
[2026-05-30 10:03:11,788][root][INFO] - Epoch: 9, loss: 319.2525
[2026-05-30 10:03:11,860][root][INFO] - Epoch: 10, loss: 311.3390
[2026-05-30 10:03:11,930][root][INFO] - Epoch: 11, loss: 306.1465
[2026-05-30 10:03:12,000][root][INFO] - Epoch: 12, loss: 303.4867
[2026-05-30 10:03:12,070][root][INFO] - Epoch: 13, loss: 299.9846
[2026-05-30 10:03:12,141][root][INFO] - Epoch: 14, loss: 292.7943
[2026-05-30 10:03:12,215][root][INFO] - Epoch: 15, loss: 288.5726
[2026-05-30 10:03:12,299][root][INFO] - Epoch: 16, loss: 285.9183
[2026-05-30 10:03:12,371][root][INFO] - Epoch: 17, loss: 279.5127
[2026-05-30 10:03:12,441][root][INFO] - Epoch: 18, loss: 276.9164
[2026-05-30 10:03:12,512][root][INFO] - Epoch: 19, loss: 275.4634
[2026-05-30 10:03:12,583][root][INFO] - Epoch: 20, loss: 269.8898
[2026-05-30 10:03:12,654][root][INFO] - Epoch: 21, loss: 261.5714
[2026-05-30 10:03:12,725][root][INFO] - Epoch: 22, loss: 262.3041
[2026-05-30 10:03:12,795][root][INFO] - Epoch: 23, loss: 255.7944
[2026-05-30 10:03:12,865][root][INFO] - Epoch: 24, loss: 259.4498
[2026-05-30 10:03:12,938][root][INFO] - Epoch: 25, loss: 254.7441
[2026-05-30 10:03:13,012][root][INFO] - Epoch: 26, loss: 256.6251
[2026-05-30 10:03:13,083][root][INFO] - Epoch: 27, loss: 255.5423
[2026-05-30 10:03:13,154][root][INFO] - Epoch: 28, loss: 247.7731
[2026-05-30 10:03:13,225][root][INFO] - Epoch: 29, loss: 241.4943
[2026-05-30 10:03:13,295][root][INFO] - Epoch: 30, loss: 235.0543
[2026-05-30 10:03:13,365][root][INFO] - Epoch: 31, loss: 231.5526
[2026-05-30 10:03:13,437][root][INFO] - Epoch: 32, loss: 245.4887
[2026-05-30 10:03:13,508][root][INFO] - Epoch: 33, loss: 245.7241
[2026-05-30 10:03:13,579][root][INFO] - Epoch: 34, loss: 256.0608
[2026-05-30 10:03:13,649][root][INFO] - Epoch: 35, loss: 250.8056
[2026-05-30 10:03:13,720][root][INFO] - Epoch: 36, loss: 229.7442
[2026-05-30 10:03:13,791][root][INFO] - Epoch: 37, loss: 223.5979
[2026-05-30 10:03:13,862][root][INFO] - Epoch: 38, loss: 222.4151
[2026-05-30 10:03:13,933][root][INFO] - Epoch: 39, loss: 213.5762
[2026-05-30 10:03:14,004][root][INFO] - Epoch: 40, loss: 208.1507
[2026-05-30 10:03:14,076][root][INFO] - Epoch: 41, loss: 216.6954
[2026-05-30 10:03:14,148][root][INFO] - Epoch: 42, loss: 203.8512
[2026-05-30 10:03:14,219][root][INFO] - Epoch: 43, loss: 212.6654
[2026-05-30 10:03:14,291][root][INFO] - Epoch: 44, loss: 209.8846
[2026-05-30 10:03:14,361][root][INFO] - Epoch: 45, loss: 205.6739
[2026-05-30 10:03:14,432][root][INFO] - Epoch: 46, loss: 204.9495
[2026-05-30 10:03:14,503][root][INFO] - Epoch: 47, loss: 191.4586
[2026-05-30 10:03:14,575][root][INFO] - Epoch: 48, loss: 201.1787
[2026-05-30 10:03:14,675][root][INFO] - Epoch: 49, loss: 193.0907
[2026-05-30 10:03:14,747][root][INFO] - Epoch: 50, loss: 191.5319
[2026-05-30 10:03:14,819][root][INFO] - Epoch: 51, loss: 193.8537
[2026-05-30 10:03:14,891][root][INFO] - Epoch: 52, loss: 193.4565
[2026-05-30 10:03:14,964][root][INFO] - Epoch: 53, loss: 185.2099
[2026-05-30 10:03:15,035][root][INFO] - Epoch: 54, loss: 185.6712
[2026-05-30 10:03:15,108][root][INFO] - Epoch: 55, loss: 192.2388
[2026-05-30 10:03:15,180][root][INFO] - Epoch: 56, loss: 198.4066
[2026-05-30 10:03:15,251][root][INFO] - Epoch: 57, loss: 186.0176
[2026-05-30 10:03:15,324][root][INFO] - Epoch: 58, loss: 186.1390
[2026-05-30 10:03:15,394][root][INFO] - Epoch: 59, loss: 186.9543
[2026-05-30 10:03:15,466][root][INFO] - Epoch: 60, loss: 183.2863
[2026-05-30 10:03:15,537][root][INFO] - Epoch: 61, loss: 176.6127
[2026-05-30 10:03:15,606][root][INFO] - Epoch: 62, loss: 178.9911
[2026-05-30 10:03:15,678][root][INFO] - Epoch: 63, loss: 192.5166
[2026-05-30 10:03:15,750][root][INFO] - Epoch: 64, loss: 190.3753
[2026-05-30 10:03:15,823][root][INFO] - Epoch: 65, loss: 170.3572
[2026-05-30 10:03:15,894][root][INFO] - Epoch: 66, loss: 166.8628
[2026-05-30 10:03:15,968][root][INFO] - Epoch: 67, loss: 163.9342
[2026-05-30 10:03:16,050][root][INFO] - Epoch: 68, loss: 162.7792
[2026-05-30 10:03:16,131][root][INFO] - Epoch: 69, loss: 175.7006
[2026-05-30 10:03:16,204][root][INFO] - Epoch: 70, loss: 172.8520
[2026-05-30 10:03:16,276][root][INFO] - Epoch: 71, loss: 177.5234
[2026-05-30 10:03:16,347][root][INFO] - Epoch: 72, loss: 181.3328
[2026-05-30 10:03:16,417][root][INFO] - Epoch: 73, loss: 178.5614
[2026-05-30 10:03:16,488][root][INFO] - Epoch: 74, loss: 170.5709
[2026-05-30 10:03:16,559][root][INFO] - Epoch: 75, loss: 166.0757
[2026-05-30 10:03:16,647][root][INFO] - Epoch: 76, loss: 157.1996
[2026-05-30 10:03:16,721][root][INFO] - Epoch: 77, loss: 157.7525
[2026-05-30 10:03:16,792][root][INFO] - Epoch: 78, loss: 168.4171
[2026-05-30 10:03:16,863][root][INFO] - Epoch: 79, loss: 157.8542
[2026-05-30 10:03:16,934][root][INFO] - Epoch: 80, loss: 158.2560
[2026-05-30 10:03:17,003][root][INFO] - Epoch: 81, loss: 154.3603
[2026-05-30 10:03:17,074][root][INFO] - Epoch: 82, loss: 154.5524
[2026-05-30 10:03:17,143][root][INFO] - Epoch: 83, loss: 161.8775
[2026-05-30 10:03:17,213][root][INFO] - Epoch: 84, loss: 150.4038
[2026-05-30 10:03:17,284][root][INFO] - Epoch: 85, loss: 154.7245
[2026-05-30 10:03:17,355][root][INFO] - Epoch: 86, loss: 169.7930
[2026-05-30 10:03:17,426][root][INFO] - Epoch: 87, loss: 185.2632
[2026-05-30 10:03:17,496][root][INFO] - Epoch: 88, loss: 178.4307
[2026-05-30 10:03:17,571][root][INFO] - Epoch: 89, loss: 174.7735
[2026-05-30 10:03:17,643][root][INFO] - Epoch: 90, loss: 166.0507
[2026-05-30 10:03:17,714][root][INFO] - Epoch: 91, loss: 155.2908
[2026-05-30 10:03:17,785][root][INFO] - Epoch: 92, loss: 147.7976
[2026-05-30 10:03:17,856][root][INFO] - Epoch: 93, loss: 151.6590
[2026-05-30 10:03:17,928][root][INFO] - Epoch: 94, loss: 144.8507
[2026-05-30 10:03:18,001][root][INFO] - Epoch: 95, loss: 147.1784
[2026-05-30 10:03:18,072][root][INFO] - Epoch: 96, loss: 141.9424
[2026-05-30 10:03:18,145][root][INFO] - Epoch: 97, loss: 138.9020
[2026-05-30 10:03:18,215][root][INFO] - Epoch: 98, loss: 147.1961
[2026-05-30 10:03:18,288][root][INFO] - Epoch: 99, loss: 153.9223
[2026-05-30 10:03:18,367][root][INFO] - Epoch: 100, loss: 144.8922
[2026-05-30 10:03:18,438][root][INFO] - Epoch: 101, loss: 155.3812
[2026-05-30 10:03:18,509][root][INFO] - Epoch: 102, loss: 145.5594
[2026-05-30 10:03:18,579][root][INFO] - Epoch: 103, loss: 151.1916
[2026-05-30 10:03:18,650][root][INFO] - Epoch: 104, loss: 146.7482
[2026-05-30 10:03:18,720][root][INFO] - Epoch: 105, loss: 158.2708
[2026-05-30 10:03:18,790][root][INFO] - Epoch: 106, loss: 154.5163
[2026-05-30 10:03:18,861][root][INFO] - Epoch: 107, loss: 245.6086
[2026-05-30 10:03:18,931][root][INFO] - Epoch: 108, loss: 505.4219
[2026-05-30 10:03:18,931][root][INFO] - Early stopping at epoch: 107
[2026-05-30 10:03:18,969][root][INFO] - {'model_loss': '505.4219', 'recon_loss': '0.0000', 'triplet_loss': '505.4219'}
[2026-05-30 10:03:18,973][root][INFO] - Updating AE...
[2026-05-30 10:03:19,724][root][INFO] - Epoch: 1, loss: 292.4541
[2026-05-30 10:03:19,797][root][INFO] - Epoch: 2, loss: 203.4517
[2026-05-30 10:03:19,866][root][INFO] - Epoch: 3, loss: 187.1790
[2026-05-30 10:03:19,937][root][INFO] - Epoch: 4, loss: 179.9570
[2026-05-30 10:03:20,005][root][INFO] - Epoch: 5, loss: 173.4419
[2026-05-30 10:03:20,075][root][INFO] - Epoch: 6, loss: 169.6576
[2026-05-30 10:03:20,146][root][INFO] - Epoch: 7, loss: 165.9338
[2026-05-30 10:03:20,216][root][INFO] - Epoch: 8, loss: 162.3660
[2026-05-30 10:03:20,288][root][INFO] - Epoch: 9, loss: 159.5392
[2026-05-30 10:03:20,359][root][INFO] - Epoch: 10, loss: 156.4118
[2026-05-30 10:03:20,428][root][INFO] - Epoch: 11, loss: 153.3931
[2026-05-30 10:03:20,498][root][INFO] - Epoch: 12, loss: 150.8683
[2026-05-30 10:03:20,568][root][INFO] - Epoch: 13, loss: 150.0843
[2026-05-30 10:03:20,639][root][INFO] - Epoch: 14, loss: 147.1656
[2026-05-30 10:03:20,711][root][INFO] - Epoch: 15, loss: 145.2512
[2026-05-30 10:03:20,782][root][INFO] - Epoch: 16, loss: 145.3352
[2026-05-30 10:03:20,853][root][INFO] - Epoch: 17, loss: 143.0999
[2026-05-30 10:03:20,924][root][INFO] - Epoch: 18, loss: 142.2534
[2026-05-30 10:03:20,994][root][INFO] - Epoch: 19, loss: 140.2128
[2026-05-30 10:03:21,065][root][INFO] - Epoch: 20, loss: 137.3739
[2026-05-30 10:03:21,136][root][INFO] - Epoch: 21, loss: 136.7523
[2026-05-30 10:03:21,208][root][INFO] - Epoch: 22, loss: 132.7677
[2026-05-30 10:03:21,280][root][INFO] - Epoch: 23, loss: 130.4305
[2026-05-30 10:03:21,351][root][INFO] - Epoch: 24, loss: 129.6300
[2026-05-30 10:03:21,422][root][INFO] - Epoch: 25, loss: 128.3102
[2026-05-30 10:03:21,493][root][INFO] - Epoch: 26, loss: 126.3770
[2026-05-30 10:03:21,564][root][INFO] - Epoch: 27, loss: 126.7632
[2026-05-30 10:03:21,634][root][INFO] - Epoch: 28, loss: 124.2021
[2026-05-30 10:03:21,704][root][INFO] - Epoch: 29, loss: 125.9471
[2026-05-30 10:03:21,776][root][INFO] - Epoch: 30, loss: 124.2409
[2026-05-30 10:03:21,846][root][INFO] - Epoch: 31, loss: 124.5075
[2026-05-30 10:03:21,918][root][INFO] - Epoch: 32, loss: 122.3216
[2026-05-30 10:03:21,988][root][INFO] - Epoch: 33, loss: 126.1657
[2026-05-30 10:03:22,060][root][INFO] - Epoch: 34, loss: 122.0009
[2026-05-30 10:03:22,130][root][INFO] - Epoch: 35, loss: 118.0359
[2026-05-30 10:03:22,204][root][INFO] - Epoch: 36, loss: 114.4001
[2026-05-30 10:03:22,277][root][INFO] - Epoch: 37, loss: 112.3095
[2026-05-30 10:03:22,348][root][INFO] - Epoch: 38, loss: 109.1896
[2026-05-30 10:03:22,420][root][INFO] - Epoch: 39, loss: 107.5629
[2026-05-30 10:03:22,491][root][INFO] - Epoch: 40, loss: 105.2789
[2026-05-30 10:03:22,563][root][INFO] - Epoch: 41, loss: 102.1631
[2026-05-30 10:03:22,634][root][INFO] - Epoch: 42, loss: 104.3534
[2026-05-30 10:03:22,706][root][INFO] - Epoch: 43, loss: 106.0844
[2026-05-30 10:03:22,777][root][INFO] - Epoch: 44, loss: 104.1558
[2026-05-30 10:03:22,849][root][INFO] - Epoch: 45, loss: 106.6960
[2026-05-30 10:03:22,920][root][INFO] - Epoch: 46, loss: 103.2757
[2026-05-30 10:03:22,993][root][INFO] - Epoch: 47, loss: 99.5754
[2026-05-30 10:03:23,065][root][INFO] - Epoch: 48, loss: 97.9202
[2026-05-30 10:03:23,137][root][INFO] - Epoch: 49, loss: 95.5777
[2026-05-30 10:03:23,207][root][INFO] - Epoch: 50, loss: 94.0370
[2026-05-30 10:03:23,278][root][INFO] - Epoch: 51, loss: 92.9660
[2026-05-30 10:03:23,350][root][INFO] - Epoch: 52, loss: 93.1389
[2026-05-30 10:03:23,421][root][INFO] - Epoch: 53, loss: 93.1510
[2026-05-30 10:03:23,493][root][INFO] - Epoch: 54, loss: 94.1747
[2026-05-30 10:03:23,564][root][INFO] - Epoch: 55, loss: 94.2325
[2026-05-30 10:03:23,635][root][INFO] - Epoch: 56, loss: 95.3841
[2026-05-30 10:03:23,706][root][INFO] - Epoch: 57, loss: 94.3315
[2026-05-30 10:03:23,777][root][INFO] - Epoch: 58, loss: 89.7423
[2026-05-30 10:03:23,849][root][INFO] - Epoch: 59, loss: 85.3967
[2026-05-30 10:03:23,920][root][INFO] - Epoch: 60, loss: 88.0688
[2026-05-30 10:03:23,992][root][INFO] - Epoch: 61, loss: 93.8318
[2026-05-30 10:03:24,064][root][INFO] - Epoch: 62, loss: 103.7313
[2026-05-30 10:03:24,135][root][INFO] - Epoch: 63, loss: 99.8070
[2026-05-30 10:03:24,205][root][INFO] - Epoch: 64, loss: 93.4363
[2026-05-30 10:03:24,277][root][INFO] - Epoch: 65, loss: 89.7741
[2026-05-30 10:03:24,350][root][INFO] - Epoch: 66, loss: 84.3185
[2026-05-30 10:03:24,421][root][INFO] - Epoch: 67, loss: 83.4674
[2026-05-30 10:03:24,492][root][INFO] - Epoch: 68, loss: 82.7461
[2026-05-30 10:03:24,563][root][INFO] - Epoch: 69, loss: 79.8280
[2026-05-30 10:03:24,634][root][INFO] - Epoch: 70, loss: 80.0715
[2026-05-30 10:03:24,706][root][INFO] - Epoch: 71, loss: 78.9870
[2026-05-30 10:03:24,777][root][INFO] - Epoch: 72, loss: 80.8223
[2026-05-30 10:03:24,849][root][INFO] - Epoch: 73, loss: 104.7178
[2026-05-30 10:03:24,922][root][INFO] - Epoch: 74, loss: 105.7470
[2026-05-30 10:03:24,993][root][INFO] - Epoch: 75, loss: 107.5919
[2026-05-30 10:03:25,064][root][INFO] - Epoch: 76, loss: 99.0631
[2026-05-30 10:03:25,135][root][INFO] - Epoch: 77, loss: 93.8309
[2026-05-30 10:03:25,206][root][INFO] - Epoch: 78, loss: 87.2710
[2026-05-30 10:03:25,279][root][INFO] - Epoch: 79, loss: 85.1793
[2026-05-30 10:03:25,351][root][INFO] - Epoch: 80, loss: 83.5597
[2026-05-30 10:03:25,423][root][INFO] - Epoch: 81, loss: 81.3155
[2026-05-30 10:03:25,495][root][INFO] - Epoch: 82, loss: 80.9783
[2026-05-30 10:03:25,495][root][INFO] - Early stopping at epoch: 81
[2026-05-30 10:03:25,535][root][INFO] - {'model_loss': '80.9783', 'recon_loss': '0.0000', 'triplet_loss': '80.9783'}
[2026-05-30 10:03:25,539][root][INFO] - Generation 20/400 - Time: 0.00 seconds
[2026-05-30 10:03:25,540][root][INFO] - {'coverage': '100.00', 'max_fitness': '-12.72', 'passive_coverage': '21.29', 'passive_max_fitness': '-12.72', 'passive_mean_fitness': '-58.83', 'passive_qd_score': '18005.46', 'qd_score': '79456.89', 'mean_fitness_top_k': '-37.78'}
[2026-05-30 10:03:26,686][root][INFO] - Generation 21/400 - Time: 0.00 seconds
[2026-05-30 10:03:26,687][root][INFO] - {'coverage': '100.00', 'max_fitness': '-12.72', 'passive_coverage': '21.29', 'passive_max_fitness': '-12.72', 'passive_mean_fitness': '-58.81', 'passive_qd_score': '18008.59', 'qd_score': '80199.05', 'mean_fitness_top_k': '-36.42'}
[2026-05-30 10:03:27,821][root][INFO] - Generation 22/400 - Time: 0.00 seconds
[2026-05-30 10:03:27,822][root][INFO] - {'coverage': '100.00', 'max_fitness': '-12.59', 'passive_coverage': '21.78', 'passive_max_fitness': '-12.59', 'passive_mean_fitness': '-58.42', 'passive_qd_score': '18508.39', 'qd_score': '80726.23', 'mean_fitness_top_k': '-35.04'}
[2026-05-30 10:03:28,951][root][INFO] - Generation 23/400 - Time: 0.00 seconds
[2026-05-30 10:03:28,952][root][INFO] - {'coverage': '100.00', 'max_fitness': '-12.59', 'passive_coverage': '21.88', 'passive_max_fitness': '-12.59', 'passive_mean_fitness': '-58.29', 'passive_qd_score': '18621.86', 'qd_score': '81057.59', 'mean_fitness_top_k': '-34.78'}
[2026-05-30 10:03:30,083][root][INFO] - Generation 24/400 - Time: 0.00 seconds
[2026-05-30 10:03:30,084][root][INFO] - {'coverage': '100.00', 'max_fitness': '-12.59', 'passive_coverage': '21.97', 'passive_max_fitness': '-12.59', 'passive_mean_fitness': '-58.10', 'passive_qd_score': '18747.51', 'qd_score': '81836.12', 'mean_fitness_top_k': '-34.22'}
[2026-05-30 10:03:31,227][root][INFO] - Generation 25/400 - Time: 0.00 seconds
[2026-05-30 10:03:31,228][root][INFO] - {'coverage': '100.00', 'max_fitness': '-12.59', 'passive_coverage': '22.07', 'passive_max_fitness': '-12.59', 'passive_mean_fitness': '-58.21', 'passive_qd_score': '18805.73', 'qd_score': '81779.94', 'mean_fitness_top_k': '-33.40'}
[2026-05-30 10:03:32,356][root][INFO] - Generation 26/400 - Time: 0.00 seconds
[2026-05-30 10:03:32,357][root][INFO] - {'coverage': '100.00', 'max_fitness': '-12.59', 'passive_coverage': '22.17', 'passive_max_fitness': '-12.59', 'passive_mean_fitness': '-58.18', 'passive_qd_score': '18895.17', 'qd_score': '81911.31', 'mean_fitness_top_k': '-33.36'}
[2026-05-30 10:03:33,450][root][INFO] - Generation 27/400 - Time: 0.00 seconds
[2026-05-30 10:03:33,451][root][INFO] - {'coverage': '100.00', 'max_fitness': '-12.59', 'passive_coverage': '22.27', 'passive_max_fitness': '-12.59', 'passive_mean_fitness': '-58.09', 'passive_qd_score': '18999.67', 'qd_score': '82288.39', 'mean_fitness_top_k': '-33.09'}
[2026-05-30 10:03:34,452][root][INFO] - Generation 28/400 - Time: 0.00 seconds
[2026-05-30 10:03:34,453][root][INFO] - {'coverage': '100.00', 'max_fitness': '-12.59', 'passive_coverage': '22.36', 'passive_max_fitness': '-12.59', 'passive_mean_fitness': '-57.95', 'passive_qd_score': '19115.41', 'qd_score': '82466.28', 'mean_fitness_top_k': '-32.89'}
[2026-05-30 10:03:35,441][root][INFO] - Generation 29/400 - Time: 0.00 seconds
[2026-05-30 10:03:35,442][root][INFO] - {'coverage': '100.00', 'max_fitness': '-12.59', 'passive_coverage': '22.46', 'passive_max_fitness': '-12.59', 'passive_mean_fitness': '-57.98', 'passive_qd_score': '19191.75', 'qd_score': '82520.41', 'mean_fitness_top_k': '-32.51'}
[2026-05-30 10:03:36,417][root][INFO] - Updating AE...
[2026-05-30 10:03:37,184][root][INFO] - Epoch: 1, loss: 3334.9890
[2026-05-30 10:03:37,254][root][INFO] - Epoch: 2, loss: 870.1339
[2026-05-30 10:03:37,324][root][INFO] - Epoch: 3, loss: 778.9567
[2026-05-30 10:03:37,393][root][INFO] - Epoch: 4, loss: 737.8760
[2026-05-30 10:03:37,463][root][INFO] - Epoch: 5, loss: 706.5619
[2026-05-30 10:03:37,533][root][INFO] - Epoch: 6, loss: 688.4078
[2026-05-30 10:03:37,602][root][INFO] - Epoch: 7, loss: 672.9973
[2026-05-30 10:03:37,671][root][INFO] - Epoch: 8, loss: 660.9489
[2026-05-30 10:03:37,740][root][INFO] - Epoch: 9, loss: 648.7143
[2026-05-30 10:03:37,809][root][INFO] - Epoch: 10, loss: 641.3915
[2026-05-30 10:03:37,878][root][INFO] - Epoch: 11, loss: 631.3182
[2026-05-30 10:03:37,949][root][INFO] - Epoch: 12, loss: 621.2261
[2026-05-30 10:03:38,021][root][INFO] - Epoch: 13, loss: 616.4116
[2026-05-30 10:03:38,091][root][INFO] - Epoch: 14, loss: 610.2947
[2026-05-30 10:03:38,162][root][INFO] - Epoch: 15, loss: 604.8162
[2026-05-30 10:03:38,232][root][INFO] - Epoch: 16, loss: 603.1273
[2026-05-30 10:03:38,303][root][INFO] - Epoch: 17, loss: 597.4380
[2026-05-30 10:03:38,374][root][INFO] - Epoch: 18, loss: 591.2417
[2026-05-30 10:03:38,444][root][INFO] - Epoch: 19, loss: 586.7191
[2026-05-30 10:03:38,515][root][INFO] - Epoch: 20, loss: 581.9200
[2026-05-30 10:03:38,584][root][INFO] - Epoch: 21, loss: 578.1798
[2026-05-30 10:03:38,656][root][INFO] - Epoch: 22, loss: 571.7877
[2026-05-30 10:03:38,725][root][INFO] - Epoch: 23, loss: 570.4402
[2026-05-30 10:03:38,796][root][INFO] - Epoch: 24, loss: 567.6461
[2026-05-30 10:03:38,868][root][INFO] - Epoch: 25, loss: 561.1981
[2026-05-30 10:03:38,940][root][INFO] - Epoch: 26, loss: 556.9125
[2026-05-30 10:03:39,010][root][INFO] - Epoch: 27, loss: 551.2249
[2026-05-30 10:03:39,081][root][INFO] - Epoch: 28, loss: 549.9472
[2026-05-30 10:03:39,152][root][INFO] - Epoch: 29, loss: 544.8399
[2026-05-30 10:03:39,223][root][INFO] - Epoch: 30, loss: 541.9355
[2026-05-30 10:03:39,293][root][INFO] - Epoch: 31, loss: 538.1802
[2026-05-30 10:03:39,364][root][INFO] - Epoch: 32, loss: 535.7075
[2026-05-30 10:03:39,435][root][INFO] - Epoch: 33, loss: 531.5580
[2026-05-30 10:03:39,506][root][INFO] - Epoch: 34, loss: 529.1187
[2026-05-30 10:03:39,576][root][INFO] - Epoch: 35, loss: 524.5901
[2026-05-30 10:03:39,646][root][INFO] - Epoch: 36, loss: 521.9648
[2026-05-30 10:03:39,717][root][INFO] - Epoch: 37, loss: 519.3528
[2026-05-30 10:03:39,788][root][INFO] - Epoch: 38, loss: 516.9731
[2026-05-30 10:03:39,858][root][INFO] - Epoch: 39, loss: 515.0724
[2026-05-30 10:03:39,928][root][INFO] - Epoch: 40, loss: 511.0533
[2026-05-30 10:03:40,000][root][INFO] - Epoch: 41, loss: 508.6095
[2026-05-30 10:03:40,073][root][INFO] - Epoch: 42, loss: 506.8507
[2026-05-30 10:03:40,145][root][INFO] - Epoch: 43, loss: 504.8110
[2026-05-30 10:03:40,215][root][INFO] - Epoch: 44, loss: 502.4348
[2026-05-30 10:03:40,283][root][INFO] - Epoch: 45, loss: 499.4146
[2026-05-30 10:03:40,354][root][INFO] - Epoch: 46, loss: 497.9492
[2026-05-30 10:03:40,425][root][INFO] - Epoch: 47, loss: 502.6359
[2026-05-30 10:03:40,498][root][INFO] - Epoch: 48, loss: 495.6244
[2026-05-30 10:03:40,571][root][INFO] - Epoch: 49, loss: 495.8900
[2026-05-30 10:03:40,643][root][INFO] - Epoch: 50, loss: 491.6574
[2026-05-30 10:03:40,714][root][INFO] - Epoch: 51, loss: 489.5143
[2026-05-30 10:03:40,785][root][INFO] - Epoch: 52, loss: 485.6780
[2026-05-30 10:03:40,857][root][INFO] - Epoch: 53, loss: 484.5302
[2026-05-30 10:03:40,936][root][INFO] - Epoch: 54, loss: 487.4771
[2026-05-30 10:03:41,006][root][INFO] - Epoch: 55, loss: 486.0055
[2026-05-30 10:03:41,078][root][INFO] - Epoch: 56, loss: 479.7938
[2026-05-30 10:03:41,147][root][INFO] - Epoch: 57, loss: 497.7004
[2026-05-30 10:03:41,218][root][INFO] - Epoch: 58, loss: 488.7589
[2026-05-30 10:03:41,287][root][INFO] - Epoch: 59, loss: 484.5242
[2026-05-30 10:03:41,356][root][INFO] - Epoch: 60, loss: 477.2531
[2026-05-30 10:03:41,426][root][INFO] - Epoch: 61, loss: 476.5230
[2026-05-30 10:03:41,497][root][INFO] - Epoch: 62, loss: 476.2254
[2026-05-30 10:03:41,567][root][INFO] - Epoch: 63, loss: 475.2159
[2026-05-30 10:03:41,638][root][INFO] - Epoch: 64, loss: 471.1075
[2026-05-30 10:03:41,708][root][INFO] - Epoch: 65, loss: 468.9709
[2026-05-30 10:03:41,778][root][INFO] - Epoch: 66, loss: 487.2901
[2026-05-30 10:03:41,849][root][INFO] - Epoch: 67, loss: 476.4564
[2026-05-30 10:03:41,919][root][INFO] - Epoch: 68, loss: 488.8500
[2026-05-30 10:03:41,989][root][INFO] - Epoch: 69, loss: 471.7489
[2026-05-30 10:03:42,059][root][INFO] - Epoch: 70, loss: 464.8433
[2026-05-30 10:03:42,130][root][INFO] - Epoch: 71, loss: 458.5489
[2026-05-30 10:03:42,200][root][INFO] - Epoch: 72, loss: 452.0372
[2026-05-30 10:03:42,270][root][INFO] - Epoch: 73, loss: 452.0683
[2026-05-30 10:03:42,340][root][INFO] - Epoch: 74, loss: 454.9297
[2026-05-30 10:03:42,411][root][INFO] - Epoch: 75, loss: 449.1889
[2026-05-30 10:03:42,482][root][INFO] - Epoch: 76, loss: 445.0235
[2026-05-30 10:03:42,553][root][INFO] - Epoch: 77, loss: 446.2731
[2026-05-30 10:03:42,623][root][INFO] - Epoch: 78, loss: 457.5792
[2026-05-30 10:03:42,694][root][INFO] - Epoch: 79, loss: 449.1375
[2026-05-30 10:03:42,764][root][INFO] - Epoch: 80, loss: 451.3233
[2026-05-30 10:03:42,835][root][INFO] - Epoch: 81, loss: 442.6364
[2026-05-30 10:03:42,906][root][INFO] - Epoch: 82, loss: 449.4242
[2026-05-30 10:03:42,976][root][INFO] - Epoch: 83, loss: 442.4894
[2026-05-30 10:03:43,047][root][INFO] - Epoch: 84, loss: 440.0482
[2026-05-30 10:03:43,115][root][INFO] - Epoch: 85, loss: 435.3175
[2026-05-30 10:03:43,186][root][INFO] - Epoch: 86, loss: 431.3431
[2026-05-30 10:03:43,256][root][INFO] - Epoch: 87, loss: 427.3650
[2026-05-30 10:03:43,325][root][INFO] - Epoch: 88, loss: 426.8971
[2026-05-30 10:03:43,396][root][INFO] - Epoch: 89, loss: 423.5450
[2026-05-30 10:03:43,465][root][INFO] - Epoch: 90, loss: 423.2090
[2026-05-30 10:03:43,537][root][INFO] - Epoch: 91, loss: 419.6949
[2026-05-30 10:03:43,608][root][INFO] - Epoch: 92, loss: 429.1119
[2026-05-30 10:03:43,678][root][INFO] - Epoch: 93, loss: 420.1263
[2026-05-30 10:03:43,748][root][INFO] - Epoch: 94, loss: 417.1042
[2026-05-30 10:03:43,823][root][INFO] - Epoch: 95, loss: 427.8889
[2026-05-30 10:03:43,897][root][INFO] - Epoch: 96, loss: 414.6583
[2026-05-30 10:03:43,969][root][INFO] - Epoch: 97, loss: 409.3012
[2026-05-30 10:03:44,042][root][INFO] - Epoch: 98, loss: 407.3090
[2026-05-30 10:03:44,113][root][INFO] - Epoch: 99, loss: 411.2372
[2026-05-30 10:03:44,182][root][INFO] - Epoch: 100, loss: 406.8592
[2026-05-30 10:03:44,252][root][INFO] - Epoch: 101, loss: 397.1293
[2026-05-30 10:03:44,322][root][INFO] - Epoch: 102, loss: 397.3175
[2026-05-30 10:03:44,390][root][INFO] - Epoch: 103, loss: 414.1954
[2026-05-30 10:03:44,462][root][INFO] - Epoch: 104, loss: 404.2281
[2026-05-30 10:03:44,533][root][INFO] - Epoch: 105, loss: 403.2330
[2026-05-30 10:03:44,604][root][INFO] - Epoch: 106, loss: 422.2841
[2026-05-30 10:03:44,675][root][INFO] - Epoch: 107, loss: 398.6505
[2026-05-30 10:03:44,746][root][INFO] - Epoch: 108, loss: 395.6583
[2026-05-30 10:03:44,817][root][INFO] - Epoch: 109, loss: 402.9865
[2026-05-30 10:03:44,887][root][INFO] - Epoch: 110, loss: 394.4663
[2026-05-30 10:03:44,958][root][INFO] - Epoch: 111, loss: 439.6760
[2026-05-30 10:03:45,030][root][INFO] - Epoch: 112, loss: 454.1256
[2026-05-30 10:03:45,101][root][INFO] - Epoch: 113, loss: 439.7706
[2026-05-30 10:03:45,171][root][INFO] - Epoch: 114, loss: 439.8054
[2026-05-30 10:03:45,240][root][INFO] - Epoch: 115, loss: 462.3190
[2026-05-30 10:03:45,309][root][INFO] - Epoch: 116, loss: 452.3731
[2026-05-30 10:03:45,379][root][INFO] - Epoch: 117, loss: 436.1944
[2026-05-30 10:03:45,449][root][INFO] - Epoch: 118, loss: 408.2199
[2026-05-30 10:03:45,520][root][INFO] - Epoch: 119, loss: 393.4993
[2026-05-30 10:03:45,589][root][INFO] - Epoch: 120, loss: 384.9868
[2026-05-30 10:03:45,658][root][INFO] - Epoch: 121, loss: 370.9179
[2026-05-30 10:03:45,727][root][INFO] - Epoch: 122, loss: 369.6024
[2026-05-30 10:03:45,798][root][INFO] - Epoch: 123, loss: 369.4061
[2026-05-30 10:03:45,870][root][INFO] - Epoch: 124, loss: 365.1326
[2026-05-30 10:03:45,940][root][INFO] - Epoch: 125, loss: 358.6617
[2026-05-30 10:03:46,012][root][INFO] - Epoch: 126, loss: 358.5775
[2026-05-30 10:03:46,083][root][INFO] - Epoch: 127, loss: 361.3720
[2026-05-30 10:03:46,153][root][INFO] - Epoch: 128, loss: 356.1259
[2026-05-30 10:03:46,224][root][INFO] - Epoch: 129, loss: 394.5855
[2026-05-30 10:03:46,294][root][INFO] - Epoch: 130, loss: 390.4451
[2026-05-30 10:03:46,364][root][INFO] - Epoch: 131, loss: 403.1567
[2026-05-30 10:03:46,434][root][INFO] - Epoch: 132, loss: 387.2427
[2026-05-30 10:03:46,505][root][INFO] - Epoch: 133, loss: 380.4806
[2026-05-30 10:03:46,576][root][INFO] - Epoch: 134, loss: 375.2875
[2026-05-30 10:03:46,645][root][INFO] - Epoch: 135, loss: 358.8720
[2026-05-30 10:03:46,715][root][INFO] - Epoch: 136, loss: 361.5168
[2026-05-30 10:03:46,785][root][INFO] - Epoch: 137, loss: 374.7567
[2026-05-30 10:03:46,857][root][INFO] - Epoch: 138, loss: 383.4289
[2026-05-30 10:03:46,927][root][INFO] - Epoch: 139, loss: 376.2083
[2026-05-30 10:03:46,928][root][INFO] - Early stopping at epoch: 138
[2026-05-30 10:03:46,974][root][INFO] - {'model_loss': '376.2083', 'recon_loss': '0.0000', 'triplet_loss': '376.2083'}
[2026-05-30 10:03:46,979][root][INFO] - Updating AE...
[2026-05-30 10:03:47,872][root][INFO] - Epoch: 1, loss: 357.9035
[2026-05-30 10:03:47,942][root][INFO] - Epoch: 2, loss: 278.1096
[2026-05-30 10:03:48,012][root][INFO] - Epoch: 3, loss: 275.8144
[2026-05-30 10:03:48,082][root][INFO] - Epoch: 4, loss: 246.5520
[2026-05-30 10:03:48,152][root][INFO] - Epoch: 5, loss: 230.1984
[2026-05-30 10:03:48,222][root][INFO] - Epoch: 6, loss: 204.0817
[2026-05-30 10:03:48,293][root][INFO] - Epoch: 7, loss: 185.7755
[2026-05-30 10:03:48,363][root][INFO] - Epoch: 8, loss: 171.4514
[2026-05-30 10:03:48,433][root][INFO] - Epoch: 9, loss: 161.2523
[2026-05-30 10:03:48,504][root][INFO] - Epoch: 10, loss: 167.4542
[2026-05-30 10:03:48,575][root][INFO] - Epoch: 11, loss: 157.9078
[2026-05-30 10:03:48,646][root][INFO] - Epoch: 12, loss: 147.7654
[2026-05-30 10:03:48,717][root][INFO] - Epoch: 13, loss: 141.5079
[2026-05-30 10:03:48,787][root][INFO] - Epoch: 14, loss: 137.2599
[2026-05-30 10:03:48,857][root][INFO] - Epoch: 15, loss: 133.7672
[2026-05-30 10:03:48,928][root][INFO] - Epoch: 16, loss: 131.7024
[2026-05-30 10:03:48,998][root][INFO] - Epoch: 17, loss: 129.5885
[2026-05-30 10:03:49,068][root][INFO] - Epoch: 18, loss: 128.6865
[2026-05-30 10:03:49,138][root][INFO] - Epoch: 19, loss: 125.9963
[2026-05-30 10:03:49,208][root][INFO] - Epoch: 20, loss: 124.2637
[2026-05-30 10:03:49,279][root][INFO] - Epoch: 21, loss: 122.2877
[2026-05-30 10:03:49,350][root][INFO] - Epoch: 22, loss: 120.9049
[2026-05-30 10:03:49,421][root][INFO] - Epoch: 23, loss: 120.2462
[2026-05-30 10:03:49,492][root][INFO] - Epoch: 24, loss: 119.3921
[2026-05-30 10:03:49,563][root][INFO] - Epoch: 25, loss: 118.5883
[2026-05-30 10:03:49,634][root][INFO] - Epoch: 26, loss: 117.4547
[2026-05-30 10:03:49,706][root][INFO] - Epoch: 27, loss: 115.5887
[2026-05-30 10:03:49,777][root][INFO] - Epoch: 28, loss: 115.4000
[2026-05-30 10:03:49,847][root][INFO] - Epoch: 29, loss: 113.6251
[2026-05-30 10:03:49,918][root][INFO] - Epoch: 30, loss: 112.4237
[2026-05-30 10:03:49,989][root][INFO] - Epoch: 31, loss: 112.4293
[2026-05-30 10:03:50,059][root][INFO] - Epoch: 32, loss: 111.4190
[2026-05-30 10:03:50,130][root][INFO] - Epoch: 33, loss: 110.1143
[2026-05-30 10:03:50,201][root][INFO] - Epoch: 34, loss: 111.1692
[2026-05-30 10:03:50,272][root][INFO] - Epoch: 35, loss: 110.3658
[2026-05-30 10:03:50,343][root][INFO] - Epoch: 36, loss: 110.0729
[2026-05-30 10:03:50,413][root][INFO] - Epoch: 37, loss: 109.2289
[2026-05-30 10:03:50,484][root][INFO] - Epoch: 38, loss: 108.2750
[2026-05-30 10:03:50,555][root][INFO] - Epoch: 39, loss: 107.6998
[2026-05-30 10:03:50,626][root][INFO] - Epoch: 40, loss: 106.8902
[2026-05-30 10:03:50,696][root][INFO] - Epoch: 41, loss: 107.1966
[2026-05-30 10:03:50,767][root][INFO] - Epoch: 42, loss: 105.1912
[2026-05-30 10:03:50,838][root][INFO] - Epoch: 43, loss: 108.8681
[2026-05-30 10:03:50,908][root][INFO] - Epoch: 44, loss: 109.8822
[2026-05-30 10:03:50,979][root][INFO] - Epoch: 45, loss: 114.6545
[2026-05-30 10:03:51,050][root][INFO] - Epoch: 46, loss: 124.1349
[2026-05-30 10:03:51,119][root][INFO] - Epoch: 47, loss: 127.6349
[2026-05-30 10:03:51,191][root][INFO] - Epoch: 48, loss: 120.7459
[2026-05-30 10:03:51,262][root][INFO] - Epoch: 49, loss: 114.2206
[2026-05-30 10:03:51,334][root][INFO] - Epoch: 50, loss: 111.4040
[2026-05-30 10:03:51,405][root][INFO] - Epoch: 51, loss: 107.1583
[2026-05-30 10:03:51,475][root][INFO] - Epoch: 52, loss: 107.3255
[2026-05-30 10:03:51,548][root][INFO] - Epoch: 53, loss: 104.2514
[2026-05-30 10:03:51,619][root][INFO] - Epoch: 54, loss: 103.4748
[2026-05-30 10:03:51,690][root][INFO] - Epoch: 55, loss: 102.3570
[2026-05-30 10:03:51,761][root][INFO] - Epoch: 56, loss: 101.6409
[2026-05-30 10:03:51,831][root][INFO] - Epoch: 57, loss: 100.8477
[2026-05-30 10:03:51,902][root][INFO] - Epoch: 58, loss: 101.4972
[2026-05-30 10:03:51,974][root][INFO] - Epoch: 59, loss: 99.1160
[2026-05-30 10:03:52,045][root][INFO] - Epoch: 60, loss: 97.3620
[2026-05-30 10:03:52,118][root][INFO] - Epoch: 61, loss: 97.0822
[2026-05-30 10:03:52,187][root][INFO] - Epoch: 62, loss: 97.4074
[2026-05-30 10:03:52,256][root][INFO] - Epoch: 63, loss: 96.8313
[2026-05-30 10:03:52,328][root][INFO] - Epoch: 64, loss: 96.5191
[2026-05-30 10:03:52,399][root][INFO] - Epoch: 65, loss: 94.4800
[2026-05-30 10:03:52,470][root][INFO] - Epoch: 66, loss: 95.7323
[2026-05-30 10:03:52,540][root][INFO] - Epoch: 67, loss: 95.1567
[2026-05-30 10:03:52,612][root][INFO] - Epoch: 68, loss: 93.5830
[2026-05-30 10:03:52,682][root][INFO] - Epoch: 69, loss: 92.2199
[2026-05-30 10:03:52,753][root][INFO] - Epoch: 70, loss: 92.1614
[2026-05-30 10:03:52,824][root][INFO] - Epoch: 71, loss: 90.9129
[2026-05-30 10:03:52,895][root][INFO] - Epoch: 72, loss: 90.0365
[2026-05-30 10:03:52,965][root][INFO] - Epoch: 73, loss: 90.7369
[2026-05-30 10:03:53,036][root][INFO] - Epoch: 74, loss: 90.7242
[2026-05-30 10:03:53,105][root][INFO] - Epoch: 75, loss: 90.2075
[2026-05-30 10:03:53,175][root][INFO] - Epoch: 76, loss: 90.6542
[2026-05-30 10:03:53,244][root][INFO] - Epoch: 77, loss: 89.5190
[2026-05-30 10:03:53,313][root][INFO] - Epoch: 78, loss: 88.1456
[2026-05-30 10:03:53,383][root][INFO] - Epoch: 79, loss: 89.1800
[2026-05-30 10:03:53,452][root][INFO] - Epoch: 80, loss: 87.4820
[2026-05-30 10:03:53,523][root][INFO] - Epoch: 81, loss: 87.9500
[2026-05-30 10:03:53,594][root][INFO] - Epoch: 82, loss: 87.3972
[2026-05-30 10:03:53,665][root][INFO] - Epoch: 83, loss: 86.3461
[2026-05-30 10:03:53,736][root][INFO] - Epoch: 84, loss: 86.4998
[2026-05-30 10:03:53,807][root][INFO] - Epoch: 85, loss: 95.1037
[2026-05-30 10:03:53,877][root][INFO] - Epoch: 86, loss: 99.6128
[2026-05-30 10:03:53,948][root][INFO] - Epoch: 87, loss: 96.9130
[2026-05-30 10:03:54,022][root][INFO] - Epoch: 88, loss: 93.0170
[2026-05-30 10:03:54,092][root][INFO] - Epoch: 89, loss: 91.5322
[2026-05-30 10:03:54,162][root][INFO] - Epoch: 90, loss: 89.5048
[2026-05-30 10:03:54,231][root][INFO] - Epoch: 91, loss: 87.1177
[2026-05-30 10:03:54,301][root][INFO] - Epoch: 92, loss: 87.1563
[2026-05-30 10:03:54,370][root][INFO] - Epoch: 93, loss: 85.7613
[2026-05-30 10:03:54,441][root][INFO] - Epoch: 94, loss: 86.4645
[2026-05-30 10:03:54,511][root][INFO] - Epoch: 95, loss: 84.9110
[2026-05-30 10:03:54,582][root][INFO] - Epoch: 96, loss: 84.3497
[2026-05-30 10:03:54,653][root][INFO] - Epoch: 97, loss: 84.3045
[2026-05-30 10:03:54,723][root][INFO] - Epoch: 98, loss: 82.4127
[2026-05-30 10:03:54,793][root][INFO] - Epoch: 99, loss: 85.4571
[2026-05-30 10:03:54,865][root][INFO] - Epoch: 100, loss: 101.3611
[2026-05-30 10:03:54,936][root][INFO] - Epoch: 101, loss: 117.6368
[2026-05-30 10:03:55,006][root][INFO] - Epoch: 102, loss: 136.8868
[2026-05-30 10:03:55,077][root][INFO] - Epoch: 103, loss: 126.6705
[2026-05-30 10:03:55,148][root][INFO] - Epoch: 104, loss: 120.7663
[2026-05-30 10:03:55,220][root][INFO] - Epoch: 105, loss: 117.7420
[2026-05-30 10:03:55,292][root][INFO] - Epoch: 106, loss: 114.9614
[2026-05-30 10:03:55,363][root][INFO] - Epoch: 107, loss: 112.5473
[2026-05-30 10:03:55,434][root][INFO] - Epoch: 108, loss: 110.7368
[2026-05-30 10:03:55,505][root][INFO] - Epoch: 109, loss: 109.2501
[2026-05-30 10:03:55,506][root][INFO] - Early stopping at epoch: 108
[2026-05-30 10:03:55,542][root][INFO] - {'model_loss': '109.2501', 'recon_loss': '0.0000', 'triplet_loss': '109.2501'}
[2026-05-30 10:03:55,546][root][INFO] - Generation 30/400 - Time: 0.00 seconds
[2026-05-30 10:03:55,547][root][INFO] - {'coverage': '100.00', 'max_fitness': '-12.59', 'passive_coverage': '22.56', 'passive_max_fitness': '-12.59', 'passive_mean_fitness': '-57.85', 'passive_qd_score': '19305.14', 'qd_score': '82643.98', 'mean_fitness_top_k': '-32.53'}
[2026-05-30 10:03:56,709][root][INFO] - Generation 31/400 - Time: 0.00 seconds
[2026-05-30 10:03:56,710][root][INFO] - {'coverage': '100.00', 'max_fitness': '-12.59', 'passive_coverage': '23.14', 'passive_max_fitness': '-12.59', 'passive_mean_fitness': '-57.76', 'passive_qd_score': '19826.80', 'qd_score': '82771.95', 'mean_fitness_top_k': '-33.51'}
[2026-05-30 10:03:57,856][root][INFO] - Generation 32/400 - Time: 0.00 seconds
[2026-05-30 10:03:57,857][root][INFO] - {'coverage': '100.00', 'max_fitness': '-12.59', 'passive_coverage': '23.34', 'passive_max_fitness': '-12.59', 'passive_mean_fitness': '-57.81', 'passive_qd_score': '19982.68', 'qd_score': '82807.23', 'mean_fitness_top_k': '-32.58'}
[2026-05-30 10:03:59,023][root][INFO] - Generation 33/400 - Time: 0.00 seconds
[2026-05-30 10:03:59,023][root][INFO] - {'coverage': '100.00', 'max_fitness': '-12.40', 'passive_coverage': '23.54', 'passive_max_fitness': '-12.40', 'passive_mean_fitness': '-57.87', 'passive_qd_score': '20135.78', 'qd_score': '83638.84', 'mean_fitness_top_k': '-32.13'}
[2026-05-30 10:04:00,189][root][INFO] - Generation 34/400 - Time: 0.00 seconds
[2026-05-30 10:04:00,190][root][INFO] - {'coverage': '100.00', 'max_fitness': '-12.40', 'passive_coverage': '23.73', 'passive_max_fitness': '-12.40', 'passive_mean_fitness': '-57.70', 'passive_qd_score': '20343.13', 'qd_score': '83885.89', 'mean_fitness_top_k': '-31.96'}
[2026-05-30 10:04:01,319][root][INFO] - Generation 35/400 - Time: 0.00 seconds
[2026-05-30 10:04:01,320][root][INFO] - {'coverage': '100.00', 'max_fitness': '-12.40', 'passive_coverage': '23.93', 'passive_max_fitness': '-12.40', 'passive_mean_fitness': '-57.44', 'passive_qd_score': '20574.90', 'qd_score': '83803.38', 'mean_fitness_top_k': '-31.83'}
[2026-05-30 10:04:02,465][root][INFO] - Generation 36/400 - Time: 0.00 seconds
[2026-05-30 10:04:02,466][root][INFO] - {'coverage': '100.00', 'max_fitness': '-12.40', 'passive_coverage': '24.12', 'passive_max_fitness': '-12.40', 'passive_mean_fitness': '-57.43', 'passive_qd_score': '20745.36', 'qd_score': '83813.42', 'mean_fitness_top_k': '-31.66'}
[2026-05-30 10:04:03,612][root][INFO] - Generation 37/400 - Time: 0.00 seconds
[2026-05-30 10:04:03,612][root][INFO] - {'coverage': '100.00', 'max_fitness': '-12.40', 'passive_coverage': '24.12', 'passive_max_fitness': '-12.40', 'passive_mean_fitness': '-57.43', 'passive_qd_score': '20746.82', 'qd_score': '83971.16', 'mean_fitness_top_k': '-31.81'}
[2026-05-30 10:04:04,753][root][INFO] - Generation 38/400 - Time: 0.00 seconds
[2026-05-30 10:04:04,754][root][INFO] - {'coverage': '100.00', 'max_fitness': '-12.40', 'passive_coverage': '24.22', 'passive_max_fitness': '-12.40', 'passive_mean_fitness': '-57.41', 'passive_qd_score': '20833.78', 'qd_score': '84823.34', 'mean_fitness_top_k': '-30.66'}
[2026-05-30 10:04:05,918][root][INFO] - Generation 39/400 - Time: 0.00 seconds
[2026-05-30 10:04:05,919][root][INFO] - {'coverage': '100.00', 'max_fitness': '-12.40', 'passive_coverage': '24.41', 'passive_max_fitness': '-12.40', 'passive_mean_fitness': '-57.35', 'passive_qd_score': '21017.55', 'qd_score': '84614.09', 'mean_fitness_top_k': '-31.02'}
[2026-05-30 10:04:07,059][root][INFO] - Generation 40/400 - Time: 0.00 seconds
[2026-05-30 10:04:07,060][root][INFO] - {'coverage': '100.00', 'max_fitness': '-12.40', 'passive_coverage': '24.41', 'passive_max_fitness': '-12.40', 'passive_mean_fitness': '-57.35', 'passive_qd_score': '21017.55', 'qd_score': '85212.09', 'mean_fitness_top_k': '-30.65'}
[2026-05-30 10:04:08,212][root][INFO] - Generation 41/400 - Time: 0.00 seconds
[2026-05-30 10:04:08,212][root][INFO] - {'coverage': '100.00', 'max_fitness': '-12.40', 'passive_coverage': '24.51', 'passive_max_fitness': '-12.40', 'passive_mean_fitness': '-57.20', 'passive_qd_score': '21139.94', 'qd_score': '85134.42', 'mean_fitness_top_k': '-30.55'}
[2026-05-30 10:04:09,273][root][INFO] - Updating AE...
[2026-05-30 10:04:10,015][root][INFO] - Epoch: 1, loss: 450.0650
[2026-05-30 10:04:10,085][root][INFO] - Epoch: 2, loss: 426.5169
[2026-05-30 10:04:10,156][root][INFO] - Epoch: 3, loss: 412.4955
[2026-05-30 10:04:10,225][root][INFO] - Epoch: 4, loss: 396.6712
[2026-05-30 10:04:10,294][root][INFO] - Epoch: 5, loss: 383.1259
[2026-05-30 10:04:10,364][root][INFO] - Epoch: 6, loss: 372.3470
[2026-05-30 10:04:10,435][root][INFO] - Epoch: 7, loss: 366.6241
[2026-05-30 10:04:10,505][root][INFO] - Epoch: 8, loss: 369.8135
[2026-05-30 10:04:10,577][root][INFO] - Epoch: 9, loss: 385.7473
[2026-05-30 10:04:10,648][root][INFO] - Epoch: 10, loss: 401.9699
[2026-05-30 10:04:10,719][root][INFO] - Epoch: 11, loss: 506.3626
[2026-05-30 10:04:10,790][root][INFO] - Epoch: 12, loss: 969.9557
[2026-05-30 10:04:10,861][root][INFO] - Epoch: 13, loss: 980.8738
[2026-05-30 10:04:10,932][root][INFO] - Epoch: 14, loss: 835.2830
[2026-05-30 10:04:11,004][root][INFO] - Epoch: 15, loss: 723.9532
[2026-05-30 10:04:11,075][root][INFO] - Epoch: 16, loss: 874.4666
[2026-05-30 10:04:11,147][root][INFO] - Epoch: 17, loss: 731.3546
[2026-05-30 10:04:11,217][root][INFO] - Epoch: 18, loss: 589.9632
[2026-05-30 10:04:11,218][root][INFO] - Early stopping at epoch: 17
[2026-05-30 10:04:11,244][root][INFO] - {'model_loss': '589.9632', 'recon_loss': '0.0000', 'triplet_loss': '589.9632'}
[2026-05-30 10:04:11,249][root][INFO] - Updating AE...
[2026-05-30 10:04:11,998][root][INFO] - Epoch: 1, loss: 447.2807
[2026-05-30 10:04:12,068][root][INFO] - Epoch: 2, loss: 315.8727
[2026-05-30 10:04:12,137][root][INFO] - Epoch: 3, loss: 217.7402
[2026-05-30 10:04:12,208][root][INFO] - Epoch: 4, loss: 172.0564
[2026-05-30 10:04:12,278][root][INFO] - Epoch: 5, loss: 143.0499
[2026-05-30 10:04:12,347][root][INFO] - Epoch: 6, loss: 125.1868
[2026-05-30 10:04:12,418][root][INFO] - Epoch: 7, loss: 116.9961
[2026-05-30 10:04:12,489][root][INFO] - Epoch: 8, loss: 111.2594
[2026-05-30 10:04:12,561][root][INFO] - Epoch: 9, loss: 108.0553
[2026-05-30 10:04:12,631][root][INFO] - Epoch: 10, loss: 105.5019
[2026-05-30 10:04:12,702][root][INFO] - Epoch: 11, loss: 103.9019
[2026-05-30 10:04:12,772][root][INFO] - Epoch: 12, loss: 102.5395
[2026-05-30 10:04:12,842][root][INFO] - Epoch: 13, loss: 101.4420
[2026-05-30 10:04:12,913][root][INFO] - Epoch: 14, loss: 100.5882
[2026-05-30 10:04:12,983][root][INFO] - Epoch: 15, loss: 99.7613
[2026-05-30 10:04:13,056][root][INFO] - Epoch: 16, loss: 99.0804
[2026-05-30 10:04:13,126][root][INFO] - Epoch: 17, loss: 98.4821
[2026-05-30 10:04:13,197][root][INFO] - Epoch: 18, loss: 97.8059
[2026-05-30 10:04:13,266][root][INFO] - Epoch: 19, loss: 97.2677
[2026-05-30 10:04:13,337][root][INFO] - Epoch: 20, loss: 96.7921
[2026-05-30 10:04:13,406][root][INFO] - Epoch: 21, loss: 96.3046
[2026-05-30 10:04:13,477][root][INFO] - Epoch: 22, loss: 95.8331
[2026-05-30 10:04:13,551][root][INFO] - Epoch: 23, loss: 95.4057
[2026-05-30 10:04:13,623][root][INFO] - Epoch: 24, loss: 94.9603
[2026-05-30 10:04:13,693][root][INFO] - Epoch: 25, loss: 94.5433
[2026-05-30 10:04:13,764][root][INFO] - Epoch: 26, loss: 94.0823
[2026-05-30 10:04:13,835][root][INFO] - Epoch: 27, loss: 93.6864
[2026-05-30 10:04:13,906][root][INFO] - Epoch: 28, loss: 93.2278
[2026-05-30 10:04:13,977][root][INFO] - Epoch: 29, loss: 92.7947
[2026-05-30 10:04:14,049][root][INFO] - Epoch: 30, loss: 92.3483
[2026-05-30 10:04:14,118][root][INFO] - Epoch: 31, loss: 91.9121
[2026-05-30 10:04:14,187][root][INFO] - Epoch: 32, loss: 91.4934
[2026-05-30 10:04:14,256][root][INFO] - Epoch: 33, loss: 91.1884
[2026-05-30 10:04:14,326][root][INFO] - Epoch: 34, loss: 90.8055
[2026-05-30 10:04:14,395][root][INFO] - Epoch: 35, loss: 90.4576
[2026-05-30 10:04:14,466][root][INFO] - Epoch: 36, loss: 90.0012
[2026-05-30 10:04:14,539][root][INFO] - Epoch: 37, loss: 89.7304
[2026-05-30 10:04:14,609][root][INFO] - Epoch: 38, loss: 89.2509
[2026-05-30 10:04:14,680][root][INFO] - Epoch: 39, loss: 88.9224
[2026-05-30 10:04:14,751][root][INFO] - Epoch: 40, loss: 88.4054
[2026-05-30 10:04:14,822][root][INFO] - Epoch: 41, loss: 88.2645
[2026-05-30 10:04:14,893][root][INFO] - Epoch: 42, loss: 87.6883
[2026-05-30 10:04:14,964][root][INFO] - Epoch: 43, loss: 87.4081
[2026-05-30 10:04:15,036][root][INFO] - Epoch: 44, loss: 87.1051
[2026-05-30 10:04:15,107][root][INFO] - Epoch: 45, loss: 86.6164
[2026-05-30 10:04:15,178][root][INFO] - Epoch: 46, loss: 86.2341
[2026-05-30 10:04:15,249][root][INFO] - Epoch: 47, loss: 85.9529
[2026-05-30 10:04:15,320][root][INFO] - Epoch: 48, loss: 85.6343
[2026-05-30 10:04:15,390][root][INFO] - Epoch: 49, loss: 85.2359
[2026-05-30 10:04:15,462][root][INFO] - Epoch: 50, loss: 84.8668
[2026-05-30 10:04:15,532][root][INFO] - Epoch: 51, loss: 84.2886
[2026-05-30 10:04:15,603][root][INFO] - Epoch: 52, loss: 83.9120
[2026-05-30 10:04:15,674][root][INFO] - Epoch: 53, loss: 83.4821
[2026-05-30 10:04:15,745][root][INFO] - Epoch: 54, loss: 82.9859
[2026-05-30 10:04:15,816][root][INFO] - Epoch: 55, loss: 82.5993
[2026-05-30 10:04:15,887][root][INFO] - Epoch: 56, loss: 82.2970
[2026-05-30 10:04:15,958][root][INFO] - Epoch: 57, loss: 81.7439
[2026-05-30 10:04:16,029][root][INFO] - Epoch: 58, loss: 81.3132
[2026-05-30 10:04:16,100][root][INFO] - Epoch: 59, loss: 80.9632
[2026-05-30 10:04:16,172][root][INFO] - Epoch: 60, loss: 80.4725
[2026-05-30 10:04:16,245][root][INFO] - Epoch: 61, loss: 80.0274
[2026-05-30 10:04:16,316][root][INFO] - Epoch: 62, loss: 79.4979
[2026-05-30 10:04:16,388][root][INFO] - Epoch: 63, loss: 79.0667
[2026-05-30 10:04:16,458][root][INFO] - Epoch: 64, loss: 78.5013
[2026-05-30 10:04:16,529][root][INFO] - Epoch: 65, loss: 78.3311
[2026-05-30 10:04:16,600][root][INFO] - Epoch: 66, loss: 78.0419
[2026-05-30 10:04:16,673][root][INFO] - Epoch: 67, loss: 76.9070
[2026-05-30 10:04:16,744][root][INFO] - Epoch: 68, loss: 76.3134
[2026-05-30 10:04:16,815][root][INFO] - Epoch: 69, loss: 75.9566
[2026-05-30 10:04:16,886][root][INFO] - Epoch: 70, loss: 75.6637
[2026-05-30 10:04:16,957][root][INFO] - Epoch: 71, loss: 74.8730
[2026-05-30 10:04:17,028][root][INFO] - Epoch: 72, loss: 74.8369
[2026-05-30 10:04:17,098][root][INFO] - Epoch: 73, loss: 74.1144
[2026-05-30 10:04:17,168][root][INFO] - Epoch: 74, loss: 73.6624
[2026-05-30 10:04:17,239][root][INFO] - Epoch: 75, loss: 73.2539
[2026-05-30 10:04:17,310][root][INFO] - Epoch: 76, loss: 72.7993
[2026-05-30 10:04:17,381][root][INFO] - Epoch: 77, loss: 72.3784
[2026-05-30 10:04:17,452][root][INFO] - Epoch: 78, loss: 72.6939
[2026-05-30 10:04:17,522][root][INFO] - Epoch: 79, loss: 71.7720
[2026-05-30 10:04:17,594][root][INFO] - Epoch: 80, loss: 71.0495
[2026-05-30 10:04:17,667][root][INFO] - Epoch: 81, loss: 70.8663
[2026-05-30 10:04:17,737][root][INFO] - Epoch: 82, loss: 70.6421
[2026-05-30 10:04:17,807][root][INFO] - Epoch: 83, loss: 70.3508
[2026-05-30 10:04:17,877][root][INFO] - Epoch: 84, loss: 69.9887
[2026-05-30 10:04:17,948][root][INFO] - Epoch: 85, loss: 70.8509
[2026-05-30 10:04:18,018][root][INFO] - Epoch: 86, loss: 69.9120
[2026-05-30 10:04:18,089][root][INFO] - Epoch: 87, loss: 69.0776
[2026-05-30 10:04:18,159][root][INFO] - Epoch: 88, loss: 68.8654
[2026-05-30 10:04:18,230][root][INFO] - Epoch: 89, loss: 69.0481
[2026-05-30 10:04:18,301][root][INFO] - Epoch: 90, loss: 68.5850
[2026-05-30 10:04:18,378][root][INFO] - Epoch: 91, loss: 68.0721
[2026-05-30 10:04:18,447][root][INFO] - Epoch: 92, loss: 67.4299
[2026-05-30 10:04:18,517][root][INFO] - Epoch: 93, loss: 67.7622
[2026-05-30 10:04:18,586][root][INFO] - Epoch: 94, loss: 67.5457
[2026-05-30 10:04:18,657][root][INFO] - Epoch: 95, loss: 68.0272
[2026-05-30 10:04:18,727][root][INFO] - Epoch: 96, loss: 66.7029
[2026-05-30 10:04:18,797][root][INFO] - Epoch: 97, loss: 66.3621
[2026-05-30 10:04:18,867][root][INFO] - Epoch: 98, loss: 66.2018
[2026-05-30 10:04:18,938][root][INFO] - Epoch: 99, loss: 67.5027
[2026-05-30 10:04:19,008][root][INFO] - Epoch: 100, loss: 67.2864
[2026-05-30 10:04:19,079][root][INFO] - Epoch: 101, loss: 65.5359
[2026-05-30 10:04:19,149][root][INFO] - Epoch: 102, loss: 65.3288
[2026-05-30 10:04:19,220][root][INFO] - Epoch: 103, loss: 65.1404
[2026-05-30 10:04:19,290][root][INFO] - Epoch: 104, loss: 64.7641
[2026-05-30 10:04:19,361][root][INFO] - Epoch: 105, loss: 65.2170
[2026-05-30 10:04:19,433][root][INFO] - Epoch: 106, loss: 64.9003
[2026-05-30 10:04:19,503][root][INFO] - Epoch: 107, loss: 64.5730
[2026-05-30 10:04:19,574][root][INFO] - Epoch: 108, loss: 64.4432
[2026-05-30 10:04:19,644][root][INFO] - Epoch: 109, loss: 64.6456
[2026-05-30 10:04:19,713][root][INFO] - Epoch: 110, loss: 63.7921
[2026-05-30 10:04:19,783][root][INFO] - Epoch: 111, loss: 63.5180
[2026-05-30 10:04:19,854][root][INFO] - Epoch: 112, loss: 63.1494
[2026-05-30 10:04:19,925][root][INFO] - Epoch: 113, loss: 64.0724
[2026-05-30 10:04:19,996][root][INFO] - Epoch: 114, loss: 62.8111
[2026-05-30 10:04:20,067][root][INFO] - Epoch: 115, loss: 62.7094
[2026-05-30 10:04:20,137][root][INFO] - Epoch: 116, loss: 62.1872
[2026-05-30 10:04:20,208][root][INFO] - Epoch: 117, loss: 62.0874
[2026-05-30 10:04:20,279][root][INFO] - Epoch: 118, loss: 62.2115
[2026-05-30 10:04:20,349][root][INFO] - Epoch: 119, loss: 62.4949
[2026-05-30 10:04:20,421][root][INFO] - Epoch: 120, loss: 61.9811
[2026-05-30 10:04:20,492][root][INFO] - Epoch: 121, loss: 61.4562
[2026-05-30 10:04:20,562][root][INFO] - Epoch: 122, loss: 61.1036
[2026-05-30 10:04:20,632][root][INFO] - Epoch: 123, loss: 61.1262
[2026-05-30 10:04:20,703][root][INFO] - Epoch: 124, loss: 61.5790
[2026-05-30 10:04:20,776][root][INFO] - Epoch: 125, loss: 61.2607
[2026-05-30 10:04:20,846][root][INFO] - Epoch: 126, loss: 60.6313
[2026-05-30 10:04:20,917][root][INFO] - Epoch: 127, loss: 60.0918
[2026-05-30 10:04:20,988][root][INFO] - Epoch: 128, loss: 60.1763
[2026-05-30 10:04:21,059][root][INFO] - Epoch: 129, loss: 60.1796
[2026-05-30 10:04:21,131][root][INFO] - Epoch: 130, loss: 60.3193
[2026-05-30 10:04:21,207][root][INFO] - Epoch: 131, loss: 59.6766
[2026-05-30 10:04:21,278][root][INFO] - Epoch: 132, loss: 59.2700
[2026-05-30 10:04:21,350][root][INFO] - Epoch: 133, loss: 59.4194
[2026-05-30 10:04:21,422][root][INFO] - Epoch: 134, loss: 58.6439
[2026-05-30 10:04:21,494][root][INFO] - Epoch: 135, loss: 59.0819
[2026-05-30 10:04:21,565][root][INFO] - Epoch: 136, loss: 58.6738
[2026-05-30 10:04:21,637][root][INFO] - Epoch: 137, loss: 58.5936
[2026-05-30 10:04:21,709][root][INFO] - Epoch: 138, loss: 58.5453
[2026-05-30 10:04:21,781][root][INFO] - Epoch: 139, loss: 58.0095
[2026-05-30 10:04:21,852][root][INFO] - Epoch: 140, loss: 58.0516
[2026-05-30 10:04:21,925][root][INFO] - Epoch: 141, loss: 57.8658
[2026-05-30 10:04:21,996][root][INFO] - Epoch: 142, loss: 58.1294
[2026-05-30 10:04:22,068][root][INFO] - Epoch: 143, loss: 57.4777
[2026-05-30 10:04:22,140][root][INFO] - Epoch: 144, loss: 58.2571
[2026-05-30 10:04:22,211][root][INFO] - Epoch: 145, loss: 57.7617
[2026-05-30 10:04:22,282][root][INFO] - Epoch: 146, loss: 57.2577
[2026-05-30 10:04:22,354][root][INFO] - Epoch: 147, loss: 56.7806
[2026-05-30 10:04:22,425][root][INFO] - Epoch: 148, loss: 56.7918
[2026-05-30 10:04:22,497][root][INFO] - Epoch: 149, loss: 56.3711
[2026-05-30 10:04:22,568][root][INFO] - Epoch: 150, loss: 55.8578
[2026-05-30 10:04:22,641][root][INFO] - Epoch: 151, loss: 55.9402
[2026-05-30 10:04:22,712][root][INFO] - Epoch: 152, loss: 56.1199
[2026-05-30 10:04:22,783][root][INFO] - Epoch: 153, loss: 55.8138
[2026-05-30 10:04:22,854][root][INFO] - Epoch: 154, loss: 55.8885
[2026-05-30 10:04:22,925][root][INFO] - Epoch: 155, loss: 55.2365
[2026-05-30 10:04:22,997][root][INFO] - Epoch: 156, loss: 55.6304
[2026-05-30 10:04:23,070][root][INFO] - Epoch: 157, loss: 55.7477
[2026-05-30 10:04:23,142][root][INFO] - Epoch: 158, loss: 55.2783
[2026-05-30 10:04:23,213][root][INFO] - Epoch: 159, loss: 54.9669
[2026-05-30 10:04:23,284][root][INFO] - Epoch: 160, loss: 54.7416
[2026-05-30 10:04:23,357][root][INFO] - Epoch: 161, loss: 55.0774
[2026-05-30 10:04:23,428][root][INFO] - Epoch: 162, loss: 55.1104
[2026-05-30 10:04:23,499][root][INFO] - Epoch: 163, loss: 55.3826
[2026-05-30 10:04:23,570][root][INFO] - Epoch: 164, loss: 54.8971
[2026-05-30 10:04:23,642][root][INFO] - Epoch: 165, loss: 55.2107
[2026-05-30 10:04:23,714][root][INFO] - Epoch: 166, loss: 54.9055
[2026-05-30 10:04:23,786][root][INFO] - Epoch: 167, loss: 54.7472
[2026-05-30 10:04:23,858][root][INFO] - Epoch: 168, loss: 54.9651
[2026-05-30 10:04:23,930][root][INFO] - Epoch: 169, loss: 54.5225
[2026-05-30 10:04:24,002][root][INFO] - Epoch: 170, loss: 53.6190
[2026-05-30 10:04:24,075][root][INFO] - Epoch: 171, loss: 53.5930
[2026-05-30 10:04:24,146][root][INFO] - Epoch: 172, loss: 53.6824
[2026-05-30 10:04:24,217][root][INFO] - Epoch: 173, loss: 53.0012
[2026-05-30 10:04:24,289][root][INFO] - Epoch: 174, loss: 52.6746
[2026-05-30 10:04:24,360][root][INFO] - Epoch: 175, loss: 52.7762
[2026-05-30 10:04:24,432][root][INFO] - Epoch: 176, loss: 52.4947
[2026-05-30 10:04:24,504][root][INFO] - Epoch: 177, loss: 52.3682
[2026-05-30 10:04:24,576][root][INFO] - Epoch: 178, loss: 52.2387
[2026-05-30 10:04:24,648][root][INFO] - Epoch: 179, loss: 51.6868
[2026-05-30 10:04:24,719][root][INFO] - Epoch: 180, loss: 51.6528
[2026-05-30 10:04:24,791][root][INFO] - Epoch: 181, loss: 52.1628
[2026-05-30 10:04:24,862][root][INFO] - Epoch: 182, loss: 52.0286
[2026-05-30 10:04:24,933][root][INFO] - Epoch: 183, loss: 51.9235
[2026-05-30 10:04:25,004][root][INFO] - Epoch: 184, loss: 51.1031
[2026-05-30 10:04:25,076][root][INFO] - Epoch: 185, loss: 50.7458
[2026-05-30 10:04:25,147][root][INFO] - Epoch: 186, loss: 50.8030
[2026-05-30 10:04:25,218][root][INFO] - Epoch: 187, loss: 51.1135
[2026-05-30 10:04:25,290][root][INFO] - Epoch: 188, loss: 51.6001
[2026-05-30 10:04:25,362][root][INFO] - Epoch: 189, loss: 51.0019
[2026-05-30 10:04:25,433][root][INFO] - Epoch: 190, loss: 52.1485
[2026-05-30 10:04:25,504][root][INFO] - Epoch: 191, loss: 53.4986
[2026-05-30 10:04:25,576][root][INFO] - Epoch: 192, loss: 52.9728
[2026-05-30 10:04:25,647][root][INFO] - Epoch: 193, loss: 51.9833
[2026-05-30 10:04:25,719][root][INFO] - Epoch: 194, loss: 50.5742
[2026-05-30 10:04:25,789][root][INFO] - Epoch: 195, loss: 50.2044
[2026-05-30 10:04:25,861][root][INFO] - Epoch: 196, loss: 50.0123
[2026-05-30 10:04:25,933][root][INFO] - Epoch: 197, loss: 49.8005
[2026-05-30 10:04:26,004][root][INFO] - Epoch: 198, loss: 49.6043
[2026-05-30 10:04:26,075][root][INFO] - Epoch: 199, loss: 49.5462
[2026-05-30 10:04:26,147][root][INFO] - Epoch: 200, loss: 49.2983
[2026-05-30 10:04:26,182][root][INFO] - {'model_loss': '49.2983', 'recon_loss': '0.0000', 'triplet_loss': '49.2983'}
[2026-05-30 10:04:26,186][root][INFO] - Generation 42/400 - Time: 0.00 seconds
[2026-05-30 10:04:26,187][root][INFO] - {'coverage': '100.00', 'max_fitness': '-12.40', 'passive_coverage': '24.61', 'passive_max_fitness': '-12.40', 'passive_mean_fitness': '-57.03', 'passive_qd_score': '21266.68', 'qd_score': '85007.04', 'mean_fitness_top_k': '-30.55'}
[2026-05-30 10:04:27,323][root][INFO] - Generation 43/400 - Time: 0.00 seconds
[2026-05-30 10:04:27,324][root][INFO] - {'coverage': '100.00', 'max_fitness': '-12.40', 'passive_coverage': '25.10', 'passive_max_fitness': '-12.40', 'passive_mean_fitness': '-57.10', 'passive_qd_score': '21670.51', 'qd_score': '85936.84', 'mean_fitness_top_k': '-32.59'}
[2026-05-30 10:04:28,443][root][INFO] - Generation 44/400 - Time: 0.00 seconds
[2026-05-30 10:04:28,444][root][INFO] - {'coverage': '100.00', 'max_fitness': '-12.40', 'passive_coverage': '25.29', 'passive_max_fitness': '-12.40', 'passive_mean_fitness': '-56.90', 'passive_qd_score': '21892.14', 'qd_score': '86424.82', 'mean_fitness_top_k': '-32.50'}
[2026-05-30 10:04:29,579][root][INFO] - Generation 45/400 - Time: 0.00 seconds
[2026-05-30 10:04:29,580][root][INFO] - {'coverage': '100.00', 'max_fitness': '-12.40', 'passive_coverage': '25.39', 'passive_max_fitness': '-12.40', 'passive_mean_fitness': '-56.80', 'passive_qd_score': '22000.47', 'qd_score': '86630.84', 'mean_fitness_top_k': '-32.56'}
[2026-05-30 10:04:30,588][root][INFO] - Generation 46/400 - Time: 0.00 seconds
[2026-05-30 10:04:30,589][root][INFO] - {'coverage': '100.00', 'max_fitness': '-12.40', 'passive_coverage': '25.49', 'passive_max_fitness': '-12.40', 'passive_mean_fitness': '-56.72', 'passive_qd_score': '22107.79', 'qd_score': '86868.54', 'mean_fitness_top_k': '-32.33'}
[2026-05-30 10:04:31,625][root][INFO] - Generation 47/400 - Time: 0.00 seconds
[2026-05-30 10:04:31,626][root][INFO] - {'coverage': '100.00', 'max_fitness': '-12.40', 'passive_coverage': '25.59', 'passive_max_fitness': '-12.40', 'passive_mean_fitness': '-56.88', 'passive_qd_score': '22150.30', 'qd_score': '87143.09', 'mean_fitness_top_k': '-32.06'}
[2026-05-30 10:04:32,644][root][INFO] - Generation 48/400 - Time: 0.00 seconds
[2026-05-30 10:04:32,645][root][INFO] - {'coverage': '100.00', 'max_fitness': '-12.40', 'passive_coverage': '25.59', 'passive_max_fitness': '-12.40', 'passive_mean_fitness': '-56.88', 'passive_qd_score': '22150.33', 'qd_score': '87179.76', 'mean_fitness_top_k': '-31.71'}
[2026-05-30 10:04:33,734][root][INFO] - Generation 49/400 - Time: 0.00 seconds
[2026-05-30 10:04:33,735][root][INFO] - {'coverage': '100.00', 'max_fitness': '-12.40', 'passive_coverage': '25.59', 'passive_max_fitness': '-12.40', 'passive_mean_fitness': '-56.88', 'passive_qd_score': '22150.65', 'qd_score': '87405.28', 'mean_fitness_top_k': '-31.53'}
[2026-05-30 10:04:34,873][root][INFO] - Extinction event...
[2026-05-30 10:04:34,874][root][INFO] - Saving snapshot to runs/20260530_100147_kheperax_seed20/plots/latent_generation_250_before_ext.png
[2026-05-30 10:04:37,279][root][INFO] - Saving snapshot to runs/20260530_100147_kheperax_seed20/plots/latent_generation_250_after_ext.png
[2026-05-30 10:04:38,298][root][INFO] - Generation 50/400 - Time: 0.00 seconds
[2026-05-30 10:04:38,299][root][INFO] - {'coverage': '100.00', 'max_fitness': '-12.40', 'passive_coverage': '25.78', 'passive_max_fitness': '-12.40', 'passive_mean_fitness': '-56.89', 'passive_qd_score': '22317.27', 'qd_score': '87667.59', 'mean_fitness_top_k': '-31.50'}
[2026-05-30 10:04:39,353][root][INFO] - Generation 51/400 - Time: 0.00 seconds
[2026-05-30 10:04:39,354][root][INFO] - {'coverage': '100.00', 'max_fitness': '-12.40', 'passive_coverage': '25.78', 'passive_max_fitness': '-12.40', 'passive_mean_fitness': '-56.86', 'passive_qd_score': '22323.09', 'qd_score': '77324.28', 'mean_fitness_top_k': '-39.53'}
[2026-05-30 10:04:40,489][root][INFO] - Generation 52/400 - Time: 0.00 seconds
[2026-05-30 10:04:40,490][root][INFO] - {'coverage': '100.00', 'max_fitness': '-12.40', 'passive_coverage': '25.88', 'passive_max_fitness': '-12.40', 'passive_mean_fitness': '-56.89', 'passive_qd_score': '22402.11', 'qd_score': '79118.89', 'mean_fitness_top_k': '-37.54'}
[2026-05-30 10:04:41,528][root][INFO] - Generation 53/400 - Time: 0.00 seconds
[2026-05-30 10:04:41,528][root][INFO] - {'coverage': '100.00', 'max_fitness': '-12.40', 'passive_coverage': '25.98', 'passive_max_fitness': '-12.40', 'passive_mean_fitness': '-56.91', 'passive_qd_score': '22480.52', 'qd_score': '81233.72', 'mean_fitness_top_k': '-36.83'}
[2026-05-30 10:04:42,549][root][INFO] - Generation 54/400 - Time: 0.00 seconds
[2026-05-30 10:04:42,550][root][INFO] - {'coverage': '100.00', 'max_fitness': '-12.40', 'passive_coverage': '25.98', 'passive_max_fitness': '-12.40', 'passive_mean_fitness': '-56.90', 'passive_qd_score': '22481.45', 'qd_score': '82671.09', 'mean_fitness_top_k': '-36.81'}
[2026-05-30 10:04:43,575][root][INFO] - Generation 55/400 - Time: 0.00 seconds
[2026-05-30 10:04:43,576][root][INFO] - {'coverage': '100.00', 'max_fitness': '-12.40', 'passive_coverage': '25.98', 'passive_max_fitness': '-12.40', 'passive_mean_fitness': '-56.90', 'passive_qd_score': '22482.51', 'qd_score': '83699.56', 'mean_fitness_top_k': '-35.90'}
[2026-05-30 10:04:43,578][root][INFO] - Saving snapshot to runs/20260530_100147_kheperax_seed20/plots/latent_generation_275_5_gens_after_ext_gen250.png
[2026-05-30 10:04:45,533][root][INFO] - Updating AE...
[2026-05-30 10:04:46,470][root][INFO] - Epoch: 1, loss: 320.4585
[2026-05-30 10:04:46,541][root][INFO] - Epoch: 2, loss: 301.0258
[2026-05-30 10:04:46,611][root][INFO] - Epoch: 3, loss: 291.4327
[2026-05-30 10:04:46,679][root][INFO] - Epoch: 4, loss: 288.0358
[2026-05-30 10:04:46,748][root][INFO] - Epoch: 5, loss: 279.3308
[2026-05-30 10:04:46,819][root][INFO] - Epoch: 6, loss: 269.8736
[2026-05-30 10:04:46,890][root][INFO] - Epoch: 7, loss: 264.6875
[2026-05-30 10:04:46,960][root][INFO] - Epoch: 8, loss: 261.6060
[2026-05-30 10:04:47,031][root][INFO] - Epoch: 9, loss: 254.6958
[2026-05-30 10:04:47,101][root][INFO] - Epoch: 10, loss: 251.3330
[2026-05-30 10:04:47,172][root][INFO] - Epoch: 11, loss: 248.7985
[2026-05-30 10:04:47,243][root][INFO] - Epoch: 12, loss: 246.0370
[2026-05-30 10:04:47,314][root][INFO] - Epoch: 13, loss: 241.1905
[2026-05-30 10:04:47,384][root][INFO] - Epoch: 14, loss: 242.3425
[2026-05-30 10:04:47,456][root][INFO] - Epoch: 15, loss: 242.4844
[2026-05-30 10:04:47,526][root][INFO] - Epoch: 16, loss: 229.7923
[2026-05-30 10:04:47,596][root][INFO] - Epoch: 17, loss: 225.8877
[2026-05-30 10:04:47,667][root][INFO] - Epoch: 18, loss: 228.8103
[2026-05-30 10:04:47,740][root][INFO] - Epoch: 19, loss: 232.1979
[2026-05-30 10:04:47,810][root][INFO] - Epoch: 20, loss: 227.5127
[2026-05-30 10:04:47,881][root][INFO] - Epoch: 21, loss: 225.2054
[2026-05-30 10:04:47,953][root][INFO] - Epoch: 22, loss: 216.6329
[2026-05-30 10:04:48,025][root][INFO] - Epoch: 23, loss: 214.6016
[2026-05-30 10:04:48,096][root][INFO] - Epoch: 24, loss: 211.7330
[2026-05-30 10:04:48,167][root][INFO] - Epoch: 25, loss: 206.2031
[2026-05-30 10:04:48,237][root][INFO] - Epoch: 26, loss: 202.8050
[2026-05-30 10:04:48,308][root][INFO] - Epoch: 27, loss: 202.0025
[2026-05-30 10:04:48,379][root][INFO] - Epoch: 28, loss: 200.0975
[2026-05-30 10:04:48,451][root][INFO] - Epoch: 29, loss: 193.3141
[2026-05-30 10:04:48,521][root][INFO] - Epoch: 30, loss: 203.2584
[2026-05-30 10:04:48,592][root][INFO] - Epoch: 31, loss: 202.1400
[2026-05-30 10:04:48,663][root][INFO] - Epoch: 32, loss: 191.4712
[2026-05-30 10:04:48,733][root][INFO] - Epoch: 33, loss: 190.6673
[2026-05-30 10:04:48,804][root][INFO] - Epoch: 34, loss: 196.2139
[2026-05-30 10:04:48,875][root][INFO] - Epoch: 35, loss: 196.1335
[2026-05-30 10:04:48,946][root][INFO] - Epoch: 36, loss: 266.7695
[2026-05-30 10:04:49,018][root][INFO] - Epoch: 37, loss: 257.6952
[2026-05-30 10:04:49,088][root][INFO] - Epoch: 38, loss: 244.5483
[2026-05-30 10:04:49,159][root][INFO] - Epoch: 39, loss: 227.9633
[2026-05-30 10:04:49,230][root][INFO] - Epoch: 40, loss: 213.0348
[2026-05-30 10:04:49,301][root][INFO] - Epoch: 41, loss: 205.5795
[2026-05-30 10:04:49,372][root][INFO] - Epoch: 42, loss: 194.1542
[2026-05-30 10:04:49,445][root][INFO] - Epoch: 43, loss: 192.3150
[2026-05-30 10:04:49,516][root][INFO] - Epoch: 44, loss: 190.3166
[2026-05-30 10:04:49,586][root][INFO] - Epoch: 45, loss: 192.4077
[2026-05-30 10:04:49,657][root][INFO] - Epoch: 46, loss: 198.0456
[2026-05-30 10:04:49,728][root][INFO] - Epoch: 47, loss: 188.4177
[2026-05-30 10:04:49,799][root][INFO] - Epoch: 48, loss: 185.8483
[2026-05-30 10:04:49,870][root][INFO] - Epoch: 49, loss: 184.3421
[2026-05-30 10:04:49,941][root][INFO] - Epoch: 50, loss: 179.0128
[2026-05-30 10:04:50,011][root][INFO] - Epoch: 51, loss: 184.7635
[2026-05-30 10:04:50,083][root][INFO] - Epoch: 52, loss: 174.9554
[2026-05-30 10:04:50,154][root][INFO] - Epoch: 53, loss: 173.5143
[2026-05-30 10:04:50,225][root][INFO] - Epoch: 54, loss: 170.4557
[2026-05-30 10:04:50,296][root][INFO] - Epoch: 55, loss: 175.9074
[2026-05-30 10:04:50,367][root][INFO] - Epoch: 56, loss: 170.2777
[2026-05-30 10:04:50,438][root][INFO] - Epoch: 57, loss: 166.8876
[2026-05-30 10:04:50,509][root][INFO] - Epoch: 58, loss: 164.8704
[2026-05-30 10:04:50,581][root][INFO] - Epoch: 59, loss: 167.0526
[2026-05-30 10:04:50,651][root][INFO] - Epoch: 60, loss: 164.0457
[2026-05-30 10:04:50,722][root][INFO] - Epoch: 61, loss: 170.2340
[2026-05-30 10:04:50,793][root][INFO] - Epoch: 62, loss: 181.9294
[2026-05-30 10:04:50,865][root][INFO] - Epoch: 63, loss: 191.9702
[2026-05-30 10:04:50,936][root][INFO] - Epoch: 64, loss: 189.5059
[2026-05-30 10:04:51,008][root][INFO] - Epoch: 65, loss: 186.1584
[2026-05-30 10:04:51,079][root][INFO] - Epoch: 66, loss: 179.6380
[2026-05-30 10:04:51,149][root][INFO] - Epoch: 67, loss: 182.3931
[2026-05-30 10:04:51,221][root][INFO] - Epoch: 68, loss: 178.3133
[2026-05-30 10:04:51,292][root][INFO] - Epoch: 69, loss: 175.3039
[2026-05-30 10:04:51,363][root][INFO] - Epoch: 70, loss: 175.8757
[2026-05-30 10:04:51,435][root][INFO] - Epoch: 71, loss: 177.3466
[2026-05-30 10:04:51,436][root][INFO] - Early stopping at epoch: 70
[2026-05-30 10:04:51,474][root][INFO] - {'model_loss': '177.3466', 'recon_loss': '0.0000', 'triplet_loss': '177.3466'}
[2026-05-30 10:04:51,478][root][INFO] - Updating AE...
[2026-05-30 10:04:52,254][root][INFO] - Epoch: 1, loss: 129.2641
[2026-05-30 10:04:52,327][root][INFO] - Epoch: 2, loss: 48.5424
[2026-05-30 10:04:52,398][root][INFO] - Epoch: 3, loss: 28.9102
[2026-05-30 10:04:52,469][root][INFO] - Epoch: 4, loss: 22.1132
[2026-05-30 10:04:52,540][root][INFO] - Epoch: 5, loss: 19.0369
[2026-05-30 10:04:52,611][root][INFO] - Epoch: 6, loss: 17.0405
[2026-05-30 10:04:52,683][root][INFO] - Epoch: 7, loss: 15.9860
[2026-05-30 10:04:52,754][root][INFO] - Epoch: 8, loss: 15.2149
[2026-05-30 10:04:52,826][root][INFO] - Epoch: 9, loss: 14.7207
[2026-05-30 10:04:52,898][root][INFO] - Epoch: 10, loss: 14.2745
[2026-05-30 10:04:52,969][root][INFO] - Epoch: 11, loss: 13.9289
[2026-05-30 10:04:53,042][root][INFO] - Epoch: 12, loss: 13.6604
[2026-05-30 10:04:53,113][root][INFO] - Epoch: 13, loss: 13.3995
[2026-05-30 10:04:53,185][root][INFO] - Epoch: 14, loss: 13.1940
[2026-05-30 10:04:53,256][root][INFO] - Epoch: 15, loss: 13.0089
[2026-05-30 10:04:53,328][root][INFO] - Epoch: 16, loss: 12.8353
[2026-05-30 10:04:53,400][root][INFO] - Epoch: 17, loss: 12.6692
[2026-05-30 10:04:53,471][root][INFO] - Epoch: 18, loss: 12.5267
[2026-05-30 10:04:53,542][root][INFO] - Epoch: 19, loss: 12.3967
[2026-05-30 10:04:53,614][root][INFO] - Epoch: 20, loss: 12.2742
[2026-05-30 10:04:53,686][root][INFO] - Epoch: 21, loss: 12.1471
[2026-05-30 10:04:53,757][root][INFO] - Epoch: 22, loss: 12.0345
[2026-05-30 10:04:53,829][root][INFO] - Epoch: 23, loss: 11.9411
[2026-05-30 10:04:53,899][root][INFO] - Epoch: 24, loss: 11.8362
[2026-05-30 10:04:53,971][root][INFO] - Epoch: 25, loss: 11.7469
[2026-05-30 10:04:54,043][root][INFO] - Epoch: 26, loss: 11.6685
[2026-05-30 10:04:54,115][root][INFO] - Epoch: 27, loss: 11.5830
[2026-05-30 10:04:54,186][root][INFO] - Epoch: 28, loss: 11.4994
[2026-05-30 10:04:54,258][root][INFO] - Epoch: 29, loss: 11.4340
[2026-05-30 10:04:54,329][root][INFO] - Epoch: 30, loss: 11.3742
[2026-05-30 10:04:54,400][root][INFO] - Epoch: 31, loss: 11.3022
[2026-05-30 10:04:54,472][root][INFO] - Epoch: 32, loss: 11.2639
[2026-05-30 10:04:54,543][root][INFO] - Epoch: 33, loss: 11.2032
[2026-05-30 10:04:54,614][root][INFO] - Epoch: 34, loss: 11.1718
[2026-05-30 10:04:54,686][root][INFO] - Epoch: 35, loss: 11.1095
[2026-05-30 10:04:54,757][root][INFO] - Epoch: 36, loss: 11.0748
[2026-05-30 10:04:54,830][root][INFO] - Epoch: 37, loss: 11.0375
[2026-05-30 10:04:54,900][root][INFO] - Epoch: 38, loss: 10.9752
[2026-05-30 10:04:54,972][root][INFO] - Epoch: 39, loss: 10.9230
[2026-05-30 10:04:55,044][root][INFO] - Epoch: 40, loss: 10.8620
[2026-05-30 10:04:55,116][root][INFO] - Epoch: 41, loss: 10.8565
[2026-05-30 10:04:55,187][root][INFO] - Epoch: 42, loss: 10.7827
[2026-05-30 10:04:55,259][root][INFO] - Epoch: 43, loss: 10.7312
[2026-05-30 10:04:55,331][root][INFO] - Epoch: 44, loss: 10.6864
[2026-05-30 10:04:55,402][root][INFO] - Epoch: 45, loss: 10.6458
[2026-05-30 10:04:55,474][root][INFO] - Epoch: 46, loss: 10.5969
[2026-05-30 10:04:55,547][root][INFO] - Epoch: 47, loss: 10.5410
[2026-05-30 10:04:55,618][root][INFO] - Epoch: 48, loss: 10.5004
[2026-05-30 10:04:55,690][root][INFO] - Epoch: 49, loss: 10.4989
[2026-05-30 10:04:55,761][root][INFO] - Epoch: 50, loss: 10.4369
[2026-05-30 10:04:55,832][root][INFO] - Epoch: 51, loss: 10.4038
[2026-05-30 10:04:55,903][root][INFO] - Epoch: 52, loss: 10.3602
[2026-05-30 10:04:55,975][root][INFO] - Epoch: 53, loss: 10.3184
[2026-05-30 10:04:56,047][root][INFO] - Epoch: 54, loss: 10.2970
[2026-05-30 10:04:56,118][root][INFO] - Epoch: 55, loss: 10.2671
[2026-05-30 10:04:56,188][root][INFO] - Epoch: 56, loss: 10.2353
[2026-05-30 10:04:56,260][root][INFO] - Epoch: 57, loss: 10.1432
[2026-05-30 10:04:56,330][root][INFO] - Epoch: 58, loss: 10.1331
[2026-05-30 10:04:56,401][root][INFO] - Epoch: 59, loss: 10.0818
[2026-05-30 10:04:56,472][root][INFO] - Epoch: 60, loss: 10.0385
[2026-05-30 10:04:56,543][root][INFO] - Epoch: 61, loss: 9.9946
[2026-05-30 10:04:56,614][root][INFO] - Epoch: 62, loss: 9.9971
[2026-05-30 10:04:56,685][root][INFO] - Epoch: 63, loss: 9.9314
[2026-05-30 10:04:56,756][root][INFO] - Epoch: 64, loss: 9.8559
[2026-05-30 10:04:56,827][root][INFO] - Epoch: 65, loss: 9.7452
[2026-05-30 10:04:56,898][root][INFO] - Epoch: 66, loss: 9.7391
[2026-05-30 10:04:56,970][root][INFO] - Epoch: 67, loss: 9.6899
[2026-05-30 10:04:57,043][root][INFO] - Epoch: 68, loss: 9.6101
[2026-05-30 10:04:57,114][root][INFO] - Epoch: 69, loss: 9.5349
[2026-05-30 10:04:57,186][root][INFO] - Epoch: 70, loss: 9.5134
[2026-05-30 10:04:57,257][root][INFO] - Epoch: 71, loss: 9.4083
[2026-05-30 10:04:57,328][root][INFO] - Epoch: 72, loss: 9.3802
[2026-05-30 10:04:57,399][root][INFO] - Epoch: 73, loss: 9.3318
[2026-05-30 10:04:57,470][root][INFO] - Epoch: 74, loss: 9.2868
[2026-05-30 10:04:57,542][root][INFO] - Epoch: 75, loss: 9.2303
[2026-05-30 10:04:57,613][root][INFO] - Epoch: 76, loss: 9.1588
[2026-05-30 10:04:57,685][root][INFO] - Epoch: 77, loss: 9.2252
[2026-05-30 10:04:57,757][root][INFO] - Epoch: 78, loss: 9.1596
[2026-05-30 10:04:57,828][root][INFO] - Epoch: 79, loss: 9.0468
[2026-05-30 10:04:57,899][root][INFO] - Epoch: 80, loss: 8.9809
[2026-05-30 10:04:57,969][root][INFO] - Epoch: 81, loss: 8.9804
[2026-05-30 10:04:58,041][root][INFO] - Epoch: 82, loss: 8.9123
[2026-05-30 10:04:58,113][root][INFO] - Epoch: 83, loss: 8.8989
[2026-05-30 10:04:58,183][root][INFO] - Epoch: 84, loss: 8.8175
[2026-05-30 10:04:58,255][root][INFO] - Epoch: 85, loss: 8.7679
[2026-05-30 10:04:58,326][root][INFO] - Epoch: 86, loss: 8.7319
[2026-05-30 10:04:58,397][root][INFO] - Epoch: 87, loss: 8.6739
[2026-05-30 10:04:58,469][root][INFO] - Epoch: 88, loss: 8.6520
[2026-05-30 10:04:58,540][root][INFO] - Epoch: 89, loss: 8.6653
[2026-05-30 10:04:58,612][root][INFO] - Epoch: 90, loss: 8.5426
[2026-05-30 10:04:58,684][root][INFO] - Epoch: 91, loss: 8.6245
[2026-05-30 10:04:58,756][root][INFO] - Epoch: 92, loss: 8.5530
[2026-05-30 10:04:58,828][root][INFO] - Epoch: 93, loss: 8.5087
[2026-05-30 10:04:58,900][root][INFO] - Epoch: 94, loss: 8.4906
[2026-05-30 10:04:58,970][root][INFO] - Epoch: 95, loss: 8.3915
[2026-05-30 10:04:59,042][root][INFO] - Epoch: 96, loss: 8.3645
[2026-05-30 10:04:59,112][root][INFO] - Epoch: 97, loss: 8.3246
[2026-05-30 10:04:59,184][root][INFO] - Epoch: 98, loss: 8.3075
[2026-05-30 10:04:59,255][root][INFO] - Epoch: 99, loss: 8.2608
[2026-05-30 10:04:59,325][root][INFO] - Epoch: 100, loss: 8.3187
[2026-05-30 10:04:59,398][root][INFO] - Epoch: 101, loss: 8.2815
[2026-05-30 10:04:59,469][root][INFO] - Epoch: 102, loss: 8.3963
[2026-05-30 10:04:59,540][root][INFO] - Epoch: 103, loss: 8.1368
[2026-05-30 10:04:59,612][root][INFO] - Epoch: 104, loss: 8.2374
[2026-05-30 10:04:59,683][root][INFO] - Epoch: 105, loss: 8.0277
[2026-05-30 10:04:59,754][root][INFO] - Epoch: 106, loss: 8.0933
[2026-05-30 10:04:59,824][root][INFO] - Epoch: 107, loss: 8.0127
[2026-05-30 10:04:59,895][root][INFO] - Epoch: 108, loss: 7.9598
[2026-05-30 10:04:59,967][root][INFO] - Epoch: 109, loss: 7.9495
[2026-05-30 10:05:00,038][root][INFO] - Epoch: 110, loss: 7.8558
[2026-05-30 10:05:00,110][root][INFO] - Epoch: 111, loss: 7.9586
[2026-05-30 10:05:00,181][root][INFO] - Epoch: 112, loss: 7.8418
[2026-05-30 10:05:00,252][root][INFO] - Epoch: 113, loss: 7.9054
[2026-05-30 10:05:00,323][root][INFO] - Epoch: 114, loss: 7.7853
[2026-05-30 10:05:00,394][root][INFO] - Epoch: 115, loss: 7.6996
[2026-05-30 10:05:00,466][root][INFO] - Epoch: 116, loss: 7.8988
[2026-05-30 10:05:00,538][root][INFO] - Epoch: 117, loss: 8.1359
[2026-05-30 10:05:00,609][root][INFO] - Epoch: 118, loss: 7.7667
[2026-05-30 10:05:00,680][root][INFO] - Epoch: 119, loss: 7.7270
[2026-05-30 10:05:00,752][root][INFO] - Epoch: 120, loss: 7.8354
[2026-05-30 10:05:00,823][root][INFO] - Epoch: 121, loss: 7.7142
[2026-05-30 10:05:00,894][root][INFO] - Epoch: 122, loss: 7.7510
[2026-05-30 10:05:00,965][root][INFO] - Epoch: 123, loss: 7.5140
[2026-05-30 10:05:01,036][root][INFO] - Epoch: 124, loss: 7.6477
[2026-05-30 10:05:01,108][root][INFO] - Epoch: 125, loss: 7.6699
[2026-05-30 10:05:01,179][root][INFO] - Epoch: 126, loss: 7.5829
[2026-05-30 10:05:01,251][root][INFO] - Epoch: 127, loss: 7.4279
[2026-05-30 10:05:01,322][root][INFO] - Epoch: 128, loss: 7.5512
[2026-05-30 10:05:01,393][root][INFO] - Epoch: 129, loss: 7.6964
[2026-05-30 10:05:01,465][root][INFO] - Epoch: 130, loss: 7.4677
[2026-05-30 10:05:01,536][root][INFO] - Epoch: 131, loss: 7.4640
[2026-05-30 10:05:01,608][root][INFO] - Epoch: 132, loss: 7.6906
[2026-05-30 10:05:01,679][root][INFO] - Epoch: 133, loss: 7.4864
[2026-05-30 10:05:01,750][root][INFO] - Epoch: 134, loss: 7.6679
[2026-05-30 10:05:01,821][root][INFO] - Epoch: 135, loss: 7.4815
[2026-05-30 10:05:01,891][root][INFO] - Epoch: 136, loss: 7.4258
[2026-05-30 10:05:01,962][root][INFO] - Epoch: 137, loss: 7.2878
[2026-05-30 10:05:02,035][root][INFO] - Epoch: 138, loss: 7.2759
[2026-05-30 10:05:02,106][root][INFO] - Epoch: 139, loss: 7.2428
[2026-05-30 10:05:02,178][root][INFO] - Epoch: 140, loss: 7.1542
[2026-05-30 10:05:02,249][root][INFO] - Epoch: 141, loss: 7.0404
[2026-05-30 10:05:02,320][root][INFO] - Epoch: 142, loss: 7.0607
[2026-05-30 10:05:02,391][root][INFO] - Epoch: 143, loss: 6.9957
[2026-05-30 10:05:02,462][root][INFO] - Epoch: 144, loss: 6.9487
[2026-05-30 10:05:02,534][root][INFO] - Epoch: 145, loss: 6.9481
[2026-05-30 10:05:02,606][root][INFO] - Epoch: 146, loss: 6.9736
[2026-05-30 10:05:02,677][root][INFO] - Epoch: 147, loss: 7.0207
[2026-05-30 10:05:02,748][root][INFO] - Epoch: 148, loss: 6.9234
[2026-05-30 10:05:02,820][root][INFO] - Epoch: 149, loss: 7.2634
[2026-05-30 10:05:02,891][root][INFO] - Epoch: 150, loss: 7.0587
[2026-05-30 10:05:02,961][root][INFO] - Epoch: 151, loss: 6.8517
[2026-05-30 10:05:03,035][root][INFO] - Epoch: 152, loss: 6.8779
[2026-05-30 10:05:03,107][root][INFO] - Epoch: 153, loss: 7.1127
[2026-05-30 10:05:03,180][root][INFO] - Epoch: 154, loss: 6.9473
[2026-05-30 10:05:03,251][root][INFO] - Epoch: 155, loss: 7.0475
[2026-05-30 10:05:03,322][root][INFO] - Epoch: 156, loss: 6.8998
[2026-05-30 10:05:03,394][root][INFO] - Epoch: 157, loss: 6.8968
[2026-05-30 10:05:03,466][root][INFO] - Epoch: 158, loss: 6.7758
[2026-05-30 10:05:03,537][root][INFO] - Epoch: 159, loss: 6.6327
[2026-05-30 10:05:03,608][root][INFO] - Epoch: 160, loss: 6.6097
[2026-05-30 10:05:03,680][root][INFO] - Epoch: 161, loss: 6.5875
[2026-05-30 10:05:03,751][root][INFO] - Epoch: 162, loss: 6.8678
[2026-05-30 10:05:03,824][root][INFO] - Epoch: 163, loss: 6.7736
[2026-05-30 10:05:03,895][root][INFO] - Epoch: 164, loss: 6.7243
[2026-05-30 10:05:03,966][root][INFO] - Epoch: 165, loss: 6.7392
[2026-05-30 10:05:04,037][root][INFO] - Epoch: 166, loss: 6.7827
[2026-05-30 10:05:04,110][root][INFO] - Epoch: 167, loss: 6.5487
[2026-05-30 10:05:04,181][root][INFO] - Epoch: 168, loss: 6.5856
[2026-05-30 10:05:04,252][root][INFO] - Epoch: 169, loss: 6.6341
[2026-05-30 10:05:04,323][root][INFO] - Epoch: 170, loss: 6.5313
[2026-05-30 10:05:04,394][root][INFO] - Epoch: 171, loss: 6.4626
[2026-05-30 10:05:04,466][root][INFO] - Epoch: 172, loss: 14.8245
[2026-05-30 10:05:04,537][root][INFO] - Epoch: 173, loss: 16.9146
[2026-05-30 10:05:04,608][root][INFO] - Epoch: 174, loss: 14.9139
[2026-05-30 10:05:04,680][root][INFO] - Epoch: 175, loss: 13.8568
[2026-05-30 10:05:04,751][root][INFO] - Epoch: 176, loss: 13.4467
[2026-05-30 10:05:04,822][root][INFO] - Epoch: 177, loss: 13.2487
[2026-05-30 10:05:04,894][root][INFO] - Epoch: 178, loss: 13.1552
[2026-05-30 10:05:04,965][root][INFO] - Epoch: 179, loss: 13.0165
[2026-05-30 10:05:05,036][root][INFO] - Epoch: 180, loss: 12.9625
[2026-05-30 10:05:05,107][root][INFO] - Epoch: 181, loss: 12.8569
[2026-05-30 10:05:05,178][root][INFO] - Epoch: 182, loss: 12.7648
[2026-05-30 10:05:05,179][root][INFO] - Early stopping at epoch: 181
[2026-05-30 10:05:05,230][root][INFO] - {'model_loss': '12.7648', 'recon_loss': '0.0000', 'triplet_loss': '12.7648'}
[2026-05-30 10:05:05,234][root][INFO] - Generation 56/400 - Time: 0.00 seconds
[2026-05-30 10:05:05,235][root][INFO] - {'coverage': '100.00', 'max_fitness': '-12.40', 'passive_coverage': '26.07', 'passive_max_fitness': '-12.40', 'passive_mean_fitness': '-57.04', 'passive_qd_score': '22530.19', 'qd_score': '84300.58', 'mean_fitness_top_k': '-35.72'}
[2026-05-30 10:05:06,328][root][INFO] - Generation 57/400 - Time: 0.00 seconds
[2026-05-30 10:05:06,329][root][INFO] - {'coverage': '100.00', 'max_fitness': '-12.40', 'passive_coverage': '26.27', 'passive_max_fitness': '-12.40', 'passive_mean_fitness': '-56.90', 'passive_qd_score': '22735.78', 'qd_score': '85782.16', 'mean_fitness_top_k': '-36.63'}
[2026-05-30 10:05:07,332][root][INFO] - Generation 58/400 - Time: 0.00 seconds
[2026-05-30 10:05:07,333][root][INFO] - {'coverage': '100.00', 'max_fitness': '-12.40', 'passive_coverage': '26.27', 'passive_max_fitness': '-12.40', 'passive_mean_fitness': '-56.90', 'passive_qd_score': '22736.06', 'qd_score': '86821.39', 'mean_fitness_top_k': '-36.68'}
[2026-05-30 10:05:08,313][root][INFO] - Generation 59/400 - Time: 0.00 seconds
[2026-05-30 10:05:08,314][root][INFO] - {'coverage': '100.00', 'max_fitness': '-12.40', 'passive_coverage': '26.37', 'passive_max_fitness': '-12.40', 'passive_mean_fitness': '-56.79', 'passive_qd_score': '22850.46', 'qd_score': '87561.12', 'mean_fitness_top_k': '-36.25'}
[2026-05-30 10:05:09,297][root][INFO] - Generation 60/400 - Time: 0.00 seconds
[2026-05-30 10:05:09,298][root][INFO] - {'coverage': '100.00', 'max_fitness': '-12.40', 'passive_coverage': '26.37', 'passive_max_fitness': '-12.40', 'passive_mean_fitness': '-56.79', 'passive_qd_score': '22851.15', 'qd_score': '88404.78', 'mean_fitness_top_k': '-35.45'}
[2026-05-30 10:05:10,280][root][INFO] - Generation 61/400 - Time: 0.00 seconds
[2026-05-30 10:05:10,281][root][INFO] - {'coverage': '100.00', 'max_fitness': '-12.40', 'passive_coverage': '26.46', 'passive_max_fitness': '-12.40', 'passive_mean_fitness': '-56.86', 'passive_qd_score': '22916.06', 'qd_score': '89027.90', 'mean_fitness_top_k': '-35.17'}
[2026-05-30 10:05:11,262][root][INFO] - Generation 62/400 - Time: 0.00 seconds
[2026-05-30 10:05:11,263][root][INFO] - {'coverage': '100.00', 'max_fitness': '-12.40', 'passive_coverage': '26.46', 'passive_max_fitness': '-12.40', 'passive_mean_fitness': '-56.86', 'passive_qd_score': '22916.06', 'qd_score': '89611.16', 'mean_fitness_top_k': '-34.79'}
[2026-05-30 10:05:12,246][root][INFO] - Generation 63/400 - Time: 0.00 seconds
[2026-05-30 10:05:12,247][root][INFO] - {'coverage': '100.00', 'max_fitness': '-12.40', 'passive_coverage': '26.46', 'passive_max_fitness': '-12.40', 'passive_mean_fitness': '-56.84', 'passive_qd_score': '22920.75', 'qd_score': '90069.91', 'mean_fitness_top_k': '-34.62'}
[2026-05-30 10:05:13,256][root][INFO] - Generation 64/400 - Time: 0.00 seconds
[2026-05-30 10:05:13,257][root][INFO] - {'coverage': '100.00', 'max_fitness': '-12.40', 'passive_coverage': '26.46', 'passive_max_fitness': '-12.40', 'passive_mean_fitness': '-56.84', 'passive_qd_score': '22921.40', 'qd_score': '90511.31', 'mean_fitness_top_k': '-34.08'}
[2026-05-30 10:05:14,295][root][INFO] - Generation 65/400 - Time: 0.00 seconds
[2026-05-30 10:05:14,296][root][INFO] - {'coverage': '100.00', 'max_fitness': '-12.40', 'passive_coverage': '26.56', 'passive_max_fitness': '-12.40', 'passive_mean_fitness': '-56.73', 'passive_qd_score': '23035.44', 'qd_score': '91051.08', 'mean_fitness_top_k': '-33.63'}
[2026-05-30 10:05:15,280][root][INFO] - Generation 66/400 - Time: 0.00 seconds
[2026-05-30 10:05:15,280][root][INFO] - {'coverage': '100.00', 'max_fitness': '-12.40', 'passive_coverage': '26.66', 'passive_max_fitness': '-12.40', 'passive_mean_fitness': '-56.66', 'passive_qd_score': '23139.97', 'qd_score': '90927.05', 'mean_fitness_top_k': '-33.54'}
[2026-05-30 10:05:16,265][root][INFO] - Generation 67/400 - Time: 0.00 seconds
[2026-05-30 10:05:16,266][root][INFO] - {'coverage': '100.00', 'max_fitness': '-12.40', 'passive_coverage': '26.76', 'passive_max_fitness': '-12.40', 'passive_mean_fitness': '-56.72', 'passive_qd_score': '23207.75', 'qd_score': '90975.75', 'mean_fitness_top_k': '-33.16'}
[2026-05-30 10:05:17,347][root][INFO] - Generation 68/400 - Time: 0.00 seconds
[2026-05-30 10:05:17,347][root][INFO] - {'coverage': '100.00', 'max_fitness': '-12.40', 'passive_coverage': '26.76', 'passive_max_fitness': '-12.40', 'passive_mean_fitness': '-56.72', 'passive_qd_score': '23209.18', 'qd_score': '91148.06', 'mean_fitness_top_k': '-33.28'}
[2026-05-30 10:05:18,482][root][INFO] - Generation 69/400 - Time: 0.00 seconds
[2026-05-30 10:05:18,483][root][INFO] - {'coverage': '100.00', 'max_fitness': '-12.40', 'passive_coverage': '26.86', 'passive_max_fitness': '-12.40', 'passive_mean_fitness': '-56.57', 'passive_qd_score': '23333.02', 'qd_score': '91653.14', 'mean_fitness_top_k': '-32.65'}
[2026-05-30 10:05:19,620][root][INFO] - Generation 70/400 - Time: 0.00 seconds
[2026-05-30 10:05:19,621][root][INFO] - {'coverage': '100.00', 'max_fitness': '-12.40', 'passive_coverage': '26.95', 'passive_max_fitness': '-12.40', 'passive_mean_fitness': '-56.43', 'passive_qd_score': '23456.28', 'qd_score': '91898.64', 'mean_fitness_top_k': '-32.70'}
[2026-05-30 10:05:20,748][root][INFO] - Generation 71/400 - Time: 0.00 seconds
[2026-05-30 10:05:20,748][root][INFO] - {'coverage': '100.00', 'max_fitness': '-12.40', 'passive_coverage': '26.95', 'passive_max_fitness': '-12.40', 'passive_mean_fitness': '-56.43', 'passive_qd_score': '23456.51', 'qd_score': '92022.73', 'mean_fitness_top_k': '-32.66'}
[2026-05-30 10:05:21,891][root][INFO] - Updating AE...
[2026-05-30 10:05:22,667][root][INFO] - Epoch: 1, loss: 174.7236
[2026-05-30 10:05:22,738][root][INFO] - Epoch: 2, loss: 167.5175
[2026-05-30 10:05:22,810][root][INFO] - Epoch: 3, loss: 160.7331
[2026-05-30 10:05:22,881][root][INFO] - Epoch: 4, loss: 158.0622
[2026-05-30 10:05:22,953][root][INFO] - Epoch: 5, loss: 154.9194
[2026-05-30 10:05:23,026][root][INFO] - Epoch: 6, loss: 151.8631
[2026-05-30 10:05:23,099][root][INFO] - Epoch: 7, loss: 148.1880
[2026-05-30 10:05:23,171][root][INFO] - Epoch: 8, loss: 145.5818
[2026-05-30 10:05:23,242][root][INFO] - Epoch: 9, loss: 142.3110
[2026-05-30 10:05:23,314][root][INFO] - Epoch: 10, loss: 141.1286
[2026-05-30 10:05:23,386][root][INFO] - Epoch: 11, loss: 138.5603
[2026-05-30 10:05:23,457][root][INFO] - Epoch: 12, loss: 136.1917
[2026-05-30 10:05:23,529][root][INFO] - Epoch: 13, loss: 133.8157
[2026-05-30 10:05:23,600][root][INFO] - Epoch: 14, loss: 130.0451
[2026-05-30 10:05:23,672][root][INFO] - Epoch: 15, loss: 129.0400
[2026-05-30 10:05:23,743][root][INFO] - Epoch: 16, loss: 127.1196
[2026-05-30 10:05:23,813][root][INFO] - Epoch: 17, loss: 129.7548
[2026-05-30 10:05:23,884][root][INFO] - Epoch: 18, loss: 125.8243
[2026-05-30 10:05:23,957][root][INFO] - Epoch: 19, loss: 122.4222
[2026-05-30 10:05:24,031][root][INFO] - Epoch: 20, loss: 122.6747
[2026-05-30 10:05:24,102][root][INFO] - Epoch: 21, loss: 130.4179
[2026-05-30 10:05:24,173][root][INFO] - Epoch: 22, loss: 122.8933
[2026-05-30 10:05:24,245][root][INFO] - Epoch: 23, loss: 119.7125
[2026-05-30 10:05:24,317][root][INFO] - Epoch: 24, loss: 118.6541
[2026-05-30 10:05:24,388][root][INFO] - Epoch: 25, loss: 117.4117
[2026-05-30 10:05:24,460][root][INFO] - Epoch: 26, loss: 115.4805
[2026-05-30 10:05:24,532][root][INFO] - Epoch: 27, loss: 117.4308
[2026-05-30 10:05:24,604][root][INFO] - Epoch: 28, loss: 114.6313
[2026-05-30 10:05:24,674][root][INFO] - Epoch: 29, loss: 113.2009
[2026-05-30 10:05:24,747][root][INFO] - Epoch: 30, loss: 112.1880
[2026-05-30 10:05:24,818][root][INFO] - Epoch: 31, loss: 110.7594
[2026-05-30 10:05:24,889][root][INFO] - Epoch: 32, loss: 111.1440
[2026-05-30 10:05:24,959][root][INFO] - Epoch: 33, loss: 108.9692
[2026-05-30 10:05:25,031][root][INFO] - Epoch: 34, loss: 110.5553
[2026-05-30 10:05:25,101][root][INFO] - Epoch: 35, loss: 114.9379
[2026-05-30 10:05:25,172][root][INFO] - Epoch: 36, loss: 113.5970
[2026-05-30 10:05:25,244][root][INFO] - Epoch: 37, loss: 106.8115
[2026-05-30 10:05:25,316][root][INFO] - Epoch: 38, loss: 107.7417
[2026-05-30 10:05:25,386][root][INFO] - Epoch: 39, loss: 105.6846
[2026-05-30 10:05:25,457][root][INFO] - Epoch: 40, loss: 103.2482
[2026-05-30 10:05:25,529][root][INFO] - Epoch: 41, loss: 102.9861
[2026-05-30 10:05:25,601][root][INFO] - Epoch: 42, loss: 101.4324
[2026-05-30 10:05:25,672][root][INFO] - Epoch: 43, loss: 99.6329
[2026-05-30 10:05:25,743][root][INFO] - Epoch: 44, loss: 99.2131
[2026-05-30 10:05:25,815][root][INFO] - Epoch: 45, loss: 98.3985
[2026-05-30 10:05:25,886][root][INFO] - Epoch: 46, loss: 97.3571
[2026-05-30 10:05:25,957][root][INFO] - Epoch: 47, loss: 102.5854
[2026-05-30 10:05:26,030][root][INFO] - Epoch: 48, loss: 99.9527
[2026-05-30 10:05:26,101][root][INFO] - Epoch: 49, loss: 97.8732
[2026-05-30 10:05:26,172][root][INFO] - Epoch: 50, loss: 94.9396
[2026-05-30 10:05:26,243][root][INFO] - Epoch: 51, loss: 96.3079
[2026-05-30 10:05:26,314][root][INFO] - Epoch: 52, loss: 93.9067
[2026-05-30 10:05:26,385][root][INFO] - Epoch: 53, loss: 96.3570
[2026-05-30 10:05:26,457][root][INFO] - Epoch: 54, loss: 97.8196
[2026-05-30 10:05:26,528][root][INFO] - Epoch: 55, loss: 96.9253
[2026-05-30 10:05:26,600][root][INFO] - Epoch: 56, loss: 98.2837
[2026-05-30 10:05:26,673][root][INFO] - Epoch: 57, loss: 97.1597
[2026-05-30 10:05:26,743][root][INFO] - Epoch: 58, loss: 100.0918
[2026-05-30 10:05:26,815][root][INFO] - Epoch: 59, loss: 114.8625
[2026-05-30 10:05:26,887][root][INFO] - Epoch: 60, loss: 112.1615
[2026-05-30 10:05:26,958][root][INFO] - Epoch: 61, loss: 102.9926
[2026-05-30 10:05:27,029][root][INFO] - Epoch: 62, loss: 98.5660
[2026-05-30 10:05:27,100][root][INFO] - Epoch: 63, loss: 94.8694
[2026-05-30 10:05:27,101][root][INFO] - Early stopping at epoch: 62
[2026-05-30 10:05:27,139][root][INFO] - {'model_loss': '94.8694', 'recon_loss': '0.0000', 'triplet_loss': '94.8694'}
[2026-05-30 10:05:27,144][root][INFO] - Updating AE...
[2026-05-30 10:05:27,908][root][INFO] - Epoch: 1, loss: 291.1636
[2026-05-30 10:05:27,979][root][INFO] - Epoch: 2, loss: 124.6838
[2026-05-30 10:05:28,050][root][INFO] - Epoch: 3, loss: 118.2322
[2026-05-30 10:05:28,122][root][INFO] - Epoch: 4, loss: 113.4075
[2026-05-30 10:05:28,192][root][INFO] - Epoch: 5, loss: 110.3130
[2026-05-30 10:05:28,265][root][INFO] - Epoch: 6, loss: 107.7592
[2026-05-30 10:05:28,337][root][INFO] - Epoch: 7, loss: 106.3311
[2026-05-30 10:05:28,409][root][INFO] - Epoch: 8, loss: 104.8520
[2026-05-30 10:05:28,481][root][INFO] - Epoch: 9, loss: 103.4965
[2026-05-30 10:05:28,553][root][INFO] - Epoch: 10, loss: 102.3242
[2026-05-30 10:05:28,623][root][INFO] - Epoch: 11, loss: 101.2823
[2026-05-30 10:05:28,694][root][INFO] - Epoch: 12, loss: 100.3021
[2026-05-30 10:05:28,765][root][INFO] - Epoch: 13, loss: 99.5916
[2026-05-30 10:05:28,836][root][INFO] - Epoch: 14, loss: 98.8922
[2026-05-30 10:05:28,908][root][INFO] - Epoch: 15, loss: 98.6155
[2026-05-30 10:05:28,979][root][INFO] - Epoch: 16, loss: 98.3344
[2026-05-30 10:05:29,051][root][INFO] - Epoch: 17, loss: 97.5022
[2026-05-30 10:05:29,123][root][INFO] - Epoch: 18, loss: 97.4435
[2026-05-30 10:05:29,194][root][INFO] - Epoch: 19, loss: 96.8233
[2026-05-30 10:05:29,265][root][INFO] - Epoch: 20, loss: 96.1908
[2026-05-30 10:05:29,336][root][INFO] - Epoch: 21, loss: 96.3232
[2026-05-30 10:05:29,406][root][INFO] - Epoch: 22, loss: 95.2649
[2026-05-30 10:05:29,478][root][INFO] - Epoch: 23, loss: 95.2485
[2026-05-30 10:05:29,549][root][INFO] - Epoch: 24, loss: 94.8743
[2026-05-30 10:05:29,620][root][INFO] - Epoch: 25, loss: 94.3155
[2026-05-30 10:05:29,692][root][INFO] - Epoch: 26, loss: 94.2099
[2026-05-30 10:05:29,763][root][INFO] - Epoch: 27, loss: 93.1477
[2026-05-30 10:05:29,833][root][INFO] - Epoch: 28, loss: 93.1130
[2026-05-30 10:05:29,905][root][INFO] - Epoch: 29, loss: 92.6990
[2026-05-30 10:05:29,976][root][INFO] - Epoch: 30, loss: 92.7981
[2026-05-30 10:05:30,048][root][INFO] - Epoch: 31, loss: 92.4141
[2026-05-30 10:05:30,119][root][INFO] - Epoch: 32, loss: 92.2269
[2026-05-30 10:05:30,190][root][INFO] - Epoch: 33, loss: 91.4312
[2026-05-30 10:05:30,262][root][INFO] - Epoch: 34, loss: 91.4016
[2026-05-30 10:05:30,334][root][INFO] - Epoch: 35, loss: 90.7730
[2026-05-30 10:05:30,406][root][INFO] - Epoch: 36, loss: 91.5293
[2026-05-30 10:05:30,478][root][INFO] - Epoch: 37, loss: 92.1842
[2026-05-30 10:05:30,549][root][INFO] - Epoch: 38, loss: 93.4904
[2026-05-30 10:05:30,621][root][INFO] - Epoch: 39, loss: 92.5792
[2026-05-30 10:05:30,693][root][INFO] - Epoch: 40, loss: 91.6371
[2026-05-30 10:05:30,764][root][INFO] - Epoch: 41, loss: 90.6611
[2026-05-30 10:05:30,836][root][INFO] - Epoch: 42, loss: 90.3997
[2026-05-30 10:05:30,907][root][INFO] - Epoch: 43, loss: 90.1079
[2026-05-30 10:05:30,978][root][INFO] - Epoch: 44, loss: 90.0313
[2026-05-30 10:05:31,049][root][INFO] - Epoch: 45, loss: 89.0935
[2026-05-30 10:05:31,120][root][INFO] - Epoch: 46, loss: 88.5215
[2026-05-30 10:05:31,191][root][INFO] - Epoch: 47, loss: 88.0557
[2026-05-30 10:05:31,263][root][INFO] - Epoch: 48, loss: 87.8433
[2026-05-30 10:05:31,332][root][INFO] - Epoch: 49, loss: 87.6145
[2026-05-30 10:05:31,404][root][INFO] - Epoch: 50, loss: 87.3726
[2026-05-30 10:05:31,476][root][INFO] - Epoch: 51, loss: 87.3785
[2026-05-30 10:05:31,547][root][INFO] - Epoch: 52, loss: 87.3117
[2026-05-30 10:05:31,618][root][INFO] - Epoch: 53, loss: 87.0476
[2026-05-30 10:05:31,690][root][INFO] - Epoch: 54, loss: 86.9015
[2026-05-30 10:05:31,761][root][INFO] - Epoch: 55, loss: 87.2693
[2026-05-30 10:05:31,833][root][INFO] - Epoch: 56, loss: 86.6611
[2026-05-30 10:05:31,904][root][INFO] - Epoch: 57, loss: 86.6153
[2026-05-30 10:05:31,975][root][INFO] - Epoch: 58, loss: 86.3549
[2026-05-30 10:05:32,046][root][INFO] - Epoch: 59, loss: 85.9607
[2026-05-30 10:05:32,116][root][INFO] - Epoch: 60, loss: 85.7033
[2026-05-30 10:05:32,188][root][INFO] - Epoch: 61, loss: 85.3934
[2026-05-30 10:05:32,259][root][INFO] - Epoch: 62, loss: 85.9038
[2026-05-30 10:05:32,329][root][INFO] - Epoch: 63, loss: 85.9009
[2026-05-30 10:05:32,401][root][INFO] - Epoch: 64, loss: 86.1185
[2026-05-30 10:05:32,472][root][INFO] - Epoch: 65, loss: 85.3117
[2026-05-30 10:05:32,543][root][INFO] - Epoch: 66, loss: 84.6831
[2026-05-30 10:05:32,615][root][INFO] - Epoch: 67, loss: 84.2098
[2026-05-30 10:05:32,687][root][INFO] - Epoch: 68, loss: 83.8340
[2026-05-30 10:05:32,757][root][INFO] - Epoch: 69, loss: 83.9748
[2026-05-30 10:05:32,829][root][INFO] - Epoch: 70, loss: 83.3595
[2026-05-30 10:05:32,901][root][INFO] - Epoch: 71, loss: 83.1460
[2026-05-30 10:05:32,972][root][INFO] - Epoch: 72, loss: 83.3625
[2026-05-30 10:05:33,048][root][INFO] - Epoch: 73, loss: 83.4758
[2026-05-30 10:05:33,120][root][INFO] - Epoch: 74, loss: 83.2250
[2026-05-30 10:05:33,192][root][INFO] - Epoch: 75, loss: 82.6944
[2026-05-30 10:05:33,263][root][INFO] - Epoch: 76, loss: 83.9211
[2026-05-30 10:05:33,333][root][INFO] - Epoch: 77, loss: 82.2691
[2026-05-30 10:05:33,405][root][INFO] - Epoch: 78, loss: 81.9788
[2026-05-30 10:05:33,478][root][INFO] - Epoch: 79, loss: 82.2419
[2026-05-30 10:05:33,549][root][INFO] - Epoch: 80, loss: 81.9616
[2026-05-30 10:05:33,621][root][INFO] - Epoch: 81, loss: 81.6924
[2026-05-30 10:05:33,692][root][INFO] - Epoch: 82, loss: 81.6858
[2026-05-30 10:05:33,763][root][INFO] - Epoch: 83, loss: 80.9275
[2026-05-30 10:05:33,834][root][INFO] - Epoch: 84, loss: 80.9540
[2026-05-30 10:05:33,906][root][INFO] - Epoch: 85, loss: 80.7325
[2026-05-30 10:05:33,977][root][INFO] - Epoch: 86, loss: 80.3880
[2026-05-30 10:05:34,048][root][INFO] - Epoch: 87, loss: 80.4930
[2026-05-30 10:05:34,121][root][INFO] - Epoch: 88, loss: 80.7284
[2026-05-30 10:05:34,192][root][INFO] - Epoch: 89, loss: 80.7249
[2026-05-30 10:05:34,264][root][INFO] - Epoch: 90, loss: 80.1403
[2026-05-30 10:05:34,334][root][INFO] - Epoch: 91, loss: 80.0898
[2026-05-30 10:05:34,407][root][INFO] - Epoch: 92, loss: 79.9090
[2026-05-30 10:05:34,479][root][INFO] - Epoch: 93, loss: 79.9316
[2026-05-30 10:05:34,551][root][INFO] - Epoch: 94, loss: 80.8122
[2026-05-30 10:05:34,623][root][INFO] - Epoch: 95, loss: 79.5123
[2026-05-30 10:05:34,694][root][INFO] - Epoch: 96, loss: 80.9601
[2026-05-30 10:05:34,765][root][INFO] - Epoch: 97, loss: 79.9044
[2026-05-30 10:05:34,837][root][INFO] - Epoch: 98, loss: 80.2527
[2026-05-30 10:05:34,908][root][INFO] - Epoch: 99, loss: 79.5248
[2026-05-30 10:05:34,979][root][INFO] - Epoch: 100, loss: 79.8209
[2026-05-30 10:05:35,050][root][INFO] - Epoch: 101, loss: 79.6076
[2026-05-30 10:05:35,123][root][INFO] - Epoch: 102, loss: 78.5825
[2026-05-30 10:05:35,194][root][INFO] - Epoch: 103, loss: 77.9739
[2026-05-30 10:05:35,266][root][INFO] - Epoch: 104, loss: 77.6122
[2026-05-30 10:05:35,336][root][INFO] - Epoch: 105, loss: 78.6919
[2026-05-30 10:05:35,405][root][INFO] - Epoch: 106, loss: 78.0352
[2026-05-30 10:05:35,475][root][INFO] - Epoch: 107, loss: 77.9988
[2026-05-30 10:05:35,545][root][INFO] - Epoch: 108, loss: 76.9727
[2026-05-30 10:05:35,616][root][INFO] - Epoch: 109, loss: 76.8247
[2026-05-30 10:05:35,690][root][INFO] - Epoch: 110, loss: 76.7080
[2026-05-30 10:05:35,765][root][INFO] - Epoch: 111, loss: 76.9056
[2026-05-30 10:05:35,836][root][INFO] - Epoch: 112, loss: 76.2660
[2026-05-30 10:05:35,906][root][INFO] - Epoch: 113, loss: 77.8763
[2026-05-30 10:05:35,977][root][INFO] - Epoch: 114, loss: 76.6832
[2026-05-30 10:05:36,048][root][INFO] - Epoch: 115, loss: 76.6495
[2026-05-30 10:05:36,128][root][INFO] - Epoch: 116, loss: 77.0246
[2026-05-30 10:05:36,198][root][INFO] - Epoch: 117, loss: 78.4878
[2026-05-30 10:05:36,267][root][INFO] - Epoch: 118, loss: 87.8615
[2026-05-30 10:05:36,337][root][INFO] - Epoch: 119, loss: 86.7291
[2026-05-30 10:05:36,407][root][INFO] - Epoch: 120, loss: 83.2899
[2026-05-30 10:05:36,477][root][INFO] - Epoch: 121, loss: 82.3079
[2026-05-30 10:05:36,546][root][INFO] - Epoch: 122, loss: 79.4183
[2026-05-30 10:05:36,616][root][INFO] - Epoch: 123, loss: 79.4821
[2026-05-30 10:05:36,617][root][INFO] - Early stopping at epoch: 122
[2026-05-30 10:05:36,655][root][INFO] - {'model_loss': '79.4821', 'recon_loss': '0.0000', 'triplet_loss': '79.4821'}
[2026-05-30 10:05:36,658][root][INFO] - Generation 72/400 - Time: 0.00 seconds
[2026-05-30 10:05:36,659][root][INFO] - {'coverage': '100.00', 'max_fitness': '-12.40', 'passive_coverage': '26.95', 'passive_max_fitness': '-12.40', 'passive_mean_fitness': '-56.43', 'passive_qd_score': '23456.83', 'qd_score': '92591.05', 'mean_fitness_top_k': '-32.36'}
[2026-05-30 10:05:37,690][root][INFO] - Generation 73/400 - Time: 0.00 seconds
[2026-05-30 10:05:37,690][root][INFO] - {'coverage': '100.00', 'max_fitness': '-12.40', 'passive_coverage': '27.15', 'passive_max_fitness': '-12.40', 'passive_mean_fitness': '-56.62', 'passive_qd_score': '23575.13', 'qd_score': '87887.27', 'mean_fitness_top_k': '-33.95'}
[2026-05-30 10:05:38,668][root][INFO] - Generation 74/400 - Time: 0.00 seconds
[2026-05-30 10:05:38,669][root][INFO] - {'coverage': '100.00', 'max_fitness': '-12.40', 'passive_coverage': '27.25', 'passive_max_fitness': '-12.40', 'passive_mean_fitness': '-56.52', 'passive_qd_score': '23688.36', 'qd_score': '86752.59', 'mean_fitness_top_k': '-33.18'}
[2026-05-30 10:05:39,663][root][INFO] - Generation 75/400 - Time: 0.00 seconds
[2026-05-30 10:05:39,664][root][INFO] - {'coverage': '100.00', 'max_fitness': '-12.40', 'passive_coverage': '27.54', 'passive_max_fitness': '-12.40', 'passive_mean_fitness': '-56.65', 'passive_qd_score': '23904.37', 'qd_score': '86344.32', 'mean_fitness_top_k': '-33.61'}
[2026-05-30 10:05:40,644][root][INFO] - Generation 76/400 - Time: 0.00 seconds
[2026-05-30 10:05:40,644][root][INFO] - {'coverage': '100.00', 'max_fitness': '-12.40', 'passive_coverage': '27.54', 'passive_max_fitness': '-12.40', 'passive_mean_fitness': '-56.64', 'passive_qd_score': '23908.63', 'qd_score': '86322.13', 'mean_fitness_top_k': '-32.60'}
[2026-05-30 10:05:41,668][root][INFO] - Generation 77/400 - Time: 0.00 seconds
[2026-05-30 10:05:41,669][root][INFO] - {'coverage': '100.00', 'max_fitness': '-12.40', 'passive_coverage': '27.54', 'passive_max_fitness': '-12.40', 'passive_mean_fitness': '-56.62', 'passive_qd_score': '23914.76', 'qd_score': '86376.59', 'mean_fitness_top_k': '-32.62'}
[2026-05-30 10:05:42,664][root][INFO] - Generation 78/400 - Time: 0.00 seconds
[2026-05-30 10:05:42,664][root][INFO] - {'coverage': '100.00', 'max_fitness': '-12.40', 'passive_coverage': '27.64', 'passive_max_fitness': '-12.40', 'passive_mean_fitness': '-56.77', 'passive_qd_score': '23956.90', 'qd_score': '86150.14', 'mean_fitness_top_k': '-32.52'}
[2026-05-30 10:05:43,647][root][INFO] - Generation 79/400 - Time: 0.00 seconds
[2026-05-30 10:05:43,648][root][INFO] - {'coverage': '100.00', 'max_fitness': '-12.40', 'passive_coverage': '27.64', 'passive_max_fitness': '-12.40', 'passive_mean_fitness': '-56.77', 'passive_qd_score': '23957.55', 'qd_score': '86543.45', 'mean_fitness_top_k': '-31.83'}
[2026-05-30 10:05:44,654][root][INFO] - Generation 80/400 - Time: 0.00 seconds
[2026-05-30 10:05:44,656][root][INFO] - {'coverage': '100.00', 'max_fitness': '-12.40', 'passive_coverage': '28.12', 'passive_max_fitness': '-12.40', 'passive_mean_fitness': '-56.51', 'passive_qd_score': '24454.79', 'qd_score': '86652.77', 'mean_fitness_top_k': '-31.31'}
[2026-05-30 10:05:45,644][root][INFO] - Generation 81/400 - Time: 0.00 seconds
[2026-05-30 10:05:45,645][root][INFO] - {'coverage': '100.00', 'max_fitness': '-12.40', 'passive_coverage': '28.12', 'passive_max_fitness': '-12.40', 'passive_mean_fitness': '-56.50', 'passive_qd_score': '24456.62', 'qd_score': '86681.44', 'mean_fitness_top_k': '-31.03'}
[2026-05-30 10:05:46,720][root][INFO] - Generation 82/400 - Time: 0.00 seconds
[2026-05-30 10:05:46,721][root][INFO] - {'coverage': '100.00', 'max_fitness': '-12.40', 'passive_coverage': '28.42', 'passive_max_fitness': '-12.40', 'passive_mean_fitness': '-56.62', 'passive_qd_score': '24677.50', 'qd_score': '86687.70', 'mean_fitness_top_k': '-31.29'}
[2026-05-30 10:05:47,891][root][INFO] - Generation 83/400 - Time: 0.00 seconds
[2026-05-30 10:05:47,892][root][INFO] - {'coverage': '100.00', 'max_fitness': '-12.40', 'passive_coverage': '28.42', 'passive_max_fitness': '-12.40', 'passive_mean_fitness': '-56.62', 'passive_qd_score': '24678.15', 'qd_score': '86970.55', 'mean_fitness_top_k': '-30.99'}
[2026-05-30 10:05:49,028][root][INFO] - Generation 84/400 - Time: 0.00 seconds
[2026-05-30 10:05:49,029][root][INFO] - {'coverage': '100.00', 'max_fitness': '-12.40', 'passive_coverage': '28.42', 'passive_max_fitness': '-12.40', 'passive_mean_fitness': '-56.61', 'passive_qd_score': '24678.82', 'qd_score': '87110.22', 'mean_fitness_top_k': '-30.65'}
[2026-05-30 10:05:50,166][root][INFO] - Generation 85/400 - Time: 0.00 seconds
[2026-05-30 10:05:50,167][root][INFO] - {'coverage': '100.00', 'max_fitness': '-12.40', 'passive_coverage': '28.52', 'passive_max_fitness': '-12.40', 'passive_mean_fitness': '-56.56', 'passive_qd_score': '24779.59', 'qd_score': '87206.92', 'mean_fitness_top_k': '-30.35'}
[2026-05-30 10:05:51,303][root][INFO] - Generation 86/400 - Time: 0.00 seconds
[2026-05-30 10:05:51,304][root][INFO] - {'coverage': '100.00', 'max_fitness': '-12.40', 'passive_coverage': '28.61', 'passive_max_fitness': '-12.40', 'passive_mean_fitness': '-56.66', 'passive_qd_score': '24834.59', 'qd_score': '86714.22', 'mean_fitness_top_k': '-30.55'}
[2026-05-30 10:05:52,424][root][INFO] - Generation 87/400 - Time: 0.00 seconds
[2026-05-30 10:05:52,425][root][INFO] - {'coverage': '100.00', 'max_fitness': '-12.40', 'passive_coverage': '28.61', 'passive_max_fitness': '-12.40', 'passive_mean_fitness': '-56.66', 'passive_qd_score': '24835.08', 'qd_score': '87289.12', 'mean_fitness_top_k': '-29.81'}
[2026-05-30 10:05:53,570][root][INFO] - Generation 88/400 - Time: 0.00 seconds
[2026-05-30 10:05:53,572][root][INFO] - {'coverage': '100.00', 'max_fitness': '-12.30', 'passive_coverage': '28.61', 'passive_max_fitness': '-12.30', 'passive_mean_fitness': '-56.65', 'passive_qd_score': '24836.64', 'qd_score': '87682.38', 'mean_fitness_top_k': '-29.34'}
[2026-05-30 10:05:54,689][root][INFO] - Generation 89/400 - Time: 0.00 seconds
[2026-05-30 10:05:54,690][root][INFO] - {'coverage': '100.00', 'max_fitness': '-12.30', 'passive_coverage': '28.81', 'passive_max_fitness': '-12.30', 'passive_mean_fitness': '-56.46', 'passive_qd_score': '25064.89', 'qd_score': '87501.39', 'mean_fitness_top_k': '-29.15'}
[2026-05-30 10:05:55,831][root][INFO] - Updating AE...
[2026-05-30 10:05:56,780][root][INFO] - Epoch: 1, loss: 585.2753
[2026-05-30 10:05:56,851][root][INFO] - Epoch: 2, loss: 391.4140
[2026-05-30 10:05:56,922][root][INFO] - Epoch: 3, loss: 370.8415
[2026-05-30 10:05:56,993][root][INFO] - Epoch: 4, loss: 353.3226
[2026-05-30 10:05:57,066][root][INFO] - Epoch: 5, loss: 344.5275
[2026-05-30 10:05:57,138][root][INFO] - Epoch: 6, loss: 341.4673
[2026-05-30 10:05:57,209][root][INFO] - Epoch: 7, loss: 336.0714
[2026-05-30 10:05:57,280][root][INFO] - Epoch: 8, loss: 334.2675
[2026-05-30 10:05:57,352][root][INFO] - Epoch: 9, loss: 331.7217
[2026-05-30 10:05:57,423][root][INFO] - Epoch: 10, loss: 327.6106
[2026-05-30 10:05:57,495][root][INFO] - Epoch: 11, loss: 326.6953
[2026-05-30 10:05:57,567][root][INFO] - Epoch: 12, loss: 322.4334
[2026-05-30 10:05:57,637][root][INFO] - Epoch: 13, loss: 317.9037
[2026-05-30 10:05:57,710][root][INFO] - Epoch: 14, loss: 318.2019
[2026-05-30 10:05:57,782][root][INFO] - Epoch: 15, loss: 317.3187
[2026-05-30 10:05:57,853][root][INFO] - Epoch: 16, loss: 316.8640
[2026-05-30 10:05:57,925][root][INFO] - Epoch: 17, loss: 310.3641
[2026-05-30 10:05:57,997][root][INFO] - Epoch: 18, loss: 311.8203
[2026-05-30 10:05:58,068][root][INFO] - Epoch: 19, loss: 309.1149
[2026-05-30 10:05:58,139][root][INFO] - Epoch: 20, loss: 308.1729
[2026-05-30 10:05:58,211][root][INFO] - Epoch: 21, loss: 303.5880
[2026-05-30 10:05:58,282][root][INFO] - Epoch: 22, loss: 301.4777
[2026-05-30 10:05:58,353][root][INFO] - Epoch: 23, loss: 299.0260
[2026-05-30 10:05:58,426][root][INFO] - Epoch: 24, loss: 296.3991
[2026-05-30 10:05:58,497][root][INFO] - Epoch: 25, loss: 288.7728
[2026-05-30 10:05:58,569][root][INFO] - Epoch: 26, loss: 286.6049
[2026-05-30 10:05:58,640][root][INFO] - Epoch: 27, loss: 289.5533
[2026-05-30 10:05:58,712][root][INFO] - Epoch: 28, loss: 283.7168
[2026-05-30 10:05:58,785][root][INFO] - Epoch: 29, loss: 280.8052
[2026-05-30 10:05:58,856][root][INFO] - Epoch: 30, loss: 277.7469
[2026-05-30 10:05:58,927][root][INFO] - Epoch: 31, loss: 275.5846
[2026-05-30 10:05:58,998][root][INFO] - Epoch: 32, loss: 276.7986
[2026-05-30 10:05:59,070][root][INFO] - Epoch: 33, loss: 275.5421
[2026-05-30 10:05:59,141][root][INFO] - Epoch: 34, loss: 271.6619
[2026-05-30 10:05:59,212][root][INFO] - Epoch: 35, loss: 267.9964
[2026-05-30 10:05:59,283][root][INFO] - Epoch: 36, loss: 266.2290
[2026-05-30 10:05:59,355][root][INFO] - Epoch: 37, loss: 264.2193
[2026-05-30 10:05:59,425][root][INFO] - Epoch: 38, loss: 261.9631
[2026-05-30 10:05:59,497][root][INFO] - Epoch: 39, loss: 262.8361
[2026-05-30 10:05:59,568][root][INFO] - Epoch: 40, loss: 257.4089
[2026-05-30 10:05:59,640][root][INFO] - Epoch: 41, loss: 254.7873
[2026-05-30 10:05:59,711][root][INFO] - Epoch: 42, loss: 256.2827
[2026-05-30 10:05:59,783][root][INFO] - Epoch: 43, loss: 252.4524
[2026-05-30 10:05:59,854][root][INFO] - Epoch: 44, loss: 252.0245
[2026-05-30 10:05:59,926][root][INFO] - Epoch: 45, loss: 248.4228
[2026-05-30 10:05:59,997][root][INFO] - Epoch: 46, loss: 243.6364
[2026-05-30 10:06:00,068][root][INFO] - Epoch: 47, loss: 245.9397
[2026-05-30 10:06:00,140][root][INFO] - Epoch: 48, loss: 242.5446
[2026-05-30 10:06:00,211][root][INFO] - Epoch: 49, loss: 241.3289
[2026-05-30 10:06:00,282][root][INFO] - Epoch: 50, loss: 240.5175
[2026-05-30 10:06:00,354][root][INFO] - Epoch: 51, loss: 239.4888
[2026-05-30 10:06:00,424][root][INFO] - Epoch: 52, loss: 242.9149
[2026-05-30 10:06:00,495][root][INFO] - Epoch: 53, loss: 251.7399
[2026-05-30 10:06:00,566][root][INFO] - Epoch: 54, loss: 250.0775
[2026-05-30 10:06:00,637][root][INFO] - Epoch: 55, loss: 247.5545
[2026-05-30 10:06:00,709][root][INFO] - Epoch: 56, loss: 250.5781
[2026-05-30 10:06:00,781][root][INFO] - Epoch: 57, loss: 249.3931
[2026-05-30 10:06:00,852][root][INFO] - Epoch: 58, loss: 252.2055
[2026-05-30 10:06:00,923][root][INFO] - Epoch: 59, loss: 244.0266
[2026-05-30 10:06:00,994][root][INFO] - Epoch: 60, loss: 235.4490
[2026-05-30 10:06:01,065][root][INFO] - Epoch: 61, loss: 235.8729
[2026-05-30 10:06:01,137][root][INFO] - Epoch: 62, loss: 228.8992
[2026-05-30 10:06:01,207][root][INFO] - Epoch: 63, loss: 227.4398
[2026-05-30 10:06:01,278][root][INFO] - Epoch: 64, loss: 227.1903
[2026-05-30 10:06:01,349][root][INFO] - Epoch: 65, loss: 226.9350
[2026-05-30 10:06:01,421][root][INFO] - Epoch: 66, loss: 221.3931
[2026-05-30 10:06:01,492][root][INFO] - Epoch: 67, loss: 220.6948
[2026-05-30 10:06:01,563][root][INFO] - Epoch: 68, loss: 219.6998
[2026-05-30 10:06:01,634][root][INFO] - Epoch: 69, loss: 219.9676
[2026-05-30 10:06:01,705][root][INFO] - Epoch: 70, loss: 257.6875
[2026-05-30 10:06:01,776][root][INFO] - Epoch: 71, loss: 264.1127
[2026-05-30 10:06:01,848][root][INFO] - Epoch: 72, loss: 256.9222
[2026-05-30 10:06:01,920][root][INFO] - Epoch: 73, loss: 242.2905
[2026-05-30 10:06:01,991][root][INFO] - Epoch: 74, loss: 233.2765
[2026-05-30 10:06:02,063][root][INFO] - Epoch: 75, loss: 232.5903
[2026-05-30 10:06:02,135][root][INFO] - Epoch: 76, loss: 224.7465
[2026-05-30 10:06:02,206][root][INFO] - Epoch: 77, loss: 218.7205
[2026-05-30 10:06:02,277][root][INFO] - Epoch: 78, loss: 217.1178
[2026-05-30 10:06:02,349][root][INFO] - Epoch: 79, loss: 216.6946
[2026-05-30 10:06:02,420][root][INFO] - Epoch: 80, loss: 209.6674
[2026-05-30 10:06:02,491][root][INFO] - Epoch: 81, loss: 208.0240
[2026-05-30 10:06:02,563][root][INFO] - Epoch: 82, loss: 206.4928
[2026-05-30 10:06:02,635][root][INFO] - Epoch: 83, loss: 203.4394
[2026-05-30 10:06:02,705][root][INFO] - Epoch: 84, loss: 200.8818
[2026-05-30 10:06:02,777][root][INFO] - Epoch: 85, loss: 200.2080
[2026-05-30 10:06:02,849][root][INFO] - Epoch: 86, loss: 199.7439
[2026-05-30 10:06:02,920][root][INFO] - Epoch: 87, loss: 199.2622
[2026-05-30 10:06:02,991][root][INFO] - Epoch: 88, loss: 198.4055
[2026-05-30 10:06:03,063][root][INFO] - Epoch: 89, loss: 195.2247
[2026-05-30 10:06:03,136][root][INFO] - Epoch: 90, loss: 196.5884
[2026-05-30 10:06:03,207][root][INFO] - Epoch: 91, loss: 192.3659
[2026-05-30 10:06:03,279][root][INFO] - Epoch: 92, loss: 189.2938
[2026-05-30 10:06:03,350][root][INFO] - Epoch: 93, loss: 192.0661
[2026-05-30 10:06:03,422][root][INFO] - Epoch: 94, loss: 210.6204
[2026-05-30 10:06:03,493][root][INFO] - Epoch: 95, loss: 210.8486
[2026-05-30 10:06:03,564][root][INFO] - Epoch: 96, loss: 205.3786
[2026-05-30 10:06:03,636][root][INFO] - Epoch: 97, loss: 201.0990
[2026-05-30 10:06:03,706][root][INFO] - Epoch: 98, loss: 191.1473
[2026-05-30 10:06:03,777][root][INFO] - Epoch: 99, loss: 190.6177
[2026-05-30 10:06:03,848][root][INFO] - Epoch: 100, loss: 193.1423
[2026-05-30 10:06:03,919][root][INFO] - Epoch: 101, loss: 188.9295
[2026-05-30 10:06:03,990][root][INFO] - Epoch: 102, loss: 185.1834
[2026-05-30 10:06:04,063][root][INFO] - Epoch: 103, loss: 178.8371
[2026-05-30 10:06:04,133][root][INFO] - Epoch: 104, loss: 186.2627
[2026-05-30 10:06:04,205][root][INFO] - Epoch: 105, loss: 181.5977
[2026-05-30 10:06:04,277][root][INFO] - Epoch: 106, loss: 176.6774
[2026-05-30 10:06:04,347][root][INFO] - Epoch: 107, loss: 180.5316
[2026-05-30 10:06:04,418][root][INFO] - Epoch: 108, loss: 179.2012
[2026-05-30 10:06:04,489][root][INFO] - Epoch: 109, loss: 175.3765
[2026-05-30 10:06:04,561][root][INFO] - Epoch: 110, loss: 175.2223
[2026-05-30 10:06:04,632][root][INFO] - Epoch: 111, loss: 171.5413
[2026-05-30 10:06:04,704][root][INFO] - Epoch: 112, loss: 173.1688
[2026-05-30 10:06:04,775][root][INFO] - Epoch: 113, loss: 170.6593
[2026-05-30 10:06:04,846][root][INFO] - Epoch: 114, loss: 171.7613
[2026-05-30 10:06:04,918][root][INFO] - Epoch: 115, loss: 176.4023
[2026-05-30 10:06:04,989][root][INFO] - Epoch: 116, loss: 173.6648
[2026-05-30 10:06:05,061][root][INFO] - Epoch: 117, loss: 180.1635
[2026-05-30 10:06:05,132][root][INFO] - Epoch: 118, loss: 175.9770
[2026-05-30 10:06:05,205][root][INFO] - Epoch: 119, loss: 173.4830
[2026-05-30 10:06:05,276][root][INFO] - Epoch: 120, loss: 169.8829
[2026-05-30 10:06:05,347][root][INFO] - Epoch: 121, loss: 166.6504
[2026-05-30 10:06:05,419][root][INFO] - Epoch: 122, loss: 165.8554
[2026-05-30 10:06:05,491][root][INFO] - Epoch: 123, loss: 167.9626
[2026-05-30 10:06:05,563][root][INFO] - Epoch: 124, loss: 165.8222
[2026-05-30 10:06:05,634][root][INFO] - Epoch: 125, loss: 172.2871
[2026-05-30 10:06:05,707][root][INFO] - Epoch: 126, loss: 173.5851
[2026-05-30 10:06:05,778][root][INFO] - Epoch: 127, loss: 181.8913
[2026-05-30 10:06:05,850][root][INFO] - Epoch: 128, loss: 229.7989
[2026-05-30 10:06:05,921][root][INFO] - Epoch: 129, loss: 224.8909
[2026-05-30 10:06:05,993][root][INFO] - Epoch: 130, loss: 209.3175
[2026-05-30 10:06:06,065][root][INFO] - Epoch: 131, loss: 198.6541
[2026-05-30 10:06:06,136][root][INFO] - Epoch: 132, loss: 191.0330
[2026-05-30 10:06:06,207][root][INFO] - Epoch: 133, loss: 182.8279
[2026-05-30 10:06:06,279][root][INFO] - Epoch: 134, loss: 190.8499
[2026-05-30 10:06:06,350][root][INFO] - Epoch: 135, loss: 182.3687
[2026-05-30 10:06:06,351][root][INFO] - Early stopping at epoch: 134
[2026-05-30 10:06:06,390][root][INFO] - {'model_loss': '182.3687', 'recon_loss': '0.0000', 'triplet_loss': '182.3687'}
[2026-05-30 10:06:06,394][root][INFO] - Updating AE...
[2026-05-30 10:06:07,166][root][INFO] - Epoch: 1, loss: 308.2941
[2026-05-30 10:06:07,238][root][INFO] - Epoch: 2, loss: 124.3255
[2026-05-30 10:06:07,309][root][INFO] - Epoch: 3, loss: 117.0303
[2026-05-30 10:06:07,380][root][INFO] - Epoch: 4, loss: 111.9805
[2026-05-30 10:06:07,452][root][INFO] - Epoch: 5, loss: 109.3989
[2026-05-30 10:06:07,523][root][INFO] - Epoch: 6, loss: 106.6111
[2026-05-30 10:06:07,596][root][INFO] - Epoch: 7, loss: 104.5434
[2026-05-30 10:06:07,667][root][INFO] - Epoch: 8, loss: 103.4569
[2026-05-30 10:06:07,739][root][INFO] - Epoch: 9, loss: 102.3925
[2026-05-30 10:06:07,807][root][INFO] - Epoch: 10, loss: 101.2453
[2026-05-30 10:06:07,878][root][INFO] - Epoch: 11, loss: 100.5190
[2026-05-30 10:06:07,951][root][INFO] - Epoch: 12, loss: 99.5652
[2026-05-30 10:06:08,021][root][INFO] - Epoch: 13, loss: 98.8471
[2026-05-30 10:06:08,091][root][INFO] - Epoch: 14, loss: 98.3324
[2026-05-30 10:06:08,162][root][INFO] - Epoch: 15, loss: 97.7093
[2026-05-30 10:06:08,233][root][INFO] - Epoch: 16, loss: 96.9532
[2026-05-30 10:06:08,303][root][INFO] - Epoch: 17, loss: 96.3567
[2026-05-30 10:06:08,375][root][INFO] - Epoch: 18, loss: 95.8372
[2026-05-30 10:06:08,449][root][INFO] - Epoch: 19, loss: 95.7424
[2026-05-30 10:06:08,519][root][INFO] - Epoch: 20, loss: 94.7154
[2026-05-30 10:06:08,589][root][INFO] - Epoch: 21, loss: 93.6604
[2026-05-30 10:06:08,658][root][INFO] - Epoch: 22, loss: 93.2959
[2026-05-30 10:06:08,728][root][INFO] - Epoch: 23, loss: 92.5255
[2026-05-30 10:06:08,797][root][INFO] - Epoch: 24, loss: 91.7761
[2026-05-30 10:06:08,869][root][INFO] - Epoch: 25, loss: 91.2841
[2026-05-30 10:06:08,940][root][INFO] - Epoch: 26, loss: 91.0816
[2026-05-30 10:06:09,011][root][INFO] - Epoch: 27, loss: 90.4684
[2026-05-30 10:06:09,083][root][INFO] - Epoch: 28, loss: 90.0404
[2026-05-30 10:06:09,154][root][INFO] - Epoch: 29, loss: 89.2605
[2026-05-30 10:06:09,226][root][INFO] - Epoch: 30, loss: 88.7010
[2026-05-30 10:06:09,297][root][INFO] - Epoch: 31, loss: 88.2739
[2026-05-30 10:06:09,369][root][INFO] - Epoch: 32, loss: 87.9683
[2026-05-30 10:06:09,440][root][INFO] - Epoch: 33, loss: 87.4588
[2026-05-30 10:06:09,512][root][INFO] - Epoch: 34, loss: 87.2552
[2026-05-30 10:06:09,583][root][INFO] - Epoch: 35, loss: 86.9865
[2026-05-30 10:06:09,654][root][INFO] - Epoch: 36, loss: 86.8349
[2026-05-30 10:06:09,725][root][INFO] - Epoch: 37, loss: 86.0554
[2026-05-30 10:06:09,796][root][INFO] - Epoch: 38, loss: 85.8935
[2026-05-30 10:06:09,867][root][INFO] - Epoch: 39, loss: 85.4224
[2026-05-30 10:06:09,937][root][INFO] - Epoch: 40, loss: 85.9382
[2026-05-30 10:06:10,009][root][INFO] - Epoch: 41, loss: 84.7156
[2026-05-30 10:06:10,079][root][INFO] - Epoch: 42, loss: 84.4761
[2026-05-30 10:06:10,150][root][INFO] - Epoch: 43, loss: 84.1273
[2026-05-30 10:06:10,221][root][INFO] - Epoch: 44, loss: 83.7616
[2026-05-30 10:06:10,292][root][INFO] - Epoch: 45, loss: 83.7889
[2026-05-30 10:06:10,365][root][INFO] - Epoch: 46, loss: 83.2602
[2026-05-30 10:06:10,436][root][INFO] - Epoch: 47, loss: 83.1309
[2026-05-30 10:06:10,508][root][INFO] - Epoch: 48, loss: 82.4372
[2026-05-30 10:06:10,580][root][INFO] - Epoch: 49, loss: 82.0646
[2026-05-30 10:06:10,651][root][INFO] - Epoch: 50, loss: 81.6689
[2026-05-30 10:06:10,722][root][INFO] - Epoch: 51, loss: 81.0833
[2026-05-30 10:06:10,792][root][INFO] - Epoch: 52, loss: 81.6249
[2026-05-30 10:06:10,863][root][INFO] - Epoch: 53, loss: 81.4334
[2026-05-30 10:06:10,934][root][INFO] - Epoch: 54, loss: 80.8717
[2026-05-30 10:06:11,005][root][INFO] - Epoch: 55, loss: 80.1291
[2026-05-30 10:06:11,077][root][INFO] - Epoch: 56, loss: 79.9801
[2026-05-30 10:06:11,148][root][INFO] - Epoch: 57, loss: 79.2975
[2026-05-30 10:06:11,219][root][INFO] - Epoch: 58, loss: 79.6242
[2026-05-30 10:06:11,290][root][INFO] - Epoch: 59, loss: 78.4633
[2026-05-30 10:06:11,360][root][INFO] - Epoch: 60, loss: 77.7508
[2026-05-30 10:06:11,431][root][INFO] - Epoch: 61, loss: 77.1141
[2026-05-30 10:06:11,502][root][INFO] - Epoch: 62, loss: 77.0660
[2026-05-30 10:06:11,573][root][INFO] - Epoch: 63, loss: 76.6926
[2026-05-30 10:06:11,643][root][INFO] - Epoch: 64, loss: 76.4114
[2026-05-30 10:06:11,714][root][INFO] - Epoch: 65, loss: 74.8800
[2026-05-30 10:06:11,785][root][INFO] - Epoch: 66, loss: 74.3246
[2026-05-30 10:06:11,856][root][INFO] - Epoch: 67, loss: 73.9007
[2026-05-30 10:06:11,927][root][INFO] - Epoch: 68, loss: 73.5401
[2026-05-30 10:06:11,998][root][INFO] - Epoch: 69, loss: 73.8574
[2026-05-30 10:06:12,069][root][INFO] - Epoch: 70, loss: 72.8570
[2026-05-30 10:06:12,140][root][INFO] - Epoch: 71, loss: 73.1063
[2026-05-30 10:06:12,210][root][INFO] - Epoch: 72, loss: 72.8311
[2026-05-30 10:06:12,281][root][INFO] - Epoch: 73, loss: 70.8236
[2026-05-30 10:06:12,352][root][INFO] - Epoch: 74, loss: 71.3521
[2026-05-30 10:06:12,423][root][INFO] - Epoch: 75, loss: 70.8262
[2026-05-30 10:06:12,494][root][INFO] - Epoch: 76, loss: 70.1559
[2026-05-30 10:06:12,564][root][INFO] - Epoch: 77, loss: 70.4447
[2026-05-30 10:06:12,635][root][INFO] - Epoch: 78, loss: 69.6122
[2026-05-30 10:06:12,706][root][INFO] - Epoch: 79, loss: 68.5873
[2026-05-30 10:06:12,777][root][INFO] - Epoch: 80, loss: 68.6918
[2026-05-30 10:06:12,848][root][INFO] - Epoch: 81, loss: 67.5194
[2026-05-30 10:06:12,919][root][INFO] - Epoch: 82, loss: 67.2666
[2026-05-30 10:06:12,989][root][INFO] - Epoch: 83, loss: 67.5390
[2026-05-30 10:06:13,061][root][INFO] - Epoch: 84, loss: 66.3947
[2026-05-30 10:06:13,131][root][INFO] - Epoch: 85, loss: 66.4992
[2026-05-30 10:06:13,200][root][INFO] - Epoch: 86, loss: 65.9698
[2026-05-30 10:06:13,269][root][INFO] - Epoch: 87, loss: 65.2008
[2026-05-30 10:06:13,339][root][INFO] - Epoch: 88, loss: 65.0739
[2026-05-30 10:06:13,408][root][INFO] - Epoch: 89, loss: 64.5305
[2026-05-30 10:06:13,478][root][INFO] - Epoch: 90, loss: 64.8172
[2026-05-30 10:06:13,549][root][INFO] - Epoch: 91, loss: 63.6511
[2026-05-30 10:06:13,620][root][INFO] - Epoch: 92, loss: 63.3209
[2026-05-30 10:06:13,691][root][INFO] - Epoch: 93, loss: 63.2488
[2026-05-30 10:06:13,762][root][INFO] - Epoch: 94, loss: 63.0436
[2026-05-30 10:06:13,833][root][INFO] - Epoch: 95, loss: 62.5107
[2026-05-30 10:06:13,905][root][INFO] - Epoch: 96, loss: 61.0938
[2026-05-30 10:06:13,976][root][INFO] - Epoch: 97, loss: 61.0990
[2026-05-30 10:06:14,047][root][INFO] - Epoch: 98, loss: 62.5451
[2026-05-30 10:06:14,118][root][INFO] - Epoch: 99, loss: 61.8960
[2026-05-30 10:06:14,187][root][INFO] - Epoch: 100, loss: 65.7352
[2026-05-30 10:06:14,257][root][INFO] - Epoch: 101, loss: 73.7680
[2026-05-30 10:06:14,326][root][INFO] - Epoch: 102, loss: 72.4097
[2026-05-30 10:06:14,396][root][INFO] - Epoch: 103, loss: 69.2524
[2026-05-30 10:06:14,466][root][INFO] - Epoch: 104, loss: 66.7972
[2026-05-30 10:06:14,536][root][INFO] - Epoch: 105, loss: 64.2139
[2026-05-30 10:06:14,606][root][INFO] - Epoch: 106, loss: 63.2074
[2026-05-30 10:06:14,677][root][INFO] - Epoch: 107, loss: 62.1411
[2026-05-30 10:06:14,677][root][INFO] - Early stopping at epoch: 106
[2026-05-30 10:06:14,712][root][INFO] - {'model_loss': '62.1411', 'recon_loss': '0.0000', 'triplet_loss': '62.1411'}
[2026-05-30 10:06:14,716][root][INFO] - Generation 90/400 - Time: 0.00 seconds
[2026-05-30 10:06:14,717][root][INFO] - {'coverage': '100.00', 'max_fitness': '-12.30', 'passive_coverage': '28.81', 'passive_max_fitness': '-12.30', 'passive_mean_fitness': '-56.45', 'passive_qd_score': '25065.22', 'qd_score': '87433.41', 'mean_fitness_top_k': '-29.25'}
[2026-05-30 10:06:15,706][root][INFO] - Generation 91/400 - Time: 0.00 seconds
[2026-05-30 10:06:15,707][root][INFO] - {'coverage': '100.00', 'max_fitness': '-12.30', 'passive_coverage': '29.10', 'passive_max_fitness': '-12.30', 'passive_mean_fitness': '-56.45', 'passive_qd_score': '25322.32', 'qd_score': '87457.42', 'mean_fitness_top_k': '-31.31'}
[2026-05-30 10:06:16,689][root][INFO] - Generation 92/400 - Time: 0.00 seconds
[2026-05-30 10:06:16,689][root][INFO] - {'coverage': '100.00', 'max_fitness': '-12.30', 'passive_coverage': '29.20', 'passive_max_fitness': '-12.30', 'passive_mean_fitness': '-56.49', 'passive_qd_score': '25394.80', 'qd_score': '87742.54', 'mean_fitness_top_k': '-31.39'}
[2026-05-30 10:06:17,690][root][INFO] - Generation 93/400 - Time: 0.00 seconds
[2026-05-30 10:06:17,691][root][INFO] - {'coverage': '100.00', 'max_fitness': '-12.30', 'passive_coverage': '29.20', 'passive_max_fitness': '-12.30', 'passive_mean_fitness': '-56.48', 'passive_qd_score': '25397.44', 'qd_score': '87743.63', 'mean_fitness_top_k': '-31.68'}
[2026-05-30 10:06:18,717][root][INFO] - Generation 94/400 - Time: 0.00 seconds
[2026-05-30 10:06:18,717][root][INFO] - {'coverage': '100.00', 'max_fitness': '-12.30', 'passive_coverage': '29.59', 'passive_max_fitness': '-12.30', 'passive_mean_fitness': '-56.44', 'passive_qd_score': '25748.60', 'qd_score': '88094.05', 'mean_fitness_top_k': '-31.68'}
[2026-05-30 10:06:19,696][root][INFO] - Generation 95/400 - Time: 0.00 seconds
[2026-05-30 10:06:19,697][root][INFO] - {'coverage': '100.00', 'max_fitness': '-12.30', 'passive_coverage': '29.69', 'passive_max_fitness': '-12.30', 'passive_mean_fitness': '-56.57', 'passive_qd_score': '25795.22', 'qd_score': '88078.93', 'mean_fitness_top_k': '-31.82'}
[2026-05-30 10:06:20,679][root][INFO] - Generation 96/400 - Time: 0.00 seconds
[2026-05-30 10:06:20,680][root][INFO] - {'coverage': '100.00', 'max_fitness': '-12.30', 'passive_coverage': '29.79', 'passive_max_fitness': '-12.30', 'passive_mean_fitness': '-56.67', 'passive_qd_score': '25848.27', 'qd_score': '88354.25', 'mean_fitness_top_k': '-31.33'}
[2026-05-30 10:06:21,703][root][INFO] - Generation 97/400 - Time: 0.00 seconds
[2026-05-30 10:06:21,704][root][INFO] - {'coverage': '100.00', 'max_fitness': '-12.30', 'passive_coverage': '29.88', 'passive_max_fitness': '-12.30', 'passive_mean_fitness': '-56.67', 'passive_qd_score': '25932.99', 'qd_score': '88395.25', 'mean_fitness_top_k': '-31.39'}
[2026-05-30 10:06:22,690][root][INFO] - Generation 98/400 - Time: 0.00 seconds
[2026-05-30 10:06:22,691][root][INFO] - {'coverage': '100.00', 'max_fitness': '-12.30', 'passive_coverage': '29.98', 'passive_max_fitness': '-12.30', 'passive_mean_fitness': '-56.64', 'passive_qd_score': '26027.86', 'qd_score': '88534.32', 'mean_fitness_top_k': '-31.58'}
[2026-05-30 10:06:23,679][root][INFO] - Generation 99/400 - Time: 0.00 seconds
[2026-05-30 10:06:23,680][root][INFO] - {'coverage': '100.00', 'max_fitness': '-12.30', 'passive_coverage': '30.08', 'passive_max_fitness': '-12.30', 'passive_mean_fitness': '-56.59', 'passive_qd_score': '26128.69', 'qd_score': '88945.61', 'mean_fitness_top_k': '-30.89'}
[2026-05-30 10:06:24,661][root][INFO] - Generation 100/400 - Time: 0.00 seconds
[2026-05-30 10:06:24,662][root][INFO] - {'coverage': '100.00', 'max_fitness': '-12.30', 'passive_coverage': '30.37', 'passive_max_fitness': '-12.30', 'passive_mean_fitness': '-56.51', 'passive_qd_score': '26408.74', 'qd_score': '89349.66', 'mean_fitness_top_k': '-30.39'}
[2026-05-30 10:06:25,644][root][INFO] - Generation 101/400 - Time: 0.00 seconds
[2026-05-30 10:06:25,644][root][INFO] - {'coverage': '100.00', 'max_fitness': '-12.30', 'passive_coverage': '30.47', 'passive_max_fitness': '-12.30', 'passive_mean_fitness': '-56.46', 'passive_qd_score': '26507.79', 'qd_score': '89199.33', 'mean_fitness_top_k': '-30.40'}
[2026-05-30 10:06:26,797][root][INFO] - Generation 102/400 - Time: 0.00 seconds
[2026-05-30 10:06:26,798][root][INFO] - {'coverage': '100.00', 'max_fitness': '-12.30', 'passive_coverage': '30.66', 'passive_max_fitness': '-12.30', 'passive_mean_fitness': '-56.58', 'passive_qd_score': '26639.28', 'qd_score': '89098.48', 'mean_fitness_top_k': '-30.40'}
[2026-05-30 10:06:27,962][root][INFO] - Generation 103/400 - Time: 0.00 seconds
[2026-05-30 10:06:27,963][root][INFO] - {'coverage': '100.00', 'max_fitness': '-12.30', 'passive_coverage': '30.76', 'passive_max_fitness': '-12.30', 'passive_mean_fitness': '-56.50', 'passive_qd_score': '26749.81', 'qd_score': '89077.56', 'mean_fitness_top_k': '-30.91'}
[2026-05-30 10:06:29,095][root][INFO] - Generation 104/400 - Time: 0.00 seconds
[2026-05-30 10:06:29,096][root][INFO] - {'coverage': '100.00', 'max_fitness': '-12.30', 'passive_coverage': '30.86', 'passive_max_fitness': '-12.30', 'passive_mean_fitness': '-56.41', 'passive_qd_score': '26862.20', 'qd_score': '89494.46', 'mean_fitness_top_k': '-30.74'}
[2026-05-30 10:06:30,230][root][INFO] - Generation 105/400 - Time: 0.00 seconds
[2026-05-30 10:06:30,231][root][INFO] - {'coverage': '100.00', 'max_fitness': '-12.30', 'passive_coverage': '30.96', 'passive_max_fitness': '-12.30', 'passive_mean_fitness': '-56.35', 'passive_qd_score': '26966.21', 'qd_score': '89447.92', 'mean_fitness_top_k': '-30.56'}
[2026-05-30 10:06:31,366][root][INFO] - Generation 106/400 - Time: 0.00 seconds
[2026-05-30 10:06:31,367][root][INFO] - {'coverage': '100.00', 'max_fitness': '-12.30', 'passive_coverage': '31.05', 'passive_max_fitness': '-12.30', 'passive_mean_fitness': '-56.38', 'passive_qd_score': '27043.78', 'qd_score': '89412.91', 'mean_fitness_top_k': '-30.59'}
[2026-05-30 10:06:32,505][root][INFO] - Generation 107/400 - Time: 0.00 seconds
[2026-05-30 10:06:32,506][root][INFO] - {'coverage': '100.00', 'max_fitness': '-12.30', 'passive_coverage': '31.05', 'passive_max_fitness': '-12.30', 'passive_mean_fitness': '-56.38', 'passive_qd_score': '27044.24', 'qd_score': '89624.41', 'mean_fitness_top_k': '-30.59'}
[2026-05-30 10:06:33,631][root][INFO] - Generation 108/400 - Time: 0.00 seconds
[2026-05-30 10:06:33,632][root][INFO] - {'coverage': '100.00', 'max_fitness': '-12.30', 'passive_coverage': '31.15', 'passive_max_fitness': '-12.30', 'passive_mean_fitness': '-56.36', 'passive_qd_score': '27135.70', 'qd_score': '89721.51', 'mean_fitness_top_k': '-30.92'}
[2026-05-30 10:06:34,778][root][INFO] - Generation 109/400 - Time: 0.00 seconds
[2026-05-30 10:06:34,779][root][INFO] - {'coverage': '100.00', 'max_fitness': '-12.30', 'passive_coverage': '31.45', 'passive_max_fitness': '-12.30', 'passive_mean_fitness': '-56.29', 'passive_qd_score': '27413.69', 'qd_score': '89778.97', 'mean_fitness_top_k': '-30.71'}
[2026-05-30 10:06:35,909][root][INFO] - Updating AE...
[2026-05-30 10:06:36,700][root][INFO] - Epoch: 1, loss: 1710.7462
[2026-05-30 10:06:36,772][root][INFO] - Epoch: 2, loss: 602.4708
[2026-05-30 10:06:36,844][root][INFO] - Epoch: 3, loss: 545.1882
[2026-05-30 10:06:36,916][root][INFO] - Epoch: 4, loss: 517.9620
[2026-05-30 10:06:36,987][root][INFO] - Epoch: 5, loss: 506.3647
[2026-05-30 10:06:37,058][root][INFO] - Epoch: 6, loss: 500.9462
[2026-05-30 10:06:37,131][root][INFO] - Epoch: 7, loss: 496.2672
[2026-05-30 10:06:37,203][root][INFO] - Epoch: 8, loss: 490.8955
[2026-05-30 10:06:37,273][root][INFO] - Epoch: 9, loss: 485.6828
[2026-05-30 10:06:37,346][root][INFO] - Epoch: 10, loss: 483.8244
[2026-05-30 10:06:37,418][root][INFO] - Epoch: 11, loss: 481.2254
[2026-05-30 10:06:37,489][root][INFO] - Epoch: 12, loss: 478.4650
[2026-05-30 10:06:37,562][root][INFO] - Epoch: 13, loss: 476.2149
[2026-05-30 10:06:37,634][root][INFO] - Epoch: 14, loss: 474.0056
[2026-05-30 10:06:37,705][root][INFO] - Epoch: 15, loss: 471.9997
[2026-05-30 10:06:37,777][root][INFO] - Epoch: 16, loss: 469.1694
[2026-05-30 10:06:37,849][root][INFO] - Epoch: 17, loss: 467.6012
[2026-05-30 10:06:37,920][root][INFO] - Epoch: 18, loss: 465.2663
[2026-05-30 10:06:37,992][root][INFO] - Epoch: 19, loss: 463.5133
[2026-05-30 10:06:38,064][root][INFO] - Epoch: 20, loss: 461.6481
[2026-05-30 10:06:38,134][root][INFO] - Epoch: 21, loss: 459.5006
[2026-05-30 10:06:38,207][root][INFO] - Epoch: 22, loss: 456.7905
[2026-05-30 10:06:38,278][root][INFO] - Epoch: 23, loss: 454.7681
[2026-05-30 10:06:38,349][root][INFO] - Epoch: 24, loss: 453.4453
[2026-05-30 10:06:38,421][root][INFO] - Epoch: 25, loss: 451.5351
[2026-05-30 10:06:38,493][root][INFO] - Epoch: 26, loss: 449.4413
[2026-05-30 10:06:38,565][root][INFO] - Epoch: 27, loss: 448.7554
[2026-05-30 10:06:38,636][root][INFO] - Epoch: 28, loss: 446.3969
[2026-05-30 10:06:38,708][root][INFO] - Epoch: 29, loss: 444.0604
[2026-05-30 10:06:38,780][root][INFO] - Epoch: 30, loss: 441.7589
[2026-05-30 10:06:38,851][root][INFO] - Epoch: 31, loss: 440.4267
[2026-05-30 10:06:38,923][root][INFO] - Epoch: 32, loss: 438.8530
[2026-05-30 10:06:38,994][root][INFO] - Epoch: 33, loss: 439.5471
[2026-05-30 10:06:39,066][root][INFO] - Epoch: 34, loss: 436.8691
[2026-05-30 10:06:39,136][root][INFO] - Epoch: 35, loss: 436.0398
[2026-05-30 10:06:39,208][root][INFO] - Epoch: 36, loss: 434.6771
[2026-05-30 10:06:39,280][root][INFO] - Epoch: 37, loss: 432.5554
[2026-05-30 10:06:39,351][root][INFO] - Epoch: 38, loss: 429.6589
[2026-05-30 10:06:39,423][root][INFO] - Epoch: 39, loss: 428.6387
[2026-05-30 10:06:39,494][root][INFO] - Epoch: 40, loss: 427.3687
[2026-05-30 10:06:39,565][root][INFO] - Epoch: 41, loss: 425.4087
[2026-05-30 10:06:39,636][root][INFO] - Epoch: 42, loss: 423.8973
[2026-05-30 10:06:39,709][root][INFO] - Epoch: 43, loss: 422.9720
[2026-05-30 10:06:39,781][root][INFO] - Epoch: 44, loss: 421.6252
[2026-05-30 10:06:39,852][root][INFO] - Epoch: 45, loss: 419.9943
[2026-05-30 10:06:39,923][root][INFO] - Epoch: 46, loss: 418.5086
[2026-05-30 10:06:39,995][root][INFO] - Epoch: 47, loss: 416.8031
[2026-05-30 10:06:40,068][root][INFO] - Epoch: 48, loss: 414.4240
[2026-05-30 10:06:40,140][root][INFO] - Epoch: 49, loss: 414.3176
[2026-05-30 10:06:40,211][root][INFO] - Epoch: 50, loss: 410.6192
[2026-05-30 10:06:40,282][root][INFO] - Epoch: 51, loss: 409.1435
[2026-05-30 10:06:40,353][root][INFO] - Epoch: 52, loss: 407.4109
[2026-05-30 10:06:40,425][root][INFO] - Epoch: 53, loss: 406.3090
[2026-05-30 10:06:40,497][root][INFO] - Epoch: 54, loss: 403.7422
[2026-05-30 10:06:40,568][root][INFO] - Epoch: 55, loss: 401.6025
[2026-05-30 10:06:40,639][root][INFO] - Epoch: 56, loss: 399.0814
[2026-05-30 10:06:40,711][root][INFO] - Epoch: 57, loss: 396.6255
[2026-05-30 10:06:40,783][root][INFO] - Epoch: 58, loss: 394.7834
[2026-05-30 10:06:40,855][root][INFO] - Epoch: 59, loss: 392.3594
[2026-05-30 10:06:40,926][root][INFO] - Epoch: 60, loss: 390.1838
[2026-05-30 10:06:40,998][root][INFO] - Epoch: 61, loss: 386.4121
[2026-05-30 10:06:41,069][root][INFO] - Epoch: 62, loss: 384.1609
[2026-05-30 10:06:41,139][root][INFO] - Epoch: 63, loss: 380.0008
[2026-05-30 10:06:41,211][root][INFO] - Epoch: 64, loss: 377.3321
[2026-05-30 10:06:41,282][root][INFO] - Epoch: 65, loss: 377.5304
[2026-05-30 10:06:41,353][root][INFO] - Epoch: 66, loss: 374.1834
[2026-05-30 10:06:41,425][root][INFO] - Epoch: 67, loss: 369.0771
[2026-05-30 10:06:41,497][root][INFO] - Epoch: 68, loss: 365.1569
[2026-05-30 10:06:41,568][root][INFO] - Epoch: 69, loss: 361.4630
[2026-05-30 10:06:41,640][root][INFO] - Epoch: 70, loss: 360.1370
[2026-05-30 10:06:41,711][root][INFO] - Epoch: 71, loss: 355.1423
[2026-05-30 10:06:41,782][root][INFO] - Epoch: 72, loss: 353.2907
[2026-05-30 10:06:41,854][root][INFO] - Epoch: 73, loss: 352.4319
[2026-05-30 10:06:41,925][root][INFO] - Epoch: 74, loss: 349.6237
[2026-05-30 10:06:41,998][root][INFO] - Epoch: 75, loss: 347.3441
[2026-05-30 10:06:42,070][root][INFO] - Epoch: 76, loss: 348.9072
[2026-05-30 10:06:42,141][root][INFO] - Epoch: 77, loss: 345.5598
[2026-05-30 10:06:42,213][root][INFO] - Epoch: 78, loss: 347.8800
[2026-05-30 10:06:42,284][root][INFO] - Epoch: 79, loss: 344.1462
[2026-05-30 10:06:42,355][root][INFO] - Epoch: 80, loss: 340.6512
[2026-05-30 10:06:42,427][root][INFO] - Epoch: 81, loss: 340.5902
[2026-05-30 10:06:42,498][root][INFO] - Epoch: 82, loss: 337.1340
[2026-05-30 10:06:42,569][root][INFO] - Epoch: 83, loss: 338.8047
[2026-05-30 10:06:42,641][root][INFO] - Epoch: 84, loss: 335.0364
[2026-05-30 10:06:42,713][root][INFO] - Epoch: 85, loss: 334.1542
[2026-05-30 10:06:42,785][root][INFO] - Epoch: 86, loss: 332.8062
[2026-05-30 10:06:42,856][root][INFO] - Epoch: 87, loss: 330.5923
[2026-05-30 10:06:42,927][root][INFO] - Epoch: 88, loss: 330.1440
[2026-05-30 10:06:42,998][root][INFO] - Epoch: 89, loss: 329.7817
[2026-05-30 10:06:43,070][root][INFO] - Epoch: 90, loss: 332.9336
[2026-05-30 10:06:43,141][root][INFO] - Epoch: 91, loss: 331.4794
[2026-05-30 10:06:43,213][root][INFO] - Epoch: 92, loss: 332.0847
[2026-05-30 10:06:43,285][root][INFO] - Epoch: 93, loss: 327.3578
[2026-05-30 10:06:43,356][root][INFO] - Epoch: 94, loss: 325.7242
[2026-05-30 10:06:43,427][root][INFO] - Epoch: 95, loss: 331.1324
[2026-05-30 10:06:43,498][root][INFO] - Epoch: 96, loss: 325.2145
[2026-05-30 10:06:43,570][root][INFO] - Epoch: 97, loss: 329.4286
[2026-05-30 10:06:43,642][root][INFO] - Epoch: 98, loss: 320.7545
[2026-05-30 10:06:43,713][root][INFO] - Epoch: 99, loss: 318.7940
[2026-05-30 10:06:43,785][root][INFO] - Epoch: 100, loss: 318.4346
[2026-05-30 10:06:43,856][root][INFO] - Epoch: 101, loss: 316.5805
[2026-05-30 10:06:43,928][root][INFO] - Epoch: 102, loss: 317.3432
[2026-05-30 10:06:43,999][root][INFO] - Epoch: 103, loss: 318.5996
[2026-05-30 10:06:44,071][root][INFO] - Epoch: 104, loss: 314.1492
[2026-05-30 10:06:44,141][root][INFO] - Epoch: 105, loss: 311.2877
[2026-05-30 10:06:44,216][root][INFO] - Epoch: 106, loss: 308.3991
[2026-05-30 10:06:44,288][root][INFO] - Epoch: 107, loss: 309.2631
[2026-05-30 10:06:44,360][root][INFO] - Epoch: 108, loss: 310.7282
[2026-05-30 10:06:44,432][root][INFO] - Epoch: 109, loss: 308.0825
[2026-05-30 10:06:44,503][root][INFO] - Epoch: 110, loss: 303.7895
[2026-05-30 10:06:44,574][root][INFO] - Epoch: 111, loss: 303.3983
[2026-05-30 10:06:44,647][root][INFO] - Epoch: 112, loss: 301.2273
[2026-05-30 10:06:44,722][root][INFO] - Epoch: 113, loss: 299.9546
[2026-05-30 10:06:44,798][root][INFO] - Epoch: 114, loss: 301.0185
[2026-05-30 10:06:44,872][root][INFO] - Epoch: 115, loss: 300.7232
[2026-05-30 10:06:44,947][root][INFO] - Epoch: 116, loss: 298.4286
[2026-05-30 10:06:45,021][root][INFO] - Epoch: 117, loss: 295.6128
[2026-05-30 10:06:45,093][root][INFO] - Epoch: 118, loss: 300.1728
[2026-05-30 10:06:45,165][root][INFO] - Epoch: 119, loss: 292.7299
[2026-05-30 10:06:45,238][root][INFO] - Epoch: 120, loss: 300.6571
[2026-05-30 10:06:45,310][root][INFO] - Epoch: 121, loss: 303.1442
[2026-05-30 10:06:45,383][root][INFO] - Epoch: 122, loss: 304.2548
[2026-05-30 10:06:45,454][root][INFO] - Epoch: 123, loss: 302.2705
[2026-05-30 10:06:45,525][root][INFO] - Epoch: 124, loss: 303.0138
[2026-05-30 10:06:45,596][root][INFO] - Epoch: 125, loss: 296.5604
[2026-05-30 10:06:45,668][root][INFO] - Epoch: 126, loss: 293.8992
[2026-05-30 10:06:45,740][root][INFO] - Epoch: 127, loss: 287.4970
[2026-05-30 10:06:45,811][root][INFO] - Epoch: 128, loss: 285.2666
[2026-05-30 10:06:45,883][root][INFO] - Epoch: 129, loss: 287.5283
[2026-05-30 10:06:45,957][root][INFO] - Epoch: 130, loss: 287.6567
[2026-05-30 10:06:46,031][root][INFO] - Epoch: 131, loss: 283.9202
[2026-05-30 10:06:46,104][root][INFO] - Epoch: 132, loss: 282.6879
[2026-05-30 10:06:46,174][root][INFO] - Epoch: 133, loss: 280.1006
[2026-05-30 10:06:46,246][root][INFO] - Epoch: 134, loss: 285.8068
[2026-05-30 10:06:46,318][root][INFO] - Epoch: 135, loss: 286.3699
[2026-05-30 10:06:46,389][root][INFO] - Epoch: 136, loss: 284.0730
[2026-05-30 10:06:46,461][root][INFO] - Epoch: 137, loss: 281.1759
[2026-05-30 10:06:46,532][root][INFO] - Epoch: 138, loss: 280.5092
[2026-05-30 10:06:46,604][root][INFO] - Epoch: 139, loss: 282.1253
[2026-05-30 10:06:46,676][root][INFO] - Epoch: 140, loss: 279.8715
[2026-05-30 10:06:46,747][root][INFO] - Epoch: 141, loss: 276.3578
[2026-05-30 10:06:46,819][root][INFO] - Epoch: 142, loss: 272.7051
[2026-05-30 10:06:46,891][root][INFO] - Epoch: 143, loss: 270.0978
[2026-05-30 10:06:46,963][root][INFO] - Epoch: 144, loss: 278.7474
[2026-05-30 10:06:47,034][root][INFO] - Epoch: 145, loss: 292.2444
[2026-05-30 10:06:47,106][root][INFO] - Epoch: 146, loss: 274.9414
[2026-05-30 10:06:47,178][root][INFO] - Epoch: 147, loss: 277.1268
[2026-05-30 10:06:47,250][root][INFO] - Epoch: 148, loss: 270.5617
[2026-05-30 10:06:47,321][root][INFO] - Epoch: 149, loss: 271.3086
[2026-05-30 10:06:47,392][root][INFO] - Epoch: 150, loss: 265.6578
[2026-05-30 10:06:47,464][root][INFO] - Epoch: 151, loss: 274.4870
[2026-05-30 10:06:47,537][root][INFO] - Epoch: 152, loss: 276.3820
[2026-05-30 10:06:47,608][root][INFO] - Epoch: 153, loss: 280.6138
[2026-05-30 10:06:47,680][root][INFO] - Epoch: 154, loss: 280.2217
[2026-05-30 10:06:47,752][root][INFO] - Epoch: 155, loss: 277.7194
[2026-05-30 10:06:47,823][root][INFO] - Epoch: 156, loss: 275.3367
[2026-05-30 10:06:47,894][root][INFO] - Epoch: 157, loss: 268.1625
[2026-05-30 10:06:47,966][root][INFO] - Epoch: 158, loss: 266.0773
[2026-05-30 10:06:48,038][root][INFO] - Epoch: 159, loss: 264.7315
[2026-05-30 10:06:48,109][root][INFO] - Epoch: 160, loss: 261.3640
[2026-05-30 10:06:48,180][root][INFO] - Epoch: 161, loss: 259.8463
[2026-05-30 10:06:48,251][root][INFO] - Epoch: 162, loss: 263.9265
[2026-05-30 10:06:48,322][root][INFO] - Epoch: 163, loss: 261.7314
[2026-05-30 10:06:48,394][root][INFO] - Epoch: 164, loss: 263.1094
[2026-05-30 10:06:48,464][root][INFO] - Epoch: 165, loss: 258.4678
[2026-05-30 10:06:48,536][root][INFO] - Epoch: 166, loss: 260.6325
[2026-05-30 10:06:48,607][root][INFO] - Epoch: 167, loss: 262.7850
[2026-05-30 10:06:48,679][root][INFO] - Epoch: 168, loss: 260.3034
[2026-05-30 10:06:48,751][root][INFO] - Epoch: 169, loss: 268.1277
[2026-05-30 10:06:48,822][root][INFO] - Epoch: 170, loss: 270.3657
[2026-05-30 10:06:48,895][root][INFO] - Epoch: 171, loss: 269.2377
[2026-05-30 10:06:48,967][root][INFO] - Epoch: 172, loss: 259.3516
[2026-05-30 10:06:49,038][root][INFO] - Epoch: 173, loss: 259.1602
[2026-05-30 10:06:49,109][root][INFO] - Epoch: 174, loss: 254.9202
[2026-05-30 10:06:49,180][root][INFO] - Epoch: 175, loss: 253.2835
[2026-05-30 10:06:49,252][root][INFO] - Epoch: 176, loss: 251.6181
[2026-05-30 10:06:49,324][root][INFO] - Epoch: 177, loss: 250.7105
[2026-05-30 10:06:49,395][root][INFO] - Epoch: 178, loss: 254.2815
[2026-05-30 10:06:49,466][root][INFO] - Epoch: 179, loss: 267.4408
[2026-05-30 10:06:49,536][root][INFO] - Epoch: 180, loss: 263.5315
[2026-05-30 10:06:49,609][root][INFO] - Epoch: 181, loss: 262.2499
[2026-05-30 10:06:49,679][root][INFO] - Epoch: 182, loss: 257.9435
[2026-05-30 10:06:49,749][root][INFO] - Epoch: 183, loss: 256.0368
[2026-05-30 10:06:49,819][root][INFO] - Epoch: 184, loss: 261.1467
[2026-05-30 10:06:49,898][root][INFO] - Epoch: 185, loss: 260.9949
[2026-05-30 10:06:49,973][root][INFO] - Epoch: 186, loss: 251.1706
[2026-05-30 10:06:50,042][root][INFO] - Epoch: 187, loss: 253.4481
[2026-05-30 10:06:50,112][root][INFO] - Epoch: 188, loss: 337.0987
[2026-05-30 10:06:50,113][root][INFO] - Early stopping at epoch: 187
[2026-05-30 10:06:50,155][root][INFO] - {'model_loss': '337.0987', 'recon_loss': '0.0000', 'triplet_loss': '337.0987'}
[2026-05-30 10:06:50,159][root][INFO] - Updating AE...
[2026-05-30 10:06:50,916][root][INFO] - Epoch: 1, loss: 310.2192
[2026-05-30 10:06:50,986][root][INFO] - Epoch: 2, loss: 117.5912
[2026-05-30 10:06:51,056][root][INFO] - Epoch: 3, loss: 82.5609
[2026-05-30 10:06:51,126][root][INFO] - Epoch: 4, loss: 66.9592
[2026-05-30 10:06:51,196][root][INFO] - Epoch: 5, loss: 58.8004
[2026-05-30 10:06:51,265][root][INFO] - Epoch: 6, loss: 54.9582
[2026-05-30 10:06:51,336][root][INFO] - Epoch: 7, loss: 52.3786
[2026-05-30 10:06:51,407][root][INFO] - Epoch: 8, loss: 50.4543
[2026-05-30 10:06:51,477][root][INFO] - Epoch: 9, loss: 49.2092
[2026-05-30 10:06:51,548][root][INFO] - Epoch: 10, loss: 48.3547
[2026-05-30 10:06:51,618][root][INFO] - Epoch: 11, loss: 47.6691
[2026-05-30 10:06:51,689][root][INFO] - Epoch: 12, loss: 47.0185
[2026-05-30 10:06:51,760][root][INFO] - Epoch: 13, loss: 46.4917
[2026-05-30 10:06:51,832][root][INFO] - Epoch: 14, loss: 45.9679
[2026-05-30 10:06:51,903][root][INFO] - Epoch: 15, loss: 45.5690
[2026-05-30 10:06:51,975][root][INFO] - Epoch: 16, loss: 45.1686
[2026-05-30 10:06:52,046][root][INFO] - Epoch: 17, loss: 44.7505
[2026-05-30 10:06:52,117][root][INFO] - Epoch: 18, loss: 44.3760
[2026-05-30 10:06:52,187][root][INFO] - Epoch: 19, loss: 44.0415
[2026-05-30 10:06:52,258][root][INFO] - Epoch: 20, loss: 43.7457
[2026-05-30 10:06:52,330][root][INFO] - Epoch: 21, loss: 43.4712
[2026-05-30 10:06:52,401][root][INFO] - Epoch: 22, loss: 43.2012
[2026-05-30 10:06:52,473][root][INFO] - Epoch: 23, loss: 42.9285
[2026-05-30 10:06:52,544][root][INFO] - Epoch: 24, loss: 42.6944
[2026-05-30 10:06:52,615][root][INFO] - Epoch: 25, loss: 42.5011
[2026-05-30 10:06:52,686][root][INFO] - Epoch: 26, loss: 42.3004
[2026-05-30 10:06:52,758][root][INFO] - Epoch: 27, loss: 42.0827
[2026-05-30 10:06:52,829][root][INFO] - Epoch: 28, loss: 41.8561
[2026-05-30 10:06:52,900][root][INFO] - Epoch: 29, loss: 41.6907
[2026-05-30 10:06:52,971][root][INFO] - Epoch: 30, loss: 41.5063
[2026-05-30 10:06:53,042][root][INFO] - Epoch: 31, loss: 41.3183
[2026-05-30 10:06:53,117][root][INFO] - Epoch: 32, loss: 41.1593
[2026-05-30 10:06:53,188][root][INFO] - Epoch: 33, loss: 40.9945
[2026-05-30 10:06:53,259][root][INFO] - Epoch: 34, loss: 40.8481
[2026-05-30 10:06:53,329][root][INFO] - Epoch: 35, loss: 40.6581
[2026-05-30 10:06:53,399][root][INFO] - Epoch: 36, loss: 40.5854
[2026-05-30 10:06:53,471][root][INFO] - Epoch: 37, loss: 40.4776
[2026-05-30 10:06:53,544][root][INFO] - Epoch: 38, loss: 40.3184
[2026-05-30 10:06:53,617][root][INFO] - Epoch: 39, loss: 40.1782
[2026-05-30 10:06:53,687][root][INFO] - Epoch: 40, loss: 40.0711
[2026-05-30 10:06:53,757][root][INFO] - Epoch: 41, loss: 39.8782
[2026-05-30 10:06:53,829][root][INFO] - Epoch: 42, loss: 39.7524
[2026-05-30 10:06:53,898][root][INFO] - Epoch: 43, loss: 39.6269
[2026-05-30 10:06:53,975][root][INFO] - Epoch: 44, loss: 39.5524
[2026-05-30 10:06:54,048][root][INFO] - Epoch: 45, loss: 39.4298
[2026-05-30 10:06:54,119][root][INFO] - Epoch: 46, loss: 39.3186
[2026-05-30 10:06:54,190][root][INFO] - Epoch: 47, loss: 39.2353
[2026-05-30 10:06:54,260][root][INFO] - Epoch: 48, loss: 39.1111
[2026-05-30 10:06:54,330][root][INFO] - Epoch: 49, loss: 39.0288
[2026-05-30 10:06:54,400][root][INFO] - Epoch: 50, loss: 38.9295
[2026-05-30 10:06:54,470][root][INFO] - Epoch: 51, loss: 38.8372
[2026-05-30 10:06:54,542][root][INFO] - Epoch: 52, loss: 38.7150
[2026-05-30 10:06:54,612][root][INFO] - Epoch: 53, loss: 38.8093
[2026-05-30 10:06:54,683][root][INFO] - Epoch: 54, loss: 38.6086
[2026-05-30 10:06:54,753][root][INFO] - Epoch: 55, loss: 38.4578
[2026-05-30 10:06:54,824][root][INFO] - Epoch: 56, loss: 38.4276
[2026-05-30 10:06:54,895][root][INFO] - Epoch: 57, loss: 38.2663
[2026-05-30 10:06:54,965][root][INFO] - Epoch: 58, loss: 38.2056
[2026-05-30 10:06:55,036][root][INFO] - Epoch: 59, loss: 38.1217
[2026-05-30 10:06:55,106][root][INFO] - Epoch: 60, loss: 37.9966
[2026-05-30 10:06:55,177][root][INFO] - Epoch: 61, loss: 38.1180
[2026-05-30 10:06:55,247][root][INFO] - Epoch: 62, loss: 37.7940
[2026-05-30 10:06:55,318][root][INFO] - Epoch: 63, loss: 37.7423
[2026-05-30 10:06:55,388][root][INFO] - Epoch: 64, loss: 37.6986
[2026-05-30 10:06:55,459][root][INFO] - Epoch: 65, loss: 37.5972
[2026-05-30 10:06:55,529][root][INFO] - Epoch: 66, loss: 37.4624
[2026-05-30 10:06:55,600][root][INFO] - Epoch: 67, loss: 37.4107
[2026-05-30 10:06:55,671][root][INFO] - Epoch: 68, loss: 37.2613
[2026-05-30 10:06:55,742][root][INFO] - Epoch: 69, loss: 37.2557
[2026-05-30 10:06:55,813][root][INFO] - Epoch: 70, loss: 37.1756
[2026-05-30 10:06:55,884][root][INFO] - Epoch: 71, loss: 36.9895
[2026-05-30 10:06:55,955][root][INFO] - Epoch: 72, loss: 36.9552
[2026-05-30 10:06:56,026][root][INFO] - Epoch: 73, loss: 36.7835
[2026-05-30 10:06:56,097][root][INFO] - Epoch: 74, loss: 36.7555
[2026-05-30 10:06:56,167][root][INFO] - Epoch: 75, loss: 36.5438
[2026-05-30 10:06:56,238][root][INFO] - Epoch: 76, loss: 36.4685
[2026-05-30 10:06:56,309][root][INFO] - Epoch: 77, loss: 36.4321
[2026-05-30 10:06:56,380][root][INFO] - Epoch: 78, loss: 36.3431
[2026-05-30 10:06:56,451][root][INFO] - Epoch: 79, loss: 36.1176
[2026-05-30 10:06:56,522][root][INFO] - Epoch: 80, loss: 36.0186
[2026-05-30 10:06:56,592][root][INFO] - Epoch: 81, loss: 35.9796
[2026-05-30 10:06:56,663][root][INFO] - Epoch: 82, loss: 35.8523
[2026-05-30 10:06:56,735][root][INFO] - Epoch: 83, loss: 35.7394
[2026-05-30 10:06:56,805][root][INFO] - Epoch: 84, loss: 35.6039
[2026-05-30 10:06:56,876][root][INFO] - Epoch: 85, loss: 35.4780
[2026-05-30 10:06:56,948][root][INFO] - Epoch: 86, loss: 35.4716
[2026-05-30 10:06:57,018][root][INFO] - Epoch: 87, loss: 35.2775
[2026-05-30 10:06:57,089][root][INFO] - Epoch: 88, loss: 35.4220
[2026-05-30 10:06:57,160][root][INFO] - Epoch: 89, loss: 35.4012
[2026-05-30 10:06:57,230][root][INFO] - Epoch: 90, loss: 35.3100
[2026-05-30 10:06:57,301][root][INFO] - Epoch: 91, loss: 34.9097
[2026-05-30 10:06:57,372][root][INFO] - Epoch: 92, loss: 34.9674
[2026-05-30 10:06:57,443][root][INFO] - Epoch: 93, loss: 34.7029
[2026-05-30 10:06:57,513][root][INFO] - Epoch: 94, loss: 34.7235
[2026-05-30 10:06:57,584][root][INFO] - Epoch: 95, loss: 34.5182
[2026-05-30 10:06:57,655][root][INFO] - Epoch: 96, loss: 34.4355
[2026-05-30 10:06:57,726][root][INFO] - Epoch: 97, loss: 34.3857
[2026-05-30 10:06:57,797][root][INFO] - Epoch: 98, loss: 34.3699
[2026-05-30 10:06:57,868][root][INFO] - Epoch: 99, loss: 34.4362
[2026-05-30 10:06:57,940][root][INFO] - Epoch: 100, loss: 33.9260
[2026-05-30 10:06:58,011][root][INFO] - Epoch: 101, loss: 33.8777
[2026-05-30 10:06:58,082][root][INFO] - Epoch: 102, loss: 33.7327
[2026-05-30 10:06:58,152][root][INFO] - Epoch: 103, loss: 33.6308
[2026-05-30 10:06:58,224][root][INFO] - Epoch: 104, loss: 33.6518
[2026-05-30 10:06:58,294][root][INFO] - Epoch: 105, loss: 33.4881
[2026-05-30 10:06:58,366][root][INFO] - Epoch: 106, loss: 33.3486
[2026-05-30 10:06:58,437][root][INFO] - Epoch: 107, loss: 33.3822
[2026-05-30 10:06:58,508][root][INFO] - Epoch: 108, loss: 33.1924
[2026-05-30 10:06:58,578][root][INFO] - Epoch: 109, loss: 33.0533
[2026-05-30 10:06:58,650][root][INFO] - Epoch: 110, loss: 32.9797
[2026-05-30 10:06:58,721][root][INFO] - Epoch: 111, loss: 32.9353
[2026-05-30 10:06:58,792][root][INFO] - Epoch: 112, loss: 33.1266
[2026-05-30 10:06:58,863][root][INFO] - Epoch: 113, loss: 32.6042
[2026-05-30 10:06:58,933][root][INFO] - Epoch: 114, loss: 32.9106
[2026-05-30 10:06:59,004][root][INFO] - Epoch: 115, loss: 32.5538
[2026-05-30 10:06:59,075][root][INFO] - Epoch: 116, loss: 32.3407
[2026-05-30 10:06:59,145][root][INFO] - Epoch: 117, loss: 32.3779
[2026-05-30 10:06:59,216][root][INFO] - Epoch: 118, loss: 32.2161
[2026-05-30 10:06:59,288][root][INFO] - Epoch: 119, loss: 32.2478
[2026-05-30 10:06:59,359][root][INFO] - Epoch: 120, loss: 32.1927
[2026-05-30 10:06:59,430][root][INFO] - Epoch: 121, loss: 32.0755
[2026-05-30 10:06:59,500][root][INFO] - Epoch: 122, loss: 32.0999
[2026-05-30 10:06:59,571][root][INFO] - Epoch: 123, loss: 32.1239
[2026-05-30 10:06:59,643][root][INFO] - Epoch: 124, loss: 31.9163
[2026-05-30 10:06:59,714][root][INFO] - Epoch: 125, loss: 32.1678
[2026-05-30 10:06:59,785][root][INFO] - Epoch: 126, loss: 31.9041
[2026-05-30 10:06:59,855][root][INFO] - Epoch: 127, loss: 32.0042
[2026-05-30 10:06:59,926][root][INFO] - Epoch: 128, loss: 32.2027
[2026-05-30 10:06:59,997][root][INFO] - Epoch: 129, loss: 32.2854
[2026-05-30 10:07:00,069][root][INFO] - Epoch: 130, loss: 31.7096
[2026-05-30 10:07:00,139][root][INFO] - Epoch: 131, loss: 31.6090
[2026-05-30 10:07:00,210][root][INFO] - Epoch: 132, loss: 31.2741
[2026-05-30 10:07:00,280][root][INFO] - Epoch: 133, loss: 31.2243
[2026-05-30 10:07:00,351][root][INFO] - Epoch: 134, loss: 31.2879
[2026-05-30 10:07:00,421][root][INFO] - Epoch: 135, loss: 31.2938
[2026-05-30 10:07:00,493][root][INFO] - Epoch: 136, loss: 31.1526
[2026-05-30 10:07:00,564][root][INFO] - Epoch: 137, loss: 31.3398
[2026-05-30 10:07:00,634][root][INFO] - Epoch: 138, loss: 30.9924
[2026-05-30 10:07:00,704][root][INFO] - Epoch: 139, loss: 31.0249
[2026-05-30 10:07:00,775][root][INFO] - Epoch: 140, loss: 30.9475
[2026-05-30 10:07:00,847][root][INFO] - Epoch: 141, loss: 30.8454
[2026-05-30 10:07:00,918][root][INFO] - Epoch: 142, loss: 30.5213
[2026-05-30 10:07:00,989][root][INFO] - Epoch: 143, loss: 30.3724
[2026-05-30 10:07:01,058][root][INFO] - Epoch: 144, loss: 30.4150
[2026-05-30 10:07:01,129][root][INFO] - Epoch: 145, loss: 38.9936
[2026-05-30 10:07:01,201][root][INFO] - Epoch: 146, loss: 34.3599
[2026-05-30 10:07:01,272][root][INFO] - Epoch: 147, loss: 35.1002
[2026-05-30 10:07:01,344][root][INFO] - Epoch: 148, loss: 34.9758
[2026-05-30 10:07:01,414][root][INFO] - Epoch: 149, loss: 34.0512
[2026-05-30 10:07:01,485][root][INFO] - Epoch: 150, loss: 33.4587
[2026-05-30 10:07:01,556][root][INFO] - Epoch: 151, loss: 33.2101
[2026-05-30 10:07:01,627][root][INFO] - Epoch: 152, loss: 33.1992
[2026-05-30 10:07:01,697][root][INFO] - Epoch: 153, loss: 32.5849
[2026-05-30 10:07:01,769][root][INFO] - Epoch: 154, loss: 32.1292
[2026-05-30 10:07:01,770][root][INFO] - Early stopping at epoch: 153
[2026-05-30 10:07:01,816][root][INFO] - {'model_loss': '32.1292', 'recon_loss': '0.0000', 'triplet_loss': '32.1292'}
[2026-05-30 10:07:01,820][root][INFO] - Generation 110/400 - Time: 0.00 seconds
[2026-05-30 10:07:01,821][root][INFO] - {'coverage': '100.00', 'max_fitness': '-12.30', 'passive_coverage': '31.45', 'passive_max_fitness': '-12.30', 'passive_mean_fitness': '-56.28', 'passive_qd_score': '27414.70', 'qd_score': '89905.27', 'mean_fitness_top_k': '-30.53'}
[2026-05-30 10:07:02,811][root][INFO] - Generation 111/400 - Time: 0.00 seconds
[2026-05-30 10:07:02,812][root][INFO] - {'coverage': '100.00', 'max_fitness': '-12.30', 'passive_coverage': '31.54', 'passive_max_fitness': '-12.30', 'passive_mean_fitness': '-56.32', 'passive_qd_score': '27488.23', 'qd_score': '90876.59', 'mean_fitness_top_k': '-27.66'}
[2026-05-30 10:07:03,797][root][INFO] - Generation 112/400 - Time: 0.00 seconds
[2026-05-30 10:07:03,798][root][INFO] - {'coverage': '100.00', 'max_fitness': '-12.30', 'passive_coverage': '31.54', 'passive_max_fitness': '-12.30', 'passive_mean_fitness': '-56.31', 'passive_qd_score': '27490.76', 'qd_score': '92111.07', 'mean_fitness_top_k': '-25.28'}
[2026-05-30 10:07:04,780][root][INFO] - Generation 113/400 - Time: 0.00 seconds
[2026-05-30 10:07:04,780][root][INFO] - {'coverage': '100.00', 'max_fitness': '-12.30', 'passive_coverage': '31.54', 'passive_max_fitness': '-12.30', 'passive_mean_fitness': '-56.31', 'passive_qd_score': '27492.25', 'qd_score': '92624.80', 'mean_fitness_top_k': '-24.44'}
[2026-05-30 10:07:05,758][root][INFO] - Generation 114/400 - Time: 0.00 seconds
[2026-05-30 10:07:05,760][root][INFO] - {'coverage': '100.00', 'max_fitness': '-12.30', 'passive_coverage': '31.54', 'passive_max_fitness': '-12.30', 'passive_mean_fitness': '-56.30', 'passive_qd_score': '27493.71', 'qd_score': '92815.29', 'mean_fitness_top_k': '-23.93'}
[2026-05-30 10:07:06,753][root][INFO] - Generation 115/400 - Time: 0.00 seconds
[2026-05-30 10:07:06,754][root][INFO] - {'coverage': '100.00', 'max_fitness': '-12.30', 'passive_coverage': '31.74', 'passive_max_fitness': '-12.30', 'passive_mean_fitness': '-56.31', 'passive_qd_score': '27662.56', 'qd_score': '92817.55', 'mean_fitness_top_k': '-23.75'}
[2026-05-30 10:07:07,775][root][INFO] - Generation 116/400 - Time: 0.00 seconds
[2026-05-30 10:07:07,776][root][INFO] - {'coverage': '100.00', 'max_fitness': '-12.30', 'passive_coverage': '32.13', 'passive_max_fitness': '-12.30', 'passive_mean_fitness': '-56.28', 'passive_qd_score': '28012.60', 'qd_score': '92938.79', 'mean_fitness_top_k': '-23.60'}
[2026-05-30 10:07:08,909][root][INFO] - Generation 117/400 - Time: 0.00 seconds
[2026-05-30 10:07:08,910][root][INFO] - {'coverage': '100.00', 'max_fitness': '-12.30', 'passive_coverage': '32.32', 'passive_max_fitness': '-12.30', 'passive_mean_fitness': '-56.15', 'passive_qd_score': '28223.32', 'qd_score': '92780.84', 'mean_fitness_top_k': '-23.62'}
[2026-05-30 10:07:10,058][root][INFO] - Generation 118/400 - Time: 0.00 seconds
[2026-05-30 10:07:10,059][root][INFO] - {'coverage': '100.00', 'max_fitness': '-12.30', 'passive_coverage': '32.62', 'passive_max_fitness': '-12.30', 'passive_mean_fitness': '-56.13', 'passive_qd_score': '28487.61', 'qd_score': '93166.27', 'mean_fitness_top_k': '-22.81'}
[2026-05-30 10:07:11,190][root][INFO] - Generation 119/400 - Time: 0.00 seconds
[2026-05-30 10:07:11,191][root][INFO] - {'coverage': '100.00', 'max_fitness': '-12.30', 'passive_coverage': '32.91', 'passive_max_fitness': '-12.30', 'passive_mean_fitness': '-56.09', 'passive_qd_score': '28756.64', 'qd_score': '93527.48', 'mean_fitness_top_k': '-22.76'}
[2026-05-30 10:07:12,318][root][INFO] - Generation 120/400 - Time: 0.00 seconds
[2026-05-30 10:07:12,319][root][INFO] - {'coverage': '100.00', 'max_fitness': '-12.30', 'passive_coverage': '33.11', 'passive_max_fitness': '-12.30', 'passive_mean_fitness': '-56.13', 'passive_qd_score': '28913.99', 'qd_score': '93392.41', 'mean_fitness_top_k': '-22.83'}
[2026-05-30 10:07:13,452][root][INFO] - Generation 121/400 - Time: 0.00 seconds
[2026-05-30 10:07:13,453][root][INFO] - {'coverage': '100.00', 'max_fitness': '-12.30', 'passive_coverage': '33.30', 'passive_max_fitness': '-12.30', 'passive_mean_fitness': '-56.08', 'passive_qd_score': '29100.52', 'qd_score': '93334.59', 'mean_fitness_top_k': '-22.67'}
[2026-05-30 10:07:14,583][root][INFO] - Generation 122/400 - Time: 0.00 seconds
[2026-05-30 10:07:14,584][root][INFO] - {'coverage': '100.00', 'max_fitness': '-12.30', 'passive_coverage': '33.50', 'passive_max_fitness': '-12.30', 'passive_mean_fitness': '-56.10', 'passive_qd_score': '29263.84', 'qd_score': '93560.10', 'mean_fitness_top_k': '-22.10'}
[2026-05-30 10:07:15,728][root][INFO] - Generation 123/400 - Time: 0.00 seconds
[2026-05-30 10:07:15,729][root][INFO] - {'coverage': '100.00', 'max_fitness': '-12.30', 'passive_coverage': '33.50', 'passive_max_fitness': '-12.30', 'passive_mean_fitness': '-56.10', 'passive_qd_score': '29263.84', 'qd_score': '93557.23', 'mean_fitness_top_k': '-22.31'}
[2026-05-30 10:07:16,873][root][INFO] - Generation 124/400 - Time: 0.00 seconds
[2026-05-30 10:07:16,874][root][INFO] - {'coverage': '100.00', 'max_fitness': '-12.30', 'passive_coverage': '33.50', 'passive_max_fitness': '-12.30', 'passive_mean_fitness': '-56.10', 'passive_qd_score': '29264.24', 'qd_score': '93314.01', 'mean_fitness_top_k': '-22.16'}
[2026-05-30 10:07:18,003][root][INFO] - Generation 125/400 - Time: 0.00 seconds
[2026-05-30 10:07:18,004][root][INFO] - {'coverage': '100.00', 'max_fitness': '-12.30', 'passive_coverage': '33.50', 'passive_max_fitness': '-12.30', 'passive_mean_fitness': '-56.10', 'passive_qd_score': '29264.29', 'qd_score': '93020.10', 'mean_fitness_top_k': '-22.10'}
[2026-05-30 10:07:19,140][root][INFO] - Generation 126/400 - Time: 0.00 seconds
[2026-05-30 10:07:19,141][root][INFO] - {'coverage': '100.00', 'max_fitness': '-12.30', 'passive_coverage': '33.50', 'passive_max_fitness': '-12.30', 'passive_mean_fitness': '-56.09', 'passive_qd_score': '29268.49', 'qd_score': '92948.73', 'mean_fitness_top_k': '-22.28'}
[2026-05-30 10:07:20,283][root][INFO] - Generation 127/400 - Time: 0.00 seconds
[2026-05-30 10:07:20,284][root][INFO] - {'coverage': '100.00', 'max_fitness': '-12.30', 'passive_coverage': '33.50', 'passive_max_fitness': '-12.30', 'passive_mean_fitness': '-56.09', 'passive_qd_score': '29269.32', 'qd_score': '92605.77', 'mean_fitness_top_k': '-22.00'}
[2026-05-30 10:07:21,417][root][INFO] - Generation 128/400 - Time: 0.00 seconds
[2026-05-30 10:07:21,418][root][INFO] - {'coverage': '100.00', 'max_fitness': '-12.30', 'passive_coverage': '33.50', 'passive_max_fitness': '-12.30', 'passive_mean_fitness': '-56.09', 'passive_qd_score': '29270.21', 'qd_score': '92401.83', 'mean_fitness_top_k': '-22.09'}
[2026-05-30 10:07:22,554][root][INFO] - Generation 129/400 - Time: 0.00 seconds
[2026-05-30 10:07:22,555][root][INFO] - {'coverage': '100.00', 'max_fitness': '-12.30', 'passive_coverage': '33.59', 'passive_max_fitness': '-12.30', 'passive_mean_fitness': '-56.13', 'passive_qd_score': '29340.88', 'qd_score': '92436.13', 'mean_fitness_top_k': '-21.69'}
[2026-05-30 10:07:23,693][root][INFO] - Generation 130/400 - Time: 0.00 seconds
[2026-05-30 10:07:23,694][root][INFO] - {'coverage': '100.00', 'max_fitness': '-12.30', 'passive_coverage': '33.79', 'passive_max_fitness': '-12.30', 'passive_mean_fitness': '-56.08', 'passive_qd_score': '29528.09', 'qd_score': '92497.11', 'mean_fitness_top_k': '-21.76'}
[2026-05-30 10:07:24,834][root][INFO] - Generation 131/400 - Time: 0.00 seconds
[2026-05-30 10:07:24,835][root][INFO] - {'coverage': '100.00', 'max_fitness': '-12.30', 'passive_coverage': '33.79', 'passive_max_fitness': '-12.30', 'passive_mean_fitness': '-56.08', 'passive_qd_score': '29529.20', 'qd_score': '92101.30', 'mean_fitness_top_k': '-21.65'}
[2026-05-30 10:07:25,963][root][INFO] - Updating AE...
[2026-05-30 10:07:26,726][root][INFO] - Epoch: 1, loss: 340.6490
[2026-05-30 10:07:26,796][root][INFO] - Epoch: 2, loss: 327.4475
[2026-05-30 10:07:26,869][root][INFO] - Epoch: 3, loss: 316.4227
[2026-05-30 10:07:26,941][root][INFO] - Epoch: 4, loss: 299.7382
[2026-05-30 10:07:27,013][root][INFO] - Epoch: 5, loss: 295.9757
[2026-05-30 10:07:27,085][root][INFO] - Epoch: 6, loss: 287.2774
[2026-05-30 10:07:27,157][root][INFO] - Epoch: 7, loss: 283.0547
[2026-05-30 10:07:27,233][root][INFO] - Epoch: 8, loss: 274.7938
[2026-05-30 10:07:27,305][root][INFO] - Epoch: 9, loss: 269.0271
[2026-05-30 10:07:27,376][root][INFO] - Epoch: 10, loss: 269.6797
[2026-05-30 10:07:27,449][root][INFO] - Epoch: 11, loss: 265.3556
[2026-05-30 10:07:27,520][root][INFO] - Epoch: 12, loss: 257.6238
[2026-05-30 10:07:27,592][root][INFO] - Epoch: 13, loss: 253.0614
[2026-05-30 10:07:27,663][root][INFO] - Epoch: 14, loss: 249.3976
[2026-05-30 10:07:27,738][root][INFO] - Epoch: 15, loss: 245.1122
[2026-05-30 10:07:27,809][root][INFO] - Epoch: 16, loss: 240.8687
[2026-05-30 10:07:27,883][root][INFO] - Epoch: 17, loss: 241.0343
[2026-05-30 10:07:27,956][root][INFO] - Epoch: 18, loss: 238.3132
[2026-05-30 10:07:28,030][root][INFO] - Epoch: 19, loss: 236.7480
[2026-05-30 10:07:28,102][root][INFO] - Epoch: 20, loss: 238.9783
[2026-05-30 10:07:28,174][root][INFO] - Epoch: 21, loss: 235.4556
[2026-05-30 10:07:28,246][root][INFO] - Epoch: 22, loss: 235.6650
[2026-05-30 10:07:28,318][root][INFO] - Epoch: 23, loss: 231.7500
[2026-05-30 10:07:28,389][root][INFO] - Epoch: 24, loss: 226.9269
[2026-05-30 10:07:28,460][root][INFO] - Epoch: 25, loss: 230.5151
[2026-05-30 10:07:28,531][root][INFO] - Epoch: 26, loss: 223.1999
[2026-05-30 10:07:28,601][root][INFO] - Epoch: 27, loss: 225.5340
[2026-05-30 10:07:28,672][root][INFO] - Epoch: 28, loss: 227.4903
[2026-05-30 10:07:28,747][root][INFO] - Epoch: 29, loss: 219.8933
[2026-05-30 10:07:28,817][root][INFO] - Epoch: 30, loss: 221.7071
[2026-05-30 10:07:28,890][root][INFO] - Epoch: 31, loss: 213.0186
[2026-05-30 10:07:28,960][root][INFO] - Epoch: 32, loss: 211.9221
[2026-05-30 10:07:29,033][root][INFO] - Epoch: 33, loss: 210.0240
[2026-05-30 10:07:29,103][root][INFO] - Epoch: 34, loss: 214.6072
[2026-05-30 10:07:29,173][root][INFO] - Epoch: 35, loss: 211.0682
[2026-05-30 10:07:29,243][root][INFO] - Epoch: 36, loss: 211.3212
[2026-05-30 10:07:29,316][root][INFO] - Epoch: 37, loss: 205.4035
[2026-05-30 10:07:29,388][root][INFO] - Epoch: 38, loss: 210.4890
[2026-05-30 10:07:29,458][root][INFO] - Epoch: 39, loss: 210.4833
[2026-05-30 10:07:29,529][root][INFO] - Epoch: 40, loss: 210.4201
[2026-05-30 10:07:29,601][root][INFO] - Epoch: 41, loss: 207.3402
[2026-05-30 10:07:29,673][root][INFO] - Epoch: 42, loss: 200.8690
[2026-05-30 10:07:29,744][root][INFO] - Epoch: 43, loss: 205.8964
[2026-05-30 10:07:29,816][root][INFO] - Epoch: 44, loss: 202.8929
[2026-05-30 10:07:29,888][root][INFO] - Epoch: 45, loss: 199.4703
[2026-05-30 10:07:29,960][root][INFO] - Epoch: 46, loss: 196.2191
[2026-05-30 10:07:30,032][root][INFO] - Epoch: 47, loss: 196.9133
[2026-05-30 10:07:30,102][root][INFO] - Epoch: 48, loss: 193.0256
[2026-05-30 10:07:30,173][root][INFO] - Epoch: 49, loss: 190.0802
[2026-05-30 10:07:30,245][root][INFO] - Epoch: 50, loss: 191.8564
[2026-05-30 10:07:30,316][root][INFO] - Epoch: 51, loss: 190.7515
[2026-05-30 10:07:30,387][root][INFO] - Epoch: 52, loss: 188.5318
[2026-05-30 10:07:30,458][root][INFO] - Epoch: 53, loss: 186.9445
[2026-05-30 10:07:30,531][root][INFO] - Epoch: 54, loss: 184.5229
[2026-05-30 10:07:30,602][root][INFO] - Epoch: 55, loss: 593.7955
[2026-05-30 10:07:30,673][root][INFO] - Epoch: 56, loss: 373.1403
[2026-05-30 10:07:30,745][root][INFO] - Epoch: 57, loss: 319.7776
[2026-05-30 10:07:30,818][root][INFO] - Epoch: 58, loss: 316.2877
[2026-05-30 10:07:30,890][root][INFO] - Epoch: 59, loss: 303.3745
[2026-05-30 10:07:30,961][root][INFO] - Epoch: 60, loss: 295.3985
[2026-05-30 10:07:31,032][root][INFO] - Epoch: 61, loss: 287.3566
[2026-05-30 10:07:31,104][root][INFO] - Epoch: 62, loss: 279.0932
[2026-05-30 10:07:31,176][root][INFO] - Epoch: 63, loss: 270.9269
[2026-05-30 10:07:31,247][root][INFO] - Epoch: 64, loss: 263.4291
[2026-05-30 10:07:31,318][root][INFO] - Epoch: 65, loss: 257.4910
[2026-05-30 10:07:31,318][root][INFO] - Early stopping at epoch: 64
[2026-05-30 10:07:31,351][root][INFO] - {'model_loss': '257.4910', 'recon_loss': '0.0000', 'triplet_loss': '257.4910'}
[2026-05-30 10:07:31,355][root][INFO] - Updating AE...
[2026-05-30 10:07:32,332][root][INFO] - Epoch: 1, loss: 67.2729
[2026-05-30 10:07:32,404][root][INFO] - Epoch: 2, loss: 26.7880
[2026-05-30 10:07:32,475][root][INFO] - Epoch: 3, loss: 15.9736
[2026-05-30 10:07:32,546][root][INFO] - Epoch: 4, loss: 10.8053
[2026-05-30 10:07:32,618][root][INFO] - Epoch: 5, loss: 8.3255
[2026-05-30 10:07:32,689][root][INFO] - Epoch: 6, loss: 6.9790
[2026-05-30 10:07:32,760][root][INFO] - Epoch: 7, loss: 6.1738
[2026-05-30 10:07:32,832][root][INFO] - Epoch: 8, loss: 5.8521
[2026-05-30 10:07:32,903][root][INFO] - Epoch: 9, loss: 5.6561
[2026-05-30 10:07:32,974][root][INFO] - Epoch: 10, loss: 5.5523
[2026-05-30 10:07:33,047][root][INFO] - Epoch: 11, loss: 5.4964
[2026-05-30 10:07:33,119][root][INFO] - Epoch: 12, loss: 5.4274
[2026-05-30 10:07:33,191][root][INFO] - Epoch: 13, loss: 5.3809
[2026-05-30 10:07:33,263][root][INFO] - Epoch: 14, loss: 5.3346
[2026-05-30 10:07:33,334][root][INFO] - Epoch: 15, loss: 5.3038
[2026-05-30 10:07:33,406][root][INFO] - Epoch: 16, loss: 5.2701
[2026-05-30 10:07:33,477][root][INFO] - Epoch: 17, loss: 5.2454
[2026-05-30 10:07:33,548][root][INFO] - Epoch: 18, loss: 5.2183
[2026-05-30 10:07:33,620][root][INFO] - Epoch: 19, loss: 5.1985
[2026-05-30 10:07:33,692][root][INFO] - Epoch: 20, loss: 5.1739
[2026-05-30 10:07:33,763][root][INFO] - Epoch: 21, loss: 5.1527
[2026-05-30 10:07:33,835][root][INFO] - Epoch: 22, loss: 5.1311
[2026-05-30 10:07:33,907][root][INFO] - Epoch: 23, loss: 5.1084
[2026-05-30 10:07:33,978][root][INFO] - Epoch: 24, loss: 5.0916
[2026-05-30 10:07:34,049][root][INFO] - Epoch: 25, loss: 5.0689
[2026-05-30 10:07:34,122][root][INFO] - Epoch: 26, loss: 5.0574
[2026-05-30 10:07:34,195][root][INFO] - Epoch: 27, loss: 5.0360
[2026-05-30 10:07:34,267][root][INFO] - Epoch: 28, loss: 5.0196
[2026-05-30 10:07:34,337][root][INFO] - Epoch: 29, loss: 5.0024
[2026-05-30 10:07:34,409][root][INFO] - Epoch: 30, loss: 4.9944
[2026-05-30 10:07:34,480][root][INFO] - Epoch: 31, loss: 4.9816
[2026-05-30 10:07:34,553][root][INFO] - Epoch: 32, loss: 4.9527
[2026-05-30 10:07:34,625][root][INFO] - Epoch: 33, loss: 4.9472
[2026-05-30 10:07:34,696][root][INFO] - Epoch: 34, loss: 4.9274
[2026-05-30 10:07:34,768][root][INFO] - Epoch: 35, loss: 4.9387
[2026-05-30 10:07:34,839][root][INFO] - Epoch: 36, loss: 4.9277
[2026-05-30 10:07:34,911][root][INFO] - Epoch: 37, loss: 4.8908
[2026-05-30 10:07:34,982][root][INFO] - Epoch: 38, loss: 4.8767
[2026-05-30 10:07:35,054][root][INFO] - Epoch: 39, loss: 4.8680
[2026-05-30 10:07:35,126][root][INFO] - Epoch: 40, loss: 4.8438
[2026-05-30 10:07:35,198][root][INFO] - Epoch: 41, loss: 4.8277
[2026-05-30 10:07:35,270][root][INFO] - Epoch: 42, loss: 4.8125
[2026-05-30 10:07:35,342][root][INFO] - Epoch: 43, loss: 4.7970
[2026-05-30 10:07:35,413][root][INFO] - Epoch: 44, loss: 4.7851
[2026-05-30 10:07:35,484][root][INFO] - Epoch: 45, loss: 4.7753
[2026-05-30 10:07:35,555][root][INFO] - Epoch: 46, loss: 4.7573
[2026-05-30 10:07:35,626][root][INFO] - Epoch: 47, loss: 4.7540
[2026-05-30 10:07:35,698][root][INFO] - Epoch: 48, loss: 4.7335
[2026-05-30 10:07:35,769][root][INFO] - Epoch: 49, loss: 4.7248
[2026-05-30 10:07:35,842][root][INFO] - Epoch: 50, loss: 4.7043
[2026-05-30 10:07:35,914][root][INFO] - Epoch: 51, loss: 4.6915
[2026-05-30 10:07:35,984][root][INFO] - Epoch: 52, loss: 4.6822
[2026-05-30 10:07:36,057][root][INFO] - Epoch: 53, loss: 4.6626
[2026-05-30 10:07:36,128][root][INFO] - Epoch: 54, loss: 4.6525
[2026-05-30 10:07:36,198][root][INFO] - Epoch: 55, loss: 4.6476
[2026-05-30 10:07:36,271][root][INFO] - Epoch: 56, loss: 4.6058
[2026-05-30 10:07:36,345][root][INFO] - Epoch: 57, loss: 4.6061
[2026-05-30 10:07:36,420][root][INFO] - Epoch: 58, loss: 4.5789
[2026-05-30 10:07:36,493][root][INFO] - Epoch: 59, loss: 4.5534
[2026-05-30 10:07:36,564][root][INFO] - Epoch: 60, loss: 4.5561
[2026-05-30 10:07:36,636][root][INFO] - Epoch: 61, loss: 4.5284
[2026-05-30 10:07:36,707][root][INFO] - Epoch: 62, loss: 4.5178
[2026-05-30 10:07:36,779][root][INFO] - Epoch: 63, loss: 4.4924
[2026-05-30 10:07:36,850][root][INFO] - Epoch: 64, loss: 4.4834
[2026-05-30 10:07:36,922][root][INFO] - Epoch: 65, loss: 4.4746
[2026-05-30 10:07:36,993][root][INFO] - Epoch: 66, loss: 4.4596
[2026-05-30 10:07:37,064][root][INFO] - Epoch: 67, loss: 4.4574
[2026-05-30 10:07:37,136][root][INFO] - Epoch: 68, loss: 4.4434
[2026-05-30 10:07:37,207][root][INFO] - Epoch: 69, loss: 4.4402
[2026-05-30 10:07:37,278][root][INFO] - Epoch: 70, loss: 4.4299
[2026-05-30 10:07:37,350][root][INFO] - Epoch: 71, loss: 4.4059
[2026-05-30 10:07:37,421][root][INFO] - Epoch: 72, loss: 4.3909
[2026-05-30 10:07:37,493][root][INFO] - Epoch: 73, loss: 4.3645
[2026-05-30 10:07:37,562][root][INFO] - Epoch: 74, loss: 4.3705
[2026-05-30 10:07:37,633][root][INFO] - Epoch: 75, loss: 4.3378
[2026-05-30 10:07:37,705][root][INFO] - Epoch: 76, loss: 4.3330
[2026-05-30 10:07:37,775][root][INFO] - Epoch: 77, loss: 4.3132
[2026-05-30 10:07:37,846][root][INFO] - Epoch: 78, loss: 4.3113
[2026-05-30 10:07:37,917][root][INFO] - Epoch: 79, loss: 4.2963
[2026-05-30 10:07:37,989][root][INFO] - Epoch: 80, loss: 4.2912
[2026-05-30 10:07:38,071][root][INFO] - Epoch: 81, loss: 4.2798
[2026-05-30 10:07:38,140][root][INFO] - Epoch: 82, loss: 4.2784
[2026-05-30 10:07:38,210][root][INFO] - Epoch: 83, loss: 4.2518
[2026-05-30 10:07:38,279][root][INFO] - Epoch: 84, loss: 4.2318
[2026-05-30 10:07:38,349][root][INFO] - Epoch: 85, loss: 4.1984
[2026-05-30 10:07:38,418][root][INFO] - Epoch: 86, loss: 4.1786
[2026-05-30 10:07:38,487][root][INFO] - Epoch: 87, loss: 4.1826
[2026-05-30 10:07:38,558][root][INFO] - Epoch: 88, loss: 4.1775
[2026-05-30 10:07:38,628][root][INFO] - Epoch: 89, loss: 4.1472
[2026-05-30 10:07:38,700][root][INFO] - Epoch: 90, loss: 4.1838
[2026-05-30 10:07:38,771][root][INFO] - Epoch: 91, loss: 4.1554
[2026-05-30 10:07:38,842][root][INFO] - Epoch: 92, loss: 4.1148
[2026-05-30 10:07:38,913][root][INFO] - Epoch: 93, loss: 4.1606
[2026-05-30 10:07:38,985][root][INFO] - Epoch: 94, loss: 4.0968
[2026-05-30 10:07:39,056][root][INFO] - Epoch: 95, loss: 4.0824
[2026-05-30 10:07:39,127][root][INFO] - Epoch: 96, loss: 4.1031
[2026-05-30 10:07:39,198][root][INFO] - Epoch: 97, loss: 4.0924
[2026-05-30 10:07:39,270][root][INFO] - Epoch: 98, loss: 4.0742
[2026-05-30 10:07:39,341][root][INFO] - Epoch: 99, loss: 4.0800
[2026-05-30 10:07:39,411][root][INFO] - Epoch: 100, loss: 4.0739
[2026-05-30 10:07:39,482][root][INFO] - Epoch: 101, loss: 4.0533
[2026-05-30 10:07:39,553][root][INFO] - Epoch: 102, loss: 4.0120
[2026-05-30 10:07:39,625][root][INFO] - Epoch: 103, loss: 4.0366
[2026-05-30 10:07:39,698][root][INFO] - Epoch: 104, loss: 4.0071
[2026-05-30 10:07:39,769][root][INFO] - Epoch: 105, loss: 4.0248
[2026-05-30 10:07:39,841][root][INFO] - Epoch: 106, loss: 3.9703
[2026-05-30 10:07:39,911][root][INFO] - Epoch: 107, loss: 3.9702
[2026-05-30 10:07:39,983][root][INFO] - Epoch: 108, loss: 3.9697
[2026-05-30 10:07:40,054][root][INFO] - Epoch: 109, loss: 3.9462
[2026-05-30 10:07:40,126][root][INFO] - Epoch: 110, loss: 3.9422
[2026-05-30 10:07:40,197][root][INFO] - Epoch: 111, loss: 3.9145
[2026-05-30 10:07:40,268][root][INFO] - Epoch: 112, loss: 3.9197
[2026-05-30 10:07:40,339][root][INFO] - Epoch: 113, loss: 3.9411
[2026-05-30 10:07:40,410][root][INFO] - Epoch: 114, loss: 3.8976
[2026-05-30 10:07:40,483][root][INFO] - Epoch: 115, loss: 3.9067
[2026-05-30 10:07:40,553][root][INFO] - Epoch: 116, loss: 3.8624
[2026-05-30 10:07:40,623][root][INFO] - Epoch: 117, loss: 3.8678
[2026-05-30 10:07:40,692][root][INFO] - Epoch: 118, loss: 3.8427
[2026-05-30 10:07:40,765][root][INFO] - Epoch: 119, loss: 3.8363
[2026-05-30 10:07:40,836][root][INFO] - Epoch: 120, loss: 3.8821
[2026-05-30 10:07:40,907][root][INFO] - Epoch: 121, loss: 3.8319
[2026-05-30 10:07:40,976][root][INFO] - Epoch: 122, loss: 3.8568
[2026-05-30 10:07:41,047][root][INFO] - Epoch: 123, loss: 3.8062
[2026-05-30 10:07:41,126][root][INFO] - Epoch: 124, loss: 3.7950
[2026-05-30 10:07:41,195][root][INFO] - Epoch: 125, loss: 3.7960
[2026-05-30 10:07:41,265][root][INFO] - Epoch: 126, loss: 3.7832
[2026-05-30 10:07:41,335][root][INFO] - Epoch: 127, loss: 3.7958
[2026-05-30 10:07:41,404][root][INFO] - Epoch: 128, loss: 3.7663
[2026-05-30 10:07:41,475][root][INFO] - Epoch: 129, loss: 3.7447
[2026-05-30 10:07:41,545][root][INFO] - Epoch: 130, loss: 3.7843
[2026-05-30 10:07:41,617][root][INFO] - Epoch: 131, loss: 3.7950
[2026-05-30 10:07:41,687][root][INFO] - Epoch: 132, loss: 3.7412
[2026-05-30 10:07:41,759][root][INFO] - Epoch: 133, loss: 3.7682
[2026-05-30 10:07:41,830][root][INFO] - Epoch: 134, loss: 3.7589
[2026-05-30 10:07:41,901][root][INFO] - Epoch: 135, loss: 3.7081
[2026-05-30 10:07:41,972][root][INFO] - Epoch: 136, loss: 3.7152
[2026-05-30 10:07:42,043][root][INFO] - Epoch: 137, loss: 3.7155
[2026-05-30 10:07:42,115][root][INFO] - Epoch: 138, loss: 3.7064
[2026-05-30 10:07:42,186][root][INFO] - Epoch: 139, loss: 3.7292
[2026-05-30 10:07:42,255][root][INFO] - Epoch: 140, loss: 3.7242
[2026-05-30 10:07:42,325][root][INFO] - Epoch: 141, loss: 3.7159
[2026-05-30 10:07:42,396][root][INFO] - Epoch: 142, loss: 3.7159
[2026-05-30 10:07:42,467][root][INFO] - Epoch: 143, loss: 3.6648
[2026-05-30 10:07:42,538][root][INFO] - Epoch: 144, loss: 3.6758
[2026-05-30 10:07:42,609][root][INFO] - Epoch: 145, loss: 3.6671
[2026-05-30 10:07:42,680][root][INFO] - Epoch: 146, loss: 3.6809
[2026-05-30 10:07:42,752][root][INFO] - Epoch: 147, loss: 3.6418
[2026-05-30 10:07:42,823][root][INFO] - Epoch: 148, loss: 3.6664
[2026-05-30 10:07:42,894][root][INFO] - Epoch: 149, loss: 3.6484
[2026-05-30 10:07:42,965][root][INFO] - Epoch: 150, loss: 3.6206
[2026-05-30 10:07:43,036][root][INFO] - Epoch: 151, loss: 3.6635
[2026-05-30 10:07:43,108][root][INFO] - Epoch: 152, loss: 3.6498
[2026-05-30 10:07:43,179][root][INFO] - Epoch: 153, loss: 3.6338
[2026-05-30 10:07:43,248][root][INFO] - Epoch: 154, loss: 3.5953
[2026-05-30 10:07:43,318][root][INFO] - Epoch: 155, loss: 3.5954
[2026-05-30 10:07:43,387][root][INFO] - Epoch: 156, loss: 3.6486
[2026-05-30 10:07:43,456][root][INFO] - Epoch: 157, loss: 3.6140
[2026-05-30 10:07:43,527][root][INFO] - Epoch: 158, loss: 3.6277
[2026-05-30 10:07:43,597][root][INFO] - Epoch: 159, loss: 3.6026
[2026-05-30 10:07:43,668][root][INFO] - Epoch: 160, loss: 3.5845
[2026-05-30 10:07:43,739][root][INFO] - Epoch: 161, loss: 3.5918
[2026-05-30 10:07:43,810][root][INFO] - Epoch: 162, loss: 3.5679
[2026-05-30 10:07:43,881][root][INFO] - Epoch: 163, loss: 3.5527
[2026-05-30 10:07:43,952][root][INFO] - Epoch: 164, loss: 3.5621
[2026-05-30 10:07:44,023][root][INFO] - Epoch: 165, loss: 3.5818
[2026-05-30 10:07:44,095][root][INFO] - Epoch: 166, loss: 3.5448
[2026-05-30 10:07:44,164][root][INFO] - Epoch: 167, loss: 3.5224
[2026-05-30 10:07:44,234][root][INFO] - Epoch: 168, loss: 3.5780
[2026-05-30 10:07:44,303][root][INFO] - Epoch: 169, loss: 3.5494
[2026-05-30 10:07:44,373][root][INFO] - Epoch: 170, loss: 3.5463
[2026-05-30 10:07:44,443][root][INFO] - Epoch: 171, loss: 3.5283
[2026-05-30 10:07:44,514][root][INFO] - Epoch: 172, loss: 3.5141
[2026-05-30 10:07:44,585][root][INFO] - Epoch: 173, loss: 3.5249
[2026-05-30 10:07:44,655][root][INFO] - Epoch: 174, loss: 3.5203
[2026-05-30 10:07:44,726][root][INFO] - Epoch: 175, loss: 3.5480
[2026-05-30 10:07:44,797][root][INFO] - Epoch: 176, loss: 3.4879
[2026-05-30 10:07:44,869][root][INFO] - Epoch: 177, loss: 3.5197
[2026-05-30 10:07:44,945][root][INFO] - Epoch: 178, loss: 3.5150
[2026-05-30 10:07:45,017][root][INFO] - Epoch: 179, loss: 3.4935
[2026-05-30 10:07:45,093][root][INFO] - Epoch: 180, loss: 3.4739
[2026-05-30 10:07:45,165][root][INFO] - Epoch: 181, loss: 3.4515
[2026-05-30 10:07:45,235][root][INFO] - Epoch: 182, loss: 3.4478
[2026-05-30 10:07:45,305][root][INFO] - Epoch: 183, loss: 3.5044
[2026-05-30 10:07:45,374][root][INFO] - Epoch: 184, loss: 3.4484
[2026-05-30 10:07:45,444][root][INFO] - Epoch: 185, loss: 3.3853
[2026-05-30 10:07:45,515][root][INFO] - Epoch: 186, loss: 3.4131
[2026-05-30 10:07:45,586][root][INFO] - Epoch: 187, loss: 3.4678
[2026-05-30 10:07:45,657][root][INFO] - Epoch: 188, loss: 3.4145
[2026-05-30 10:07:45,728][root][INFO] - Epoch: 189, loss: 3.3834
[2026-05-30 10:07:45,799][root][INFO] - Epoch: 190, loss: 3.3881
[2026-05-30 10:07:45,870][root][INFO] - Epoch: 191, loss: 3.3906
[2026-05-30 10:07:45,942][root][INFO] - Epoch: 192, loss: 3.4104
[2026-05-30 10:07:46,013][root][INFO] - Epoch: 193, loss: 3.4175
[2026-05-30 10:07:46,084][root][INFO] - Epoch: 194, loss: 3.4102
[2026-05-30 10:07:46,159][root][INFO] - Epoch: 195, loss: 3.3432
[2026-05-30 10:07:46,229][root][INFO] - Epoch: 196, loss: 3.3620
[2026-05-30 10:07:46,299][root][INFO] - Epoch: 197, loss: 3.3386
[2026-05-30 10:07:46,368][root][INFO] - Epoch: 198, loss: 3.3364
[2026-05-30 10:07:46,437][root][INFO] - Epoch: 199, loss: 3.3662
[2026-05-30 10:07:46,508][root][INFO] - Epoch: 200, loss: 3.3235
[2026-05-30 10:07:46,542][root][INFO] - {'model_loss': '3.3235', 'recon_loss': '0.0000', 'triplet_loss': '3.3235'}
[2026-05-30 10:07:46,546][root][INFO] - Generation 132/400 - Time: 0.00 seconds
[2026-05-30 10:07:46,546][root][INFO] - {'coverage': '100.00', 'max_fitness': '-12.30', 'passive_coverage': '33.79', 'passive_max_fitness': '-12.30', 'passive_mean_fitness': '-56.08', 'passive_qd_score': '29529.20', 'qd_score': '92004.98', 'mean_fitness_top_k': '-21.57'}
[2026-05-30 10:07:47,537][root][INFO] - Generation 133/400 - Time: 0.00 seconds
[2026-05-30 10:07:47,537][root][INFO] - {'coverage': '100.00', 'max_fitness': '-12.30', 'passive_coverage': '34.28', 'passive_max_fitness': '-12.30', 'passive_mean_fitness': '-56.33', 'passive_qd_score': '29867.61', 'qd_score': '92788.12', 'mean_fitness_top_k': '-22.69'}
[2026-05-30 10:07:48,650][root][INFO] - Generation 134/400 - Time: 0.00 seconds
[2026-05-30 10:07:48,651][root][INFO] - {'coverage': '100.00', 'max_fitness': '-12.30', 'passive_coverage': '34.28', 'passive_max_fitness': '-12.30', 'passive_mean_fitness': '-56.31', 'passive_qd_score': '29873.15', 'qd_score': '93525.26', 'mean_fitness_top_k': '-22.25'}
[2026-05-30 10:07:49,788][root][INFO] - Generation 135/400 - Time: 0.00 seconds
[2026-05-30 10:07:49,789][root][INFO] - {'coverage': '100.00', 'max_fitness': '-12.30', 'passive_coverage': '34.67', 'passive_max_fitness': '-12.30', 'passive_mean_fitness': '-56.52', 'passive_qd_score': '30139.01', 'qd_score': '94348.12', 'mean_fitness_top_k': '-21.18'}
[2026-05-30 10:07:50,925][root][INFO] - Generation 136/400 - Time: 0.00 seconds
[2026-05-30 10:07:50,926][root][INFO] - {'coverage': '100.00', 'max_fitness': '-12.30', 'passive_coverage': '34.77', 'passive_max_fitness': '-12.30', 'passive_mean_fitness': '-56.45', 'passive_qd_score': '30249.73', 'qd_score': '94587.38', 'mean_fitness_top_k': '-21.51'}
[2026-05-30 10:07:52,062][root][INFO] - Generation 137/400 - Time: 0.00 seconds
[2026-05-30 10:07:52,063][root][INFO] - {'coverage': '100.00', 'max_fitness': '-12.30', 'passive_coverage': '34.86', 'passive_max_fitness': '-12.30', 'passive_mean_fitness': '-56.45', 'passive_qd_score': '30335.74', 'qd_score': '95200.53', 'mean_fitness_top_k': '-21.48'}
[2026-05-30 10:07:53,220][root][INFO] - Generation 138/400 - Time: 0.00 seconds
[2026-05-30 10:07:53,221][root][INFO] - {'coverage': '100.00', 'max_fitness': '-12.30', 'passive_coverage': '35.06', 'passive_max_fitness': '-12.30', 'passive_mean_fitness': '-56.36', 'passive_qd_score': '30538.74', 'qd_score': '95595.93', 'mean_fitness_top_k': '-21.53'}
[2026-05-30 10:07:54,348][root][INFO] - Generation 139/400 - Time: 0.00 seconds
[2026-05-30 10:07:54,349][root][INFO] - {'coverage': '100.00', 'max_fitness': '-12.30', 'passive_coverage': '35.25', 'passive_max_fitness': '-12.30', 'passive_mean_fitness': '-56.41', 'passive_qd_score': '30688.05', 'qd_score': '95228.66', 'mean_fitness_top_k': '-21.34'}
[2026-05-30 10:07:55,484][root][INFO] - Generation 140/400 - Time: 0.00 seconds
[2026-05-30 10:07:55,485][root][INFO] - {'coverage': '100.00', 'max_fitness': '-12.30', 'passive_coverage': '35.74', 'passive_max_fitness': '-12.30', 'passive_mean_fitness': '-56.34', 'passive_qd_score': '31139.91', 'qd_score': '95705.78', 'mean_fitness_top_k': '-20.81'}
[2026-05-30 10:07:56,627][root][INFO] - Generation 141/400 - Time: 0.00 seconds
[2026-05-30 10:07:56,628][root][INFO] - {'coverage': '100.00', 'max_fitness': '-12.30', 'passive_coverage': '35.74', 'passive_max_fitness': '-12.30', 'passive_mean_fitness': '-56.34', 'passive_qd_score': '31140.12', 'qd_score': '96051.82', 'mean_fitness_top_k': '-20.83'}
[2026-05-30 10:07:57,768][root][INFO] - Generation 142/400 - Time: 0.00 seconds
[2026-05-30 10:07:57,769][root][INFO] - {'coverage': '100.00', 'max_fitness': '-12.30', 'passive_coverage': '35.84', 'passive_max_fitness': '-12.30', 'passive_mean_fitness': '-56.46', 'passive_qd_score': '31181.44', 'qd_score': '96295.26', 'mean_fitness_top_k': '-20.69'}
[2026-05-30 10:07:58,900][root][INFO] - Generation 143/400 - Time: 0.00 seconds
[2026-05-30 10:07:58,901][root][INFO] - {'coverage': '100.00', 'max_fitness': '-12.30', 'passive_coverage': '35.84', 'passive_max_fitness': '-12.30', 'passive_mean_fitness': '-56.45', 'passive_qd_score': '31183.50', 'qd_score': '96498.38', 'mean_fitness_top_k': '-20.37'}
[2026-05-30 10:08:00,054][root][INFO] - Generation 144/400 - Time: 0.00 seconds
[2026-05-30 10:08:00,055][root][INFO] - {'coverage': '100.00', 'max_fitness': '-12.30', 'passive_coverage': '36.04', 'passive_max_fitness': '-12.30', 'passive_mean_fitness': '-56.52', 'passive_qd_score': '31328.42', 'qd_score': '97056.59', 'mean_fitness_top_k': '-20.18'}
[2026-05-30 10:08:01,193][root][INFO] - Generation 145/400 - Time: 0.00 seconds
[2026-05-30 10:08:01,194][root][INFO] - {'coverage': '100.00', 'max_fitness': '-12.30', 'passive_coverage': '36.04', 'passive_max_fitness': '-12.30', 'passive_mean_fitness': '-56.51', 'passive_qd_score': '31332.68', 'qd_score': '97083.98', 'mean_fitness_top_k': '-19.79'}
[2026-05-30 10:08:02,334][root][INFO] - Generation 146/400 - Time: 0.00 seconds
[2026-05-30 10:08:02,334][root][INFO] - {'coverage': '100.00', 'max_fitness': '-12.30', 'passive_coverage': '36.13', 'passive_max_fitness': '-12.30', 'passive_mean_fitness': '-56.49', 'passive_qd_score': '31422.99', 'qd_score': '97032.67', 'mean_fitness_top_k': '-19.88'}
[2026-05-30 10:08:03,471][root][INFO] - Generation 147/400 - Time: 0.00 seconds
[2026-05-30 10:08:03,472][root][INFO] - {'coverage': '100.00', 'max_fitness': '-12.30', 'passive_coverage': '36.13', 'passive_max_fitness': '-12.30', 'passive_mean_fitness': '-56.49', 'passive_qd_score': '31423.18', 'qd_score': '97550.22', 'mean_fitness_top_k': '-19.69'}
[2026-05-30 10:08:04,618][root][INFO] - Generation 148/400 - Time: 0.00 seconds
[2026-05-30 10:08:04,619][root][INFO] - {'coverage': '100.00', 'max_fitness': '-12.30', 'passive_coverage': '36.23', 'passive_max_fitness': '-12.30', 'passive_mean_fitness': '-56.42', 'passive_qd_score': '31536.51', 'qd_score': '97425.55', 'mean_fitness_top_k': '-19.31'}
[2026-05-30 10:08:05,762][root][INFO] - Generation 149/400 - Time: 0.00 seconds
[2026-05-30 10:08:05,763][root][INFO] - {'coverage': '100.00', 'max_fitness': '-7.79', 'passive_coverage': '36.43', 'passive_max_fitness': '-7.79', 'passive_mean_fitness': '-56.27', 'passive_qd_score': '31763.29', 'qd_score': '96989.27', 'mean_fitness_top_k': '-19.77'}
[2026-05-30 10:08:06,895][root][INFO] - Extinction event...
[2026-05-30 10:08:06,895][root][INFO] - Saving snapshot to runs/20260530_100147_kheperax_seed20/plots/latent_generation_750_before_ext.png
[2026-05-30 10:08:08,818][root][INFO] - Saving snapshot to runs/20260530_100147_kheperax_seed20/plots/latent_generation_750_after_ext.png
[2026-05-30 10:08:09,586][root][INFO] - Generation 150/400 - Time: 0.00 seconds
[2026-05-30 10:08:09,587][root][INFO] - {'coverage': '100.00', 'max_fitness': '-7.79', 'passive_coverage': '36.52', 'passive_max_fitness': '-7.79', 'passive_mean_fitness': '-56.20', 'passive_qd_score': '31871.27', 'qd_score': '97348.16', 'mean_fitness_top_k': '-19.53'}
[2026-05-30 10:08:10,719][root][INFO] - Generation 151/400 - Time: 0.00 seconds
[2026-05-30 10:08:10,720][root][INFO] - {'coverage': '100.00', 'max_fitness': '-7.79', 'passive_coverage': '37.40', 'passive_max_fitness': '-7.79', 'passive_mean_fitness': '-56.71', 'passive_qd_score': '32444.85', 'qd_score': '83650.85', 'mean_fitness_top_k': '-33.67'}
[2026-05-30 10:08:11,857][root][INFO] - Generation 152/400 - Time: 0.00 seconds
[2026-05-30 10:08:11,858][root][INFO] - {'coverage': '100.00', 'max_fitness': '-7.79', 'passive_coverage': '37.60', 'passive_max_fitness': '-7.79', 'passive_mean_fitness': '-56.68', 'passive_qd_score': '32626.38', 'qd_score': '87304.20', 'mean_fitness_top_k': '-30.77'}
[2026-05-30 10:08:12,977][root][INFO] - Generation 153/400 - Time: 0.00 seconds
[2026-05-30 10:08:12,978][root][INFO] - {'coverage': '100.00', 'max_fitness': '-7.79', 'passive_coverage': '37.70', 'passive_max_fitness': '-7.79', 'passive_mean_fitness': '-56.62', 'passive_qd_score': '32734.66', 'qd_score': '89876.25', 'mean_fitness_top_k': '-28.82'}
[2026-05-30 10:08:14,128][root][INFO] - Generation 154/400 - Time: 0.00 seconds
[2026-05-30 10:08:14,129][root][INFO] - {'coverage': '100.00', 'max_fitness': '-6.06', 'passive_coverage': '37.70', 'passive_max_fitness': '-6.06', 'passive_mean_fitness': '-56.60', 'passive_qd_score': '32741.14', 'qd_score': '91180.46', 'mean_fitness_top_k': '-27.14'}
[2026-05-30 10:08:15,274][root][INFO] - Generation 155/400 - Time: 0.00 seconds
[2026-05-30 10:08:15,275][root][INFO] - {'coverage': '100.00', 'max_fitness': '-6.06', 'passive_coverage': '37.89', 'passive_max_fitness': '-6.06', 'passive_mean_fitness': '-56.57', 'passive_qd_score': '32921.39', 'qd_score': '91757.02', 'mean_fitness_top_k': '-26.36'}
[2026-05-30 10:08:15,277][root][INFO] - Saving snapshot to runs/20260530_100147_kheperax_seed20/plots/latent_generation_775_5_gens_after_ext_gen750.png
[2026-05-30 10:08:17,350][root][INFO] - Updating AE...
[2026-05-30 10:08:18,096][root][INFO] - Epoch: 1, loss: 132.8792
[2026-05-30 10:08:18,166][root][INFO] - Epoch: 2, loss: 125.7000
[2026-05-30 10:08:18,236][root][INFO] - Epoch: 3, loss: 124.1639
[2026-05-30 10:08:18,304][root][INFO] - Epoch: 4, loss: 121.7875
[2026-05-30 10:08:18,374][root][INFO] - Epoch: 5, loss: 120.4414
[2026-05-30 10:08:18,444][root][INFO] - Epoch: 6, loss: 118.8222
[2026-05-30 10:08:18,514][root][INFO] - Epoch: 7, loss: 117.9779
[2026-05-30 10:08:18,585][root][INFO] - Epoch: 8, loss: 117.4446
[2026-05-30 10:08:18,657][root][INFO] - Epoch: 9, loss: 115.1385
[2026-05-30 10:08:18,729][root][INFO] - Epoch: 10, loss: 114.0849
[2026-05-30 10:08:18,800][root][INFO] - Epoch: 11, loss: 112.4713
[2026-05-30 10:08:18,871][root][INFO] - Epoch: 12, loss: 112.1962
[2026-05-30 10:08:18,943][root][INFO] - Epoch: 13, loss: 110.8316
[2026-05-30 10:08:19,013][root][INFO] - Epoch: 14, loss: 110.7351
[2026-05-30 10:08:19,084][root][INFO] - Epoch: 15, loss: 110.6644
[2026-05-30 10:08:19,154][root][INFO] - Epoch: 16, loss: 108.4906
[2026-05-30 10:08:19,224][root][INFO] - Epoch: 17, loss: 108.0183
[2026-05-30 10:08:19,294][root][INFO] - Epoch: 18, loss: 107.6133
[2026-05-30 10:08:19,364][root][INFO] - Epoch: 19, loss: 108.0715
[2026-05-30 10:08:19,435][root][INFO] - Epoch: 20, loss: 107.5278
[2026-05-30 10:08:19,506][root][INFO] - Epoch: 21, loss: 106.2254
[2026-05-30 10:08:19,577][root][INFO] - Epoch: 22, loss: 106.3451
[2026-05-30 10:08:19,647][root][INFO] - Epoch: 23, loss: 106.2303
[2026-05-30 10:08:19,717][root][INFO] - Epoch: 24, loss: 104.8262
[2026-05-30 10:08:19,786][root][INFO] - Epoch: 25, loss: 104.6437
[2026-05-30 10:08:19,858][root][INFO] - Epoch: 26, loss: 105.0907
[2026-05-30 10:08:19,929][root][INFO] - Epoch: 27, loss: 103.8464
[2026-05-30 10:08:20,000][root][INFO] - Epoch: 28, loss: 101.5911
[2026-05-30 10:08:20,072][root][INFO] - Epoch: 29, loss: 102.9895
[2026-05-30 10:08:20,143][root][INFO] - Epoch: 30, loss: 100.8634
[2026-05-30 10:08:20,214][root][INFO] - Epoch: 31, loss: 102.2876
[2026-05-30 10:08:20,285][root][INFO] - Epoch: 32, loss: 104.0205
[2026-05-30 10:08:20,357][root][INFO] - Epoch: 33, loss: 101.7998
[2026-05-30 10:08:20,429][root][INFO] - Epoch: 34, loss: 100.1733
[2026-05-30 10:08:20,500][root][INFO] - Epoch: 35, loss: 97.9898
[2026-05-30 10:08:20,571][root][INFO] - Epoch: 36, loss: 99.2056
[2026-05-30 10:08:20,643][root][INFO] - Epoch: 37, loss: 98.3723
[2026-05-30 10:08:20,713][root][INFO] - Epoch: 38, loss: 96.8326
[2026-05-30 10:08:20,785][root][INFO] - Epoch: 39, loss: 95.9938
[2026-05-30 10:08:20,858][root][INFO] - Epoch: 40, loss: 94.9811
[2026-05-30 10:08:20,929][root][INFO] - Epoch: 41, loss: 96.4520
[2026-05-30 10:08:21,000][root][INFO] - Epoch: 42, loss: 96.6987
[2026-05-30 10:08:21,071][root][INFO] - Epoch: 43, loss: 97.3967
[2026-05-30 10:08:21,142][root][INFO] - Epoch: 44, loss: 103.5744
[2026-05-30 10:08:21,213][root][INFO] - Epoch: 45, loss: 101.0464
[2026-05-30 10:08:21,285][root][INFO] - Epoch: 46, loss: 97.5811
[2026-05-30 10:08:21,355][root][INFO] - Epoch: 47, loss: 96.5047
[2026-05-30 10:08:21,427][root][INFO] - Epoch: 48, loss: 94.0135
[2026-05-30 10:08:21,498][root][INFO] - Epoch: 49, loss: 91.9716
[2026-05-30 10:08:21,569][root][INFO] - Epoch: 50, loss: 90.9838
[2026-05-30 10:08:21,640][root][INFO] - Epoch: 51, loss: 90.4220
[2026-05-30 10:08:21,711][root][INFO] - Epoch: 52, loss: 89.6640
[2026-05-30 10:08:21,781][root][INFO] - Epoch: 53, loss: 89.3298
[2026-05-30 10:08:21,854][root][INFO] - Epoch: 54, loss: 89.7737
[2026-05-30 10:08:21,926][root][INFO] - Epoch: 55, loss: 89.0644
[2026-05-30 10:08:21,995][root][INFO] - Epoch: 56, loss: 89.1510
[2026-05-30 10:08:22,064][root][INFO] - Epoch: 57, loss: 88.8852
[2026-05-30 10:08:22,135][root][INFO] - Epoch: 58, loss: 88.8885
[2026-05-30 10:08:22,204][root][INFO] - Epoch: 59, loss: 88.8177
[2026-05-30 10:08:22,274][root][INFO] - Epoch: 60, loss: 89.0858
[2026-05-30 10:08:22,344][root][INFO] - Epoch: 61, loss: 87.8788
[2026-05-30 10:08:22,414][root][INFO] - Epoch: 62, loss: 86.5396
[2026-05-30 10:08:22,485][root][INFO] - Epoch: 63, loss: 86.4148
[2026-05-30 10:08:22,556][root][INFO] - Epoch: 64, loss: 90.7513
[2026-05-30 10:08:22,628][root][INFO] - Epoch: 65, loss: 87.6732
[2026-05-30 10:08:22,698][root][INFO] - Epoch: 66, loss: 88.0745
[2026-05-30 10:08:22,767][root][INFO] - Epoch: 67, loss: 87.3471
[2026-05-30 10:08:22,838][root][INFO] - Epoch: 68, loss: 87.7778
[2026-05-30 10:08:22,908][root][INFO] - Epoch: 69, loss: 89.4943
[2026-05-30 10:08:22,979][root][INFO] - Epoch: 70, loss: 87.0450
[2026-05-30 10:08:23,050][root][INFO] - Epoch: 71, loss: 88.4088
[2026-05-30 10:08:23,123][root][INFO] - Epoch: 72, loss: 87.0519
[2026-05-30 10:08:23,193][root][INFO] - Epoch: 73, loss: 85.1697
[2026-05-30 10:08:23,264][root][INFO] - Epoch: 74, loss: 83.2572
[2026-05-30 10:08:23,333][root][INFO] - Epoch: 75, loss: 86.8331
[2026-05-30 10:08:23,402][root][INFO] - Epoch: 76, loss: 92.9917
[2026-05-30 10:08:23,471][root][INFO] - Epoch: 77, loss: 92.2485
[2026-05-30 10:08:23,541][root][INFO] - Epoch: 78, loss: 89.8330
[2026-05-30 10:08:23,613][root][INFO] - Epoch: 79, loss: 87.3063
[2026-05-30 10:08:23,684][root][INFO] - Epoch: 80, loss: 87.7078
[2026-05-30 10:08:23,754][root][INFO] - Epoch: 81, loss: 85.4620
[2026-05-30 10:08:23,826][root][INFO] - Epoch: 82, loss: 84.2080
[2026-05-30 10:08:23,897][root][INFO] - Epoch: 83, loss: 82.9373
[2026-05-30 10:08:23,967][root][INFO] - Epoch: 84, loss: 82.4130
[2026-05-30 10:08:24,038][root][INFO] - Epoch: 85, loss: 83.0111
[2026-05-30 10:08:24,109][root][INFO] - Epoch: 86, loss: 83.2607
[2026-05-30 10:08:24,179][root][INFO] - Epoch: 87, loss: 82.3341
[2026-05-30 10:08:24,249][root][INFO] - Epoch: 88, loss: 81.2992
[2026-05-30 10:08:24,319][root][INFO] - Epoch: 89, loss: 81.8395
[2026-05-30 10:08:24,388][root][INFO] - Epoch: 90, loss: 83.2552
[2026-05-30 10:08:24,458][root][INFO] - Epoch: 91, loss: 83.3257
[2026-05-30 10:08:24,529][root][INFO] - Epoch: 92, loss: 84.3502
[2026-05-30 10:08:24,600][root][INFO] - Epoch: 93, loss: 81.4511
[2026-05-30 10:08:24,672][root][INFO] - Epoch: 94, loss: 80.2105
[2026-05-30 10:08:24,743][root][INFO] - Epoch: 95, loss: 82.5755
[2026-05-30 10:08:24,815][root][INFO] - Epoch: 96, loss: 81.6276
[2026-05-30 10:08:24,886][root][INFO] - Epoch: 97, loss: 81.6349
[2026-05-30 10:08:24,957][root][INFO] - Epoch: 98, loss: 80.6127
[2026-05-30 10:08:25,029][root][INFO] - Epoch: 99, loss: 81.4237
[2026-05-30 10:08:25,100][root][INFO] - Epoch: 100, loss: 80.7335
[2026-05-30 10:08:25,171][root][INFO] - Epoch: 101, loss: 79.8878
[2026-05-30 10:08:25,242][root][INFO] - Epoch: 102, loss: 79.2529
[2026-05-30 10:08:25,314][root][INFO] - Epoch: 103, loss: 79.2163
[2026-05-30 10:08:25,386][root][INFO] - Epoch: 104, loss: 79.5776
[2026-05-30 10:08:25,455][root][INFO] - Epoch: 105, loss: 79.1054
[2026-05-30 10:08:25,526][root][INFO] - Epoch: 106, loss: 78.1252
[2026-05-30 10:08:25,596][root][INFO] - Epoch: 107, loss: 78.5690
[2026-05-30 10:08:25,669][root][INFO] - Epoch: 108, loss: 78.0929
[2026-05-30 10:08:25,749][root][INFO] - Epoch: 109, loss: 77.9117
[2026-05-30 10:08:25,826][root][INFO] - Epoch: 110, loss: 78.5194
[2026-05-30 10:08:25,919][root][INFO] - Epoch: 111, loss: 79.1078
[2026-05-30 10:08:25,994][root][INFO] - Epoch: 112, loss: 79.5912
[2026-05-30 10:08:26,066][root][INFO] - Epoch: 113, loss: 80.3600
[2026-05-30 10:08:26,150][root][INFO] - Epoch: 114, loss: 78.5427
[2026-05-30 10:08:26,221][root][INFO] - Epoch: 115, loss: 78.1325
[2026-05-30 10:08:26,291][root][INFO] - Epoch: 116, loss: 76.0232
[2026-05-30 10:08:26,362][root][INFO] - Epoch: 117, loss: 75.7804
[2026-05-30 10:08:26,431][root][INFO] - Epoch: 118, loss: 74.5808
[2026-05-30 10:08:26,501][root][INFO] - Epoch: 119, loss: 75.3234
[2026-05-30 10:08:26,572][root][INFO] - Epoch: 120, loss: 75.0164
[2026-05-30 10:08:26,643][root][INFO] - Epoch: 121, loss: 74.7252
[2026-05-30 10:08:26,713][root][INFO] - Epoch: 122, loss: 73.3501
[2026-05-30 10:08:26,786][root][INFO] - Epoch: 123, loss: 74.7873
[2026-05-30 10:08:26,857][root][INFO] - Epoch: 124, loss: 73.9257
[2026-05-30 10:08:26,928][root][INFO] - Epoch: 125, loss: 77.8927
[2026-05-30 10:08:26,999][root][INFO] - Epoch: 126, loss: 78.5871
[2026-05-30 10:08:27,070][root][INFO] - Epoch: 127, loss: 84.0854
[2026-05-30 10:08:27,141][root][INFO] - Epoch: 128, loss: 84.6767
[2026-05-30 10:08:27,212][root][INFO] - Epoch: 129, loss: 81.0028
[2026-05-30 10:08:27,284][root][INFO] - Epoch: 130, loss: 78.2920
[2026-05-30 10:08:27,355][root][INFO] - Epoch: 131, loss: 81.0825
[2026-05-30 10:08:27,425][root][INFO] - Epoch: 132, loss: 80.0197
[2026-05-30 10:08:27,496][root][INFO] - Epoch: 133, loss: 75.8516
[2026-05-30 10:08:27,497][root][INFO] - Early stopping at epoch: 132
[2026-05-30 10:08:27,551][root][INFO] - {'model_loss': '75.8516', 'recon_loss': '0.0000', 'triplet_loss': '75.8516'}
[2026-05-30 10:08:27,556][root][INFO] - Updating AE...
[2026-05-30 10:08:28,326][root][INFO] - Epoch: 1, loss: 57.9303
[2026-05-30 10:08:28,396][root][INFO] - Epoch: 2, loss: 52.8079
[2026-05-30 10:08:28,466][root][INFO] - Epoch: 3, loss: 51.2651
[2026-05-30 10:08:28,536][root][INFO] - Epoch: 4, loss: 49.0254
[2026-05-30 10:08:28,606][root][INFO] - Epoch: 5, loss: 47.4785
[2026-05-30 10:08:28,677][root][INFO] - Epoch: 6, loss: 46.1872
[2026-05-30 10:08:28,748][root][INFO] - Epoch: 7, loss: 44.5029
[2026-05-30 10:08:28,819][root][INFO] - Epoch: 8, loss: 43.7949
[2026-05-30 10:08:28,890][root][INFO] - Epoch: 9, loss: 42.9880
[2026-05-30 10:08:28,962][root][INFO] - Epoch: 10, loss: 42.3589
[2026-05-30 10:08:29,033][root][INFO] - Epoch: 11, loss: 42.9971
[2026-05-30 10:08:29,105][root][INFO] - Epoch: 12, loss: 45.2496
[2026-05-30 10:08:29,175][root][INFO] - Epoch: 13, loss: 44.8533
[2026-05-30 10:08:29,246][root][INFO] - Epoch: 14, loss: 43.9377
[2026-05-30 10:08:29,316][root][INFO] - Epoch: 15, loss: 42.5889
[2026-05-30 10:08:29,388][root][INFO] - Epoch: 16, loss: 41.9484
[2026-05-30 10:08:29,459][root][INFO] - Epoch: 17, loss: 40.9403
[2026-05-30 10:08:29,529][root][INFO] - Epoch: 18, loss: 40.9909
[2026-05-30 10:08:29,600][root][INFO] - Epoch: 19, loss: 40.1306
[2026-05-30 10:08:29,672][root][INFO] - Epoch: 20, loss: 39.5799
[2026-05-30 10:08:29,743][root][INFO] - Epoch: 21, loss: 38.6269
[2026-05-30 10:08:29,814][root][INFO] - Epoch: 22, loss: 38.2708
[2026-05-30 10:08:29,885][root][INFO] - Epoch: 23, loss: 37.8546
[2026-05-30 10:08:29,957][root][INFO] - Epoch: 24, loss: 37.3659
[2026-05-30 10:08:30,029][root][INFO] - Epoch: 25, loss: 36.8659
[2026-05-30 10:08:30,100][root][INFO] - Epoch: 26, loss: 36.5392
[2026-05-30 10:08:30,171][root][INFO] - Epoch: 27, loss: 36.4554
[2026-05-30 10:08:30,241][root][INFO] - Epoch: 28, loss: 36.0038
[2026-05-30 10:08:30,312][root][INFO] - Epoch: 29, loss: 35.2110
[2026-05-30 10:08:30,384][root][INFO] - Epoch: 30, loss: 35.3308
[2026-05-30 10:08:30,455][root][INFO] - Epoch: 31, loss: 34.9929
[2026-05-30 10:08:30,526][root][INFO] - Epoch: 32, loss: 35.3222
[2026-05-30 10:08:30,598][root][INFO] - Epoch: 33, loss: 35.3243
[2026-05-30 10:08:30,669][root][INFO] - Epoch: 34, loss: 34.8181
[2026-05-30 10:08:30,740][root][INFO] - Epoch: 35, loss: 34.9344
[2026-05-30 10:08:30,811][root][INFO] - Epoch: 36, loss: 33.6814
[2026-05-30 10:08:30,882][root][INFO] - Epoch: 37, loss: 33.8182
[2026-05-30 10:08:30,953][root][INFO] - Epoch: 38, loss: 34.0158
[2026-05-30 10:08:31,025][root][INFO] - Epoch: 39, loss: 33.9317
[2026-05-30 10:08:31,096][root][INFO] - Epoch: 40, loss: 33.2393
[2026-05-30 10:08:31,167][root][INFO] - Epoch: 41, loss: 33.5092
[2026-05-30 10:08:31,237][root][INFO] - Epoch: 42, loss: 33.1388
[2026-05-30 10:08:31,307][root][INFO] - Epoch: 43, loss: 33.5637
[2026-05-30 10:08:31,378][root][INFO] - Epoch: 44, loss: 32.7769
[2026-05-30 10:08:31,449][root][INFO] - Epoch: 45, loss: 32.4979
[2026-05-30 10:08:31,518][root][INFO] - Epoch: 46, loss: 32.6789
[2026-05-30 10:08:31,589][root][INFO] - Epoch: 47, loss: 32.0824
[2026-05-30 10:08:31,659][root][INFO] - Epoch: 48, loss: 31.7448
[2026-05-30 10:08:31,730][root][INFO] - Epoch: 49, loss: 31.6543
[2026-05-30 10:08:31,800][root][INFO] - Epoch: 50, loss: 31.4320
[2026-05-30 10:08:31,872][root][INFO] - Epoch: 51, loss: 31.0369
[2026-05-30 10:08:31,943][root][INFO] - Epoch: 52, loss: 31.2389
[2026-05-30 10:08:32,013][root][INFO] - Epoch: 53, loss: 32.2204
[2026-05-30 10:08:32,084][root][INFO] - Epoch: 54, loss: 31.6074
[2026-05-30 10:08:32,155][root][INFO] - Epoch: 55, loss: 31.3484
[2026-05-30 10:08:32,225][root][INFO] - Epoch: 56, loss: 30.7402
[2026-05-30 10:08:32,294][root][INFO] - Epoch: 57, loss: 30.9870
[2026-05-30 10:08:32,364][root][INFO] - Epoch: 58, loss: 30.8368
[2026-05-30 10:08:32,434][root][INFO] - Epoch: 59, loss: 30.0480
[2026-05-30 10:08:32,506][root][INFO] - Epoch: 60, loss: 30.5228
[2026-05-30 10:08:32,576][root][INFO] - Epoch: 61, loss: 31.4425
[2026-05-30 10:08:32,790][root][INFO] - Epoch: 62, loss: 30.8473
[2026-05-30 10:08:32,877][root][INFO] - Epoch: 63, loss: 29.9436
[2026-05-30 10:08:32,960][root][INFO] - Epoch: 64, loss: 31.1843
[2026-05-30 10:08:33,035][root][INFO] - Epoch: 65, loss: 29.8118
[2026-05-30 10:08:33,137][root][INFO] - Epoch: 66, loss: 29.8413
[2026-05-30 10:08:33,207][root][INFO] - Epoch: 67, loss: 29.6086
[2026-05-30 10:08:33,274][root][INFO] - Epoch: 68, loss: 29.2269
[2026-05-30 10:08:33,340][root][INFO] - Epoch: 69, loss: 28.9762
[2026-05-30 10:08:33,405][root][INFO] - Epoch: 70, loss: 29.1060
[2026-05-30 10:08:33,470][root][INFO] - Epoch: 71, loss: 29.2428
[2026-05-30 10:08:33,535][root][INFO] - Epoch: 72, loss: 28.5958
[2026-05-30 10:08:33,601][root][INFO] - Epoch: 73, loss: 28.9014
[2026-05-30 10:08:33,668][root][INFO] - Epoch: 74, loss: 29.2341
[2026-05-30 10:08:33,738][root][INFO] - Epoch: 75, loss: 29.0914
[2026-05-30 10:08:33,806][root][INFO] - Epoch: 76, loss: 30.4664
[2026-05-30 10:08:33,873][root][INFO] - Epoch: 77, loss: 28.7307
[2026-05-30 10:08:33,938][root][INFO] - Epoch: 78, loss: 31.5885
[2026-05-30 10:08:34,002][root][INFO] - Epoch: 79, loss: 31.1831
[2026-05-30 10:08:34,067][root][INFO] - Epoch: 80, loss: 29.6023
[2026-05-30 10:08:34,139][root][INFO] - Epoch: 81, loss: 29.6548
[2026-05-30 10:08:34,214][root][INFO] - Epoch: 82, loss: 29.4992
[2026-05-30 10:08:34,290][root][INFO] - Epoch: 83, loss: 29.6233
[2026-05-30 10:08:34,291][root][INFO] - Early stopping at epoch: 82
[2026-05-30 10:08:34,342][root][INFO] - {'model_loss': '29.6233', 'recon_loss': '0.0000', 'triplet_loss': '29.6233'}
[2026-05-30 10:08:34,346][root][INFO] - Generation 156/400 - Time: 0.00 seconds
[2026-05-30 10:08:34,348][root][INFO] - {'coverage': '100.00', 'max_fitness': '0.00', 'passive_coverage': '38.28', 'passive_max_fitness': '0.00', 'passive_mean_fitness': '-56.54', 'passive_qd_score': '33274.31', 'qd_score': '92432.48', 'mean_fitness_top_k': '-25.07'}
[2026-05-30 10:08:35,546][root][INFO] - Generation 157/400 - Time: 0.00 seconds
[2026-05-30 10:08:35,547][root][INFO] - {'coverage': '100.00', 'max_fitness': '0.00', 'passive_coverage': '38.77', 'passive_max_fitness': '0.00', 'passive_mean_fitness': '-56.65', 'passive_qd_score': '33655.07', 'qd_score': '91329.58', 'mean_fitness_top_k': '-24.00'}
[2026-05-30 10:08:36,736][root][INFO] - Generation 158/400 - Time: 0.00 seconds
[2026-05-30 10:08:36,737][root][INFO] - {'coverage': '100.00', 'max_fitness': '0.00', 'passive_coverage': '39.45', 'passive_max_fitness': '0.00', 'passive_mean_fitness': '-56.98', 'passive_qd_score': '34116.11', 'qd_score': '91128.20', 'mean_fitness_top_k': '-23.42'}
[2026-05-30 10:08:37,916][root][INFO] - Generation 159/400 - Time: 0.00 seconds
[2026-05-30 10:08:37,917][root][INFO] - {'coverage': '100.00', 'max_fitness': '0.00', 'passive_coverage': '39.65', 'passive_max_fitness': '0.00', 'passive_mean_fitness': '-56.99', 'passive_qd_score': '34277.36', 'qd_score': '91114.11', 'mean_fitness_top_k': '-23.00'}
[2026-05-30 10:08:39,084][root][INFO] - Generation 160/400 - Time: 0.00 seconds
[2026-05-30 10:08:39,085][root][INFO] - {'coverage': '100.00', 'max_fitness': '0.00', 'passive_coverage': '39.84', 'passive_max_fitness': '0.00', 'passive_mean_fitness': '-56.86', 'passive_qd_score': '34503.07', 'qd_score': '91479.42', 'mean_fitness_top_k': '-21.72'}
[2026-05-30 10:08:40,274][root][INFO] - Generation 161/400 - Time: 0.00 seconds
[2026-05-30 10:08:40,275][root][INFO] - {'coverage': '100.00', 'max_fitness': '0.00', 'passive_coverage': '39.94', 'passive_max_fitness': '0.00', 'passive_mean_fitness': '-56.94', 'passive_qd_score': '34553.34', 'qd_score': '91563.47', 'mean_fitness_top_k': '-21.51'}
[2026-05-30 10:08:41,456][root][INFO] - Generation 162/400 - Time: 0.00 seconds
[2026-05-30 10:08:41,456][root][INFO] - {'coverage': '100.00', 'max_fitness': '0.00', 'passive_coverage': '39.94', 'passive_max_fitness': '0.00', 'passive_mean_fitness': '-56.94', 'passive_qd_score': '34554.54', 'qd_score': '91149.89', 'mean_fitness_top_k': '-21.12'}
[2026-05-30 10:08:42,648][root][INFO] - Generation 163/400 - Time: 0.00 seconds
[2026-05-30 10:08:42,648][root][INFO] - {'coverage': '100.00', 'max_fitness': '0.00', 'passive_coverage': '40.04', 'passive_max_fitness': '0.00', 'passive_mean_fitness': '-57.03', 'passive_qd_score': '34601.21', 'qd_score': '90690.25', 'mean_fitness_top_k': '-21.05'}
[2026-05-30 10:08:43,836][root][INFO] - Generation 164/400 - Time: 0.00 seconds
[2026-05-30 10:08:43,838][root][INFO] - {'coverage': '100.00', 'max_fitness': '0.00', 'passive_coverage': '40.04', 'passive_max_fitness': '0.00', 'passive_mean_fitness': '-57.03', 'passive_qd_score': '34602.51', 'qd_score': '90286.55', 'mean_fitness_top_k': '-21.08'}
[2026-05-30 10:08:45,015][root][INFO] - Generation 165/400 - Time: 0.00 seconds
[2026-05-30 10:08:45,015][root][INFO] - {'coverage': '100.00', 'max_fitness': '0.00', 'passive_coverage': '40.04', 'passive_max_fitness': '0.00', 'passive_mean_fitness': '-57.02', 'passive_qd_score': '34603.71', 'qd_score': '90488.11', 'mean_fitness_top_k': '-21.09'}
[2026-05-30 10:08:46,185][root][INFO] - Generation 166/400 - Time: 0.00 seconds
[2026-05-30 10:08:46,186][root][INFO] - {'coverage': '100.00', 'max_fitness': '0.00', 'passive_coverage': '40.14', 'passive_max_fitness': '0.00', 'passive_mean_fitness': '-56.92', 'passive_qd_score': '34732.00', 'qd_score': '90804.30', 'mean_fitness_top_k': '-20.63'}
[2026-05-30 10:08:47,372][root][INFO] - Generation 167/400 - Time: 0.00 seconds
[2026-05-30 10:08:47,373][root][INFO] - {'coverage': '100.00', 'max_fitness': '0.00', 'passive_coverage': '40.33', 'passive_max_fitness': '0.00', 'passive_mean_fitness': '-56.97', 'passive_qd_score': '34879.05', 'qd_score': '91239.71', 'mean_fitness_top_k': '-20.41'}
[2026-05-30 10:08:48,539][root][INFO] - Generation 168/400 - Time: 0.00 seconds
[2026-05-30 10:08:48,540][root][INFO] - {'coverage': '100.00', 'max_fitness': '0.00', 'passive_coverage': '40.43', 'passive_max_fitness': '0.00', 'passive_mean_fitness': '-56.96', 'passive_qd_score': '34966.98', 'qd_score': '91131.58', 'mean_fitness_top_k': '-20.57'}
[2026-05-30 10:08:49,707][root][INFO] - Generation 169/400 - Time: 0.00 seconds
[2026-05-30 10:08:49,708][root][INFO] - {'coverage': '100.00', 'max_fitness': '0.00', 'passive_coverage': '40.62', 'passive_max_fitness': '0.00', 'passive_mean_fitness': '-57.14', 'passive_qd_score': '35061.04', 'qd_score': '91302.70', 'mean_fitness_top_k': '-20.24'}
[2026-05-30 10:08:50,883][root][INFO] - Generation 170/400 - Time: 0.00 seconds
[2026-05-30 10:08:50,883][root][INFO] - {'coverage': '100.00', 'max_fitness': '0.00', 'passive_coverage': '40.62', 'passive_max_fitness': '0.00', 'passive_mean_fitness': '-57.14', 'passive_qd_score': '35062.13', 'qd_score': '90971.13', 'mean_fitness_top_k': '-20.23'}
[2026-05-30 10:08:52,061][root][INFO] - Generation 171/400 - Time: 0.00 seconds
[2026-05-30 10:08:52,062][root][INFO] - {'coverage': '100.00', 'max_fitness': '0.00', 'passive_coverage': '40.62', 'passive_max_fitness': '0.00', 'passive_mean_fitness': '-57.14', 'passive_qd_score': '35062.96', 'qd_score': '91217.41', 'mean_fitness_top_k': '-20.18'}
[2026-05-30 10:16:18,937][root][INFO] - Generation 172/400 - Time: 0.00 seconds
[2026-05-30 10:16:18,938][root][INFO] - {'coverage': '100.00', 'max_fitness': '0.00', 'passive_coverage': '40.72', 'passive_max_fitness': '0.00', 'passive_mean_fitness': '-57.21', 'passive_qd_score': '35117.98', 'qd_score': '91050.66', 'mean_fitness_top_k': '-20.34'}
[2026-05-30 10:16:20,101][root][INFO] - Generation 173/400 - Time: 0.00 seconds
[2026-05-30 10:16:20,101][root][INFO] - {'coverage': '100.00', 'max_fitness': '0.00', 'passive_coverage': '40.72', 'passive_max_fitness': '0.00', 'passive_mean_fitness': '-57.20', 'passive_qd_score': '35118.97', 'qd_score': '90887.00', 'mean_fitness_top_k': '-20.39'}
[2026-05-30 10:16:21,279][root][INFO] - Generation 174/400 - Time: 0.00 seconds
[2026-05-30 10:16:21,280][root][INFO] - {'coverage': '100.00', 'max_fitness': '0.00', 'passive_coverage': '40.72', 'passive_max_fitness': '0.00', 'passive_mean_fitness': '-57.20', 'passive_qd_score': '35119.93', 'qd_score': '91191.21', 'mean_fitness_top_k': '-19.64'}
[2026-05-30 10:16:22,443][root][INFO] - Generation 175/400 - Time: 0.00 seconds
[2026-05-30 10:16:22,444][root][INFO] - {'coverage': '100.00', 'max_fitness': '0.00', 'passive_coverage': '40.72', 'passive_max_fitness': '0.00', 'passive_mean_fitness': '-57.20', 'passive_qd_score': '35120.77', 'qd_score': '90717.80', 'mean_fitness_top_k': '-19.82'}
[2026-05-30 10:16:23,621][root][INFO] - Generation 176/400 - Time: 0.00 seconds
[2026-05-30 10:16:23,623][root][INFO] - {'coverage': '100.00', 'max_fitness': '0.00', 'passive_coverage': '40.72', 'passive_max_fitness': '0.00', 'passive_mean_fitness': '-57.20', 'passive_qd_score': '35122.17', 'qd_score': '90848.45', 'mean_fitness_top_k': '-19.84'}
[2026-05-30 10:16:24,806][root][INFO] - Generation 177/400 - Time: 0.00 seconds
[2026-05-30 10:16:24,807][root][INFO] - {'coverage': '100.00', 'max_fitness': '0.00', 'passive_coverage': '40.92', 'passive_max_fitness': '0.00', 'passive_mean_fitness': '-57.19', 'passive_qd_score': '35294.11', 'qd_score': '90322.38', 'mean_fitness_top_k': '-20.14'}
[2026-05-30 10:16:25,977][root][INFO] - Generation 178/400 - Time: 0.00 seconds
[2026-05-30 10:16:25,978][root][INFO] - {'coverage': '100.00', 'max_fitness': '0.00', 'passive_coverage': '41.02', 'passive_max_fitness': '0.00', 'passive_mean_fitness': '-57.22', 'passive_qd_score': '35363.18', 'qd_score': '90007.87', 'mean_fitness_top_k': '-20.54'}
[2026-05-30 10:16:27,137][root][INFO] - Generation 179/400 - Time: 0.00 seconds
[2026-05-30 10:16:27,138][root][INFO] - {'coverage': '100.00', 'max_fitness': '0.00', 'passive_coverage': '41.02', 'passive_max_fitness': '0.00', 'passive_mean_fitness': '-57.22', 'passive_qd_score': '35364.65', 'qd_score': '90140.22', 'mean_fitness_top_k': '-20.46'}
[2026-05-30 10:16:28,303][root][INFO] - Generation 180/400 - Time: 0.00 seconds
[2026-05-30 10:16:28,304][root][INFO] - {'coverage': '100.00', 'max_fitness': '0.00', 'passive_coverage': '41.11', 'passive_max_fitness': '0.00', 'passive_mean_fitness': '-57.13', 'passive_qd_score': '35487.21', 'qd_score': '89758.38', 'mean_fitness_top_k': '-20.67'}
[2026-05-30 10:16:29,498][root][INFO] - Generation 181/400 - Time: 0.00 seconds
[2026-05-30 10:16:29,499][root][INFO] - {'coverage': '100.00', 'max_fitness': '0.00', 'passive_coverage': '41.21', 'passive_max_fitness': '0.00', 'passive_mean_fitness': '-57.14', 'passive_qd_score': '35564.89', 'qd_score': '89789.20', 'mean_fitness_top_k': '-20.48'}
[2026-05-30 10:16:30,675][root][INFO] - Updating AE...
[2026-05-30 10:16:31,467][root][INFO] - Epoch: 1, loss: 29296.8750
[2026-05-30 10:16:31,539][root][INFO] - Epoch: 2, loss: 798.1052
[2026-05-30 10:16:31,611][root][INFO] - Epoch: 3, loss: 562.1857
[2026-05-30 10:16:31,683][root][INFO] - Epoch: 4, loss: 499.1169
[2026-05-30 10:16:31,758][root][INFO] - Epoch: 5, loss: 486.2776
[2026-05-30 10:16:31,831][root][INFO] - Epoch: 6, loss: 482.2925
[2026-05-30 10:16:31,904][root][INFO] - Epoch: 7, loss: 479.7484
[2026-05-30 10:16:31,976][root][INFO] - Epoch: 8, loss: 478.3273
[2026-05-30 10:16:32,049][root][INFO] - Epoch: 9, loss: 477.5257
[2026-05-30 10:16:32,121][root][INFO] - Epoch: 10, loss: 476.5373
[2026-05-30 10:16:32,194][root][INFO] - Epoch: 11, loss: 475.9274
[2026-05-30 10:16:32,266][root][INFO] - Epoch: 12, loss: 475.1657
[2026-05-30 10:16:32,338][root][INFO] - Epoch: 13, loss: 474.4773
[2026-05-30 10:16:32,411][root][INFO] - Epoch: 14, loss: 473.8541
[2026-05-30 10:16:32,483][root][INFO] - Epoch: 15, loss: 473.0701
[2026-05-30 10:16:32,555][root][INFO] - Epoch: 16, loss: 472.3739
[2026-05-30 10:16:32,629][root][INFO] - Epoch: 17, loss: 471.7273
[2026-05-30 10:16:32,701][root][INFO] - Epoch: 18, loss: 470.9135
[2026-05-30 10:16:32,772][root][INFO] - Epoch: 19, loss: 470.3654
[2026-05-30 10:16:32,840][root][INFO] - Epoch: 20, loss: 469.8331
[2026-05-30 10:16:32,911][root][INFO] - Epoch: 21, loss: 468.9428
[2026-05-30 10:16:32,994][root][INFO] - Epoch: 22, loss: 468.2771
[2026-05-30 10:16:33,067][root][INFO] - Epoch: 23, loss: 467.5647
[2026-05-30 10:16:33,137][root][INFO] - Epoch: 24, loss: 466.8625
[2026-05-30 10:16:33,206][root][INFO] - Epoch: 25, loss: 466.3052
[2026-05-30 10:16:33,275][root][INFO] - Epoch: 26, loss: 465.6852
[2026-05-30 10:16:33,345][root][INFO] - Epoch: 27, loss: 465.3561
[2026-05-30 10:16:33,414][root][INFO] - Epoch: 28, loss: 464.7558
[2026-05-30 10:16:33,484][root][INFO] - Epoch: 29, loss: 464.1992
[2026-05-30 10:16:33,555][root][INFO] - Epoch: 30, loss: 463.7401
[2026-05-30 10:16:33,626][root][INFO] - Epoch: 31, loss: 463.4149
[2026-05-30 10:16:33,711][root][INFO] - Epoch: 32, loss: 462.9037
[2026-05-30 10:16:33,782][root][INFO] - Epoch: 33, loss: 462.5456
[2026-05-30 10:16:33,849][root][INFO] - Epoch: 34, loss: 462.1352
[2026-05-30 10:16:33,918][root][INFO] - Epoch: 35, loss: 461.8842
[2026-05-30 10:16:33,986][root][INFO] - Epoch: 36, loss: 461.2534
[2026-05-30 10:16:34,054][root][INFO] - Epoch: 37, loss: 461.0431
[2026-05-30 10:16:34,121][root][INFO] - Epoch: 38, loss: 460.4590
[2026-05-30 10:16:34,192][root][INFO] - Epoch: 39, loss: 460.0343
[2026-05-30 10:16:34,260][root][INFO] - Epoch: 40, loss: 459.5643
[2026-05-30 10:16:34,329][root][INFO] - Epoch: 41, loss: 459.2168
[2026-05-30 10:16:34,399][root][INFO] - Epoch: 42, loss: 458.9887
[2026-05-30 10:16:34,469][root][INFO] - Epoch: 43, loss: 458.6292
[2026-05-30 10:16:34,539][root][INFO] - Epoch: 44, loss: 458.2385
[2026-05-30 10:16:34,608][root][INFO] - Epoch: 45, loss: 457.9055
[2026-05-30 10:16:34,679][root][INFO] - Epoch: 46, loss: 457.5114
[2026-05-30 10:16:34,748][root][INFO] - Epoch: 47, loss: 457.2139
[2026-05-30 10:16:34,818][root][INFO] - Epoch: 48, loss: 456.8356
[2026-05-30 10:16:34,888][root][INFO] - Epoch: 49, loss: 456.4693
[2026-05-30 10:16:34,957][root][INFO] - Epoch: 50, loss: 456.2023
[2026-05-30 10:16:35,029][root][INFO] - Epoch: 51, loss: 455.8165
[2026-05-30 10:16:35,098][root][INFO] - Epoch: 52, loss: 455.4053
[2026-05-30 10:16:35,168][root][INFO] - Epoch: 53, loss: 455.0886
[2026-05-30 10:16:35,238][root][INFO] - Epoch: 54, loss: 454.8129
[2026-05-30 10:16:35,309][root][INFO] - Epoch: 55, loss: 454.3671
[2026-05-30 10:16:35,377][root][INFO] - Epoch: 56, loss: 453.9042
[2026-05-30 10:16:35,446][root][INFO] - Epoch: 57, loss: 453.7354
[2026-05-30 10:16:35,516][root][INFO] - Epoch: 58, loss: 453.2950
[2026-05-30 10:16:35,586][root][INFO] - Epoch: 59, loss: 452.8764
[2026-05-30 10:16:35,656][root][INFO] - Epoch: 60, loss: 452.6194
[2026-05-30 10:16:35,727][root][INFO] - Epoch: 61, loss: 452.2704
[2026-05-30 10:16:35,797][root][INFO] - Epoch: 62, loss: 452.0352
[2026-05-30 10:16:35,867][root][INFO] - Epoch: 63, loss: 451.6528
[2026-05-30 10:16:35,936][root][INFO] - Epoch: 64, loss: 451.1583
[2026-05-30 10:16:36,007][root][INFO] - Epoch: 65, loss: 451.0495
[2026-05-30 10:16:36,078][root][INFO] - Epoch: 66, loss: 450.5363
[2026-05-30 10:16:36,147][root][INFO] - Epoch: 67, loss: 450.2090
[2026-05-30 10:16:36,219][root][INFO] - Epoch: 68, loss: 449.8990
[2026-05-30 10:16:36,290][root][INFO] - Epoch: 69, loss: 449.5117
[2026-05-30 10:16:36,361][root][INFO] - Epoch: 70, loss: 449.3655
[2026-05-30 10:16:36,430][root][INFO] - Epoch: 71, loss: 449.0493
[2026-05-30 10:16:36,499][root][INFO] - Epoch: 72, loss: 448.5918
[2026-05-30 10:16:36,568][root][INFO] - Epoch: 73, loss: 448.3815
[2026-05-30 10:16:36,638][root][INFO] - Epoch: 74, loss: 447.9167
[2026-05-30 10:16:36,707][root][INFO] - Epoch: 75, loss: 447.3456
[2026-05-30 10:16:36,778][root][INFO] - Epoch: 76, loss: 447.3350
[2026-05-30 10:16:36,847][root][INFO] - Epoch: 77, loss: 446.7563
[2026-05-30 10:16:36,917][root][INFO] - Epoch: 78, loss: 446.4509
[2026-05-30 10:16:36,988][root][INFO] - Epoch: 79, loss: 446.1446
[2026-05-30 10:16:37,059][root][INFO] - Epoch: 80, loss: 445.5503
[2026-05-30 10:16:37,129][root][INFO] - Epoch: 81, loss: 445.1329
[2026-05-30 10:16:37,199][root][INFO] - Epoch: 82, loss: 444.7953
[2026-05-30 10:16:37,270][root][INFO] - Epoch: 83, loss: 444.2886
[2026-05-30 10:16:37,339][root][INFO] - Epoch: 84, loss: 443.8289
[2026-05-30 10:16:37,409][root][INFO] - Epoch: 85, loss: 443.4007
[2026-05-30 10:16:37,479][root][INFO] - Epoch: 86, loss: 442.9360
[2026-05-30 10:16:37,549][root][INFO] - Epoch: 87, loss: 442.4613
[2026-05-30 10:16:37,620][root][INFO] - Epoch: 88, loss: 441.6956
[2026-05-30 10:16:37,689][root][INFO] - Epoch: 89, loss: 441.2715
[2026-05-30 10:16:37,759][root][INFO] - Epoch: 90, loss: 440.6780
[2026-05-30 10:16:37,829][root][INFO] - Epoch: 91, loss: 440.1477
[2026-05-30 10:16:37,900][root][INFO] - Epoch: 92, loss: 439.6921
[2026-05-30 10:16:37,969][root][INFO] - Epoch: 93, loss: 439.1580
[2026-05-30 10:16:38,039][root][INFO] - Epoch: 94, loss: 438.5146
[2026-05-30 10:16:38,110][root][INFO] - Epoch: 95, loss: 437.6041
[2026-05-30 10:16:38,181][root][INFO] - Epoch: 96, loss: 436.8632
[2026-05-30 10:16:38,250][root][INFO] - Epoch: 97, loss: 436.0787
[2026-05-30 10:16:38,320][root][INFO] - Epoch: 98, loss: 435.0813
[2026-05-30 10:16:38,391][root][INFO] - Epoch: 99, loss: 434.5003
[2026-05-30 10:16:38,460][root][INFO] - Epoch: 100, loss: 433.8438
[2026-05-30 10:16:38,530][root][INFO] - Epoch: 101, loss: 433.1515
[2026-05-30 10:16:38,601][root][INFO] - Epoch: 102, loss: 433.0780
[2026-05-30 10:16:38,671][root][INFO] - Epoch: 103, loss: 432.2994
[2026-05-30 10:16:38,740][root][INFO] - Epoch: 104, loss: 431.8354
[2026-05-30 10:16:38,811][root][INFO] - Epoch: 105, loss: 431.2888
[2026-05-30 10:16:38,881][root][INFO] - Epoch: 106, loss: 430.6278
[2026-05-30 10:16:38,949][root][INFO] - Epoch: 107, loss: 430.5866
[2026-05-30 10:16:39,018][root][INFO] - Epoch: 108, loss: 429.7003
[2026-05-30 10:16:39,088][root][INFO] - Epoch: 109, loss: 429.1482
[2026-05-30 10:16:39,157][root][INFO] - Epoch: 110, loss: 428.5837
[2026-05-30 10:16:39,225][root][INFO] - Epoch: 111, loss: 428.2939
[2026-05-30 10:16:39,296][root][INFO] - Epoch: 112, loss: 427.6190
[2026-05-30 10:16:39,366][root][INFO] - Epoch: 113, loss: 427.2740
[2026-05-30 10:16:39,437][root][INFO] - Epoch: 114, loss: 426.7906
[2026-05-30 10:16:39,508][root][INFO] - Epoch: 115, loss: 426.5617
[2026-05-30 10:16:39,577][root][INFO] - Epoch: 116, loss: 425.6910
[2026-05-30 10:16:39,648][root][INFO] - Epoch: 117, loss: 425.3926
[2026-05-30 10:16:39,719][root][INFO] - Epoch: 118, loss: 424.5013
[2026-05-30 10:16:39,789][root][INFO] - Epoch: 119, loss: 424.4913
[2026-05-30 10:16:39,858][root][INFO] - Epoch: 120, loss: 423.4354
[2026-05-30 10:16:39,926][root][INFO] - Epoch: 121, loss: 422.9793
[2026-05-30 10:16:39,994][root][INFO] - Epoch: 122, loss: 422.5029
[2026-05-30 10:16:40,063][root][INFO] - Epoch: 123, loss: 421.6729
[2026-05-30 10:16:40,133][root][INFO] - Epoch: 124, loss: 421.6638
[2026-05-30 10:16:40,201][root][INFO] - Epoch: 125, loss: 420.5336
[2026-05-30 10:16:40,271][root][INFO] - Epoch: 126, loss: 420.0266
[2026-05-30 10:16:40,341][root][INFO] - Epoch: 127, loss: 419.0413
[2026-05-30 10:16:40,411][root][INFO] - Epoch: 128, loss: 418.8619
[2026-05-30 10:16:40,484][root][INFO] - Epoch: 129, loss: 418.7351
[2026-05-30 10:16:40,570][root][INFO] - Epoch: 130, loss: 417.9471
[2026-05-30 10:16:40,639][root][INFO] - Epoch: 131, loss: 417.2688
[2026-05-30 10:16:40,707][root][INFO] - Epoch: 132, loss: 416.1544
[2026-05-30 10:16:40,775][root][INFO] - Epoch: 133, loss: 414.8332
[2026-05-30 10:16:40,843][root][INFO] - Epoch: 134, loss: 413.7730
[2026-05-30 10:16:40,911][root][INFO] - Epoch: 135, loss: 412.7946
[2026-05-30 10:16:40,979][root][INFO] - Epoch: 136, loss: 411.8203
[2026-05-30 10:16:41,050][root][INFO] - Epoch: 137, loss: 409.5550
[2026-05-30 10:16:41,120][root][INFO] - Epoch: 138, loss: 409.6921
[2026-05-30 10:16:41,189][root][INFO] - Epoch: 139, loss: 409.0677
[2026-05-30 10:16:41,258][root][INFO] - Epoch: 140, loss: 408.4141
[2026-05-30 10:16:41,327][root][INFO] - Epoch: 141, loss: 407.4767
[2026-05-30 10:16:41,398][root][INFO] - Epoch: 142, loss: 406.4695
[2026-05-30 10:16:41,468][root][INFO] - Epoch: 143, loss: 405.5573
[2026-05-30 10:16:41,539][root][INFO] - Epoch: 144, loss: 405.2684
[2026-05-30 10:16:41,609][root][INFO] - Epoch: 145, loss: 405.0139
[2026-05-30 10:16:41,680][root][INFO] - Epoch: 146, loss: 404.3312
[2026-05-30 10:16:41,752][root][INFO] - Epoch: 147, loss: 402.6356
[2026-05-30 10:16:41,822][root][INFO] - Epoch: 148, loss: 402.6544
[2026-05-30 10:16:41,892][root][INFO] - Epoch: 149, loss: 401.5232
[2026-05-30 10:16:41,964][root][INFO] - Epoch: 150, loss: 401.3386
[2026-05-30 10:16:42,034][root][INFO] - Epoch: 151, loss: 400.0359
[2026-05-30 10:16:42,103][root][INFO] - Epoch: 152, loss: 399.9828
[2026-05-30 10:16:42,173][root][INFO] - Epoch: 153, loss: 399.5013
[2026-05-30 10:16:42,244][root][INFO] - Epoch: 154, loss: 398.6229
[2026-05-30 10:16:42,314][root][INFO] - Epoch: 155, loss: 397.6867
[2026-05-30 10:16:42,383][root][INFO] - Epoch: 156, loss: 397.5879
[2026-05-30 10:16:42,454][root][INFO] - Epoch: 157, loss: 397.8944
[2026-05-30 10:16:42,525][root][INFO] - Epoch: 158, loss: 397.3678
[2026-05-30 10:16:42,596][root][INFO] - Epoch: 159, loss: 394.8835
[2026-05-30 10:16:42,666][root][INFO] - Epoch: 160, loss: 396.2872
[2026-05-30 10:16:42,737][root][INFO] - Epoch: 161, loss: 394.0614
[2026-05-30 10:16:42,808][root][INFO] - Epoch: 162, loss: 393.9366
[2026-05-30 10:16:42,879][root][INFO] - Epoch: 163, loss: 393.0777
[2026-05-30 10:16:42,949][root][INFO] - Epoch: 164, loss: 393.3393
[2026-05-30 10:16:43,020][root][INFO] - Epoch: 165, loss: 395.6237
[2026-05-30 10:16:43,090][root][INFO] - Epoch: 166, loss: 391.9979
[2026-05-30 10:16:43,161][root][INFO] - Epoch: 167, loss: 392.0924
[2026-05-30 10:16:43,232][root][INFO] - Epoch: 168, loss: 390.2823
[2026-05-30 10:16:43,302][root][INFO] - Epoch: 169, loss: 389.3521
[2026-05-30 10:16:43,373][root][INFO] - Epoch: 170, loss: 390.3394
[2026-05-30 10:16:43,444][root][INFO] - Epoch: 171, loss: 389.1542
[2026-05-30 10:16:43,514][root][INFO] - Epoch: 172, loss: 389.4725
[2026-05-30 10:16:43,585][root][INFO] - Epoch: 173, loss: 389.5357
[2026-05-30 10:16:43,657][root][INFO] - Epoch: 174, loss: 387.5094
[2026-05-30 10:16:43,728][root][INFO] - Epoch: 175, loss: 385.7353
[2026-05-30 10:16:43,798][root][INFO] - Epoch: 176, loss: 386.5754
[2026-05-30 10:16:43,869][root][INFO] - Epoch: 177, loss: 388.3656
[2026-05-30 10:16:43,939][root][INFO] - Epoch: 178, loss: 386.7405
[2026-05-30 10:16:44,010][root][INFO] - Epoch: 179, loss: 385.7069
[2026-05-30 10:16:44,080][root][INFO] - Epoch: 180, loss: 385.1788
[2026-05-30 10:16:44,150][root][INFO] - Epoch: 181, loss: 385.3727
[2026-05-30 10:16:44,220][root][INFO] - Epoch: 182, loss: 384.6551
[2026-05-30 10:16:44,290][root][INFO] - Epoch: 183, loss: 383.7695
[2026-05-30 10:16:44,360][root][INFO] - Epoch: 184, loss: 383.9889
[2026-05-30 10:16:44,431][root][INFO] - Epoch: 185, loss: 383.3346
[2026-05-30 10:16:44,498][root][INFO] - Epoch: 186, loss: 381.7513
[2026-05-30 10:16:44,567][root][INFO] - Epoch: 187, loss: 381.9639
[2026-05-30 10:16:44,637][root][INFO] - Epoch: 188, loss: 379.0763
[2026-05-30 10:16:44,708][root][INFO] - Epoch: 189, loss: 379.3995
[2026-05-30 10:16:44,778][root][INFO] - Epoch: 190, loss: 378.5481
[2026-05-30 10:16:44,849][root][INFO] - Epoch: 191, loss: 377.1281
[2026-05-30 10:16:44,917][root][INFO] - Epoch: 192, loss: 378.2505
[2026-05-30 10:16:44,986][root][INFO] - Epoch: 193, loss: 376.9340
[2026-05-30 10:16:45,054][root][INFO] - Epoch: 194, loss: 377.2933
[2026-05-30 10:16:45,122][root][INFO] - Epoch: 195, loss: 375.5256
[2026-05-30 10:16:45,193][root][INFO] - Epoch: 196, loss: 374.5787
[2026-05-30 10:16:45,264][root][INFO] - Epoch: 197, loss: 373.8171
[2026-05-30 10:16:45,334][root][INFO] - Epoch: 198, loss: 375.1172
[2026-05-30 10:16:45,404][root][INFO] - Epoch: 199, loss: 372.7192
[2026-05-30 10:16:45,473][root][INFO] - Epoch: 200, loss: 373.1268
[2026-05-30 10:16:45,507][root][INFO] - {'model_loss': '373.1268', 'recon_loss': '0.0000', 'triplet_loss': '373.1268'}
[2026-05-30 10:16:45,511][root][INFO] - Updating AE...
[2026-05-30 10:16:46,555][root][INFO] - Epoch: 1, loss: 218.8683
[2026-05-30 10:16:46,624][root][INFO] - Epoch: 2, loss: 73.5601
[2026-05-30 10:16:46,693][root][INFO] - Epoch: 3, loss: 72.5424
[2026-05-30 10:16:46,764][root][INFO] - Epoch: 4, loss: 69.5952
[2026-05-30 10:16:46,832][root][INFO] - Epoch: 5, loss: 65.4158
[2026-05-30 10:16:46,904][root][INFO] - Epoch: 6, loss: 62.3445
[2026-05-30 10:16:46,974][root][INFO] - Epoch: 7, loss: 59.2311
[2026-05-30 10:16:47,044][root][INFO] - Epoch: 8, loss: 57.0738
[2026-05-30 10:16:47,114][root][INFO] - Epoch: 9, loss: 55.3802
[2026-05-30 10:16:47,185][root][INFO] - Epoch: 10, loss: 54.0213
[2026-05-30 10:16:47,256][root][INFO] - Epoch: 11, loss: 52.7152
[2026-05-30 10:16:47,327][root][INFO] - Epoch: 12, loss: 51.6919
[2026-05-30 10:16:47,398][root][INFO] - Epoch: 13, loss: 50.7902
[2026-05-30 10:16:47,469][root][INFO] - Epoch: 14, loss: 50.0075
[2026-05-30 10:16:47,541][root][INFO] - Epoch: 15, loss: 49.5231
[2026-05-30 10:16:47,611][root][INFO] - Epoch: 16, loss: 48.8827
[2026-05-30 10:16:47,681][root][INFO] - Epoch: 17, loss: 48.1837
[2026-05-30 10:16:47,751][root][INFO] - Epoch: 18, loss: 47.4542
[2026-05-30 10:16:47,823][root][INFO] - Epoch: 19, loss: 46.8498
[2026-05-30 10:16:47,893][root][INFO] - Epoch: 20, loss: 46.4366
[2026-05-30 10:16:47,964][root][INFO] - Epoch: 21, loss: 45.9100
[2026-05-30 10:16:48,034][root][INFO] - Epoch: 22, loss: 45.5790
[2026-05-30 10:16:48,106][root][INFO] - Epoch: 23, loss: 45.1896
[2026-05-30 10:16:48,178][root][INFO] - Epoch: 24, loss: 44.7728
[2026-05-30 10:16:48,248][root][INFO] - Epoch: 25, loss: 44.5686
[2026-05-30 10:16:48,319][root][INFO] - Epoch: 26, loss: 44.5014
[2026-05-30 10:16:48,388][root][INFO] - Epoch: 27, loss: 44.4595
[2026-05-30 10:16:48,458][root][INFO] - Epoch: 28, loss: 44.3505
[2026-05-30 10:16:48,529][root][INFO] - Epoch: 29, loss: 43.6361
[2026-05-30 10:16:48,599][root][INFO] - Epoch: 30, loss: 43.5828
[2026-05-30 10:16:48,669][root][INFO] - Epoch: 31, loss: 44.1047
[2026-05-30 10:16:48,739][root][INFO] - Epoch: 32, loss: 42.8827
[2026-05-30 10:16:48,811][root][INFO] - Epoch: 33, loss: 42.7583
[2026-05-30 10:16:48,884][root][INFO] - Epoch: 34, loss: 42.5578
[2026-05-30 10:16:48,953][root][INFO] - Epoch: 35, loss: 42.6267
[2026-05-30 10:16:49,021][root][INFO] - Epoch: 36, loss: 42.0807
[2026-05-30 10:16:49,090][root][INFO] - Epoch: 37, loss: 41.8775
[2026-05-30 10:16:49,161][root][INFO] - Epoch: 38, loss: 41.4531
[2026-05-30 10:16:49,230][root][INFO] - Epoch: 39, loss: 41.2392
[2026-05-30 10:16:49,300][root][INFO] - Epoch: 40, loss: 41.1057
[2026-05-30 10:16:49,370][root][INFO] - Epoch: 41, loss: 40.9287
[2026-05-30 10:16:49,442][root][INFO] - Epoch: 42, loss: 40.8277
[2026-05-30 10:16:49,512][root][INFO] - Epoch: 43, loss: 40.8400
[2026-05-30 10:16:49,583][root][INFO] - Epoch: 44, loss: 40.7876
[2026-05-30 10:16:49,653][root][INFO] - Epoch: 45, loss: 40.5496
[2026-05-30 10:16:49,724][root][INFO] - Epoch: 46, loss: 39.8381
[2026-05-30 10:16:49,795][root][INFO] - Epoch: 47, loss: 39.7355
[2026-05-30 10:16:49,865][root][INFO] - Epoch: 48, loss: 39.2887
[2026-05-30 10:16:49,934][root][INFO] - Epoch: 49, loss: 38.9130
[2026-05-30 10:16:50,004][root][INFO] - Epoch: 50, loss: 38.5767
[2026-05-30 10:16:50,073][root][INFO] - Epoch: 51, loss: 38.7154
[2026-05-30 10:16:50,144][root][INFO] - Epoch: 52, loss: 38.2973
[2026-05-30 10:16:50,213][root][INFO] - Epoch: 53, loss: 38.0743
[2026-05-30 10:16:50,284][root][INFO] - Epoch: 54, loss: 37.9789
[2026-05-30 10:16:50,354][root][INFO] - Epoch: 55, loss: 37.6611
[2026-05-30 10:16:50,423][root][INFO] - Epoch: 56, loss: 37.6102
[2026-05-30 10:16:50,494][root][INFO] - Epoch: 57, loss: 37.7358
[2026-05-30 10:16:50,565][root][INFO] - Epoch: 58, loss: 37.4063
[2026-05-30 10:16:50,635][root][INFO] - Epoch: 59, loss: 37.3153
[2026-05-30 10:16:50,705][root][INFO] - Epoch: 60, loss: 37.0941
[2026-05-30 10:16:50,777][root][INFO] - Epoch: 61, loss: 36.6549
[2026-05-30 10:16:50,847][root][INFO] - Epoch: 62, loss: 36.5778
[2026-05-30 10:16:50,917][root][INFO] - Epoch: 63, loss: 36.6435
[2026-05-30 10:16:50,986][root][INFO] - Epoch: 64, loss: 36.4820
[2026-05-30 10:16:51,054][root][INFO] - Epoch: 65, loss: 36.5807
[2026-05-30 10:16:51,125][root][INFO] - Epoch: 66, loss: 36.6861
[2026-05-30 10:16:51,196][root][INFO] - Epoch: 67, loss: 36.7468
[2026-05-30 10:16:51,266][root][INFO] - Epoch: 68, loss: 36.6113
[2026-05-30 10:16:51,337][root][INFO] - Epoch: 69, loss: 36.0674
[2026-05-30 10:16:51,409][root][INFO] - Epoch: 70, loss: 35.7946
[2026-05-30 10:16:51,479][root][INFO] - Epoch: 71, loss: 35.6094
[2026-05-30 10:16:51,551][root][INFO] - Epoch: 72, loss: 35.5301
[2026-05-30 10:16:51,620][root][INFO] - Epoch: 73, loss: 35.5426
[2026-05-30 10:16:51,692][root][INFO] - Epoch: 74, loss: 35.2311
[2026-05-30 10:16:51,763][root][INFO] - Epoch: 75, loss: 35.7737
[2026-05-30 10:16:51,834][root][INFO] - Epoch: 76, loss: 35.4829
[2026-05-30 10:16:51,904][root][INFO] - Epoch: 77, loss: 35.1687
[2026-05-30 10:16:51,975][root][INFO] - Epoch: 78, loss: 35.2185
[2026-05-30 10:16:52,048][root][INFO] - Epoch: 79, loss: 35.3049
[2026-05-30 10:16:52,121][root][INFO] - Epoch: 80, loss: 34.9294
[2026-05-30 10:16:52,192][root][INFO] - Epoch: 81, loss: 34.7449
[2026-05-30 10:16:52,264][root][INFO] - Epoch: 82, loss: 35.0453
[2026-05-30 10:16:52,334][root][INFO] - Epoch: 83, loss: 34.4197
[2026-05-30 10:16:52,404][root][INFO] - Epoch: 84, loss: 34.3844
[2026-05-30 10:16:52,500][root][INFO] - Epoch: 85, loss: 34.4422
[2026-05-30 10:16:52,571][root][INFO] - Epoch: 86, loss: 34.4251
[2026-05-30 10:16:52,641][root][INFO] - Epoch: 87, loss: 34.8779
[2026-05-30 10:16:52,712][root][INFO] - Epoch: 88, loss: 34.6526
[2026-05-30 10:16:52,781][root][INFO] - Epoch: 89, loss: 34.1900
[2026-05-30 10:16:52,852][root][INFO] - Epoch: 90, loss: 34.2079
[2026-05-30 10:16:52,922][root][INFO] - Epoch: 91, loss: 34.2839
[2026-05-30 10:16:52,993][root][INFO] - Epoch: 92, loss: 34.5733
[2026-05-30 10:16:53,064][root][INFO] - Epoch: 93, loss: 34.0058
[2026-05-30 10:16:53,134][root][INFO] - Epoch: 94, loss: 34.7104
[2026-05-30 10:16:53,208][root][INFO] - Epoch: 95, loss: 38.6248
[2026-05-30 10:16:53,291][root][INFO] - Epoch: 96, loss: 36.0610
[2026-05-30 10:16:53,372][root][INFO] - Epoch: 97, loss: 34.9339
[2026-05-30 10:16:53,447][root][INFO] - Epoch: 98, loss: 34.1274
[2026-05-30 10:16:53,518][root][INFO] - Epoch: 99, loss: 33.6654
[2026-05-30 10:16:53,589][root][INFO] - Epoch: 100, loss: 33.4249
[2026-05-30 10:16:53,660][root][INFO] - Epoch: 101, loss: 33.2877
[2026-05-30 10:16:53,731][root][INFO] - Epoch: 102, loss: 33.2707
[2026-05-30 10:16:53,805][root][INFO] - Epoch: 103, loss: 32.7057
[2026-05-30 10:16:53,877][root][INFO] - Epoch: 104, loss: 32.9444
[2026-05-30 10:16:53,949][root][INFO] - Epoch: 105, loss: 33.0348
[2026-05-30 10:16:54,020][root][INFO] - Epoch: 106, loss: 32.8436
[2026-05-30 10:16:54,090][root][INFO] - Epoch: 107, loss: 33.1576
[2026-05-30 10:16:54,166][root][INFO] - Epoch: 108, loss: 33.3772
[2026-05-30 10:16:54,257][root][INFO] - Epoch: 109, loss: 33.0105
[2026-05-30 10:16:54,332][root][INFO] - Epoch: 110, loss: 32.4683
[2026-05-30 10:16:54,408][root][INFO] - Epoch: 111, loss: 31.9002
[2026-05-30 10:16:54,478][root][INFO] - Epoch: 112, loss: 32.0837
[2026-05-30 10:16:54,547][root][INFO] - Epoch: 113, loss: 31.8731
[2026-05-30 10:16:54,615][root][INFO] - Epoch: 114, loss: 32.3716
[2026-05-30 10:16:54,685][root][INFO] - Epoch: 115, loss: 32.3141
[2026-05-30 10:16:54,757][root][INFO] - Epoch: 116, loss: 32.0736
[2026-05-30 10:16:54,831][root][INFO] - Epoch: 117, loss: 31.9163
[2026-05-30 10:16:54,904][root][INFO] - Epoch: 118, loss: 31.8517
[2026-05-30 10:16:54,977][root][INFO] - Epoch: 119, loss: 32.8817
[2026-05-30 10:16:55,048][root][INFO] - Epoch: 120, loss: 32.0657
[2026-05-30 10:16:55,122][root][INFO] - Epoch: 121, loss: 32.8150
[2026-05-30 10:16:55,195][root][INFO] - Epoch: 122, loss: 37.1985
[2026-05-30 10:16:55,269][root][INFO] - Epoch: 123, loss: 34.5922
[2026-05-30 10:16:55,341][root][INFO] - Epoch: 124, loss: 32.8247
[2026-05-30 10:16:55,413][root][INFO] - Epoch: 125, loss: 32.1057
[2026-05-30 10:16:55,486][root][INFO] - Epoch: 126, loss: 31.4798
[2026-05-30 10:16:55,564][root][INFO] - Epoch: 127, loss: 31.0762
[2026-05-30 10:16:55,636][root][INFO] - Epoch: 128, loss: 30.6854
[2026-05-30 10:16:55,710][root][INFO] - Epoch: 129, loss: 30.2225
[2026-05-30 10:16:55,785][root][INFO] - Epoch: 130, loss: 30.2682
[2026-05-30 10:16:55,858][root][INFO] - Epoch: 131, loss: 30.6522
[2026-05-30 10:16:55,931][root][INFO] - Epoch: 132, loss: 30.0428
[2026-05-30 10:16:56,003][root][INFO] - Epoch: 133, loss: 30.4400
[2026-05-30 10:16:56,075][root][INFO] - Epoch: 134, loss: 31.7290
[2026-05-30 10:16:56,148][root][INFO] - Epoch: 135, loss: 30.0573
[2026-05-30 10:16:56,220][root][INFO] - Epoch: 136, loss: 30.1374
[2026-05-30 10:16:56,291][root][INFO] - Epoch: 137, loss: 30.4548
[2026-05-30 10:16:56,364][root][INFO] - Epoch: 138, loss: 32.4413
[2026-05-30 10:16:56,437][root][INFO] - Epoch: 139, loss: 30.9454
[2026-05-30 10:16:56,509][root][INFO] - Epoch: 140, loss: 30.0589
[2026-05-30 10:16:56,581][root][INFO] - Epoch: 141, loss: 29.0049
[2026-05-30 10:16:56,653][root][INFO] - Epoch: 142, loss: 28.4385
[2026-05-30 10:16:56,725][root][INFO] - Epoch: 143, loss: 28.5017
[2026-05-30 10:16:56,797][root][INFO] - Epoch: 144, loss: 27.9539
[2026-05-30 10:16:56,869][root][INFO] - Epoch: 145, loss: 28.6924
[2026-05-30 10:16:56,941][root][INFO] - Epoch: 146, loss: 27.9260
[2026-05-30 10:16:57,014][root][INFO] - Epoch: 147, loss: 28.2155
[2026-05-30 10:16:57,086][root][INFO] - Epoch: 148, loss: 28.6454
[2026-05-30 10:16:57,158][root][INFO] - Epoch: 149, loss: 28.9978
[2026-05-30 10:16:57,230][root][INFO] - Epoch: 150, loss: 27.8528
[2026-05-30 10:16:57,303][root][INFO] - Epoch: 151, loss: 28.9006
[2026-05-30 10:16:57,375][root][INFO] - Epoch: 152, loss: 34.0458
[2026-05-30 10:16:57,446][root][INFO] - Epoch: 153, loss: 33.5373
[2026-05-30 10:16:57,518][root][INFO] - Epoch: 154, loss: 32.5223
[2026-05-30 10:16:57,590][root][INFO] - Epoch: 155, loss: 30.8885
[2026-05-30 10:16:57,661][root][INFO] - Epoch: 156, loss: 28.9722
[2026-05-30 10:16:57,732][root][INFO] - Epoch: 157, loss: 28.4553
[2026-05-30 10:16:57,804][root][INFO] - Epoch: 158, loss: 27.5206
[2026-05-30 10:16:57,876][root][INFO] - Epoch: 159, loss: 26.7490
[2026-05-30 10:16:57,948][root][INFO] - Epoch: 160, loss: 26.6973
[2026-05-30 10:16:58,020][root][INFO] - Epoch: 161, loss: 26.4783
[2026-05-30 10:16:58,091][root][INFO] - Epoch: 162, loss: 26.9259
[2026-05-30 10:16:58,164][root][INFO] - Epoch: 163, loss: 26.4678
[2026-05-30 10:16:58,236][root][INFO] - Epoch: 164, loss: 26.0610
[2026-05-30 10:16:58,308][root][INFO] - Epoch: 165, loss: 26.2309
[2026-05-30 10:16:58,382][root][INFO] - Epoch: 166, loss: 26.2771
[2026-05-30 10:16:58,454][root][INFO] - Epoch: 167, loss: 25.9648
[2026-05-30 10:16:58,526][root][INFO] - Epoch: 168, loss: 26.1809
[2026-05-30 10:16:58,599][root][INFO] - Epoch: 169, loss: 25.9594
[2026-05-30 10:16:58,672][root][INFO] - Epoch: 170, loss: 27.6350
[2026-05-30 10:16:58,744][root][INFO] - Epoch: 171, loss: 27.2163
[2026-05-30 10:16:58,818][root][INFO] - Epoch: 172, loss: 26.5830
[2026-05-30 10:16:58,891][root][INFO] - Epoch: 173, loss: 26.6838
[2026-05-30 10:16:58,964][root][INFO] - Epoch: 174, loss: 27.4074
[2026-05-30 10:16:59,036][root][INFO] - Epoch: 175, loss: 28.1976
[2026-05-30 10:16:59,108][root][INFO] - Epoch: 176, loss: 26.3093
[2026-05-30 10:16:59,180][root][INFO] - Epoch: 177, loss: 26.7756
[2026-05-30 10:16:59,251][root][INFO] - Epoch: 178, loss: 27.3472
[2026-05-30 10:16:59,323][root][INFO] - Epoch: 179, loss: 27.5652
[2026-05-30 10:16:59,395][root][INFO] - Epoch: 180, loss: 26.5311
[2026-05-30 10:16:59,396][root][INFO] - Early stopping at epoch: 179
[2026-05-30 10:16:59,454][root][INFO] - {'model_loss': '26.5311', 'recon_loss': '0.0000', 'triplet_loss': '26.5311'}
[2026-05-30 10:16:59,460][root][INFO] - Generation 182/400 - Time: 0.00 seconds
[2026-05-30 10:16:59,461][root][INFO] - {'coverage': '100.00', 'max_fitness': '0.00', 'passive_coverage': '41.21', 'passive_max_fitness': '0.00', 'passive_mean_fitness': '-57.14', 'passive_qd_score': '35565.39', 'qd_score': '89804.12', 'mean_fitness_top_k': '-20.44'}
[2026-05-30 10:17:00,629][root][INFO] - Generation 183/400 - Time: 0.00 seconds
[2026-05-30 10:17:00,630][root][INFO] - {'coverage': '100.00', 'max_fitness': '0.00', 'passive_coverage': '42.29', 'passive_max_fitness': '0.00', 'passive_mean_fitness': '-57.37', 'passive_qd_score': '36393.99', 'qd_score': '89500.02', 'mean_fitness_top_k': '-21.84'}
[2026-05-30 10:17:01,788][root][INFO] - Generation 184/400 - Time: 0.00 seconds
[2026-05-30 10:17:01,789][root][INFO] - {'coverage': '100.00', 'max_fitness': '0.00', 'passive_coverage': '43.16', 'passive_max_fitness': '0.00', 'passive_mean_fitness': '-57.87', 'passive_qd_score': '36928.60', 'qd_score': '89595.88', 'mean_fitness_top_k': '-21.90'}
[2026-05-30 10:17:02,921][root][INFO] - Generation 185/400 - Time: 0.00 seconds
[2026-05-30 10:17:02,922][root][INFO] - {'coverage': '100.00', 'max_fitness': '0.00', 'passive_coverage': '43.65', 'passive_max_fitness': '0.00', 'passive_mean_fitness': '-58.22', 'passive_qd_score': '37192.66', 'qd_score': '90682.16', 'mean_fitness_top_k': '-21.39'}
[2026-05-30 10:17:04,048][root][INFO] - Generation 186/400 - Time: 0.00 seconds
[2026-05-30 10:17:04,049][root][INFO] - {'coverage': '100.00', 'max_fitness': '0.00', 'passive_coverage': '44.14', 'passive_max_fitness': '0.00', 'passive_mean_fitness': '-58.33', 'passive_qd_score': '37558.25', 'qd_score': '91263.52', 'mean_fitness_top_k': '-21.14'}
[2026-05-30 10:17:05,171][root][INFO] - Generation 187/400 - Time: 0.00 seconds
[2026-05-30 10:17:05,172][root][INFO] - {'coverage': '100.00', 'max_fitness': '0.00', 'passive_coverage': '44.73', 'passive_max_fitness': '0.00', 'passive_mean_fitness': '-58.36', 'passive_qd_score': '38043.20', 'qd_score': '91427.12', 'mean_fitness_top_k': '-21.15'}
[2026-05-30 10:17:06,355][root][INFO] - Generation 188/400 - Time: 0.00 seconds
[2026-05-30 10:17:06,356][root][INFO] - {'coverage': '100.00', 'max_fitness': '0.00', 'passive_coverage': '45.51', 'passive_max_fitness': '0.00', 'passive_mean_fitness': '-58.25', 'passive_qd_score': '38758.79', 'qd_score': '91536.92', 'mean_fitness_top_k': '-20.52'}
[2026-05-30 10:17:07,515][root][INFO] - Generation 189/400 - Time: 0.00 seconds
[2026-05-30 10:17:07,516][root][INFO] - {'coverage': '100.00', 'max_fitness': '0.00', 'passive_coverage': '46.00', 'passive_max_fitness': '0.00', 'passive_mean_fitness': '-58.40', 'passive_qd_score': '39104.33', 'qd_score': '91350.22', 'mean_fitness_top_k': '-20.54'}
[2026-05-30 10:17:08,664][root][INFO] - Generation 190/400 - Time: 0.00 seconds
[2026-05-30 10:17:08,664][root][INFO] - {'coverage': '100.00', 'max_fitness': '0.00', 'passive_coverage': '46.29', 'passive_max_fitness': '0.00', 'passive_mean_fitness': '-58.51', 'passive_qd_score': '39299.00', 'qd_score': '91962.77', 'mean_fitness_top_k': '-19.66'}
[2026-05-30 10:17:09,821][root][INFO] - Generation 191/400 - Time: 0.00 seconds
[2026-05-30 10:17:09,822][root][INFO] - {'coverage': '100.00', 'max_fitness': '0.00', 'passive_coverage': '46.78', 'passive_max_fitness': '0.00', 'passive_mean_fitness': '-58.64', 'passive_qd_score': '39651.61', 'qd_score': '92478.36', 'mean_fitness_top_k': '-19.24'}
[2026-05-30 10:17:10,975][root][INFO] - Generation 192/400 - Time: 0.00 seconds
[2026-05-30 10:17:10,976][root][INFO] - {'coverage': '100.00', 'max_fitness': '0.00', 'passive_coverage': '47.07', 'passive_max_fitness': '0.00', 'passive_mean_fitness': '-58.61', 'passive_qd_score': '39914.12', 'qd_score': '93014.83', 'mean_fitness_top_k': '-18.60'}
[2026-05-30 10:17:12,168][root][INFO] - Generation 193/400 - Time: 0.00 seconds
[2026-05-30 10:17:12,169][root][INFO] - {'coverage': '100.00', 'max_fitness': '0.00', 'passive_coverage': '47.27', 'passive_max_fitness': '0.00', 'passive_mean_fitness': '-58.56', 'passive_qd_score': '40104.80', 'qd_score': '92769.64', 'mean_fitness_top_k': '-18.55'}
[2026-05-30 10:17:13,297][root][INFO] - Generation 194/400 - Time: 0.00 seconds
[2026-05-30 10:17:13,298][root][INFO] - {'coverage': '100.00', 'max_fitness': '0.00', 'passive_coverage': '47.85', 'passive_max_fitness': '0.00', 'passive_mean_fitness': '-58.66', 'passive_qd_score': '40551.44', 'qd_score': '92920.80', 'mean_fitness_top_k': '-18.27'}
[2026-05-30 10:17:14,447][root][INFO] - Generation 195/400 - Time: 0.00 seconds
[2026-05-30 10:17:14,448][root][INFO] - {'coverage': '100.00', 'max_fitness': '0.00', 'passive_coverage': '48.05', 'passive_max_fitness': '0.00', 'passive_mean_fitness': '-58.67', 'passive_qd_score': '40715.03', 'qd_score': '93184.36', 'mean_fitness_top_k': '-18.18'}
[2026-05-30 10:17:15,568][root][INFO] - Generation 196/400 - Time: 0.00 seconds
[2026-05-30 10:17:15,569][root][INFO] - {'coverage': '100.00', 'max_fitness': '0.00', 'passive_coverage': '48.14', 'passive_max_fitness': '0.00', 'passive_mean_fitness': '-58.74', 'passive_qd_score': '40762.01', 'qd_score': '93187.47', 'mean_fitness_top_k': '-17.90'}
[2026-05-30 10:17:16,742][root][INFO] - Generation 197/400 - Time: 0.00 seconds
[2026-05-30 10:17:16,743][root][INFO] - {'coverage': '100.00', 'max_fitness': '0.00', 'passive_coverage': '48.24', 'passive_max_fitness': '0.00', 'passive_mean_fitness': '-58.78', 'passive_qd_score': '40822.75', 'qd_score': '93004.27', 'mean_fitness_top_k': '-17.64'}
[2026-05-30 10:17:17,867][root][INFO] - Generation 198/400 - Time: 0.00 seconds
[2026-05-30 10:17:17,868][root][INFO] - {'coverage': '100.00', 'max_fitness': '0.00', 'passive_coverage': '48.54', 'passive_max_fitness': '0.00', 'passive_mean_fitness': '-58.80', 'passive_qd_score': '41061.09', 'qd_score': '93336.30', 'mean_fitness_top_k': '-17.50'}
[2026-05-30 10:17:19,018][root][INFO] - Generation 199/400 - Time: 0.00 seconds
[2026-05-30 10:17:19,020][root][INFO] - {'coverage': '100.00', 'max_fitness': '0.00', 'passive_coverage': '48.73', 'passive_max_fitness': '0.00', 'passive_mean_fitness': '-58.76', 'passive_qd_score': '41248.67', 'qd_score': '93794.48', 'mean_fitness_top_k': '-17.45'}
[2026-05-30 10:17:20,200][root][INFO] - Generation 200/400 - Time: 0.00 seconds
[2026-05-30 10:17:20,201][root][INFO] - {'coverage': '100.00', 'max_fitness': '0.00', 'passive_coverage': '48.93', 'passive_max_fitness': '0.00', 'passive_mean_fitness': '-58.83', 'passive_qd_score': '41378.74', 'qd_score': '93883.18', 'mean_fitness_top_k': '-17.28'}
[2026-05-30 10:17:21,332][root][INFO] - Generation 201/400 - Time: 0.00 seconds
[2026-05-30 10:17:21,333][root][INFO] - {'coverage': '100.00', 'max_fitness': '0.00', 'passive_coverage': '49.41', 'passive_max_fitness': '0.00', 'passive_mean_fitness': '-58.98', 'passive_qd_score': '41714.86', 'qd_score': '93902.04', 'mean_fitness_top_k': '-17.19'}
[2026-05-30 10:17:22,476][root][INFO] - Generation 202/400 - Time: 0.00 seconds
[2026-05-30 10:17:22,477][root][INFO] - {'coverage': '100.00', 'max_fitness': '0.00', 'passive_coverage': '49.51', 'passive_max_fitness': '0.00', 'passive_mean_fitness': '-59.00', 'passive_qd_score': '41785.11', 'qd_score': '93942.22', 'mean_fitness_top_k': '-16.60'}
[2026-05-30 10:17:23,655][root][INFO] - Generation 203/400 - Time: 0.00 seconds
[2026-05-30 10:17:23,655][root][INFO] - {'coverage': '100.00', 'max_fitness': '0.00', 'passive_coverage': '49.71', 'passive_max_fitness': '0.00', 'passive_mean_fitness': '-58.98', 'passive_qd_score': '41962.60', 'qd_score': '94418.69', 'mean_fitness_top_k': '-16.12'}
[2026-05-30 10:17:24,834][root][INFO] - Generation 204/400 - Time: 0.00 seconds
[2026-05-30 10:17:24,835][root][INFO] - {'coverage': '100.00', 'max_fitness': '0.00', 'passive_coverage': '49.90', 'passive_max_fitness': '0.00', 'passive_mean_fitness': '-58.90', 'passive_qd_score': '42168.39', 'qd_score': '94642.39', 'mean_fitness_top_k': '-15.79'}
[2026-05-30 10:17:26,002][root][INFO] - Generation 205/400 - Time: 0.00 seconds
[2026-05-30 10:17:26,003][root][INFO] - {'coverage': '100.00', 'max_fitness': '0.00', 'passive_coverage': '49.90', 'passive_max_fitness': '0.00', 'passive_mean_fitness': '-58.89', 'passive_qd_score': '42171.14', 'qd_score': '94872.22', 'mean_fitness_top_k': '-15.50'}
[2026-05-30 10:17:27,174][root][INFO] - Generation 206/400 - Time: 0.00 seconds
[2026-05-30 10:17:27,175][root][INFO] - {'coverage': '100.00', 'max_fitness': '0.00', 'passive_coverage': '50.20', 'passive_max_fitness': '0.00', 'passive_mean_fitness': '-58.58', 'passive_qd_score': '42579.61', 'qd_score': '94849.05', 'mean_fitness_top_k': '-15.14'}
[2026-05-30 10:17:28,323][root][INFO] - Generation 207/400 - Time: 0.00 seconds
[2026-05-30 10:17:28,324][root][INFO] - {'coverage': '100.00', 'max_fitness': '0.00', 'passive_coverage': '50.68', 'passive_max_fitness': '0.00', 'passive_mean_fitness': '-58.71', 'passive_qd_score': '42925.89', 'qd_score': '95158.20', 'mean_fitness_top_k': '-14.81'}
[2026-05-30 10:17:29,372][root][INFO] - Generation 208/400 - Time: 0.00 seconds
[2026-05-30 10:17:29,373][root][INFO] - {'coverage': '100.00', 'max_fitness': '0.00', 'passive_coverage': '50.88', 'passive_max_fitness': '0.00', 'passive_mean_fitness': '-58.71', 'passive_qd_score': '43093.87', 'qd_score': '95217.71', 'mean_fitness_top_k': '-14.81'}
[2026-05-30 10:17:30,378][root][INFO] - Generation 209/400 - Time: 0.00 seconds
[2026-05-30 10:17:30,379][root][INFO] - {'coverage': '100.00', 'max_fitness': '0.00', 'passive_coverage': '51.07', 'passive_max_fitness': '0.00', 'passive_mean_fitness': '-58.65', 'passive_qd_score': '43287.62', 'qd_score': '95079.94', 'mean_fitness_top_k': '-14.64'}
[2026-05-30 10:17:31,355][root][INFO] - Updating AE...
[2026-05-30 10:17:32,137][root][INFO] - Epoch: 1, loss: 377.9939
[2026-05-30 10:17:32,205][root][INFO] - Epoch: 2, loss: 361.1446
[2026-05-30 10:17:32,277][root][INFO] - Epoch: 3, loss: 347.4424
[2026-05-30 10:17:32,347][root][INFO] - Epoch: 4, loss: 339.2661
[2026-05-30 10:17:32,416][root][INFO] - Epoch: 5, loss: 331.0194
[2026-05-30 10:17:32,486][root][INFO] - Epoch: 6, loss: 321.7218
[2026-05-30 10:17:32,555][root][INFO] - Epoch: 7, loss: 414.7125
[2026-05-30 10:17:32,626][root][INFO] - Epoch: 8, loss: 420.2625
[2026-05-30 10:17:32,696][root][INFO] - Epoch: 9, loss: 473.4875
[2026-05-30 10:17:32,767][root][INFO] - Epoch: 10, loss: 482.1089
[2026-05-30 10:17:32,837][root][INFO] - Epoch: 11, loss: 439.7045
[2026-05-30 10:17:32,909][root][INFO] - Epoch: 12, loss: 408.9695
[2026-05-30 10:17:32,980][root][INFO] - Epoch: 13, loss: 397.9352
[2026-05-30 10:17:33,051][root][INFO] - Epoch: 14, loss: 392.2061
[2026-05-30 10:17:33,123][root][INFO] - Epoch: 15, loss: 387.9470
[2026-05-30 10:17:33,194][root][INFO] - Epoch: 16, loss: 385.8832
[2026-05-30 10:17:33,264][root][INFO] - Epoch: 17, loss: 384.2480
[2026-05-30 10:17:33,265][root][INFO] - Early stopping at epoch: 16
[2026-05-30 10:17:33,293][root][INFO] - {'model_loss': '384.2480', 'recon_loss': '0.0000', 'triplet_loss': '384.2480'}
[2026-05-30 10:17:33,297][root][INFO] - Updating AE...
[2026-05-30 10:17:34,058][root][INFO] - Epoch: 1, loss: 110.9411
[2026-05-30 10:17:34,127][root][INFO] - Epoch: 2, loss: 34.2118
[2026-05-30 10:17:34,197][root][INFO] - Epoch: 3, loss: 29.9658
[2026-05-30 10:17:34,267][root][INFO] - Epoch: 4, loss: 28.7491
[2026-05-30 10:17:34,337][root][INFO] - Epoch: 5, loss: 28.0280
[2026-05-30 10:17:34,407][root][INFO] - Epoch: 6, loss: 27.6936
[2026-05-30 10:17:34,477][root][INFO] - Epoch: 7, loss: 27.3304
[2026-05-30 10:17:34,548][root][INFO] - Epoch: 8, loss: 27.0136
[2026-05-30 10:17:34,619][root][INFO] - Epoch: 9, loss: 26.6202
[2026-05-30 10:17:34,689][root][INFO] - Epoch: 10, loss: 26.2844
[2026-05-30 10:17:34,761][root][INFO] - Epoch: 11, loss: 25.9726
[2026-05-30 10:17:34,832][root][INFO] - Epoch: 12, loss: 25.6271
[2026-05-30 10:17:34,904][root][INFO] - Epoch: 13, loss: 25.2646
[2026-05-30 10:17:34,974][root][INFO] - Epoch: 14, loss: 24.9829
[2026-05-30 10:17:35,045][root][INFO] - Epoch: 15, loss: 24.7374
[2026-05-30 10:17:35,118][root][INFO] - Epoch: 16, loss: 24.4610
[2026-05-30 10:17:35,189][root][INFO] - Epoch: 17, loss: 24.2357
[2026-05-30 10:17:35,260][root][INFO] - Epoch: 18, loss: 24.0280
[2026-05-30 10:17:35,331][root][INFO] - Epoch: 19, loss: 23.8254
[2026-05-30 10:17:35,402][root][INFO] - Epoch: 20, loss: 23.6724
[2026-05-30 10:17:35,473][root][INFO] - Epoch: 21, loss: 23.4917
[2026-05-30 10:17:35,544][root][INFO] - Epoch: 22, loss: 23.3644
[2026-05-30 10:17:35,616][root][INFO] - Epoch: 23, loss: 23.2241
[2026-05-30 10:17:35,688][root][INFO] - Epoch: 24, loss: 23.1066
[2026-05-30 10:17:35,758][root][INFO] - Epoch: 25, loss: 22.9418
[2026-05-30 10:17:35,829][root][INFO] - Epoch: 26, loss: 22.8281
[2026-05-30 10:17:35,900][root][INFO] - Epoch: 27, loss: 22.7639
[2026-05-30 10:17:35,971][root][INFO] - Epoch: 28, loss: 22.6770
[2026-05-30 10:17:36,042][root][INFO] - Epoch: 29, loss: 22.5478
[2026-05-30 10:17:36,113][root][INFO] - Epoch: 30, loss: 22.4510
[2026-05-30 10:17:36,184][root][INFO] - Epoch: 31, loss: 22.3780
[2026-05-30 10:17:36,255][root][INFO] - Epoch: 32, loss: 22.2623
[2026-05-30 10:17:36,326][root][INFO] - Epoch: 33, loss: 22.2134
[2026-05-30 10:17:36,397][root][INFO] - Epoch: 34, loss: 22.0979
[2026-05-30 10:17:36,469][root][INFO] - Epoch: 35, loss: 22.0033
[2026-05-30 10:17:36,540][root][INFO] - Epoch: 36, loss: 21.9025
[2026-05-30 10:17:36,613][root][INFO] - Epoch: 37, loss: 21.8445
[2026-05-30 10:17:36,683][root][INFO] - Epoch: 38, loss: 21.7527
[2026-05-30 10:17:36,755][root][INFO] - Epoch: 39, loss: 21.6842
[2026-05-30 10:17:36,826][root][INFO] - Epoch: 40, loss: 21.6288
[2026-05-30 10:17:36,897][root][INFO] - Epoch: 41, loss: 21.5402
[2026-05-30 10:17:36,968][root][INFO] - Epoch: 42, loss: 21.4404
[2026-05-30 10:17:37,039][root][INFO] - Epoch: 43, loss: 21.4172
[2026-05-30 10:17:37,111][root][INFO] - Epoch: 44, loss: 21.3029
[2026-05-30 10:17:37,182][root][INFO] - Epoch: 45, loss: 21.2264
[2026-05-30 10:17:37,253][root][INFO] - Epoch: 46, loss: 21.1492
[2026-05-30 10:17:37,324][root][INFO] - Epoch: 47, loss: 21.0617
[2026-05-30 10:17:37,394][root][INFO] - Epoch: 48, loss: 21.0020
[2026-05-30 10:17:37,466][root][INFO] - Epoch: 49, loss: 20.9484
[2026-05-30 10:17:37,538][root][INFO] - Epoch: 50, loss: 20.8613
[2026-05-30 10:17:37,610][root][INFO] - Epoch: 51, loss: 20.7666
[2026-05-30 10:17:37,681][root][INFO] - Epoch: 52, loss: 20.7270
[2026-05-30 10:17:37,752][root][INFO] - Epoch: 53, loss: 20.6918
[2026-05-30 10:17:37,823][root][INFO] - Epoch: 54, loss: 20.6340
[2026-05-30 10:17:37,894][root][INFO] - Epoch: 55, loss: 21.3905
[2026-05-30 10:17:37,965][root][INFO] - Epoch: 56, loss: 20.9823
[2026-05-30 10:17:38,040][root][INFO] - Epoch: 57, loss: 20.5451
[2026-05-30 10:17:38,110][root][INFO] - Epoch: 58, loss: 20.4681
[2026-05-30 10:17:38,181][root][INFO] - Epoch: 59, loss: 20.4081
[2026-05-30 10:17:38,251][root][INFO] - Epoch: 60, loss: 20.3024
[2026-05-30 10:17:38,322][root][INFO] - Epoch: 61, loss: 20.2871
[2026-05-30 10:17:38,392][root][INFO] - Epoch: 62, loss: 20.2250
[2026-05-30 10:17:38,463][root][INFO] - Epoch: 63, loss: 20.1461
[2026-05-30 10:17:38,533][root][INFO] - Epoch: 64, loss: 20.1970
[2026-05-30 10:17:38,604][root][INFO] - Epoch: 65, loss: 20.0950
[2026-05-30 10:17:38,687][root][INFO] - Epoch: 66, loss: 20.0094
[2026-05-30 10:17:38,758][root][INFO] - Epoch: 67, loss: 19.9830
[2026-05-30 10:17:38,830][root][INFO] - Epoch: 68, loss: 19.9174
[2026-05-30 10:17:38,900][root][INFO] - Epoch: 69, loss: 19.9327
[2026-05-30 10:17:38,970][root][INFO] - Epoch: 70, loss: 19.8906
[2026-05-30 10:17:39,041][root][INFO] - Epoch: 71, loss: 19.8080
[2026-05-30 10:17:39,111][root][INFO] - Epoch: 72, loss: 19.7697
[2026-05-30 10:17:39,181][root][INFO] - Epoch: 73, loss: 19.6881
[2026-05-30 10:17:39,252][root][INFO] - Epoch: 74, loss: 19.6897
[2026-05-30 10:17:39,325][root][INFO] - Epoch: 75, loss: 19.5915
[2026-05-30 10:17:39,396][root][INFO] - Epoch: 76, loss: 19.5124
[2026-05-30 10:17:39,467][root][INFO] - Epoch: 77, loss: 19.5142
[2026-05-30 10:17:39,538][root][INFO] - Epoch: 78, loss: 19.4610
[2026-05-30 10:17:39,609][root][INFO] - Epoch: 79, loss: 19.6566
[2026-05-30 10:17:39,679][root][INFO] - Epoch: 80, loss: 19.3223
[2026-05-30 10:17:39,750][root][INFO] - Epoch: 81, loss: 19.1910
[2026-05-30 10:17:39,821][root][INFO] - Epoch: 82, loss: 19.1962
[2026-05-30 10:17:39,892][root][INFO] - Epoch: 83, loss: 19.1331
[2026-05-30 10:17:39,963][root][INFO] - Epoch: 84, loss: 18.9764
[2026-05-30 10:17:40,032][root][INFO] - Epoch: 85, loss: 18.9645
[2026-05-30 10:17:40,103][root][INFO] - Epoch: 86, loss: 18.8632
[2026-05-30 10:17:40,174][root][INFO] - Epoch: 87, loss: 18.9335
[2026-05-30 10:17:40,244][root][INFO] - Epoch: 88, loss: 18.8211
[2026-05-30 10:17:40,315][root][INFO] - Epoch: 89, loss: 18.7974
[2026-05-30 10:17:40,386][root][INFO] - Epoch: 90, loss: 18.7283
[2026-05-30 10:17:40,457][root][INFO] - Epoch: 91, loss: 18.6955
[2026-05-30 10:17:40,529][root][INFO] - Epoch: 92, loss: 18.5952
[2026-05-30 10:17:40,600][root][INFO] - Epoch: 93, loss: 18.6195
[2026-05-30 10:17:40,670][root][INFO] - Epoch: 94, loss: 18.5816
[2026-05-30 10:17:40,740][root][INFO] - Epoch: 95, loss: 18.4641
[2026-05-30 10:17:40,813][root][INFO] - Epoch: 96, loss: 18.7217
[2026-05-30 10:17:40,884][root][INFO] - Epoch: 97, loss: 18.5559
[2026-05-30 10:17:40,954][root][INFO] - Epoch: 98, loss: 18.5837
[2026-05-30 10:17:41,023][root][INFO] - Epoch: 99, loss: 18.5279
[2026-05-30 10:17:41,094][root][INFO] - Epoch: 100, loss: 18.4592
[2026-05-30 10:17:41,165][root][INFO] - Epoch: 101, loss: 18.2822
[2026-05-30 10:17:41,236][root][INFO] - Epoch: 102, loss: 18.2118
[2026-05-30 10:17:41,307][root][INFO] - Epoch: 103, loss: 18.2551
[2026-05-30 10:17:41,378][root][INFO] - Epoch: 104, loss: 18.0965
[2026-05-30 10:17:41,448][root][INFO] - Epoch: 105, loss: 18.0623
[2026-05-30 10:17:41,520][root][INFO] - Epoch: 106, loss: 18.1390
[2026-05-30 10:17:41,591][root][INFO] - Epoch: 107, loss: 17.9988
[2026-05-30 10:17:41,664][root][INFO] - Epoch: 108, loss: 17.9557
[2026-05-30 10:17:41,734][root][INFO] - Epoch: 109, loss: 17.8958
[2026-05-30 10:17:41,806][root][INFO] - Epoch: 110, loss: 17.9429
[2026-05-30 10:17:41,876][root][INFO] - Epoch: 111, loss: 17.8048
[2026-05-30 10:17:41,948][root][INFO] - Epoch: 112, loss: 17.8737
[2026-05-30 10:17:42,019][root][INFO] - Epoch: 113, loss: 17.7668
[2026-05-30 10:17:42,091][root][INFO] - Epoch: 114, loss: 17.6314
[2026-05-30 10:17:42,162][root][INFO] - Epoch: 115, loss: 17.7392
[2026-05-30 10:17:42,233][root][INFO] - Epoch: 116, loss: 17.7944
[2026-05-30 10:17:42,303][root][INFO] - Epoch: 117, loss: 17.6015
[2026-05-30 10:17:42,373][root][INFO] - Epoch: 118, loss: 17.5640
[2026-05-30 10:17:42,444][root][INFO] - Epoch: 119, loss: 17.5151
[2026-05-30 10:17:42,517][root][INFO] - Epoch: 120, loss: 17.5945
[2026-05-30 10:17:42,588][root][INFO] - Epoch: 121, loss: 17.3625
[2026-05-30 10:17:42,660][root][INFO] - Epoch: 122, loss: 17.3741
[2026-05-30 10:17:42,731][root][INFO] - Epoch: 123, loss: 17.2758
[2026-05-30 10:17:42,801][root][INFO] - Epoch: 124, loss: 17.4202
[2026-05-30 10:17:42,872][root][INFO] - Epoch: 125, loss: 17.1259
[2026-05-30 10:17:42,943][root][INFO] - Epoch: 126, loss: 17.2360
[2026-05-30 10:17:43,014][root][INFO] - Epoch: 127, loss: 16.9480
[2026-05-30 10:17:43,086][root][INFO] - Epoch: 128, loss: 17.0281
[2026-05-30 10:17:43,158][root][INFO] - Epoch: 129, loss: 17.0288
[2026-05-30 10:17:43,229][root][INFO] - Epoch: 130, loss: 16.8889
[2026-05-30 10:17:43,299][root][INFO] - Epoch: 131, loss: 16.8265
[2026-05-30 10:17:43,369][root][INFO] - Epoch: 132, loss: 16.9882
[2026-05-30 10:17:43,441][root][INFO] - Epoch: 133, loss: 16.9317
[2026-05-30 10:17:43,513][root][INFO] - Epoch: 134, loss: 16.8815
[2026-05-30 10:17:43,583][root][INFO] - Epoch: 135, loss: 16.6298
[2026-05-30 10:17:43,656][root][INFO] - Epoch: 136, loss: 16.5067
[2026-05-30 10:17:43,726][root][INFO] - Epoch: 137, loss: 16.6221
[2026-05-30 10:17:43,797][root][INFO] - Epoch: 138, loss: 16.6800
[2026-05-30 10:17:43,868][root][INFO] - Epoch: 139, loss: 16.6097
[2026-05-30 10:17:43,939][root][INFO] - Epoch: 140, loss: 16.5489
[2026-05-30 10:17:44,009][root][INFO] - Epoch: 141, loss: 16.4176
[2026-05-30 10:17:44,081][root][INFO] - Epoch: 142, loss: 16.4342
[2026-05-30 10:17:44,152][root][INFO] - Epoch: 143, loss: 16.3807
[2026-05-30 10:17:44,222][root][INFO] - Epoch: 144, loss: 16.2656
[2026-05-30 10:17:44,294][root][INFO] - Epoch: 145, loss: 16.4512
[2026-05-30 10:17:44,365][root][INFO] - Epoch: 146, loss: 16.1683
[2026-05-30 10:17:44,437][root][INFO] - Epoch: 147, loss: 16.3449
[2026-05-30 10:17:44,508][root][INFO] - Epoch: 148, loss: 16.2441
[2026-05-30 10:17:44,581][root][INFO] - Epoch: 149, loss: 16.4497
[2026-05-30 10:17:44,652][root][INFO] - Epoch: 150, loss: 16.0358
[2026-05-30 10:17:44,724][root][INFO] - Epoch: 151, loss: 16.1694
[2026-05-30 10:17:44,795][root][INFO] - Epoch: 152, loss: 16.0465
[2026-05-30 10:17:44,867][root][INFO] - Epoch: 153, loss: 16.0375
[2026-05-30 10:17:44,939][root][INFO] - Epoch: 154, loss: 16.0734
[2026-05-30 10:17:45,009][root][INFO] - Epoch: 155, loss: 16.1992
[2026-05-30 10:17:45,080][root][INFO] - Epoch: 156, loss: 15.9781
[2026-05-30 10:17:45,150][root][INFO] - Epoch: 157, loss: 15.9658
[2026-05-30 10:17:45,221][root][INFO] - Epoch: 158, loss: 15.8464
[2026-05-30 10:17:45,291][root][INFO] - Epoch: 159, loss: 15.8770
[2026-05-30 10:17:45,362][root][INFO] - Epoch: 160, loss: 15.6493
[2026-05-30 10:17:45,433][root][INFO] - Epoch: 161, loss: 15.4997
[2026-05-30 10:17:45,503][root][INFO] - Epoch: 162, loss: 15.7419
[2026-05-30 10:17:45,575][root][INFO] - Epoch: 163, loss: 15.5892
[2026-05-30 10:17:45,646][root][INFO] - Epoch: 164, loss: 15.7069
[2026-05-30 10:17:45,718][root][INFO] - Epoch: 165, loss: 15.9034
[2026-05-30 10:17:45,790][root][INFO] - Epoch: 166, loss: 16.1471
[2026-05-30 10:17:45,862][root][INFO] - Epoch: 167, loss: 16.1614
[2026-05-30 10:17:45,933][root][INFO] - Epoch: 168, loss: 16.9252
[2026-05-30 10:17:46,003][root][INFO] - Epoch: 169, loss: 16.3926
[2026-05-30 10:17:46,073][root][INFO] - Epoch: 170, loss: 17.0157
[2026-05-30 10:17:46,145][root][INFO] - Epoch: 171, loss: 16.3837
[2026-05-30 10:17:46,216][root][INFO] - Epoch: 172, loss: 15.5935
[2026-05-30 10:17:46,217][root][INFO] - Early stopping at epoch: 171
[2026-05-30 10:17:46,260][root][INFO] - {'model_loss': '15.5935', 'recon_loss': '0.0000', 'triplet_loss': '15.5935'}
[2026-05-30 10:17:46,263][root][INFO] - Generation 210/400 - Time: 0.00 seconds
[2026-05-30 10:17:46,264][root][INFO] - {'coverage': '100.00', 'max_fitness': '0.00', 'passive_coverage': '51.17', 'passive_max_fitness': '0.00', 'passive_mean_fitness': '-58.62', 'passive_qd_score': '43389.71', 'qd_score': '95770.20', 'mean_fitness_top_k': '-14.40'}
[2026-05-30 10:17:47,306][root][INFO] - Generation 211/400 - Time: 0.00 seconds
[2026-05-30 10:17:47,307][root][INFO] - {'coverage': '100.00', 'max_fitness': '0.00', 'passive_coverage': '52.64', 'passive_max_fitness': '0.00', 'passive_mean_fitness': '-59.22', 'passive_qd_score': '44307.28', 'qd_score': '100322.92', 'mean_fitness_top_k': '-13.17'}
[2026-05-30 10:17:48,441][root][INFO] - Generation 212/400 - Time: 0.00 seconds
[2026-05-30 10:17:48,442][root][INFO] - {'coverage': '100.00', 'max_fitness': '0.00', 'passive_coverage': '54.10', 'passive_max_fitness': '0.00', 'passive_mean_fitness': '-59.43', 'passive_qd_score': '45424.05', 'qd_score': '102078.80', 'mean_fitness_top_k': '-12.99'}
[2026-05-30 10:17:49,585][root][INFO] - Generation 213/400 - Time: 0.00 seconds
[2026-05-30 10:17:49,585][root][INFO] - {'coverage': '100.00', 'max_fitness': '0.00', 'passive_coverage': '55.27', 'passive_max_fitness': '0.00', 'passive_mean_fitness': '-59.67', 'passive_qd_score': '46270.98', 'qd_score': '103172.26', 'mean_fitness_top_k': '-12.43'}
[2026-05-30 10:17:50,733][root][INFO] - Generation 214/400 - Time: 0.00 seconds
[2026-05-30 10:17:50,734][root][INFO] - {'coverage': '100.00', 'max_fitness': '0.00', 'passive_coverage': '56.25', 'passive_max_fitness': '0.00', 'passive_mean_fitness': '-59.67', 'passive_qd_score': '47086.32', 'qd_score': '104411.91', 'mean_fitness_top_k': '-12.09'}
[2026-05-30 10:17:51,863][root][INFO] - Generation 215/400 - Time: 0.00 seconds
[2026-05-30 10:17:51,864][root][INFO] - {'coverage': '100.00', 'max_fitness': '0.00', 'passive_coverage': '57.03', 'passive_max_fitness': '0.00', 'passive_mean_fitness': '-59.81', 'passive_qd_score': '47659.49', 'qd_score': '104809.16', 'mean_fitness_top_k': '-11.90'}
[2026-05-30 10:17:53,000][root][INFO] - Generation 216/400 - Time: 0.00 seconds
[2026-05-30 10:17:53,001][root][INFO] - {'coverage': '100.00', 'max_fitness': '0.00', 'passive_coverage': '58.20', 'passive_max_fitness': '0.00', 'passive_mean_fitness': '-59.82', 'passive_qd_score': '48636.19', 'qd_score': '105323.25', 'mean_fitness_top_k': '-11.54'}
[2026-05-30 10:17:54,139][root][INFO] - Generation 217/400 - Time: 0.00 seconds
[2026-05-30 10:17:54,139][root][INFO] - {'coverage': '100.00', 'max_fitness': '0.00', 'passive_coverage': '59.08', 'passive_max_fitness': '0.00', 'passive_mean_fitness': '-59.97', 'passive_qd_score': '49280.25', 'qd_score': '104827.25', 'mean_fitness_top_k': '-11.35'}
[2026-05-30 10:17:55,288][root][INFO] - Generation 218/400 - Time: 0.00 seconds
[2026-05-30 10:17:55,289][root][INFO] - {'coverage': '100.00', 'max_fitness': '0.00', 'passive_coverage': '59.77', 'passive_max_fitness': '0.00', 'passive_mean_fitness': '-59.99', 'passive_qd_score': '49837.93', 'qd_score': '105038.89', 'mean_fitness_top_k': '-11.10'}
[2026-05-30 10:17:56,450][root][INFO] - Generation 219/400 - Time: 0.00 seconds
[2026-05-30 10:17:56,451][root][INFO] - {'coverage': '100.00', 'max_fitness': '0.00', 'passive_coverage': '60.45', 'passive_max_fitness': '0.00', 'passive_mean_fitness': '-60.09', 'passive_qd_score': '50342.32', 'qd_score': '105138.16', 'mean_fitness_top_k': '-10.68'}
[2026-05-30 10:17:57,685][root][INFO] - Generation 220/400 - Time: 0.00 seconds
[2026-05-30 10:17:57,686][root][INFO] - {'coverage': '100.00', 'max_fitness': '0.00', 'passive_coverage': '60.64', 'passive_max_fitness': '0.00', 'passive_mean_fitness': '-60.02', 'passive_qd_score': '50549.82', 'qd_score': '105036.92', 'mean_fitness_top_k': '-10.33'}
[2026-05-30 10:17:58,823][root][INFO] - Generation 221/400 - Time: 0.00 seconds
[2026-05-30 10:17:58,824][root][INFO] - {'coverage': '100.00', 'max_fitness': '0.00', 'passive_coverage': '61.52', 'passive_max_fitness': '0.00', 'passive_mean_fitness': '-60.03', 'passive_qd_score': '51276.97', 'qd_score': '105574.28', 'mean_fitness_top_k': '-10.04'}
[2026-05-30 10:17:59,966][root][INFO] - Generation 222/400 - Time: 0.00 seconds
[2026-05-30 10:17:59,967][root][INFO] - {'coverage': '100.00', 'max_fitness': '0.00', 'passive_coverage': '61.82', 'passive_max_fitness': '0.00', 'passive_mean_fitness': '-60.04', 'passive_qd_score': '51515.52', 'qd_score': '106086.84', 'mean_fitness_top_k': '-9.41'}
[2026-05-30 10:18:01,115][root][INFO] - Generation 223/400 - Time: 0.00 seconds
[2026-05-30 10:18:01,116][root][INFO] - {'coverage': '100.00', 'max_fitness': '0.00', 'passive_coverage': '62.11', 'passive_max_fitness': '0.00', 'passive_mean_fitness': '-59.96', 'passive_qd_score': '51808.84', 'qd_score': '106459.73', 'mean_fitness_top_k': '-8.86'}
[2026-05-30 10:18:02,247][root][INFO] - Generation 224/400 - Time: 0.00 seconds
[2026-05-30 10:18:02,248][root][INFO] - {'coverage': '100.00', 'max_fitness': '0.00', 'passive_coverage': '62.60', 'passive_max_fitness': '0.00', 'passive_mean_fitness': '-59.84', 'passive_qd_score': '52296.46', 'qd_score': '107100.99', 'mean_fitness_top_k': '-8.31'}
[2026-05-30 10:18:03,384][root][INFO] - Generation 225/400 - Time: 0.00 seconds
[2026-05-30 10:18:03,384][root][INFO] - {'coverage': '100.00', 'max_fitness': '0.00', 'passive_coverage': '62.60', 'passive_max_fitness': '0.00', 'passive_mean_fitness': '-59.83', 'passive_qd_score': '52298.36', 'qd_score': '107634.95', 'mean_fitness_top_k': '-7.42'}
[2026-05-30 10:18:04,541][root][INFO] - Generation 226/400 - Time: 0.00 seconds
[2026-05-30 10:18:04,543][root][INFO] - {'coverage': '100.00', 'max_fitness': '0.00', 'passive_coverage': '63.09', 'passive_max_fitness': '0.00', 'passive_mean_fitness': '-59.81', 'passive_qd_score': '52720.84', 'qd_score': '107683.20', 'mean_fitness_top_k': '-6.73'}
[2026-05-30 10:18:05,723][root][INFO] - Generation 227/400 - Time: 0.00 seconds
[2026-05-30 10:18:05,724][root][INFO] - {'coverage': '100.00', 'max_fitness': '0.00', 'passive_coverage': '63.28', 'passive_max_fitness': '0.00', 'passive_mean_fitness': '-59.70', 'passive_qd_score': '52957.81', 'qd_score': '108559.44', 'mean_fitness_top_k': '-5.75'}
[2026-05-30 10:18:06,861][root][INFO] - Generation 228/400 - Time: 0.00 seconds
[2026-05-30 10:18:06,862][root][INFO] - {'coverage': '100.00', 'max_fitness': '0.00', 'passive_coverage': '63.77', 'passive_max_fitness': '0.00', 'passive_mean_fitness': '-59.75', 'passive_qd_score': '53329.75', 'qd_score': '108472.02', 'mean_fitness_top_k': '-5.33'}
[2026-05-30 10:18:08,067][root][INFO] - Generation 229/400 - Time: 0.00 seconds
[2026-05-30 10:18:08,068][root][INFO] - {'coverage': '100.00', 'max_fitness': '0.00', 'passive_coverage': '63.77', 'passive_max_fitness': '0.00', 'passive_mean_fitness': '-59.74', 'passive_qd_score': '53335.13', 'qd_score': '109233.48', 'mean_fitness_top_k': '-4.63'}
[2026-05-30 10:18:09,276][root][INFO] - Generation 230/400 - Time: 0.00 seconds
[2026-05-30 10:18:09,277][root][INFO] - {'coverage': '100.00', 'max_fitness': '0.00', 'passive_coverage': '63.87', 'passive_max_fitness': '0.00', 'passive_mean_fitness': '-59.73', 'passive_qd_score': '53427.31', 'qd_score': '109585.86', 'mean_fitness_top_k': '-3.88'}
[2026-05-30 10:18:10,481][root][INFO] - Generation 231/400 - Time: 0.00 seconds
[2026-05-30 10:18:10,482][root][INFO] - {'coverage': '100.00', 'max_fitness': '0.00', 'passive_coverage': '63.96', 'passive_max_fitness': '0.00', 'passive_mean_fitness': '-59.69', 'passive_qd_score': '53535.57', 'qd_score': '110626.33', 'mean_fitness_top_k': '-2.58'}
[2026-05-30 10:18:11,677][root][INFO] - Generation 232/400 - Time: 0.00 seconds
[2026-05-30 10:18:11,678][root][INFO] - {'coverage': '100.00', 'max_fitness': '0.00', 'passive_coverage': '63.96', 'passive_max_fitness': '0.00', 'passive_mean_fitness': '-59.68', 'passive_qd_score': '53540.44', 'qd_score': '110772.95', 'mean_fitness_top_k': '-1.57'}
[2026-05-30 10:18:12,821][root][INFO] - Generation 233/400 - Time: 0.00 seconds
[2026-05-30 10:18:12,822][root][INFO] - {'coverage': '100.00', 'max_fitness': '0.00', 'passive_coverage': '64.06', 'passive_max_fitness': '0.00', 'passive_mean_fitness': '-59.73', 'passive_qd_score': '53592.32', 'qd_score': '111784.51', 'mean_fitness_top_k': '-0.57'}
[2026-05-30 10:18:13,960][root][INFO] - Generation 234/400 - Time: 0.00 seconds
[2026-05-30 10:18:13,961][root][INFO] - {'coverage': '100.00', 'max_fitness': '0.00', 'passive_coverage': '64.16', 'passive_max_fitness': '0.00', 'passive_mean_fitness': '-59.66', 'passive_qd_score': '53720.14', 'qd_score': '112520.09', 'mean_fitness_top_k': '0.00'}
[2026-05-30 10:18:15,119][root][INFO] - Generation 235/400 - Time: 0.00 seconds
[2026-05-30 10:18:15,120][root][INFO] - {'coverage': '100.00', 'max_fitness': '0.00', 'passive_coverage': '64.36', 'passive_max_fitness': '0.00', 'passive_mean_fitness': '-59.79', 'passive_qd_score': '53793.21', 'qd_score': '113284.29', 'mean_fitness_top_k': '0.00'}
[2026-05-30 10:18:16,256][root][INFO] - Generation 236/400 - Time: 0.00 seconds
[2026-05-30 10:18:16,257][root][INFO] - {'coverage': '100.00', 'max_fitness': '0.00', 'passive_coverage': '64.55', 'passive_max_fitness': '0.00', 'passive_mean_fitness': '-59.83', 'passive_qd_score': '53929.03', 'qd_score': '114007.92', 'mean_fitness_top_k': '0.00'}
[2026-05-30 10:18:17,399][root][INFO] - Generation 237/400 - Time: 0.00 seconds
[2026-05-30 10:18:17,400][root][INFO] - {'coverage': '100.00', 'max_fitness': '0.00', 'passive_coverage': '64.65', 'passive_max_fitness': '0.00', 'passive_mean_fitness': '-59.83', 'passive_qd_score': '54010.19', 'qd_score': '114713.86', 'mean_fitness_top_k': '0.00'}
[2026-05-30 10:18:18,538][root][INFO] - Generation 238/400 - Time: 0.00 seconds
[2026-05-30 10:18:18,539][root][INFO] - {'coverage': '100.00', 'max_fitness': '0.00', 'passive_coverage': '64.84', 'passive_max_fitness': '0.00', 'passive_mean_fitness': '-59.90', 'passive_qd_score': '54128.01', 'qd_score': '114965.95', 'mean_fitness_top_k': '0.00'}
[2026-05-30 10:18:19,772][root][INFO] - Generation 239/400 - Time: 0.00 seconds
[2026-05-30 10:18:19,773][root][INFO] - {'coverage': '100.00', 'max_fitness': '0.00', 'passive_coverage': '64.84', 'passive_max_fitness': '0.00', 'passive_mean_fitness': '-59.90', 'passive_qd_score': '54130.95', 'qd_score': '116030.94', 'mean_fitness_top_k': '0.00'}
[2026-05-30 10:18:20,908][root][INFO] - Updating AE...
[2026-05-30 10:18:21,696][root][INFO] - Epoch: 1, loss: 278.0223
[2026-05-30 10:18:21,767][root][INFO] - Epoch: 2, loss: 245.4592
[2026-05-30 10:18:21,838][root][INFO] - Epoch: 3, loss: 233.9496
[2026-05-30 10:18:21,910][root][INFO] - Epoch: 4, loss: 226.7852
[2026-05-30 10:18:21,980][root][INFO] - Epoch: 5, loss: 219.7067
[2026-05-30 10:18:22,051][root][INFO] - Epoch: 6, loss: 216.7804
[2026-05-30 10:18:22,123][root][INFO] - Epoch: 7, loss: 214.6749
[2026-05-30 10:18:22,194][root][INFO] - Epoch: 8, loss: 211.5200
[2026-05-30 10:18:22,265][root][INFO] - Epoch: 9, loss: 208.5045
[2026-05-30 10:18:22,336][root][INFO] - Epoch: 10, loss: 204.6519
[2026-05-30 10:18:22,407][root][INFO] - Epoch: 11, loss: 213.7050
[2026-05-30 10:18:22,479][root][INFO] - Epoch: 12, loss: 211.5685
[2026-05-30 10:18:22,551][root][INFO] - Epoch: 13, loss: 219.1332
[2026-05-30 10:18:22,622][root][INFO] - Epoch: 14, loss: 220.3903
[2026-05-30 10:18:22,693][root][INFO] - Epoch: 15, loss: 223.7768
[2026-05-30 10:18:22,764][root][INFO] - Epoch: 16, loss: 219.0816
[2026-05-30 10:18:22,835][root][INFO] - Epoch: 17, loss: 213.6536
[2026-05-30 10:18:22,907][root][INFO] - Epoch: 18, loss: 211.8546
[2026-05-30 10:18:22,978][root][INFO] - Epoch: 19, loss: 209.3538
[2026-05-30 10:18:23,050][root][INFO] - Epoch: 20, loss: 207.9147
[2026-05-30 10:18:23,121][root][INFO] - Epoch: 21, loss: 200.4992
[2026-05-30 10:18:23,192][root][INFO] - Epoch: 22, loss: 201.5934
[2026-05-30 10:18:23,263][root][INFO] - Epoch: 23, loss: 199.1625
[2026-05-30 10:18:23,336][root][INFO] - Epoch: 24, loss: 197.7087
[2026-05-30 10:18:23,407][root][INFO] - Epoch: 25, loss: 196.5644
[2026-05-30 10:18:23,478][root][INFO] - Epoch: 26, loss: 194.9405
[2026-05-30 10:18:23,549][root][INFO] - Epoch: 27, loss: 195.1931
[2026-05-30 10:18:23,620][root][INFO] - Epoch: 28, loss: 192.7653
[2026-05-30 10:18:23,690][root][INFO] - Epoch: 29, loss: 200.5380
[2026-05-30 10:18:23,760][root][INFO] - Epoch: 30, loss: 192.7961
[2026-05-30 10:18:23,831][root][INFO] - Epoch: 31, loss: 189.8813
[2026-05-30 10:18:23,901][root][INFO] - Epoch: 32, loss: 188.7093
[2026-05-30 10:18:23,971][root][INFO] - Epoch: 33, loss: 184.9146
[2026-05-30 10:18:24,051][root][INFO] - Epoch: 34, loss: 182.5674
[2026-05-30 10:18:24,123][root][INFO] - Epoch: 35, loss: 182.1336
[2026-05-30 10:18:24,192][root][INFO] - Epoch: 36, loss: 179.6691
[2026-05-30 10:18:24,262][root][INFO] - Epoch: 37, loss: 184.4315
[2026-05-30 10:18:24,331][root][INFO] - Epoch: 38, loss: 185.2143
[2026-05-30 10:18:24,400][root][INFO] - Epoch: 39, loss: 194.0847
[2026-05-30 10:18:24,470][root][INFO] - Epoch: 40, loss: 183.2090
[2026-05-30 10:18:24,541][root][INFO] - Epoch: 41, loss: 177.8017
[2026-05-30 10:18:24,610][root][INFO] - Epoch: 42, loss: 175.9910
[2026-05-30 10:18:24,682][root][INFO] - Epoch: 43, loss: 173.6442
[2026-05-30 10:18:24,753][root][INFO] - Epoch: 44, loss: 169.9925
[2026-05-30 10:18:24,825][root][INFO] - Epoch: 45, loss: 170.1915
[2026-05-30 10:18:24,896][root][INFO] - Epoch: 46, loss: 169.3773
[2026-05-30 10:18:24,966][root][INFO] - Epoch: 47, loss: 169.2504
[2026-05-30 10:18:25,037][root][INFO] - Epoch: 48, loss: 165.8295
[2026-05-30 10:18:25,106][root][INFO] - Epoch: 49, loss: 163.4931
[2026-05-30 10:18:25,178][root][INFO] - Epoch: 50, loss: 161.6988
[2026-05-30 10:18:25,249][root][INFO] - Epoch: 51, loss: 161.0805
[2026-05-30 10:18:25,319][root][INFO] - Epoch: 52, loss: 160.1365
[2026-05-30 10:18:25,390][root][INFO] - Epoch: 53, loss: 161.3516
[2026-05-30 10:18:25,460][root][INFO] - Epoch: 54, loss: 155.2877
[2026-05-30 10:18:25,531][root][INFO] - Epoch: 55, loss: 155.5957
[2026-05-30 10:18:25,603][root][INFO] - Epoch: 56, loss: 153.5505
[2026-05-30 10:18:25,673][root][INFO] - Epoch: 57, loss: 158.3123
[2026-05-30 10:18:25,744][root][INFO] - Epoch: 58, loss: 167.9833
[2026-05-30 10:18:25,816][root][INFO] - Epoch: 59, loss: 168.8754
[2026-05-30 10:18:25,887][root][INFO] - Epoch: 60, loss: 164.2286
[2026-05-30 10:18:25,958][root][INFO] - Epoch: 61, loss: 158.1297
[2026-05-30 10:18:26,030][root][INFO] - Epoch: 62, loss: 152.4249
[2026-05-30 10:18:26,101][root][INFO] - Epoch: 63, loss: 152.9807
[2026-05-30 10:18:26,171][root][INFO] - Epoch: 64, loss: 172.8723
[2026-05-30 10:18:26,242][root][INFO] - Epoch: 65, loss: 169.0646
[2026-05-30 10:18:26,313][root][INFO] - Epoch: 66, loss: 181.8895
[2026-05-30 10:18:26,384][root][INFO] - Epoch: 67, loss: 182.0807
[2026-05-30 10:18:26,455][root][INFO] - Epoch: 68, loss: 172.6436
[2026-05-30 10:18:26,526][root][INFO] - Epoch: 69, loss: 168.0449
[2026-05-30 10:18:26,597][root][INFO] - Epoch: 70, loss: 156.4636
[2026-05-30 10:18:26,669][root][INFO] - Epoch: 71, loss: 156.4635
[2026-05-30 10:18:26,739][root][INFO] - Epoch: 72, loss: 150.9467
[2026-05-30 10:18:26,810][root][INFO] - Epoch: 73, loss: 147.8946
[2026-05-30 10:18:26,881][root][INFO] - Epoch: 74, loss: 148.0250
[2026-05-30 10:18:26,949][root][INFO] - Epoch: 75, loss: 146.5698
[2026-05-30 10:18:27,020][root][INFO] - Epoch: 76, loss: 143.1319
[2026-05-30 10:18:27,091][root][INFO] - Epoch: 77, loss: 144.2961
[2026-05-30 10:18:27,162][root][INFO] - Epoch: 78, loss: 150.5801
[2026-05-30 10:18:27,233][root][INFO] - Epoch: 79, loss: 145.0167
[2026-05-30 10:18:27,304][root][INFO] - Epoch: 80, loss: 143.9256
[2026-05-30 10:18:27,373][root][INFO] - Epoch: 81, loss: 141.2163
[2026-05-30 10:18:27,443][root][INFO] - Epoch: 82, loss: 139.4931
[2026-05-30 10:18:27,514][root][INFO] - Epoch: 83, loss: 137.0370
[2026-05-30 10:18:27,584][root][INFO] - Epoch: 84, loss: 136.9877
[2026-05-30 10:18:27,655][root][INFO] - Epoch: 85, loss: 137.4828
[2026-05-30 10:18:27,726][root][INFO] - Epoch: 86, loss: 136.2692
[2026-05-30 10:18:27,797][root][INFO] - Epoch: 87, loss: 134.9127
[2026-05-30 10:18:27,869][root][INFO] - Epoch: 88, loss: 135.7860
[2026-05-30 10:18:27,940][root][INFO] - Epoch: 89, loss: 135.8727
[2026-05-30 10:18:28,012][root][INFO] - Epoch: 90, loss: 136.2316
[2026-05-30 10:18:28,083][root][INFO] - Epoch: 91, loss: 151.9615
[2026-05-30 10:18:28,154][root][INFO] - Epoch: 92, loss: 166.9276
[2026-05-30 10:18:28,224][root][INFO] - Epoch: 93, loss: 155.7274
[2026-05-30 10:18:28,296][root][INFO] - Epoch: 94, loss: 142.9401
[2026-05-30 10:18:28,368][root][INFO] - Epoch: 95, loss: 144.3651
[2026-05-30 10:18:28,439][root][INFO] - Epoch: 96, loss: 139.4595
[2026-05-30 10:18:28,511][root][INFO] - Epoch: 97, loss: 138.2969
[2026-05-30 10:18:28,582][root][INFO] - Epoch: 98, loss: 136.7994
[2026-05-30 10:18:28,583][root][INFO] - Early stopping at epoch: 97
[2026-05-30 10:18:28,619][root][INFO] - {'model_loss': '136.7994', 'recon_loss': '0.0000', 'triplet_loss': '136.7994'}
[2026-05-30 10:18:28,623][root][INFO] - Updating AE...
[2026-05-30 10:18:29,394][root][INFO] - Epoch: 1, loss: 102.8277
[2026-05-30 10:18:29,464][root][INFO] - Epoch: 2, loss: 81.2705
[2026-05-30 10:18:29,535][root][INFO] - Epoch: 3, loss: 75.8202
[2026-05-30 10:18:29,604][root][INFO] - Epoch: 4, loss: 73.1852
[2026-05-30 10:18:29,674][root][INFO] - Epoch: 5, loss: 70.4909
[2026-05-30 10:18:29,745][root][INFO] - Epoch: 6, loss: 68.6905
[2026-05-30 10:18:29,815][root][INFO] - Epoch: 7, loss: 67.3445
[2026-05-30 10:18:29,885][root][INFO] - Epoch: 8, loss: 66.4262
[2026-05-30 10:18:29,955][root][INFO] - Epoch: 9, loss: 65.9580
[2026-05-30 10:18:30,025][root][INFO] - Epoch: 10, loss: 65.5754
[2026-05-30 10:18:30,094][root][INFO] - Epoch: 11, loss: 64.8308
[2026-05-30 10:18:30,163][root][INFO] - Epoch: 12, loss: 64.6372
[2026-05-30 10:18:30,233][root][INFO] - Epoch: 13, loss: 64.0252
[2026-05-30 10:18:30,304][root][INFO] - Epoch: 14, loss: 62.8689
[2026-05-30 10:18:30,374][root][INFO] - Epoch: 15, loss: 61.9362
[2026-05-30 10:18:30,444][root][INFO] - Epoch: 16, loss: 61.7394
[2026-05-30 10:18:30,517][root][INFO] - Epoch: 17, loss: 60.7612
[2026-05-30 10:18:30,588][root][INFO] - Epoch: 18, loss: 59.9104
[2026-05-30 10:18:30,658][root][INFO] - Epoch: 19, loss: 59.8846
[2026-05-30 10:18:30,730][root][INFO] - Epoch: 20, loss: 59.4866
[2026-05-30 10:18:30,800][root][INFO] - Epoch: 21, loss: 59.7257
[2026-05-30 10:18:30,871][root][INFO] - Epoch: 22, loss: 58.2231
[2026-05-30 10:18:30,942][root][INFO] - Epoch: 23, loss: 58.0336
[2026-05-30 10:18:31,013][root][INFO] - Epoch: 24, loss: 59.3392
[2026-05-30 10:18:31,084][root][INFO] - Epoch: 25, loss: 57.7164
[2026-05-30 10:18:31,155][root][INFO] - Epoch: 26, loss: 58.1132
[2026-05-30 10:18:31,226][root][INFO] - Epoch: 27, loss: 57.8193
[2026-05-30 10:18:31,297][root][INFO] - Epoch: 28, loss: 57.8597
[2026-05-30 10:18:31,368][root][INFO] - Epoch: 29, loss: 56.3162
[2026-05-30 10:18:31,441][root][INFO] - Epoch: 30, loss: 56.9641
[2026-05-30 10:18:31,512][root][INFO] - Epoch: 31, loss: 55.5143
[2026-05-30 10:18:31,583][root][INFO] - Epoch: 32, loss: 54.5421
[2026-05-30 10:18:31,655][root][INFO] - Epoch: 33, loss: 55.0711
[2026-05-30 10:18:31,726][root][INFO] - Epoch: 34, loss: 53.0180
[2026-05-30 10:18:31,798][root][INFO] - Epoch: 35, loss: 52.1936
[2026-05-30 10:18:31,869][root][INFO] - Epoch: 36, loss: 51.3865
[2026-05-30 10:18:31,940][root][INFO] - Epoch: 37, loss: 50.5258
[2026-05-30 10:18:32,011][root][INFO] - Epoch: 38, loss: 50.2929
[2026-05-30 10:18:32,080][root][INFO] - Epoch: 39, loss: 49.9724
[2026-05-30 10:18:32,150][root][INFO] - Epoch: 40, loss: 50.9485
[2026-05-30 10:18:32,222][root][INFO] - Epoch: 41, loss: 49.3699
[2026-05-30 10:18:32,293][root][INFO] - Epoch: 42, loss: 48.6457
[2026-05-30 10:18:32,365][root][INFO] - Epoch: 43, loss: 49.0368
[2026-05-30 10:18:32,436][root][INFO] - Epoch: 44, loss: 47.7016
[2026-05-30 10:18:32,507][root][INFO] - Epoch: 45, loss: 47.8316
[2026-05-30 10:18:32,578][root][INFO] - Epoch: 46, loss: 50.5559
[2026-05-30 10:18:32,650][root][INFO] - Epoch: 47, loss: 50.5135
[2026-05-30 10:18:32,720][root][INFO] - Epoch: 48, loss: 49.3756
[2026-05-30 10:18:32,791][root][INFO] - Epoch: 49, loss: 48.2997
[2026-05-30 10:18:32,863][root][INFO] - Epoch: 50, loss: 48.1614
[2026-05-30 10:18:32,934][root][INFO] - Epoch: 51, loss: 46.9282
[2026-05-30 10:18:33,006][root][INFO] - Epoch: 52, loss: 46.6512
[2026-05-30 10:18:33,079][root][INFO] - Epoch: 53, loss: 46.6548
[2026-05-30 10:18:33,149][root][INFO] - Epoch: 54, loss: 45.0102
[2026-05-30 10:18:33,220][root][INFO] - Epoch: 55, loss: 48.7953
[2026-05-30 10:18:33,291][root][INFO] - Epoch: 56, loss: 49.2043
[2026-05-30 10:18:33,361][root][INFO] - Epoch: 57, loss: 50.0145
[2026-05-30 10:18:33,431][root][INFO] - Epoch: 58, loss: 48.3225
[2026-05-30 10:18:33,501][root][INFO] - Epoch: 59, loss: 45.8358
[2026-05-30 10:18:33,572][root][INFO] - Epoch: 60, loss: 47.8181
[2026-05-30 10:18:33,643][root][INFO] - Epoch: 61, loss: 46.0729
[2026-05-30 10:18:33,714][root][INFO] - Epoch: 62, loss: 46.4724
[2026-05-30 10:18:33,785][root][INFO] - Epoch: 63, loss: 45.5594
[2026-05-30 10:18:33,856][root][INFO] - Epoch: 64, loss: 45.3169
[2026-05-30 10:18:33,926][root][INFO] - Epoch: 65, loss: 4372.5757
[2026-05-30 10:18:33,927][root][INFO] - Early stopping at epoch: 64
[2026-05-30 10:18:33,951][root][INFO] - {'model_loss': '4372.5757', 'recon_loss': '0.0000', 'triplet_loss': '4372.5757'}
[2026-05-30 10:18:33,955][root][INFO] - Generation 240/400 - Time: 0.00 seconds
[2026-05-30 10:18:33,956][root][INFO] - {'coverage': '100.00', 'max_fitness': '0.00', 'passive_coverage': '65.04', 'passive_max_fitness': '0.00', 'passive_mean_fitness': '-59.79', 'passive_qd_score': '54369.50', 'qd_score': '117464.81', 'mean_fitness_top_k': '0.00'}
[2026-05-30 10:18:34,983][root][INFO] - Generation 241/400 - Time: 0.00 seconds
[2026-05-30 10:18:34,983][root][INFO] - {'coverage': '100.00', 'max_fitness': '0.00', 'passive_coverage': '66.21', 'passive_max_fitness': '0.00', 'passive_mean_fitness': '-59.99', 'passive_qd_score': '55213.74', 'qd_score': '112212.27', 'mean_fitness_top_k': '0.00'}
[2026-05-30 10:18:35,987][root][INFO] - Generation 242/400 - Time: 0.00 seconds
[2026-05-30 10:18:35,987][root][INFO] - {'coverage': '100.00', 'max_fitness': '0.00', 'passive_coverage': '66.41', 'passive_max_fitness': '0.00', 'passive_mean_fitness': '-59.91', 'passive_qd_score': '55425.52', 'qd_score': '110852.09', 'mean_fitness_top_k': '0.00'}
[2026-05-30 10:18:37,086][root][INFO] - Generation 243/400 - Time: 0.00 seconds
[2026-05-30 10:18:37,087][root][INFO] - {'coverage': '100.00', 'max_fitness': '0.00', 'passive_coverage': '66.70', 'passive_max_fitness': '0.00', 'passive_mean_fitness': '-59.89', 'passive_qd_score': '55686.82', 'qd_score': '111599.88', 'mean_fitness_top_k': '0.00'}
[2026-05-30 10:18:38,219][root][INFO] - Generation 244/400 - Time: 0.00 seconds
[2026-05-30 10:18:38,220][root][INFO] - {'coverage': '100.00', 'max_fitness': '0.00', 'passive_coverage': '66.70', 'passive_max_fitness': '0.00', 'passive_mean_fitness': '-59.89', 'passive_qd_score': '55686.90', 'qd_score': '113692.52', 'mean_fitness_top_k': '0.00'}
[2026-05-30 10:18:39,359][root][INFO] - Generation 245/400 - Time: 0.00 seconds
[2026-05-30 10:18:39,360][root][INFO] - {'coverage': '100.00', 'max_fitness': '0.00', 'passive_coverage': '66.70', 'passive_max_fitness': '0.00', 'passive_mean_fitness': '-59.89', 'passive_qd_score': '55687.22', 'qd_score': '115837.69', 'mean_fitness_top_k': '0.00'}
[2026-05-30 10:18:40,501][root][INFO] - Generation 246/400 - Time: 0.00 seconds
[2026-05-30 10:18:40,502][root][INFO] - {'coverage': '100.00', 'max_fitness': '0.00', 'passive_coverage': '66.70', 'passive_max_fitness': '0.00', 'passive_mean_fitness': '-59.89', 'passive_qd_score': '55687.22', 'qd_score': '117996.02', 'mean_fitness_top_k': '0.00'}
[2026-05-30 10:18:41,656][root][INFO] - Generation 247/400 - Time: 0.00 seconds
[2026-05-30 10:18:41,657][root][INFO] - {'coverage': '100.00', 'max_fitness': '0.00', 'passive_coverage': '66.70', 'passive_max_fitness': '0.00', 'passive_mean_fitness': '-59.89', 'passive_qd_score': '55687.64', 'qd_score': '120956.52', 'mean_fitness_top_k': '0.00'}
[2026-05-30 10:18:42,797][root][INFO] - Generation 248/400 - Time: 0.00 seconds
[2026-05-30 10:18:42,798][root][INFO] - {'coverage': '100.00', 'max_fitness': '0.00', 'passive_coverage': '66.70', 'passive_max_fitness': '0.00', 'passive_mean_fitness': '-59.89', 'passive_qd_score': '55687.64', 'qd_score': '124469.80', 'mean_fitness_top_k': '0.00'}
[2026-05-30 10:18:43,961][root][INFO] - Generation 249/400 - Time: 0.00 seconds
[2026-05-30 10:18:43,962][root][INFO] - {'coverage': '100.00', 'max_fitness': '0.00', 'passive_coverage': '66.80', 'passive_max_fitness': '0.00', 'passive_mean_fitness': '-59.80', 'passive_qd_score': '55829.06', 'qd_score': '129351.24', 'mean_fitness_top_k': '0.00'}
[2026-05-30 10:18:45,112][root][INFO] - Generation 250/400 - Time: 0.00 seconds
[2026-05-30 10:18:45,113][root][INFO] - {'coverage': '100.00', 'max_fitness': '0.00', 'passive_coverage': '66.80', 'passive_max_fitness': '0.00', 'passive_mean_fitness': '-59.80', 'passive_qd_score': '55829.06', 'qd_score': '133759.64', 'mean_fitness_top_k': '0.00'}
[2026-05-30 10:18:46,275][root][INFO] - Generation 251/400 - Time: 0.00 seconds
[2026-05-30 10:18:46,276][root][INFO] - {'coverage': '100.00', 'max_fitness': '0.00', 'passive_coverage': '66.80', 'passive_max_fitness': '0.00', 'passive_mean_fitness': '-59.80', 'passive_qd_score': '55829.06', 'qd_score': '138938.28', 'mean_fitness_top_k': '0.00'}
[2026-05-30 10:18:47,421][root][INFO] - Generation 252/400 - Time: 0.00 seconds
[2026-05-30 10:18:47,422][root][INFO] - {'coverage': '100.00', 'max_fitness': '0.00', 'passive_coverage': '66.80', 'passive_max_fitness': '0.00', 'passive_mean_fitness': '-59.80', 'passive_qd_score': '55829.06', 'qd_score': '144815.47', 'mean_fitness_top_k': '0.00'}
[2026-05-30 10:18:48,585][root][INFO] - Generation 253/400 - Time: 0.00 seconds
[2026-05-30 10:18:48,586][root][INFO] - {'coverage': '100.00', 'max_fitness': '0.00', 'passive_coverage': '66.80', 'passive_max_fitness': '0.00', 'passive_mean_fitness': '-59.80', 'passive_qd_score': '55829.06', 'qd_score': '144815.47', 'mean_fitness_top_k': '0.00'}
[2026-05-30 10:18:49,750][root][INFO] - Generation 254/400 - Time: 0.00 seconds
[2026-05-30 10:18:49,751][root][INFO] - {'coverage': '100.00', 'max_fitness': '0.00', 'passive_coverage': '66.80', 'passive_max_fitness': '0.00', 'passive_mean_fitness': '-59.80', 'passive_qd_score': '55829.06', 'qd_score': '144815.47', 'mean_fitness_top_k': '0.00'}
[2026-05-30 10:18:50,930][root][INFO] - Generation 255/400 - Time: 0.00 seconds
[2026-05-30 10:18:50,930][root][INFO] - {'coverage': '100.00', 'max_fitness': '0.00', 'passive_coverage': '66.80', 'passive_max_fitness': '0.00', 'passive_mean_fitness': '-59.80', 'passive_qd_score': '55829.06', 'qd_score': '144815.47', 'mean_fitness_top_k': '0.00'}
[2026-05-30 10:18:52,122][root][INFO] - Generation 256/400 - Time: 0.00 seconds
[2026-05-30 10:18:52,123][root][INFO] - {'coverage': '100.00', 'max_fitness': '0.00', 'passive_coverage': '66.80', 'passive_max_fitness': '0.00', 'passive_mean_fitness': '-59.80', 'passive_qd_score': '55829.06', 'qd_score': '144815.47', 'mean_fitness_top_k': '0.00'}
[2026-05-30 10:18:53,269][root][INFO] - Generation 257/400 - Time: 0.00 seconds
[2026-05-30 10:18:53,270][root][INFO] - {'coverage': '100.00', 'max_fitness': '0.00', 'passive_coverage': '66.80', 'passive_max_fitness': '0.00', 'passive_mean_fitness': '-59.80', 'passive_qd_score': '55829.06', 'qd_score': '144815.47', 'mean_fitness_top_k': '0.00'}
[2026-05-30 10:18:54,464][root][INFO] - Generation 258/400 - Time: 0.00 seconds
[2026-05-30 10:18:54,465][root][INFO] - {'coverage': '100.00', 'max_fitness': '0.00', 'passive_coverage': '66.80', 'passive_max_fitness': '0.00', 'passive_mean_fitness': '-59.80', 'passive_qd_score': '55829.06', 'qd_score': '144815.47', 'mean_fitness_top_k': '0.00'}
[2026-05-30 10:18:55,601][root][INFO] - Generation 259/400 - Time: 0.00 seconds
[2026-05-30 10:18:55,602][root][INFO] - {'coverage': '100.00', 'max_fitness': '0.00', 'passive_coverage': '66.80', 'passive_max_fitness': '0.00', 'passive_mean_fitness': '-59.80', 'passive_qd_score': '55829.06', 'qd_score': '144815.47', 'mean_fitness_top_k': '0.00'}
[2026-05-30 10:18:56,757][root][INFO] - Generation 260/400 - Time: 0.00 seconds
[2026-05-30 10:18:56,758][root][INFO] - {'coverage': '100.00', 'max_fitness': '0.00', 'passive_coverage': '66.80', 'passive_max_fitness': '0.00', 'passive_mean_fitness': '-59.80', 'passive_qd_score': '55829.06', 'qd_score': '144815.47', 'mean_fitness_top_k': '0.00'}
[2026-05-30 10:18:57,886][root][INFO] - Generation 261/400 - Time: 0.00 seconds
[2026-05-30 10:18:57,887][root][INFO] - {'coverage': '100.00', 'max_fitness': '0.00', 'passive_coverage': '66.80', 'passive_max_fitness': '0.00', 'passive_mean_fitness': '-59.80', 'passive_qd_score': '55829.06', 'qd_score': '144815.47', 'mean_fitness_top_k': '0.00'}
[2026-05-30 10:18:59,006][root][INFO] - Generation 262/400 - Time: 0.00 seconds
[2026-05-30 10:18:59,007][root][INFO] - {'coverage': '100.00', 'max_fitness': '0.00', 'passive_coverage': '66.80', 'passive_max_fitness': '0.00', 'passive_mean_fitness': '-59.80', 'passive_qd_score': '55829.06', 'qd_score': '144815.47', 'mean_fitness_top_k': '0.00'}
[2026-05-30 10:19:00,143][root][INFO] - Generation 263/400 - Time: 0.00 seconds
[2026-05-30 10:19:00,145][root][INFO] - {'coverage': '100.00', 'max_fitness': '0.00', 'passive_coverage': '66.80', 'passive_max_fitness': '0.00', 'passive_mean_fitness': '-59.80', 'passive_qd_score': '55829.06', 'qd_score': '144815.47', 'mean_fitness_top_k': '0.00'}
[2026-05-30 10:19:01,264][root][INFO] - Generation 264/400 - Time: 0.00 seconds
[2026-05-30 10:19:01,265][root][INFO] - {'coverage': '100.00', 'max_fitness': '0.00', 'passive_coverage': '66.80', 'passive_max_fitness': '0.00', 'passive_mean_fitness': '-59.80', 'passive_qd_score': '55829.06', 'qd_score': '144815.47', 'mean_fitness_top_k': '0.00'}
[2026-05-30 10:19:02,378][root][INFO] - Generation 265/400 - Time: 0.00 seconds
[2026-05-30 10:19:02,379][root][INFO] - {'coverage': '100.00', 'max_fitness': '0.00', 'passive_coverage': '66.80', 'passive_max_fitness': '0.00', 'passive_mean_fitness': '-59.80', 'passive_qd_score': '55829.06', 'qd_score': '144815.47', 'mean_fitness_top_k': '0.00'}
[2026-05-30 10:19:03,516][root][INFO] - Generation 266/400 - Time: 0.00 seconds
[2026-05-30 10:19:03,516][root][INFO] - {'coverage': '100.00', 'max_fitness': '0.00', 'passive_coverage': '66.80', 'passive_max_fitness': '0.00', 'passive_mean_fitness': '-59.80', 'passive_qd_score': '55829.06', 'qd_score': '144815.47', 'mean_fitness_top_k': '0.00'}
[2026-05-30 10:19:04,642][root][INFO] - Generation 267/400 - Time: 0.00 seconds
[2026-05-30 10:19:04,642][root][INFO] - {'coverage': '100.00', 'max_fitness': '0.00', 'passive_coverage': '66.80', 'passive_max_fitness': '0.00', 'passive_mean_fitness': '-59.80', 'passive_qd_score': '55829.06', 'qd_score': '144815.47', 'mean_fitness_top_k': '0.00'}
[2026-05-30 10:19:05,780][root][INFO] - Generation 268/400 - Time: 0.00 seconds
[2026-05-30 10:19:05,781][root][INFO] - {'coverage': '100.00', 'max_fitness': '0.00', 'passive_coverage': '66.80', 'passive_max_fitness': '0.00', 'passive_mean_fitness': '-59.80', 'passive_qd_score': '55829.06', 'qd_score': '144815.47', 'mean_fitness_top_k': '0.00'}
[2026-05-30 10:19:06,902][root][INFO] - Generation 269/400 - Time: 0.00 seconds
[2026-05-30 10:19:06,904][root][INFO] - {'coverage': '100.00', 'max_fitness': '0.00', 'passive_coverage': '66.80', 'passive_max_fitness': '0.00', 'passive_mean_fitness': '-59.80', 'passive_qd_score': '55829.06', 'qd_score': '144815.47', 'mean_fitness_top_k': '0.00'}
[2026-05-30 10:19:08,044][root][INFO] - Generation 270/400 - Time: 0.00 seconds
[2026-05-30 10:19:08,046][root][INFO] - {'coverage': '100.00', 'max_fitness': '0.00', 'passive_coverage': '66.80', 'passive_max_fitness': '0.00', 'passive_mean_fitness': '-59.80', 'passive_qd_score': '55829.06', 'qd_score': '144815.47', 'mean_fitness_top_k': '0.00'}
[2026-05-30 10:19:09,267][root][INFO] - Generation 271/400 - Time: 0.00 seconds
[2026-05-30 10:19:09,268][root][INFO] - {'coverage': '100.00', 'max_fitness': '0.00', 'passive_coverage': '66.80', 'passive_max_fitness': '0.00', 'passive_mean_fitness': '-59.80', 'passive_qd_score': '55829.06', 'qd_score': '144815.47', 'mean_fitness_top_k': '0.00'}
[2026-05-30 10:19:10,411][root][INFO] - Updating AE...
[2026-05-30 10:19:11,172][root][INFO] - Epoch: 1, loss: inf
[2026-05-30 10:19:11,245][root][INFO] - Epoch: 2, loss: inf
[2026-05-30 10:19:11,318][root][INFO] - Epoch: 3, loss: inf
[2026-05-30 10:19:11,391][root][INFO] - Epoch: 4, loss: inf
[2026-05-30 10:19:11,464][root][INFO] - Epoch: 5, loss: inf
[2026-05-30 10:19:11,537][root][INFO] - Epoch: 6, loss: inf
[2026-05-30 10:19:11,611][root][INFO] - Epoch: 7, loss: inf
[2026-05-30 10:19:11,683][root][INFO] - Epoch: 8, loss: inf
[2026-05-30 10:19:11,767][root][INFO] - Epoch: 9, loss: inf
[2026-05-30 10:19:11,845][root][INFO] - Epoch: 10, loss: inf
[2026-05-30 10:19:11,921][root][INFO] - Epoch: 11, loss: inf
[2026-05-30 10:19:11,996][root][INFO] - Epoch: 12, loss: inf
[2026-05-30 10:19:12,070][root][INFO] - Epoch: 13, loss: inf
[2026-05-30 10:19:12,142][root][INFO] - Epoch: 14, loss: inf
[2026-05-30 10:19:12,215][root][INFO] - Epoch: 15, loss: inf
[2026-05-30 10:19:12,288][root][INFO] - Epoch: 16, loss: inf
[2026-05-30 10:19:12,363][root][INFO] - Epoch: 17, loss: inf
[2026-05-30 10:19:12,435][root][INFO] - Epoch: 18, loss: inf
[2026-05-30 10:19:12,509][root][INFO] - Epoch: 19, loss: inf
[2026-05-30 10:19:12,583][root][INFO] - Epoch: 20, loss: inf
[2026-05-30 10:19:12,660][root][INFO] - Epoch: 21, loss: inf
[2026-05-30 10:19:12,732][root][INFO] - Epoch: 22, loss: inf
[2026-05-30 10:19:12,806][root][INFO] - Epoch: 23, loss: inf
[2026-05-30 10:19:12,880][root][INFO] - Epoch: 24, loss: inf
[2026-05-30 10:19:12,953][root][INFO] - Epoch: 25, loss: inf
[2026-05-30 10:19:13,027][root][INFO] - Epoch: 26, loss: inf
[2026-05-30 10:19:13,100][root][INFO] - Epoch: 27, loss: inf
[2026-05-30 10:19:13,173][root][INFO] - Epoch: 28, loss: inf
[2026-05-30 10:19:13,247][root][INFO] - Epoch: 29, loss: inf
[2026-05-30 10:19:13,319][root][INFO] - Epoch: 30, loss: inf
[2026-05-30 10:19:13,392][root][INFO] - Epoch: 31, loss: inf
[2026-05-30 10:19:13,465][root][INFO] - Epoch: 32, loss: inf
[2026-05-30 10:19:13,539][root][INFO] - Epoch: 33, loss: inf
[2026-05-30 10:19:13,613][root][INFO] - Epoch: 34, loss: inf
[2026-05-30 10:19:13,686][root][INFO] - Epoch: 35, loss: inf
[2026-05-30 10:19:13,759][root][INFO] - Epoch: 36, loss: inf
[2026-05-30 10:19:13,831][root][INFO] - Epoch: 37, loss: inf
[2026-05-30 10:19:13,904][root][INFO] - Epoch: 38, loss: inf
[2026-05-30 10:19:13,978][root][INFO] - Epoch: 39, loss: inf
[2026-05-30 10:19:14,053][root][INFO] - Epoch: 40, loss: inf
[2026-05-30 10:19:14,127][root][INFO] - Epoch: 41, loss: inf
[2026-05-30 10:19:14,200][root][INFO] - Epoch: 42, loss: inf
[2026-05-30 10:19:14,273][root][INFO] - Epoch: 43, loss: inf
[2026-05-30 10:19:14,346][root][INFO] - Epoch: 44, loss: inf
[2026-05-30 10:19:14,420][root][INFO] - Epoch: 45, loss: inf
[2026-05-30 10:19:14,493][root][INFO] - Epoch: 46, loss: inf
[2026-05-30 10:19:14,566][root][INFO] - Epoch: 47, loss: inf
[2026-05-30 10:19:14,640][root][INFO] - Epoch: 48, loss: inf
[2026-05-30 10:19:14,714][root][INFO] - Epoch: 49, loss: inf
[2026-05-30 10:19:14,787][root][INFO] - Epoch: 50, loss: inf
[2026-05-30 10:19:14,857][root][INFO] - Epoch: 51, loss: inf
[2026-05-30 10:19:14,929][root][INFO] - Epoch: 52, loss: inf
[2026-05-30 10:19:15,002][root][INFO] - Epoch: 53, loss: inf
[2026-05-30 10:19:15,094][root][INFO] - Epoch: 54, loss: inf
[2026-05-30 10:19:15,180][root][INFO] - Epoch: 55, loss: inf
[2026-05-30 10:19:15,262][root][INFO] - Epoch: 56, loss: inf
[2026-05-30 10:19:15,335][root][INFO] - Epoch: 57, loss: inf
[2026-05-30 10:19:15,409][root][INFO] - Epoch: 58, loss: inf
[2026-05-30 10:19:15,481][root][INFO] - Epoch: 59, loss: inf
[2026-05-30 10:19:15,551][root][INFO] - Epoch: 60, loss: inf
[2026-05-30 10:19:15,623][root][INFO] - Epoch: 61, loss: inf
[2026-05-30 10:19:15,697][root][INFO] - Epoch: 62, loss: inf
[2026-05-30 10:19:15,769][root][INFO] - Epoch: 63, loss: inf
[2026-05-30 10:19:15,845][root][INFO] - Epoch: 64, loss: inf
[2026-05-30 10:19:15,924][root][INFO] - Epoch: 65, loss: inf
[2026-05-30 10:19:15,995][root][INFO] - Epoch: 66, loss: inf
[2026-05-30 10:19:16,067][root][INFO] - Epoch: 67, loss: inf
[2026-05-30 10:19:16,139][root][INFO] - Epoch: 68, loss: inf
[2026-05-30 10:19:16,210][root][INFO] - Epoch: 69, loss: inf
[2026-05-30 10:19:16,282][root][INFO] - Epoch: 70, loss: inf
[2026-05-30 10:19:16,354][root][INFO] - Epoch: 71, loss: inf
[2026-05-30 10:19:16,428][root][INFO] - Epoch: 72, loss: inf
[2026-05-30 10:19:16,501][root][INFO] - Epoch: 73, loss: inf
[2026-05-30 10:19:16,573][root][INFO] - Epoch: 74, loss: inf
[2026-05-30 10:19:16,644][root][INFO] - Epoch: 75, loss: inf
[2026-05-30 10:19:16,717][root][INFO] - Epoch: 76, loss: inf
[2026-05-30 10:19:16,789][root][INFO] - Epoch: 77, loss: inf
[2026-05-30 10:19:16,860][root][INFO] - Epoch: 78, loss: inf
[2026-05-30 10:19:16,932][root][INFO] - Epoch: 79, loss: inf
[2026-05-30 10:19:17,004][root][INFO] - Epoch: 80, loss: inf
[2026-05-30 10:19:17,076][root][INFO] - Epoch: 81, loss: inf
[2026-05-30 10:19:17,148][root][INFO] - Epoch: 82, loss: inf
[2026-05-30 10:19:17,219][root][INFO] - Epoch: 83, loss: inf
[2026-05-30 10:19:17,292][root][INFO] - Epoch: 84, loss: inf
[2026-05-30 10:19:17,364][root][INFO] - Epoch: 85, loss: inf
[2026-05-30 10:19:17,434][root][INFO] - Epoch: 86, loss: inf
[2026-05-30 10:19:17,506][root][INFO] - Epoch: 87, loss: inf
[2026-05-30 10:19:17,576][root][INFO] - Epoch: 88, loss: inf
[2026-05-30 10:19:17,648][root][INFO] - Epoch: 89, loss: inf
[2026-05-30 10:19:17,718][root][INFO] - Epoch: 90, loss: inf
[2026-05-30 10:19:17,789][root][INFO] - Epoch: 91, loss: inf
[2026-05-30 10:19:17,860][root][INFO] - Epoch: 92, loss: inf
[2026-05-30 10:19:17,932][root][INFO] - Epoch: 93, loss: inf
[2026-05-30 10:19:18,005][root][INFO] - Epoch: 94, loss: inf
[2026-05-30 10:19:18,078][root][INFO] - Epoch: 95, loss: inf
[2026-05-30 10:19:18,150][root][INFO] - Epoch: 96, loss: inf
[2026-05-30 10:19:18,222][root][INFO] - Epoch: 97, loss: inf
[2026-05-30 10:19:18,294][root][INFO] - Epoch: 98, loss: inf
[2026-05-30 10:19:18,367][root][INFO] - Epoch: 99, loss: inf
[2026-05-30 10:19:18,439][root][INFO] - Epoch: 100, loss: inf
[2026-05-30 10:19:18,510][root][INFO] - Epoch: 101, loss: inf
[2026-05-30 10:19:18,584][root][INFO] - Epoch: 102, loss: inf
[2026-05-30 10:19:18,657][root][INFO] - Epoch: 103, loss: inf
[2026-05-30 10:19:18,730][root][INFO] - Epoch: 104, loss: inf
[2026-05-30 10:19:18,804][root][INFO] - Epoch: 105, loss: inf
[2026-05-30 10:19:18,879][root][INFO] - Epoch: 106, loss: inf
[2026-05-30 10:19:18,952][root][INFO] - Epoch: 107, loss: inf
[2026-05-30 10:19:19,023][root][INFO] - Epoch: 108, loss: inf
[2026-05-30 10:19:19,094][root][INFO] - Epoch: 109, loss: inf
[2026-05-30 10:19:19,167][root][INFO] - Epoch: 110, loss: inf
[2026-05-30 10:19:19,240][root][INFO] - Epoch: 111, loss: inf
[2026-05-30 10:19:19,312][root][INFO] - Epoch: 112, loss: inf
[2026-05-30 10:19:19,384][root][INFO] - Epoch: 113, loss: inf
[2026-05-30 10:19:19,455][root][INFO] - Epoch: 114, loss: inf
[2026-05-30 10:19:19,529][root][INFO] - Epoch: 115, loss: inf
[2026-05-30 10:19:19,604][root][INFO] - Epoch: 116, loss: inf
[2026-05-30 10:19:19,679][root][INFO] - Epoch: 117, loss: inf
[2026-05-30 10:19:19,752][root][INFO] - Epoch: 118, loss: inf
[2026-05-30 10:19:19,825][root][INFO] - Epoch: 119, loss: inf
[2026-05-30 10:19:19,900][root][INFO] - Epoch: 120, loss: inf
[2026-05-30 10:19:19,972][root][INFO] - Epoch: 121, loss: inf
[2026-05-30 10:19:20,061][root][INFO] - Epoch: 122, loss: inf
[2026-05-30 10:19:20,132][root][INFO] - Epoch: 123, loss: inf
[2026-05-30 10:19:20,205][root][INFO] - Epoch: 124, loss: inf
[2026-05-30 10:19:20,276][root][INFO] - Epoch: 125, loss: inf
[2026-05-30 10:19:20,347][root][INFO] - Epoch: 126, loss: inf
[2026-05-30 10:19:20,420][root][INFO] - Epoch: 127, loss: inf
[2026-05-30 10:19:20,492][root][INFO] - Epoch: 128, loss: inf
[2026-05-30 10:19:20,565][root][INFO] - Epoch: 129, loss: inf
[2026-05-30 10:19:20,639][root][INFO] - Epoch: 130, loss: inf
[2026-05-30 10:19:20,712][root][INFO] - Epoch: 131, loss: inf
[2026-05-30 10:19:20,786][root][INFO] - Epoch: 132, loss: inf
[2026-05-30 10:19:20,859][root][INFO] - Epoch: 133, loss: inf
[2026-05-30 10:19:20,932][root][INFO] - Epoch: 134, loss: inf
[2026-05-30 10:19:21,005][root][INFO] - Epoch: 135, loss: inf
[2026-05-30 10:19:21,077][root][INFO] - Epoch: 136, loss: inf
[2026-05-30 10:19:21,149][root][INFO] - Epoch: 137, loss: inf
[2026-05-30 10:19:21,222][root][INFO] - Epoch: 138, loss: inf
[2026-05-30 10:19:21,295][root][INFO] - Epoch: 139, loss: inf
[2026-05-30 10:19:21,368][root][INFO] - Epoch: 140, loss: inf
[2026-05-30 10:19:21,439][root][INFO] - Epoch: 141, loss: inf
[2026-05-30 10:19:21,510][root][INFO] - Epoch: 142, loss: inf
[2026-05-30 10:19:21,581][root][INFO] - Epoch: 143, loss: inf
[2026-05-30 10:19:21,652][root][INFO] - Epoch: 144, loss: inf
[2026-05-30 10:19:21,723][root][INFO] - Epoch: 145, loss: inf
[2026-05-30 10:19:21,793][root][INFO] - Epoch: 146, loss: inf
[2026-05-30 10:19:21,865][root][INFO] - Epoch: 147, loss: inf
[2026-05-30 10:19:21,937][root][INFO] - Epoch: 148, loss: inf
[2026-05-30 10:19:22,008][root][INFO] - Epoch: 149, loss: inf
[2026-05-30 10:19:22,079][root][INFO] - Epoch: 150, loss: inf
[2026-05-30 10:19:22,149][root][INFO] - Epoch: 151, loss: inf
[2026-05-30 10:19:22,219][root][INFO] - Epoch: 152, loss: inf
[2026-05-30 10:19:22,290][root][INFO] - Epoch: 153, loss: inf
[2026-05-30 10:19:22,361][root][INFO] - Epoch: 154, loss: inf
[2026-05-30 10:19:22,434][root][INFO] - Epoch: 155, loss: inf
[2026-05-30 10:19:22,507][root][INFO] - Epoch: 156, loss: inf
[2026-05-30 10:19:22,578][root][INFO] - Epoch: 157, loss: inf
[2026-05-30 10:19:22,650][root][INFO] - Epoch: 158, loss: inf
[2026-05-30 10:19:22,722][root][INFO] - Epoch: 159, loss: inf
[2026-05-30 10:19:22,793][root][INFO] - Epoch: 160, loss: inf
[2026-05-30 10:19:22,866][root][INFO] - Epoch: 161, loss: inf
[2026-05-30 10:19:22,938][root][INFO] - Epoch: 162, loss: inf
[2026-05-30 10:19:23,011][root][INFO] - Epoch: 163, loss: inf
[2026-05-30 10:19:23,084][root][INFO] - Epoch: 164, loss: inf
[2026-05-30 10:19:23,155][root][INFO] - Epoch: 165, loss: inf
[2026-05-30 10:19:23,228][root][INFO] - Epoch: 166, loss: inf
[2026-05-30 10:19:23,301][root][INFO] - Epoch: 167, loss: inf
[2026-05-30 10:19:23,373][root][INFO] - Epoch: 168, loss: inf
[2026-05-30 10:19:23,445][root][INFO] - Epoch: 169, loss: inf
[2026-05-30 10:19:23,517][root][INFO] - Epoch: 170, loss: inf
[2026-05-30 10:19:23,589][root][INFO] - Epoch: 171, loss: inf
[2026-05-30 10:19:23,661][root][INFO] - Epoch: 172, loss: inf
[2026-05-30 10:19:23,733][root][INFO] - Epoch: 173, loss: inf
[2026-05-30 10:19:23,806][root][INFO] - Epoch: 174, loss: inf
[2026-05-30 10:19:23,879][root][INFO] - Epoch: 175, loss: inf
[2026-05-30 10:19:23,950][root][INFO] - Epoch: 176, loss: inf
[2026-05-30 10:19:24,023][root][INFO] - Epoch: 177, loss: inf
[2026-05-30 10:19:24,094][root][INFO] - Epoch: 178, loss: inf
[2026-05-30 10:19:24,168][root][INFO] - Epoch: 179, loss: inf
[2026-05-30 10:19:24,241][root][INFO] - Epoch: 180, loss: inf
[2026-05-30 10:19:24,315][root][INFO] - Epoch: 181, loss: inf
[2026-05-30 10:19:24,388][root][INFO] - Epoch: 182, loss: inf
[2026-05-30 10:19:24,461][root][INFO] - Epoch: 183, loss: inf
[2026-05-30 10:19:24,534][root][INFO] - Epoch: 184, loss: inf
[2026-05-30 10:19:24,607][root][INFO] - Epoch: 185, loss: inf
[2026-05-30 10:19:24,680][root][INFO] - Epoch: 186, loss: inf
[2026-05-30 10:19:24,754][root][INFO] - Epoch: 187, loss: inf
[2026-05-30 10:19:24,827][root][INFO] - Epoch: 188, loss: inf
[2026-05-30 10:19:24,900][root][INFO] - Epoch: 189, loss: inf
[2026-05-30 10:19:24,974][root][INFO] - Epoch: 190, loss: inf
[2026-05-30 10:19:25,048][root][INFO] - Epoch: 191, loss: inf
[2026-05-30 10:19:25,121][root][INFO] - Epoch: 192, loss: inf
[2026-05-30 10:19:25,194][root][INFO] - Epoch: 193, loss: inf
[2026-05-30 10:19:25,269][root][INFO] - Epoch: 194, loss: inf
[2026-05-30 10:19:25,342][root][INFO] - Epoch: 195, loss: inf
[2026-05-30 10:19:25,416][root][INFO] - Epoch: 196, loss: inf
[2026-05-30 10:19:25,490][root][INFO] - Epoch: 197, loss: inf
[2026-05-30 10:19:25,564][root][INFO] - Epoch: 198, loss: inf
[2026-05-30 10:19:25,637][root][INFO] - Epoch: 199, loss: inf
[2026-05-30 10:19:25,710][root][INFO] - Epoch: 200, loss: inf
[2026-05-30 10:19:25,746][root][INFO] - {'model_loss': 'inf', 'recon_loss': '0.0000', 'triplet_loss': 'inf'}
[2026-05-30 10:19:25,750][root][INFO] - Updating AE...
[2026-05-30 10:19:26,490][root][INFO] - Epoch: 1, loss: inf
[2026-05-30 10:19:26,561][root][INFO] - Epoch: 2, loss: inf
[2026-05-30 10:19:26,632][root][INFO] - Epoch: 3, loss: inf
[2026-05-30 10:19:26,704][root][INFO] - Epoch: 4, loss: inf
[2026-05-30 10:19:26,775][root][INFO] - Epoch: 5, loss: inf
[2026-05-30 10:19:26,846][root][INFO] - Epoch: 6, loss: inf
[2026-05-30 10:19:26,918][root][INFO] - Epoch: 7, loss: inf
[2026-05-30 10:19:26,991][root][INFO] - Epoch: 8, loss: inf
[2026-05-30 10:19:27,064][root][INFO] - Epoch: 9, loss: inf
[2026-05-30 10:19:27,135][root][INFO] - Epoch: 10, loss: inf
[2026-05-30 10:19:27,207][root][INFO] - Epoch: 11, loss: inf
[2026-05-30 10:19:27,280][root][INFO] - Epoch: 12, loss: inf
[2026-05-30 10:19:27,353][root][INFO] - Epoch: 13, loss: inf
[2026-05-30 10:19:27,424][root][INFO] - Epoch: 14, loss: inf
[2026-05-30 10:19:27,497][root][INFO] - Epoch: 15, loss: inf
[2026-05-30 10:19:27,569][root][INFO] - Epoch: 16, loss: inf
[2026-05-30 10:19:27,641][root][INFO] - Epoch: 17, loss: inf
[2026-05-30 10:19:27,714][root][INFO] - Epoch: 18, loss: inf
[2026-05-30 10:19:27,787][root][INFO] - Epoch: 19, loss: inf
[2026-05-30 10:19:27,859][root][INFO] - Epoch: 20, loss: inf
[2026-05-30 10:19:27,932][root][INFO] - Epoch: 21, loss: inf
[2026-05-30 10:19:28,004][root][INFO] - Epoch: 22, loss: inf
[2026-05-30 10:19:28,077][root][INFO] - Epoch: 23, loss: inf
[2026-05-30 10:19:28,151][root][INFO] - Epoch: 24, loss: inf
[2026-05-30 10:19:28,223][root][INFO] - Epoch: 25, loss: inf
[2026-05-30 10:19:28,297][root][INFO] - Epoch: 26, loss: inf
[2026-05-30 10:19:28,370][root][INFO] - Epoch: 27, loss: inf
[2026-05-30 10:19:28,443][root][INFO] - Epoch: 28, loss: inf
[2026-05-30 10:19:28,516][root][INFO] - Epoch: 29, loss: inf
[2026-05-30 10:19:28,588][root][INFO] - Epoch: 30, loss: inf
[2026-05-30 10:19:28,661][root][INFO] - Epoch: 31, loss: inf
[2026-05-30 10:19:28,733][root][INFO] - Epoch: 32, loss: inf
[2026-05-30 10:19:28,806][root][INFO] - Epoch: 33, loss: inf
[2026-05-30 10:19:28,883][root][INFO] - Epoch: 34, loss: inf
[2026-05-30 10:19:28,956][root][INFO] - Epoch: 35, loss: inf
[2026-05-30 10:19:29,029][root][INFO] - Epoch: 36, loss: inf
[2026-05-30 10:19:29,102][root][INFO] - Epoch: 37, loss: inf
[2026-05-30 10:19:29,175][root][INFO] - Epoch: 38, loss: inf
[2026-05-30 10:19:29,249][root][INFO] - Epoch: 39, loss: inf
[2026-05-30 10:19:29,323][root][INFO] - Epoch: 40, loss: inf
[2026-05-30 10:19:29,397][root][INFO] - Epoch: 41, loss: inf
[2026-05-30 10:19:29,470][root][INFO] - Epoch: 42, loss: inf
[2026-05-30 10:19:29,543][root][INFO] - Epoch: 43, loss: inf
[2026-05-30 10:19:29,618][root][INFO] - Epoch: 44, loss: inf
[2026-05-30 10:19:29,692][root][INFO] - Epoch: 45, loss: inf
[2026-05-30 10:19:29,765][root][INFO] - Epoch: 46, loss: inf
[2026-05-30 10:19:29,838][root][INFO] - Epoch: 47, loss: inf
[2026-05-30 10:19:29,912][root][INFO] - Epoch: 48, loss: inf
[2026-05-30 10:19:29,985][root][INFO] - Epoch: 49, loss: inf
[2026-05-30 10:19:30,058][root][INFO] - Epoch: 50, loss: inf
[2026-05-30 10:19:30,131][root][INFO] - Epoch: 51, loss: inf
[2026-05-30 10:19:30,204][root][INFO] - Epoch: 52, loss: inf
[2026-05-30 10:19:30,277][root][INFO] - Epoch: 53, loss: inf
[2026-05-30 10:19:30,349][root][INFO] - Epoch: 54, loss: inf
[2026-05-30 10:19:30,422][root][INFO] - Epoch: 55, loss: inf
[2026-05-30 10:19:30,495][root][INFO] - Epoch: 56, loss: inf
[2026-05-30 10:19:30,568][root][INFO] - Epoch: 57, loss: inf
[2026-05-30 10:19:30,642][root][INFO] - Epoch: 58, loss: inf
[2026-05-30 10:19:30,716][root][INFO] - Epoch: 59, loss: inf
[2026-05-30 10:19:30,788][root][INFO] - Epoch: 60, loss: inf
[2026-05-30 10:19:30,861][root][INFO] - Epoch: 61, loss: inf
[2026-05-30 10:19:30,934][root][INFO] - Epoch: 62, loss: inf
[2026-05-30 10:19:31,009][root][INFO] - Epoch: 63, loss: inf
[2026-05-30 10:19:31,083][root][INFO] - Epoch: 64, loss: inf
[2026-05-30 10:19:31,156][root][INFO] - Epoch: 65, loss: inf
[2026-05-30 10:19:31,231][root][INFO] - Epoch: 66, loss: inf
[2026-05-30 10:19:31,305][root][INFO] - Epoch: 67, loss: inf
[2026-05-30 10:19:31,379][root][INFO] - Epoch: 68, loss: inf
[2026-05-30 10:19:31,453][root][INFO] - Epoch: 69, loss: inf
[2026-05-30 10:19:31,527][root][INFO] - Epoch: 70, loss: inf
[2026-05-30 10:19:31,600][root][INFO] - Epoch: 71, loss: inf
[2026-05-30 10:19:31,675][root][INFO] - Epoch: 72, loss: inf
[2026-05-30 10:19:31,747][root][INFO] - Epoch: 73, loss: inf
[2026-05-30 10:19:31,820][root][INFO] - Epoch: 74, loss: inf
[2026-05-30 10:19:31,892][root][INFO] - Epoch: 75, loss: inf
[2026-05-30 10:19:31,966][root][INFO] - Epoch: 76, loss: inf
[2026-05-30 10:19:32,039][root][INFO] - Epoch: 77, loss: inf
[2026-05-30 10:19:32,113][root][INFO] - Epoch: 78, loss: inf
[2026-05-30 10:19:32,186][root][INFO] - Epoch: 79, loss: inf
[2026-05-30 10:19:32,260][root][INFO] - Epoch: 80, loss: inf
[2026-05-30 10:19:32,335][root][INFO] - Epoch: 81, loss: inf
[2026-05-30 10:19:32,408][root][INFO] - Epoch: 82, loss: inf
[2026-05-30 10:19:32,482][root][INFO] - Epoch: 83, loss: inf
[2026-05-30 10:19:32,555][root][INFO] - Epoch: 84, loss: inf
[2026-05-30 10:19:32,629][root][INFO] - Epoch: 85, loss: inf
[2026-05-30 10:19:32,702][root][INFO] - Epoch: 86, loss: inf
[2026-05-30 10:19:32,775][root][INFO] - Epoch: 87, loss: inf
[2026-05-30 10:19:32,849][root][INFO] - Epoch: 88, loss: inf
[2026-05-30 10:19:32,923][root][INFO] - Epoch: 89, loss: inf
[2026-05-30 10:19:32,996][root][INFO] - Epoch: 90, loss: inf
[2026-05-30 10:19:33,069][root][INFO] - Epoch: 91, loss: inf
[2026-05-30 10:19:33,142][root][INFO] - Epoch: 92, loss: inf
[2026-05-30 10:19:33,216][root][INFO] - Epoch: 93, loss: inf
[2026-05-30 10:19:33,289][root][INFO] - Epoch: 94, loss: inf
[2026-05-30 10:19:33,363][root][INFO] - Epoch: 95, loss: inf
[2026-05-30 10:19:33,436][root][INFO] - Epoch: 96, loss: inf
[2026-05-30 10:19:33,511][root][INFO] - Epoch: 97, loss: inf
[2026-05-30 10:19:33,584][root][INFO] - Epoch: 98, loss: inf
[2026-05-30 10:19:33,658][root][INFO] - Epoch: 99, loss: inf
[2026-05-30 10:19:33,731][root][INFO] - Epoch: 100, loss: inf
[2026-05-30 10:19:33,805][root][INFO] - Epoch: 101, loss: inf
[2026-05-30 10:19:33,879][root][INFO] - Epoch: 102, loss: inf
[2026-05-30 10:19:33,952][root][INFO] - Epoch: 103, loss: inf
[2026-05-30 10:19:34,025][root][INFO] - Epoch: 104, loss: inf
[2026-05-30 10:19:34,098][root][INFO] - Epoch: 105, loss: inf
[2026-05-30 10:19:34,172][root][INFO] - Epoch: 106, loss: inf
[2026-05-30 10:19:34,245][root][INFO] - Epoch: 107, loss: inf
[2026-05-30 10:19:34,318][root][INFO] - Epoch: 108, loss: inf
[2026-05-30 10:19:34,394][root][INFO] - Epoch: 109, loss: inf
[2026-05-30 10:19:34,469][root][INFO] - Epoch: 110, loss: inf
[2026-05-30 10:19:34,542][root][INFO] - Epoch: 111, loss: inf
[2026-05-30 10:19:34,617][root][INFO] - Epoch: 112, loss: inf
[2026-05-30 10:19:34,690][root][INFO] - Epoch: 113, loss: inf
[2026-05-30 10:19:34,764][root][INFO] - Epoch: 114, loss: inf
[2026-05-30 10:19:34,838][root][INFO] - Epoch: 115, loss: inf
[2026-05-30 10:19:34,913][root][INFO] - Epoch: 116, loss: inf
[2026-05-30 10:19:34,987][root][INFO] - Epoch: 117, loss: inf
[2026-05-30 10:19:35,060][root][INFO] - Epoch: 118, loss: inf
[2026-05-30 10:19:35,134][root][INFO] - Epoch: 119, loss: inf
[2026-05-30 10:19:35,206][root][INFO] - Epoch: 120, loss: inf
[2026-05-30 10:19:35,281][root][INFO] - Epoch: 121, loss: inf
[2026-05-30 10:19:35,354][root][INFO] - Epoch: 122, loss: inf
[2026-05-30 10:19:35,428][root][INFO] - Epoch: 123, loss: inf
[2026-05-30 10:19:35,502][root][INFO] - Epoch: 124, loss: inf
[2026-05-30 10:19:35,576][root][INFO] - Epoch: 125, loss: inf
[2026-05-30 10:19:35,648][root][INFO] - Epoch: 126, loss: inf
[2026-05-30 10:19:35,722][root][INFO] - Epoch: 127, loss: inf
[2026-05-30 10:19:35,795][root][INFO] - Epoch: 128, loss: inf
[2026-05-30 10:19:35,869][root][INFO] - Epoch: 129, loss: inf
[2026-05-30 10:19:35,941][root][INFO] - Epoch: 130, loss: inf
[2026-05-30 10:19:36,014][root][INFO] - Epoch: 131, loss: inf
[2026-05-30 10:19:36,088][root][INFO] - Epoch: 132, loss: inf
[2026-05-30 10:19:36,161][root][INFO] - Epoch: 133, loss: inf
[2026-05-30 10:19:36,235][root][INFO] - Epoch: 134, loss: inf
[2026-05-30 10:19:36,309][root][INFO] - Epoch: 135, loss: inf
[2026-05-30 10:19:36,384][root][INFO] - Epoch: 136, loss: inf
[2026-05-30 10:19:36,457][root][INFO] - Epoch: 137, loss: inf
[2026-05-30 10:19:36,530][root][INFO] - Epoch: 138, loss: inf
[2026-05-30 10:19:36,604][root][INFO] - Epoch: 139, loss: inf
[2026-05-30 10:19:36,678][root][INFO] - Epoch: 140, loss: inf
[2026-05-30 10:19:36,751][root][INFO] - Epoch: 141, loss: inf
[2026-05-30 10:19:36,828][root][INFO] - Epoch: 142, loss: inf
[2026-05-30 10:19:36,902][root][INFO] - Epoch: 143, loss: inf
[2026-05-30 10:19:36,974][root][INFO] - Epoch: 144, loss: inf
[2026-05-30 10:19:37,048][root][INFO] - Epoch: 145, loss: inf
[2026-05-30 10:19:37,120][root][INFO] - Epoch: 146, loss: inf
[2026-05-30 10:19:37,193][root][INFO] - Epoch: 147, loss: inf
[2026-05-30 10:19:37,266][root][INFO] - Epoch: 148, loss: inf
[2026-05-30 10:19:37,339][root][INFO] - Epoch: 149, loss: inf
[2026-05-30 10:19:37,411][root][INFO] - Epoch: 150, loss: inf
[2026-05-30 10:19:37,484][root][INFO] - Epoch: 151, loss: inf
[2026-05-30 10:19:37,557][root][INFO] - Epoch: 152, loss: inf
[2026-05-30 10:19:37,630][root][INFO] - Epoch: 153, loss: inf
[2026-05-30 10:19:37,703][root][INFO] - Epoch: 154, loss: inf
[2026-05-30 10:19:37,775][root][INFO] - Epoch: 155, loss: inf
[2026-05-30 10:19:37,848][root][INFO] - Epoch: 156, loss: inf
[2026-05-30 10:19:37,921][root][INFO] - Epoch: 157, loss: inf
[2026-05-30 10:19:37,994][root][INFO] - Epoch: 158, loss: inf
[2026-05-30 10:19:38,068][root][INFO] - Epoch: 159, loss: inf
[2026-05-30 10:19:38,140][root][INFO] - Epoch: 160, loss: inf
[2026-05-30 10:19:38,214][root][INFO] - Epoch: 161, loss: inf
[2026-05-30 10:19:38,286][root][INFO] - Epoch: 162, loss: inf
[2026-05-30 10:19:38,360][root][INFO] - Epoch: 163, loss: inf
[2026-05-30 10:19:38,433][root][INFO] - Epoch: 164, loss: inf
[2026-05-30 10:19:38,507][root][INFO] - Epoch: 165, loss: inf
[2026-05-30 10:19:38,580][root][INFO] - Epoch: 166, loss: inf
[2026-05-30 10:19:38,653][root][INFO] - Epoch: 167, loss: inf
[2026-05-30 10:19:38,726][root][INFO] - Epoch: 168, loss: inf
[2026-05-30 10:19:38,798][root][INFO] - Epoch: 169, loss: inf
[2026-05-30 10:19:38,873][root][INFO] - Epoch: 170, loss: inf
[2026-05-30 10:19:38,947][root][INFO] - Epoch: 171, loss: inf
[2026-05-30 10:19:39,019][root][INFO] - Epoch: 172, loss: inf
[2026-05-30 10:19:39,092][root][INFO] - Epoch: 173, loss: inf
[2026-05-30 10:19:39,165][root][INFO] - Epoch: 174, loss: inf
[2026-05-30 10:19:39,237][root][INFO] - Epoch: 175, loss: inf
[2026-05-30 10:19:39,309][root][INFO] - Epoch: 176, loss: inf
[2026-05-30 10:19:39,382][root][INFO] - Epoch: 177, loss: inf
[2026-05-30 10:19:39,455][root][INFO] - Epoch: 178, loss: inf
[2026-05-30 10:19:39,528][root][INFO] - Epoch: 179, loss: inf
[2026-05-30 10:19:39,601][root][INFO] - Epoch: 180, loss: inf
[2026-05-30 10:19:39,674][root][INFO] - Epoch: 181, loss: inf
[2026-05-30 10:19:39,747][root][INFO] - Epoch: 182, loss: inf
[2026-05-30 10:19:39,820][root][INFO] - Epoch: 183, loss: inf
[2026-05-30 10:19:39,894][root][INFO] - Epoch: 184, loss: inf
[2026-05-30 10:19:39,967][root][INFO] - Epoch: 185, loss: inf
[2026-05-30 10:19:40,041][root][INFO] - Epoch: 186, loss: inf
[2026-05-30 10:19:40,114][root][INFO] - Epoch: 187, loss: inf
[2026-05-30 10:19:40,187][root][INFO] - Epoch: 188, loss: inf
[2026-05-30 10:19:40,259][root][INFO] - Epoch: 189, loss: inf
[2026-05-30 10:19:40,332][root][INFO] - Epoch: 190, loss: inf
[2026-05-30 10:19:40,404][root][INFO] - Epoch: 191, loss: inf
[2026-05-30 10:19:40,477][root][INFO] - Epoch: 192, loss: inf
[2026-05-30 10:19:40,550][root][INFO] - Epoch: 193, loss: inf
[2026-05-30 10:19:40,625][root][INFO] - Epoch: 194, loss: inf
[2026-05-30 10:19:40,698][root][INFO] - Epoch: 195, loss: inf
[2026-05-30 10:19:40,771][root][INFO] - Epoch: 196, loss: inf
[2026-05-30 10:19:40,843][root][INFO] - Epoch: 197, loss: inf
[2026-05-30 10:19:40,916][root][INFO] - Epoch: 198, loss: inf
[2026-05-30 10:19:40,990][root][INFO] - Epoch: 199, loss: inf
[2026-05-30 10:19:41,063][root][INFO] - Epoch: 200, loss: inf
[2026-05-30 10:19:41,098][root][INFO] - {'model_loss': 'inf', 'recon_loss': '0.0000', 'triplet_loss': 'inf'}
[2026-05-30 10:19:41,102][root][INFO] - Generation 272/400 - Time: 0.00 seconds
[2026-05-30 10:19:41,103][root][INFO] - {'coverage': '100.00', 'max_fitness': '0.00', 'passive_coverage': '66.80', 'passive_max_fitness': '0.00', 'passive_mean_fitness': '-59.80', 'passive_qd_score': '55829.06', 'qd_score': '144815.47', 'mean_fitness_top_k': '0.00'}
[2026-05-30 10:19:42,226][root][INFO] - Generation 273/400 - Time: 0.00 seconds
[2026-05-30 10:19:42,227][root][INFO] - {'coverage': '100.00', 'max_fitness': '0.00', 'passive_coverage': '66.80', 'passive_max_fitness': '0.00', 'passive_mean_fitness': '-59.80', 'passive_qd_score': '55829.06', 'qd_score': '144815.47', 'mean_fitness_top_k': '0.00'}
[2026-05-30 10:19:43,375][root][INFO] - Generation 274/400 - Time: 0.00 seconds
[2026-05-30 10:19:43,376][root][INFO] - {'coverage': '100.00', 'max_fitness': '0.00', 'passive_coverage': '66.80', 'passive_max_fitness': '0.00', 'passive_mean_fitness': '-59.80', 'passive_qd_score': '55829.06', 'qd_score': '144815.47', 'mean_fitness_top_k': '0.00'}
[2026-05-30 10:19:44,509][root][INFO] - Generation 275/400 - Time: 0.00 seconds
[2026-05-30 10:19:44,510][root][INFO] - {'coverage': '100.00', 'max_fitness': '0.00', 'passive_coverage': '66.80', 'passive_max_fitness': '0.00', 'passive_mean_fitness': '-59.80', 'passive_qd_score': '55829.06', 'qd_score': '144815.47', 'mean_fitness_top_k': '0.00'}
[2026-05-30 10:19:45,649][root][INFO] - Generation 276/400 - Time: 0.00 seconds
[2026-05-30 10:19:45,650][root][INFO] - {'coverage': '100.00', 'max_fitness': '0.00', 'passive_coverage': '66.80', 'passive_max_fitness': '0.00', 'passive_mean_fitness': '-59.80', 'passive_qd_score': '55829.06', 'qd_score': '144815.47', 'mean_fitness_top_k': '0.00'}
[2026-05-30 10:19:46,821][root][INFO] - Generation 277/400 - Time: 0.00 seconds
[2026-05-30 10:19:46,822][root][INFO] - {'coverage': '100.00', 'max_fitness': '0.00', 'passive_coverage': '66.80', 'passive_max_fitness': '0.00', 'passive_mean_fitness': '-59.80', 'passive_qd_score': '55829.06', 'qd_score': '144815.47', 'mean_fitness_top_k': '0.00'}
[2026-05-30 10:19:47,959][root][INFO] - Generation 278/400 - Time: 0.00 seconds
[2026-05-30 10:19:47,960][root][INFO] - {'coverage': '100.00', 'max_fitness': '0.00', 'passive_coverage': '66.80', 'passive_max_fitness': '0.00', 'passive_mean_fitness': '-59.80', 'passive_qd_score': '55829.06', 'qd_score': '144815.47', 'mean_fitness_top_k': '0.00'}
[2026-05-30 10:19:49,100][root][INFO] - Generation 279/400 - Time: 0.00 seconds
[2026-05-30 10:19:49,101][root][INFO] - {'coverage': '100.00', 'max_fitness': '0.00', 'passive_coverage': '66.80', 'passive_max_fitness': '0.00', 'passive_mean_fitness': '-59.80', 'passive_qd_score': '55829.06', 'qd_score': '144815.47', 'mean_fitness_top_k': '0.00'}
[2026-05-30 10:19:50,231][root][INFO] - Generation 280/400 - Time: 0.00 seconds
[2026-05-30 10:19:50,232][root][INFO] - {'coverage': '100.00', 'max_fitness': '0.00', 'passive_coverage': '66.80', 'passive_max_fitness': '0.00', 'passive_mean_fitness': '-59.80', 'passive_qd_score': '55829.06', 'qd_score': '144815.47', 'mean_fitness_top_k': '0.00'}
[2026-05-30 10:19:51,379][root][INFO] - Generation 281/400 - Time: 0.00 seconds
[2026-05-30 10:19:51,380][root][INFO] - {'coverage': '100.00', 'max_fitness': '0.00', 'passive_coverage': '66.80', 'passive_max_fitness': '0.00', 'passive_mean_fitness': '-59.80', 'passive_qd_score': '55829.06', 'qd_score': '144815.47', 'mean_fitness_top_k': '0.00'}
[2026-05-30 10:19:52,878][root][INFO] - Generation 282/400 - Time: 0.36 seconds
[2026-05-30 10:19:52,879][root][INFO] - {'coverage': '100.00', 'max_fitness': '0.00', 'passive_coverage': '66.80', 'passive_max_fitness': '0.00', 'passive_mean_fitness': '-59.80', 'passive_qd_score': '55829.06', 'qd_score': '144815.47', 'mean_fitness_top_k': '0.00'}
[2026-05-30 10:19:54,017][root][INFO] - Generation 283/400 - Time: 0.00 seconds
[2026-05-30 10:19:54,019][root][INFO] - {'coverage': '100.00', 'max_fitness': '0.00', 'passive_coverage': '66.80', 'passive_max_fitness': '0.00', 'passive_mean_fitness': '-59.80', 'passive_qd_score': '55829.06', 'qd_score': '144815.47', 'mean_fitness_top_k': '0.00'}
[2026-05-30 10:19:55,193][root][INFO] - Generation 284/400 - Time: 0.00 seconds
[2026-05-30 10:19:55,194][root][INFO] - {'coverage': '100.00', 'max_fitness': '0.00', 'passive_coverage': '66.80', 'passive_max_fitness': '0.00', 'passive_mean_fitness': '-59.80', 'passive_qd_score': '55829.06', 'qd_score': '144815.47', 'mean_fitness_top_k': '0.00'}
[2026-05-30 10:19:56,354][root][INFO] - Generation 285/400 - Time: 0.00 seconds
[2026-05-30 10:19:56,355][root][INFO] - {'coverage': '100.00', 'max_fitness': '0.00', 'passive_coverage': '66.80', 'passive_max_fitness': '0.00', 'passive_mean_fitness': '-59.80', 'passive_qd_score': '55829.06', 'qd_score': '144815.47', 'mean_fitness_top_k': '0.00'}
[2026-05-30 10:19:57,488][root][INFO] - Generation 286/400 - Time: 0.00 seconds
[2026-05-30 10:19:57,489][root][INFO] - {'coverage': '100.00', 'max_fitness': '0.00', 'passive_coverage': '66.80', 'passive_max_fitness': '0.00', 'passive_mean_fitness': '-59.80', 'passive_qd_score': '55829.06', 'qd_score': '144815.47', 'mean_fitness_top_k': '0.00'}
[2026-05-30 10:19:58,617][root][INFO] - Generation 287/400 - Time: 0.00 seconds
[2026-05-30 10:19:58,618][root][INFO] - {'coverage': '100.00', 'max_fitness': '0.00', 'passive_coverage': '66.80', 'passive_max_fitness': '0.00', 'passive_mean_fitness': '-59.80', 'passive_qd_score': '55829.06', 'qd_score': '144815.47', 'mean_fitness_top_k': '0.00'}
[2026-05-30 10:19:59,776][root][INFO] - Generation 288/400 - Time: 0.00 seconds
[2026-05-30 10:19:59,777][root][INFO] - {'coverage': '100.00', 'max_fitness': '0.00', 'passive_coverage': '66.80', 'passive_max_fitness': '0.00', 'passive_mean_fitness': '-59.80', 'passive_qd_score': '55829.06', 'qd_score': '144815.47', 'mean_fitness_top_k': '0.00'}
[2026-05-30 10:20:00,924][root][INFO] - Generation 289/400 - Time: 0.00 seconds
[2026-05-30 10:20:00,925][root][INFO] - {'coverage': '100.00', 'max_fitness': '0.00', 'passive_coverage': '66.80', 'passive_max_fitness': '0.00', 'passive_mean_fitness': '-59.80', 'passive_qd_score': '55829.06', 'qd_score': '144815.47', 'mean_fitness_top_k': '0.00'}
[2026-05-30 10:20:02,079][root][INFO] - Generation 290/400 - Time: 0.00 seconds
[2026-05-30 10:20:02,080][root][INFO] - {'coverage': '100.00', 'max_fitness': '0.00', 'passive_coverage': '66.80', 'passive_max_fitness': '0.00', 'passive_mean_fitness': '-59.80', 'passive_qd_score': '55829.06', 'qd_score': '144815.47', 'mean_fitness_top_k': '0.00'}
[2026-05-30 10:20:03,227][root][INFO] - Generation 291/400 - Time: 0.00 seconds
[2026-05-30 10:20:03,227][root][INFO] - {'coverage': '100.00', 'max_fitness': '0.00', 'passive_coverage': '66.80', 'passive_max_fitness': '0.00', 'passive_mean_fitness': '-59.80', 'passive_qd_score': '55829.06', 'qd_score': '144815.47', 'mean_fitness_top_k': '0.00'}
[2026-05-30 10:20:04,358][root][INFO] - Generation 292/400 - Time: 0.00 seconds
[2026-05-30 10:20:04,359][root][INFO] - {'coverage': '100.00', 'max_fitness': '0.00', 'passive_coverage': '66.80', 'passive_max_fitness': '0.00', 'passive_mean_fitness': '-59.80', 'passive_qd_score': '55829.06', 'qd_score': '144815.47', 'mean_fitness_top_k': '0.00'}
[2026-05-30 10:20:05,483][root][INFO] - Generation 293/400 - Time: 0.00 seconds
[2026-05-30 10:20:05,484][root][INFO] - {'coverage': '100.00', 'max_fitness': '0.00', 'passive_coverage': '66.80', 'passive_max_fitness': '0.00', 'passive_mean_fitness': '-59.80', 'passive_qd_score': '55829.06', 'qd_score': '144815.47', 'mean_fitness_top_k': '0.00'}
[2026-05-30 10:20:06,610][root][INFO] - Generation 294/400 - Time: 0.00 seconds
[2026-05-30 10:20:06,611][root][INFO] - {'coverage': '100.00', 'max_fitness': '0.00', 'passive_coverage': '66.80', 'passive_max_fitness': '0.00', 'passive_mean_fitness': '-59.80', 'passive_qd_score': '55829.06', 'qd_score': '144815.47', 'mean_fitness_top_k': '0.00'}
[2026-05-30 10:20:07,673][root][INFO] - Generation 295/400 - Time: 0.00 seconds
[2026-05-30 10:20:07,674][root][INFO] - {'coverage': '100.00', 'max_fitness': '0.00', 'passive_coverage': '66.80', 'passive_max_fitness': '0.00', 'passive_mean_fitness': '-59.80', 'passive_qd_score': '55829.06', 'qd_score': '144815.47', 'mean_fitness_top_k': '0.00'}
[2026-05-30 10:20:08,690][root][INFO] - Generation 296/400 - Time: 0.00 seconds
[2026-05-30 10:20:08,690][root][INFO] - {'coverage': '100.00', 'max_fitness': '0.00', 'passive_coverage': '66.80', 'passive_max_fitness': '0.00', 'passive_mean_fitness': '-59.80', 'passive_qd_score': '55829.06', 'qd_score': '144815.47', 'mean_fitness_top_k': '0.00'}
[2026-05-30 10:20:09,692][root][INFO] - Generation 297/400 - Time: 0.00 seconds
[2026-05-30 10:20:09,693][root][INFO] - {'coverage': '100.00', 'max_fitness': '0.00', 'passive_coverage': '66.80', 'passive_max_fitness': '0.00', 'passive_mean_fitness': '-59.80', 'passive_qd_score': '55829.06', 'qd_score': '144815.47', 'mean_fitness_top_k': '0.00'}
[2026-05-30 10:20:10,684][root][INFO] - Generation 298/400 - Time: 0.00 seconds
[2026-05-30 10:20:10,685][root][INFO] - {'coverage': '100.00', 'max_fitness': '0.00', 'passive_coverage': '66.80', 'passive_max_fitness': '0.00', 'passive_mean_fitness': '-59.80', 'passive_qd_score': '55829.06', 'qd_score': '144815.47', 'mean_fitness_top_k': '0.00'}
[2026-05-30 10:20:11,664][root][INFO] - Generation 299/400 - Time: 0.00 seconds
[2026-05-30 10:20:11,665][root][INFO] - {'coverage': '100.00', 'max_fitness': '0.00', 'passive_coverage': '66.80', 'passive_max_fitness': '0.00', 'passive_mean_fitness': '-59.80', 'passive_qd_score': '55829.06', 'qd_score': '144815.47', 'mean_fitness_top_k': '0.00'}
[2026-05-30 10:20:12,682][root][INFO] - Generation 300/400 - Time: 0.00 seconds
[2026-05-30 10:20:12,683][root][INFO] - {'coverage': '100.00', 'max_fitness': '0.00', 'passive_coverage': '66.80', 'passive_max_fitness': '0.00', 'passive_mean_fitness': '-59.80', 'passive_qd_score': '55829.06', 'qd_score': '144815.47', 'mean_fitness_top_k': '0.00'}
[2026-05-30 10:20:13,673][root][INFO] - Generation 301/400 - Time: 0.00 seconds
[2026-05-30 10:20:13,674][root][INFO] - {'coverage': '100.00', 'max_fitness': '0.00', 'passive_coverage': '66.80', 'passive_max_fitness': '0.00', 'passive_mean_fitness': '-59.80', 'passive_qd_score': '55829.06', 'qd_score': '144815.47', 'mean_fitness_top_k': '0.00'}
[2026-05-30 10:20:14,662][root][INFO] - Generation 302/400 - Time: 0.00 seconds
[2026-05-30 10:20:14,663][root][INFO] - {'coverage': '100.00', 'max_fitness': '0.00', 'passive_coverage': '66.80', 'passive_max_fitness': '0.00', 'passive_mean_fitness': '-59.80', 'passive_qd_score': '55829.06', 'qd_score': '144815.47', 'mean_fitness_top_k': '0.00'}
[2026-05-30 10:20:15,668][root][INFO] - Generation 303/400 - Time: 0.00 seconds
[2026-05-30 10:20:15,669][root][INFO] - {'coverage': '100.00', 'max_fitness': '0.00', 'passive_coverage': '66.80', 'passive_max_fitness': '0.00', 'passive_mean_fitness': '-59.80', 'passive_qd_score': '55829.06', 'qd_score': '144815.47', 'mean_fitness_top_k': '0.00'}
[2026-05-30 10:20:16,654][root][INFO] - Generation 304/400 - Time: 0.00 seconds
[2026-05-30 10:20:16,655][root][INFO] - {'coverage': '100.00', 'max_fitness': '0.00', 'passive_coverage': '66.80', 'passive_max_fitness': '0.00', 'passive_mean_fitness': '-59.80', 'passive_qd_score': '55829.06', 'qd_score': '144815.47', 'mean_fitness_top_k': '0.00'}
[2026-05-30 10:20:17,639][root][INFO] - Generation 305/400 - Time: 0.00 seconds
[2026-05-30 10:20:17,640][root][INFO] - {'coverage': '100.00', 'max_fitness': '0.00', 'passive_coverage': '66.80', 'passive_max_fitness': '0.00', 'passive_mean_fitness': '-59.80', 'passive_qd_score': '55829.06', 'qd_score': '144815.47', 'mean_fitness_top_k': '0.00'}
[2026-05-30 10:20:18,623][root][INFO] - Updating AE...
[2026-05-30 10:20:19,344][root][INFO] - Epoch: 1, loss: inf
[2026-05-30 10:20:19,416][root][INFO] - Epoch: 2, loss: inf
[2026-05-30 10:20:19,487][root][INFO] - Epoch: 3, loss: inf
[2026-05-30 10:20:19,558][root][INFO] - Epoch: 4, loss: inf
[2026-05-30 10:20:19,628][root][INFO] - Epoch: 5, loss: inf
[2026-05-30 10:20:19,699][root][INFO] - Epoch: 6, loss: inf
[2026-05-30 10:20:19,772][root][INFO] - Epoch: 7, loss: inf
[2026-05-30 10:20:19,845][root][INFO] - Epoch: 8, loss: inf
[2026-05-30 10:20:19,919][root][INFO] - Epoch: 9, loss: inf
[2026-05-30 10:20:19,989][root][INFO] - Epoch: 10, loss: inf
[2026-05-30 10:20:20,061][root][INFO] - Epoch: 11, loss: inf
[2026-05-30 10:20:20,132][root][INFO] - Epoch: 12, loss: inf
[2026-05-30 10:20:20,204][root][INFO] - Epoch: 13, loss: inf
[2026-05-30 10:20:20,275][root][INFO] - Epoch: 14, loss: inf
[2026-05-30 10:20:20,345][root][INFO] - Epoch: 15, loss: inf
[2026-05-30 10:20:20,418][root][INFO] - Epoch: 16, loss: inf
[2026-05-30 10:20:20,490][root][INFO] - Epoch: 17, loss: inf
[2026-05-30 10:20:20,562][root][INFO] - Epoch: 18, loss: inf
[2026-05-30 10:20:20,635][root][INFO] - Epoch: 19, loss: inf
[2026-05-30 10:20:20,708][root][INFO] - Epoch: 20, loss: inf
[2026-05-30 10:20:20,781][root][INFO] - Epoch: 21, loss: inf
[2026-05-30 10:20:20,855][root][INFO] - Epoch: 22, loss: inf
[2026-05-30 10:20:20,928][root][INFO] - Epoch: 23, loss: inf
[2026-05-30 10:20:21,002][root][INFO] - Epoch: 24, loss: inf
[2026-05-30 10:20:21,075][root][INFO] - Epoch: 25, loss: inf
[2026-05-30 10:20:21,148][root][INFO] - Epoch: 26, loss: inf
[2026-05-30 10:20:21,222][root][INFO] - Epoch: 27, loss: inf
[2026-05-30 10:20:21,294][root][INFO] - Epoch: 28, loss: inf
[2026-05-30 10:20:21,368][root][INFO] - Epoch: 29, loss: inf
[2026-05-30 10:20:21,442][root][INFO] - Epoch: 30, loss: inf
[2026-05-30 10:20:21,515][root][INFO] - Epoch: 31, loss: inf
[2026-05-30 10:20:21,588][root][INFO] - Epoch: 32, loss: inf
[2026-05-30 10:20:21,662][root][INFO] - Epoch: 33, loss: inf
[2026-05-30 10:20:21,735][root][INFO] - Epoch: 34, loss: inf
[2026-05-30 10:20:21,807][root][INFO] - Epoch: 35, loss: inf
[2026-05-30 10:20:21,878][root][INFO] - Epoch: 36, loss: inf
[2026-05-30 10:20:21,951][root][INFO] - Epoch: 37, loss: inf
[2026-05-30 10:20:22,024][root][INFO] - Epoch: 38, loss: inf
[2026-05-30 10:20:22,097][root][INFO] - Epoch: 39, loss: inf
[2026-05-30 10:20:22,169][root][INFO] - Epoch: 40, loss: inf
[2026-05-30 10:20:22,241][root][INFO] - Epoch: 41, loss: inf
[2026-05-30 10:20:22,314][root][INFO] - Epoch: 42, loss: inf
[2026-05-30 10:20:22,386][root][INFO] - Epoch: 43, loss: inf
[2026-05-30 10:20:22,457][root][INFO] - Epoch: 44, loss: inf
[2026-05-30 10:20:22,529][root][INFO] - Epoch: 45, loss: inf
[2026-05-30 10:20:22,601][root][INFO] - Epoch: 46, loss: inf
[2026-05-30 10:20:22,672][root][INFO] - Epoch: 47, loss: inf
[2026-05-30 10:20:22,747][root][INFO] - Epoch: 48, loss: inf
[2026-05-30 10:20:22,817][root][INFO] - Epoch: 49, loss: inf
[2026-05-30 10:20:22,889][root][INFO] - Epoch: 50, loss: inf
[2026-05-30 10:20:22,964][root][INFO] - Epoch: 51, loss: inf
[2026-05-30 10:20:23,036][root][INFO] - Epoch: 52, loss: inf
[2026-05-30 10:20:23,108][root][INFO] - Epoch: 53, loss: inf
[2026-05-30 10:20:23,180][root][INFO] - Epoch: 54, loss: inf
[2026-05-30 10:20:23,250][root][INFO] - Epoch: 55, loss: inf
[2026-05-30 10:20:23,323][root][INFO] - Epoch: 56, loss: inf
[2026-05-30 10:20:23,396][root][INFO] - Epoch: 57, loss: inf
[2026-05-30 10:20:23,474][root][INFO] - Epoch: 58, loss: inf
[2026-05-30 10:20:23,545][root][INFO] - Epoch: 59, loss: inf
[2026-05-30 10:20:23,615][root][INFO] - Epoch: 60, loss: inf
[2026-05-30 10:20:23,686][root][INFO] - Epoch: 61, loss: inf
[2026-05-30 10:20:23,758][root][INFO] - Epoch: 62, loss: inf
[2026-05-30 10:20:23,829][root][INFO] - Epoch: 63, loss: inf
[2026-05-30 10:20:23,901][root][INFO] - Epoch: 64, loss: inf
[2026-05-30 10:20:23,973][root][INFO] - Epoch: 65, loss: inf
[2026-05-30 10:20:24,045][root][INFO] - Epoch: 66, loss: inf
[2026-05-30 10:20:24,117][root][INFO] - Epoch: 67, loss: inf
[2026-05-30 10:20:24,190][root][INFO] - Epoch: 68, loss: inf
[2026-05-30 10:20:24,262][root][INFO] - Epoch: 69, loss: inf
[2026-05-30 10:20:24,333][root][INFO] - Epoch: 70, loss: inf
[2026-05-30 10:20:24,407][root][INFO] - Epoch: 71, loss: inf
[2026-05-30 10:20:24,478][root][INFO] - Epoch: 72, loss: inf
[2026-05-30 10:20:24,551][root][INFO] - Epoch: 73, loss: inf
[2026-05-30 10:20:24,625][root][INFO] - Epoch: 74, loss: inf
[2026-05-30 10:20:24,699][root][INFO] - Epoch: 75, loss: inf
[2026-05-30 10:20:24,772][root][INFO] - Epoch: 76, loss: inf
[2026-05-30 10:20:24,844][root][INFO] - Epoch: 77, loss: inf
[2026-05-30 10:20:24,916][root][INFO] - Epoch: 78, loss: inf
[2026-05-30 10:20:24,987][root][INFO] - Epoch: 79, loss: inf
[2026-05-30 10:20:25,060][root][INFO] - Epoch: 80, loss: inf
[2026-05-30 10:20:25,131][root][INFO] - Epoch: 81, loss: inf
[2026-05-30 10:20:25,202][root][INFO] - Epoch: 82, loss: inf
[2026-05-30 10:20:25,273][root][INFO] - Epoch: 83, loss: inf
[2026-05-30 10:20:25,345][root][INFO] - Epoch: 84, loss: inf
[2026-05-30 10:20:25,418][root][INFO] - Epoch: 85, loss: inf
[2026-05-30 10:20:25,490][root][INFO] - Epoch: 86, loss: inf
[2026-05-30 10:20:25,564][root][INFO] - Epoch: 87, loss: inf
[2026-05-30 10:20:25,637][root][INFO] - Epoch: 88, loss: inf
[2026-05-30 10:20:25,710][root][INFO] - Epoch: 89, loss: inf
[2026-05-30 10:20:25,783][root][INFO] - Epoch: 90, loss: inf
[2026-05-30 10:20:25,858][root][INFO] - Epoch: 91, loss: inf
[2026-05-30 10:20:25,931][root][INFO] - Epoch: 92, loss: inf
[2026-05-30 10:20:26,003][root][INFO] - Epoch: 93, loss: inf
[2026-05-30 10:20:26,077][root][INFO] - Epoch: 94, loss: inf
[2026-05-30 10:20:26,151][root][INFO] - Epoch: 95, loss: inf
[2026-05-30 10:20:26,224][root][INFO] - Epoch: 96, loss: inf
[2026-05-30 10:20:26,298][root][INFO] - Epoch: 97, loss: inf
[2026-05-30 10:20:26,372][root][INFO] - Epoch: 98, loss: inf
[2026-05-30 10:20:26,444][root][INFO] - Epoch: 99, loss: inf
[2026-05-30 10:20:26,518][root][INFO] - Epoch: 100, loss: inf
[2026-05-30 10:20:26,591][root][INFO] - Epoch: 101, loss: inf
[2026-05-30 10:20:26,664][root][INFO] - Epoch: 102, loss: inf
[2026-05-30 10:20:26,738][root][INFO] - Epoch: 103, loss: inf
[2026-05-30 10:20:26,813][root][INFO] - Epoch: 104, loss: inf
[2026-05-30 10:20:26,888][root][INFO] - Epoch: 105, loss: inf
[2026-05-30 10:20:26,961][root][INFO] - Epoch: 106, loss: inf
[2026-05-30 10:20:27,035][root][INFO] - Epoch: 107, loss: inf
[2026-05-30 10:20:27,110][root][INFO] - Epoch: 108, loss: inf
[2026-05-30 10:20:27,184][root][INFO] - Epoch: 109, loss: inf
[2026-05-30 10:20:27,258][root][INFO] - Epoch: 110, loss: inf
[2026-05-30 10:20:27,331][root][INFO] - Epoch: 111, loss: inf
[2026-05-30 10:20:27,404][root][INFO] - Epoch: 112, loss: inf
[2026-05-30 10:20:27,477][root][INFO] - Epoch: 113, loss: inf
[2026-05-30 10:20:27,552][root][INFO] - Epoch: 114, loss: inf
[2026-05-30 10:20:27,625][root][INFO] - Epoch: 115, loss: inf
[2026-05-30 10:20:27,699][root][INFO] - Epoch: 116, loss: inf
[2026-05-30 10:20:27,772][root][INFO] - Epoch: 117, loss: inf
[2026-05-30 10:20:27,846][root][INFO] - Epoch: 118, loss: inf
[2026-05-30 10:20:27,919][root][INFO] - Epoch: 119, loss: inf
[2026-05-30 10:20:27,993][root][INFO] - Epoch: 120, loss: inf
[2026-05-30 10:20:28,066][root][INFO] - Epoch: 121, loss: inf
[2026-05-30 10:20:28,140][root][INFO] - Epoch: 122, loss: inf
[2026-05-30 10:20:28,214][root][INFO] - Epoch: 123, loss: inf
[2026-05-30 10:20:28,287][root][INFO] - Epoch: 124, loss: inf
[2026-05-30 10:20:28,361][root][INFO] - Epoch: 125, loss: inf
[2026-05-30 10:20:28,435][root][INFO] - Epoch: 126, loss: inf
[2026-05-30 10:20:28,509][root][INFO] - Epoch: 127, loss: inf
[2026-05-30 10:20:28,583][root][INFO] - Epoch: 128, loss: inf
[2026-05-30 10:20:28,656][root][INFO] - Epoch: 129, loss: inf
[2026-05-30 10:20:28,730][root][INFO] - Epoch: 130, loss: inf
[2026-05-30 10:20:28,804][root][INFO] - Epoch: 131, loss: inf
[2026-05-30 10:20:28,879][root][INFO] - Epoch: 132, loss: inf
[2026-05-30 10:20:28,955][root][INFO] - Epoch: 133, loss: inf
[2026-05-30 10:20:29,029][root][INFO] - Epoch: 134, loss: inf
[2026-05-30 10:20:29,102][root][INFO] - Epoch: 135, loss: inf
[2026-05-30 10:20:29,175][root][INFO] - Epoch: 136, loss: inf
[2026-05-30 10:20:29,248][root][INFO] - Epoch: 137, loss: inf
[2026-05-30 10:20:29,321][root][INFO] - Epoch: 138, loss: inf
[2026-05-30 10:20:29,398][root][INFO] - Epoch: 139, loss: inf
[2026-05-30 10:20:29,472][root][INFO] - Epoch: 140, loss: inf
[2026-05-30 10:20:29,546][root][INFO] - Epoch: 141, loss: inf
[2026-05-30 10:20:29,619][root][INFO] - Epoch: 142, loss: inf
[2026-05-30 10:20:29,694][root][INFO] - Epoch: 143, loss: inf
[2026-05-30 10:20:29,768][root][INFO] - Epoch: 144, loss: inf
[2026-05-30 10:20:29,843][root][INFO] - Epoch: 145, loss: inf
[2026-05-30 10:20:29,918][root][INFO] - Epoch: 146, loss: inf
[2026-05-30 10:20:29,992][root][INFO] - Epoch: 147, loss: inf
[2026-05-30 10:20:30,066][root][INFO] - Epoch: 148, loss: inf
[2026-05-30 10:20:30,140][root][INFO] - Epoch: 149, loss: inf
[2026-05-30 10:20:30,214][root][INFO] - Epoch: 150, loss: inf
[2026-05-30 10:20:30,289][root][INFO] - Epoch: 151, loss: inf
[2026-05-30 10:20:30,362][root][INFO] - Epoch: 152, loss: inf
[2026-05-30 10:20:30,436][root][INFO] - Epoch: 153, loss: inf
[2026-05-30 10:20:30,510][root][INFO] - Epoch: 154, loss: inf
[2026-05-30 10:20:30,585][root][INFO] - Epoch: 155, loss: inf
[2026-05-30 10:20:30,658][root][INFO] - Epoch: 156, loss: inf
[2026-05-30 10:20:30,731][root][INFO] - Epoch: 157, loss: inf
[2026-05-30 10:20:30,804][root][INFO] - Epoch: 158, loss: inf
[2026-05-30 10:20:30,878][root][INFO] - Epoch: 159, loss: inf
[2026-05-30 10:20:30,951][root][INFO] - Epoch: 160, loss: inf
[2026-05-30 10:20:31,025][root][INFO] - Epoch: 161, loss: inf
[2026-05-30 10:20:31,100][root][INFO] - Epoch: 162, loss: inf
[2026-05-30 10:20:31,174][root][INFO] - Epoch: 163, loss: inf
[2026-05-30 10:20:31,248][root][INFO] - Epoch: 164, loss: inf
[2026-05-30 10:20:31,321][root][INFO] - Epoch: 165, loss: inf
[2026-05-30 10:20:31,395][root][INFO] - Epoch: 166, loss: inf
[2026-05-30 10:20:31,471][root][INFO] - Epoch: 167, loss: inf
[2026-05-30 10:20:31,545][root][INFO] - Epoch: 168, loss: inf
[2026-05-30 10:20:31,619][root][INFO] - Epoch: 169, loss: inf
[2026-05-30 10:20:31,693][root][INFO] - Epoch: 170, loss: inf
[2026-05-30 10:20:31,767][root][INFO] - Epoch: 171, loss: inf
[2026-05-30 10:20:31,841][root][INFO] - Epoch: 172, loss: inf
[2026-05-30 10:20:31,915][root][INFO] - Epoch: 173, loss: inf
[2026-05-30 10:20:31,989][root][INFO] - Epoch: 174, loss: inf
[2026-05-30 10:20:32,064][root][INFO] - Epoch: 175, loss: inf
[2026-05-30 10:20:32,138][root][INFO] - Epoch: 176, loss: inf
[2026-05-30 10:20:32,214][root][INFO] - Epoch: 177, loss: inf
[2026-05-30 10:20:32,288][root][INFO] - Epoch: 178, loss: inf
[2026-05-30 10:20:32,362][root][INFO] - Epoch: 179, loss: inf
[2026-05-30 10:20:32,435][root][INFO] - Epoch: 180, loss: inf
[2026-05-30 10:20:32,509][root][INFO] - Epoch: 181, loss: inf
[2026-05-30 10:20:32,585][root][INFO] - Epoch: 182, loss: inf
[2026-05-30 10:20:32,659][root][INFO] - Epoch: 183, loss: inf
[2026-05-30 10:20:32,732][root][INFO] - Epoch: 184, loss: inf
[2026-05-30 10:20:32,807][root][INFO] - Epoch: 185, loss: inf
[2026-05-30 10:20:32,881][root][INFO] - Epoch: 186, loss: inf
[2026-05-30 10:20:32,956][root][INFO] - Epoch: 187, loss: inf
[2026-05-30 10:20:33,030][root][INFO] - Epoch: 188, loss: inf
[2026-05-30 10:20:33,104][root][INFO] - Epoch: 189, loss: inf
[2026-05-30 10:20:33,178][root][INFO] - Epoch: 190, loss: inf
[2026-05-30 10:20:33,252][root][INFO] - Epoch: 191, loss: inf
[2026-05-30 10:20:33,326][root][INFO] - Epoch: 192, loss: inf
[2026-05-30 10:20:33,400][root][INFO] - Epoch: 193, loss: inf
[2026-05-30 10:20:33,474][root][INFO] - Epoch: 194, loss: inf
[2026-05-30 10:20:33,549][root][INFO] - Epoch: 195, loss: inf
[2026-05-30 10:20:33,622][root][INFO] - Epoch: 196, loss: inf
[2026-05-30 10:20:33,696][root][INFO] - Epoch: 197, loss: inf
[2026-05-30 10:20:33,770][root][INFO] - Epoch: 198, loss: inf
[2026-05-30 10:20:33,844][root][INFO] - Epoch: 199, loss: inf
[2026-05-30 10:20:33,917][root][INFO] - Epoch: 200, loss: inf
[2026-05-30 10:20:33,953][root][INFO] - {'model_loss': 'inf', 'recon_loss': '0.0000', 'triplet_loss': 'inf'}
[2026-05-30 10:20:33,957][root][INFO] - Updating AE...
[2026-05-30 10:20:34,740][root][INFO] - Epoch: 1, loss: inf
[2026-05-30 10:20:34,814][root][INFO] - Epoch: 2, loss: inf
[2026-05-30 10:20:34,889][root][INFO] - Epoch: 3, loss: inf
[2026-05-30 10:20:34,963][root][INFO] - Epoch: 4, loss: inf
[2026-05-30 10:20:35,038][root][INFO] - Epoch: 5, loss: inf
[2026-05-30 10:20:35,111][root][INFO] - Epoch: 6, loss: inf
[2026-05-30 10:20:35,185][root][INFO] - Epoch: 7, loss: inf
[2026-05-30 10:20:35,259][root][INFO] - Epoch: 8, loss: inf
[2026-05-30 10:20:35,333][root][INFO] - Epoch: 9, loss: inf
[2026-05-30 10:20:35,407][root][INFO] - Epoch: 10, loss: inf
[2026-05-30 10:20:35,481][root][INFO] - Epoch: 11, loss: inf
[2026-05-30 10:20:35,556][root][INFO] - Epoch: 12, loss: inf
[2026-05-30 10:20:35,630][root][INFO] - Epoch: 13, loss: inf
[2026-05-30 10:20:35,704][root][INFO] - Epoch: 14, loss: inf
[2026-05-30 10:20:35,778][root][INFO] - Epoch: 15, loss: inf
[2026-05-30 10:20:35,851][root][INFO] - Epoch: 16, loss: inf
[2026-05-30 10:20:35,925][root][INFO] - Epoch: 17, loss: inf
[2026-05-30 10:20:35,999][root][INFO] - Epoch: 18, loss: inf
[2026-05-30 10:20:36,073][root][INFO] - Epoch: 19, loss: inf
[2026-05-30 10:20:36,145][root][INFO] - Epoch: 20, loss: inf
[2026-05-30 10:20:36,219][root][INFO] - Epoch: 21, loss: inf
[2026-05-30 10:20:36,293][root][INFO] - Epoch: 22, loss: inf
[2026-05-30 10:20:36,366][root][INFO] - Epoch: 23, loss: inf
[2026-05-30 10:20:36,440][root][INFO] - Epoch: 24, loss: inf
[2026-05-30 10:20:36,514][root][INFO] - Epoch: 25, loss: inf
[2026-05-30 10:20:36,588][root][INFO] - Epoch: 26, loss: inf
[2026-05-30 10:20:36,662][root][INFO] - Epoch: 27, loss: inf
[2026-05-30 10:20:36,735][root][INFO] - Epoch: 28, loss: inf
[2026-05-30 10:20:36,808][root][INFO] - Epoch: 29, loss: inf
[2026-05-30 10:20:36,882][root][INFO] - Epoch: 30, loss: inf
[2026-05-30 10:20:36,956][root][INFO] - Epoch: 31, loss: inf
[2026-05-30 10:20:37,029][root][INFO] - Epoch: 32, loss: inf
[2026-05-30 10:20:37,103][root][INFO] - Epoch: 33, loss: inf
[2026-05-30 10:20:37,176][root][INFO] - Epoch: 34, loss: inf
[2026-05-30 10:20:37,250][root][INFO] - Epoch: 35, loss: inf
[2026-05-30 10:20:37,323][root][INFO] - Epoch: 36, loss: inf
[2026-05-30 10:20:37,395][root][INFO] - Epoch: 37, loss: inf
[2026-05-30 10:20:37,470][root][INFO] - Epoch: 38, loss: inf
[2026-05-30 10:20:37,544][root][INFO] - Epoch: 39, loss: inf
[2026-05-30 10:20:37,618][root][INFO] - Epoch: 40, loss: inf
[2026-05-30 10:20:37,693][root][INFO] - Epoch: 41, loss: inf
[2026-05-30 10:20:37,766][root][INFO] - Epoch: 42, loss: inf
[2026-05-30 10:20:37,841][root][INFO] - Epoch: 43, loss: inf
[2026-05-30 10:20:37,915][root][INFO] - Epoch: 44, loss: inf
[2026-05-30 10:20:37,988][root][INFO] - Epoch: 45, loss: inf
[2026-05-30 10:20:38,062][root][INFO] - Epoch: 46, loss: inf
[2026-05-30 10:20:38,136][root][INFO] - Epoch: 47, loss: inf
[2026-05-30 10:20:38,210][root][INFO] - Epoch: 48, loss: inf
[2026-05-30 10:20:38,285][root][INFO] - Epoch: 49, loss: inf
[2026-05-30 10:20:38,357][root][INFO] - Epoch: 50, loss: inf
[2026-05-30 10:20:38,431][root][INFO] - Epoch: 51, loss: inf
[2026-05-30 10:20:38,512][root][INFO] - Epoch: 52, loss: inf
[2026-05-30 10:20:38,599][root][INFO] - Epoch: 53, loss: inf
[2026-05-30 10:20:38,676][root][INFO] - Epoch: 54, loss: inf
[2026-05-30 10:20:38,750][root][INFO] - Epoch: 55, loss: inf
[2026-05-30 10:20:38,825][root][INFO] - Epoch: 56, loss: inf
[2026-05-30 10:20:38,904][root][INFO] - Epoch: 57, loss: inf
[2026-05-30 10:20:38,978][root][INFO] - Epoch: 58, loss: inf
[2026-05-30 10:20:39,051][root][INFO] - Epoch: 59, loss: inf
[2026-05-30 10:20:39,126][root][INFO] - Epoch: 60, loss: inf
[2026-05-30 10:20:39,201][root][INFO] - Epoch: 61, loss: inf
[2026-05-30 10:20:39,275][root][INFO] - Epoch: 62, loss: inf
[2026-05-30 10:20:39,350][root][INFO] - Epoch: 63, loss: inf
[2026-05-30 10:20:39,432][root][INFO] - Epoch: 64, loss: inf
[2026-05-30 10:20:39,506][root][INFO] - Epoch: 65, loss: inf
[2026-05-30 10:20:39,581][root][INFO] - Epoch: 66, loss: inf
[2026-05-30 10:20:39,654][root][INFO] - Epoch: 67, loss: inf
[2026-05-30 10:20:39,728][root][INFO] - Epoch: 68, loss: inf
[2026-05-30 10:20:39,801][root][INFO] - Epoch: 69, loss: inf
[2026-05-30 10:20:39,876][root][INFO] - Epoch: 70, loss: inf
[2026-05-30 10:20:39,950][root][INFO] - Epoch: 71, loss: inf
[2026-05-30 10:20:40,024][root][INFO] - Epoch: 72, loss: inf
[2026-05-30 10:20:40,098][root][INFO] - Epoch: 73, loss: inf
[2026-05-30 10:20:40,172][root][INFO] - Epoch: 74, loss: inf
[2026-05-30 10:20:40,246][root][INFO] - Epoch: 75, loss: inf
[2026-05-30 10:20:40,319][root][INFO] - Epoch: 76, loss: inf
[2026-05-30 10:20:40,395][root][INFO] - Epoch: 77, loss: inf
[2026-05-30 10:20:40,469][root][INFO] - Epoch: 78, loss: inf
[2026-05-30 10:20:40,542][root][INFO] - Epoch: 79, loss: inf
[2026-05-30 10:20:40,615][root][INFO] - Epoch: 80, loss: inf
[2026-05-30 10:20:40,690][root][INFO] - Epoch: 81, loss: inf
[2026-05-30 10:20:40,763][root][INFO] - Epoch: 82, loss: inf
[2026-05-30 10:20:40,836][root][INFO] - Epoch: 83, loss: inf
[2026-05-30 10:20:40,909][root][INFO] - Epoch: 84, loss: inf
[2026-05-30 10:20:40,981][root][INFO] - Epoch: 85, loss: inf
[2026-05-30 10:20:41,055][root][INFO] - Epoch: 86, loss: inf
[2026-05-30 10:20:41,128][root][INFO] - Epoch: 87, loss: inf
[2026-05-30 10:20:41,199][root][INFO] - Epoch: 88, loss: inf
[2026-05-30 10:20:41,273][root][INFO] - Epoch: 89, loss: inf
[2026-05-30 10:20:41,346][root][INFO] - Epoch: 90, loss: inf
[2026-05-30 10:20:41,418][root][INFO] - Epoch: 91, loss: inf
[2026-05-30 10:20:41,493][root][INFO] - Epoch: 92, loss: inf
[2026-05-30 10:20:41,566][root][INFO] - Epoch: 93, loss: inf
[2026-05-30 10:20:41,639][root][INFO] - Epoch: 94, loss: inf
[2026-05-30 10:20:41,713][root][INFO] - Epoch: 95, loss: inf
[2026-05-30 10:20:41,786][root][INFO] - Epoch: 96, loss: inf
[2026-05-30 10:20:41,860][root][INFO] - Epoch: 97, loss: inf
[2026-05-30 10:20:41,933][root][INFO] - Epoch: 98, loss: inf
[2026-05-30 10:20:42,006][root][INFO] - Epoch: 99, loss: inf
[2026-05-30 10:20:42,081][root][INFO] - Epoch: 100, loss: inf
[2026-05-30 10:20:42,154][root][INFO] - Epoch: 101, loss: inf
[2026-05-30 10:20:42,229][root][INFO] - Epoch: 102, loss: inf
[2026-05-30 10:20:42,303][root][INFO] - Epoch: 103, loss: inf
[2026-05-30 10:20:42,377][root][INFO] - Epoch: 104, loss: inf
[2026-05-30 10:20:42,454][root][INFO] - Epoch: 105, loss: inf
[2026-05-30 10:20:42,528][root][INFO] - Epoch: 106, loss: inf
[2026-05-30 10:20:42,602][root][INFO] - Epoch: 107, loss: inf
[2026-05-30 10:20:42,675][root][INFO] - Epoch: 108, loss: inf
[2026-05-30 10:20:42,748][root][INFO] - Epoch: 109, loss: inf
[2026-05-30 10:20:42,822][root][INFO] - Epoch: 110, loss: inf
[2026-05-30 10:20:42,897][root][INFO] - Epoch: 111, loss: inf
[2026-05-30 10:20:42,971][root][INFO] - Epoch: 112, loss: inf
[2026-05-30 10:20:43,045][root][INFO] - Epoch: 113, loss: inf
[2026-05-30 10:20:43,118][root][INFO] - Epoch: 114, loss: inf
[2026-05-30 10:20:43,192][root][INFO] - Epoch: 115, loss: inf
[2026-05-30 10:20:43,267][root][INFO] - Epoch: 116, loss: inf
[2026-05-30 10:20:43,341][root][INFO] - Epoch: 117, loss: inf
[2026-05-30 10:20:43,415][root][INFO] - Epoch: 118, loss: inf
[2026-05-30 10:20:43,490][root][INFO] - Epoch: 119, loss: inf
[2026-05-30 10:20:43,564][root][INFO] - Epoch: 120, loss: inf
[2026-05-30 10:20:43,638][root][INFO] - Epoch: 121, loss: inf
[2026-05-30 10:20:43,712][root][INFO] - Epoch: 122, loss: inf
[2026-05-30 10:20:43,786][root][INFO] - Epoch: 123, loss: inf
[2026-05-30 10:20:43,861][root][INFO] - Epoch: 124, loss: inf
[2026-05-30 10:20:43,936][root][INFO] - Epoch: 125, loss: inf
[2026-05-30 10:20:44,010][root][INFO] - Epoch: 126, loss: inf
[2026-05-30 10:20:44,084][root][INFO] - Epoch: 127, loss: inf
[2026-05-30 10:20:44,160][root][INFO] - Epoch: 128, loss: inf
[2026-05-30 10:20:44,235][root][INFO] - Epoch: 129, loss: inf
[2026-05-30 10:20:44,310][root][INFO] - Epoch: 130, loss: inf
[2026-05-30 10:20:44,386][root][INFO] - Epoch: 131, loss: inf
[2026-05-30 10:20:44,459][root][INFO] - Epoch: 132, loss: inf
[2026-05-30 10:20:44,534][root][INFO] - Epoch: 133, loss: inf
[2026-05-30 10:20:44,608][root][INFO] - Epoch: 134, loss: inf
[2026-05-30 10:20:44,683][root][INFO] - Epoch: 135, loss: inf
[2026-05-30 10:20:44,758][root][INFO] - Epoch: 136, loss: inf
[2026-05-30 10:20:44,832][root][INFO] - Epoch: 137, loss: inf
[2026-05-30 10:20:44,907][root][INFO] - Epoch: 138, loss: inf
[2026-05-30 10:20:44,981][root][INFO] - Epoch: 139, loss: inf
[2026-05-30 10:20:45,056][root][INFO] - Epoch: 140, loss: inf
[2026-05-30 10:20:45,130][root][INFO] - Epoch: 141, loss: inf
[2026-05-30 10:20:45,204][root][INFO] - Epoch: 142, loss: inf
[2026-05-30 10:20:45,278][root][INFO] - Epoch: 143, loss: inf
[2026-05-30 10:20:45,351][root][INFO] - Epoch: 144, loss: inf
[2026-05-30 10:20:45,425][root][INFO] - Epoch: 145, loss: inf
[2026-05-30 10:20:45,499][root][INFO] - Epoch: 146, loss: inf
[2026-05-30 10:20:45,573][root][INFO] - Epoch: 147, loss: inf
[2026-05-30 10:20:45,646][root][INFO] - Epoch: 148, loss: inf
[2026-05-30 10:20:45,720][root][INFO] - Epoch: 149, loss: inf
[2026-05-30 10:20:45,794][root][INFO] - Epoch: 150, loss: inf
[2026-05-30 10:20:45,867][root][INFO] - Epoch: 151, loss: inf
[2026-05-30 10:20:45,942][root][INFO] - Epoch: 152, loss: inf
[2026-05-30 10:20:46,015][root][INFO] - Epoch: 153, loss: inf
[2026-05-30 10:20:46,089][root][INFO] - Epoch: 154, loss: inf
[2026-05-30 10:20:46,163][root][INFO] - Epoch: 155, loss: inf
[2026-05-30 10:20:46,236][root][INFO] - Epoch: 156, loss: inf
[2026-05-30 10:20:46,310][root][INFO] - Epoch: 157, loss: inf
[2026-05-30 10:20:46,384][root][INFO] - Epoch: 158, loss: inf
[2026-05-30 10:20:46,459][root][INFO] - Epoch: 159, loss: inf
[2026-05-30 10:20:46,532][root][INFO] - Epoch: 160, loss: inf
[2026-05-30 10:20:46,606][root][INFO] - Epoch: 161, loss: inf
[2026-05-30 10:20:46,680][root][INFO] - Epoch: 162, loss: inf
[2026-05-30 10:20:46,754][root][INFO] - Epoch: 163, loss: inf
[2026-05-30 10:20:46,828][root][INFO] - Epoch: 164, loss: inf
[2026-05-30 10:20:46,902][root][INFO] - Epoch: 165, loss: inf
[2026-05-30 10:20:46,976][root][INFO] - Epoch: 166, loss: inf
[2026-05-30 10:20:47,050][root][INFO] - Epoch: 167, loss: inf
[2026-05-30 10:20:47,124][root][INFO] - Epoch: 168, loss: inf
[2026-05-30 10:20:47,197][root][INFO] - Epoch: 169, loss: inf
[2026-05-30 10:20:47,271][root][INFO] - Epoch: 170, loss: inf
[2026-05-30 10:20:47,344][root][INFO] - Epoch: 171, loss: inf
[2026-05-30 10:20:47,418][root][INFO] - Epoch: 172, loss: inf
[2026-05-30 10:20:47,493][root][INFO] - Epoch: 173, loss: inf
[2026-05-30 10:20:47,567][root][INFO] - Epoch: 174, loss: inf
[2026-05-30 10:20:47,640][root][INFO] - Epoch: 175, loss: inf
[2026-05-30 10:20:47,713][root][INFO] - Epoch: 176, loss: inf
[2026-05-30 10:20:47,786][root][INFO] - Epoch: 177, loss: inf
[2026-05-30 10:20:47,860][root][INFO] - Epoch: 178, loss: inf
[2026-05-30 10:20:47,934][root][INFO] - Epoch: 179, loss: inf
[2026-05-30 10:20:48,006][root][INFO] - Epoch: 180, loss: inf
[2026-05-30 10:20:48,081][root][INFO] - Epoch: 181, loss: inf
[2026-05-30 10:20:48,154][root][INFO] - Epoch: 182, loss: inf
[2026-05-30 10:20:48,227][root][INFO] - Epoch: 183, loss: inf
[2026-05-30 10:20:48,302][root][INFO] - Epoch: 184, loss: inf
[2026-05-30 10:20:48,376][root][INFO] - Epoch: 185, loss: inf
[2026-05-30 10:20:48,449][root][INFO] - Epoch: 186, loss: inf
[2026-05-30 10:20:48,524][root][INFO] - Epoch: 187, loss: inf
[2026-05-30 10:20:48,598][root][INFO] - Epoch: 188, loss: inf
[2026-05-30 10:20:48,673][root][INFO] - Epoch: 189, loss: inf
[2026-05-30 10:20:48,747][root][INFO] - Epoch: 190, loss: inf
[2026-05-30 10:20:48,821][root][INFO] - Epoch: 191, loss: inf
[2026-05-30 10:20:48,896][root][INFO] - Epoch: 192, loss: inf
[2026-05-30 10:20:48,970][root][INFO] - Epoch: 193, loss: inf
[2026-05-30 10:20:49,043][root][INFO] - Epoch: 194, loss: inf
[2026-05-30 10:20:49,118][root][INFO] - Epoch: 195, loss: inf
[2026-05-30 10:20:49,191][root][INFO] - Epoch: 196, loss: inf
[2026-05-30 10:20:49,264][root][INFO] - Epoch: 197, loss: inf
[2026-05-30 10:20:49,337][root][INFO] - Epoch: 198, loss: inf
[2026-05-30 10:20:49,410][root][INFO] - Epoch: 199, loss: inf
[2026-05-30 10:20:49,485][root][INFO] - Epoch: 200, loss: inf
[2026-05-30 10:20:49,522][root][INFO] - {'model_loss': 'inf', 'recon_loss': '0.0000', 'triplet_loss': 'inf'}
[2026-05-30 10:20:49,527][root][INFO] - Generation 306/400 - Time: 0.00 seconds
[2026-05-30 10:20:49,528][root][INFO] - {'coverage': '100.00', 'max_fitness': '0.00', 'passive_coverage': '66.80', 'passive_max_fitness': '0.00', 'passive_mean_fitness': '-59.80', 'passive_qd_score': '55829.06', 'qd_score': '144815.47', 'mean_fitness_top_k': '0.00'}
[2026-05-30 10:20:50,671][root][INFO] - Generation 307/400 - Time: 0.00 seconds
[2026-05-30 10:20:50,672][root][INFO] - {'coverage': '100.00', 'max_fitness': '0.00', 'passive_coverage': '66.80', 'passive_max_fitness': '0.00', 'passive_mean_fitness': '-59.80', 'passive_qd_score': '55829.06', 'qd_score': '144815.47', 'mean_fitness_top_k': '0.00'}
[2026-05-30 10:20:51,801][root][INFO] - Generation 308/400 - Time: 0.00 seconds
[2026-05-30 10:20:51,802][root][INFO] - {'coverage': '100.00', 'max_fitness': '0.00', 'passive_coverage': '66.80', 'passive_max_fitness': '0.00', 'passive_mean_fitness': '-59.80', 'passive_qd_score': '55829.06', 'qd_score': '144815.47', 'mean_fitness_top_k': '0.00'}
[2026-05-30 10:20:52,964][root][INFO] - Generation 309/400 - Time: 0.00 seconds
[2026-05-30 10:20:52,965][root][INFO] - {'coverage': '100.00', 'max_fitness': '0.00', 'passive_coverage': '66.80', 'passive_max_fitness': '0.00', 'passive_mean_fitness': '-59.80', 'passive_qd_score': '55829.06', 'qd_score': '144815.47', 'mean_fitness_top_k': '0.00'}
[2026-05-30 10:20:54,103][root][INFO] - Generation 310/400 - Time: 0.00 seconds
[2026-05-30 10:20:54,104][root][INFO] - {'coverage': '100.00', 'max_fitness': '0.00', 'passive_coverage': '66.80', 'passive_max_fitness': '0.00', 'passive_mean_fitness': '-59.80', 'passive_qd_score': '55829.06', 'qd_score': '144815.47', 'mean_fitness_top_k': '0.00'}
[2026-05-30 10:20:55,257][root][INFO] - Generation 311/400 - Time: 0.00 seconds
[2026-05-30 10:20:55,258][root][INFO] - {'coverage': '100.00', 'max_fitness': '0.00', 'passive_coverage': '66.80', 'passive_max_fitness': '0.00', 'passive_mean_fitness': '-59.80', 'passive_qd_score': '55829.06', 'qd_score': '144815.47', 'mean_fitness_top_k': '0.00'}
[2026-05-30 10:20:56,405][root][INFO] - Generation 312/400 - Time: 0.00 seconds
[2026-05-30 10:20:56,406][root][INFO] - {'coverage': '100.00', 'max_fitness': '0.00', 'passive_coverage': '66.80', 'passive_max_fitness': '0.00', 'passive_mean_fitness': '-59.80', 'passive_qd_score': '55829.06', 'qd_score': '144815.47', 'mean_fitness_top_k': '0.00'}
[2026-05-30 10:20:57,552][root][INFO] - Generation 313/400 - Time: 0.00 seconds
[2026-05-30 10:20:57,552][root][INFO] - {'coverage': '100.00', 'max_fitness': '0.00', 'passive_coverage': '66.80', 'passive_max_fitness': '0.00', 'passive_mean_fitness': '-59.80', 'passive_qd_score': '55829.06', 'qd_score': '144815.47', 'mean_fitness_top_k': '0.00'}
[2026-05-30 10:20:58,704][root][INFO] - Generation 314/400 - Time: 0.00 seconds
[2026-05-30 10:20:58,705][root][INFO] - {'coverage': '100.00', 'max_fitness': '0.00', 'passive_coverage': '66.80', 'passive_max_fitness': '0.00', 'passive_mean_fitness': '-59.80', 'passive_qd_score': '55829.06', 'qd_score': '144815.47', 'mean_fitness_top_k': '0.00'}
[2026-05-30 10:20:59,902][root][INFO] - Generation 315/400 - Time: 0.00 seconds
[2026-05-30 10:20:59,903][root][INFO] - {'coverage': '100.00', 'max_fitness': '0.00', 'passive_coverage': '66.80', 'passive_max_fitness': '0.00', 'passive_mean_fitness': '-59.80', 'passive_qd_score': '55829.06', 'qd_score': '144815.47', 'mean_fitness_top_k': '0.00'}
[2026-05-30 10:21:01,074][root][INFO] - Generation 316/400 - Time: 0.00 seconds
[2026-05-30 10:21:01,076][root][INFO] - {'coverage': '100.00', 'max_fitness': '0.00', 'passive_coverage': '66.80', 'passive_max_fitness': '0.00', 'passive_mean_fitness': '-59.80', 'passive_qd_score': '55829.06', 'qd_score': '144815.47', 'mean_fitness_top_k': '0.00'}
[2026-05-30 10:21:02,249][root][INFO] - Generation 317/400 - Time: 0.00 seconds
[2026-05-30 10:21:02,250][root][INFO] - {'coverage': '100.00', 'max_fitness': '0.00', 'passive_coverage': '66.80', 'passive_max_fitness': '0.00', 'passive_mean_fitness': '-59.80', 'passive_qd_score': '55829.06', 'qd_score': '144815.47', 'mean_fitness_top_k': '0.00'}
[2026-05-30 10:21:03,409][root][INFO] - Generation 318/400 - Time: 0.00 seconds
[2026-05-30 10:21:03,410][root][INFO] - {'coverage': '100.00', 'max_fitness': '0.00', 'passive_coverage': '66.80', 'passive_max_fitness': '0.00', 'passive_mean_fitness': '-59.80', 'passive_qd_score': '55829.06', 'qd_score': '144815.47', 'mean_fitness_top_k': '0.00'}
[2026-05-30 10:21:04,557][root][INFO] - Generation 319/400 - Time: 0.00 seconds
[2026-05-30 10:21:04,558][root][INFO] - {'coverage': '100.00', 'max_fitness': '0.00', 'passive_coverage': '66.80', 'passive_max_fitness': '0.00', 'passive_mean_fitness': '-59.80', 'passive_qd_score': '55829.06', 'qd_score': '144815.47', 'mean_fitness_top_k': '0.00'}
[2026-05-30 10:21:05,688][root][INFO] - Generation 320/400 - Time: 0.00 seconds
[2026-05-30 10:21:05,689][root][INFO] - {'coverage': '100.00', 'max_fitness': '0.00', 'passive_coverage': '66.80', 'passive_max_fitness': '0.00', 'passive_mean_fitness': '-59.80', 'passive_qd_score': '55829.06', 'qd_score': '144815.47', 'mean_fitness_top_k': '0.00'}
[2026-05-30 10:21:06,714][root][INFO] - Generation 321/400 - Time: 0.00 seconds
[2026-05-30 10:21:06,715][root][INFO] - {'coverage': '100.00', 'max_fitness': '0.00', 'passive_coverage': '66.80', 'passive_max_fitness': '0.00', 'passive_mean_fitness': '-59.80', 'passive_qd_score': '55829.06', 'qd_score': '144815.47', 'mean_fitness_top_k': '0.00'}
[2026-05-30 10:21:07,715][root][INFO] - Generation 322/400 - Time: 0.00 seconds
[2026-05-30 10:21:07,716][root][INFO] - {'coverage': '100.00', 'max_fitness': '0.00', 'passive_coverage': '66.80', 'passive_max_fitness': '0.00', 'passive_mean_fitness': '-59.80', 'passive_qd_score': '55829.06', 'qd_score': '144815.47', 'mean_fitness_top_k': '0.00'}
[2026-05-30 10:21:08,716][root][INFO] - Generation 323/400 - Time: 0.00 seconds
[2026-05-30 10:21:08,717][root][INFO] - {'coverage': '100.00', 'max_fitness': '0.00', 'passive_coverage': '66.80', 'passive_max_fitness': '0.00', 'passive_mean_fitness': '-59.80', 'passive_qd_score': '55829.06', 'qd_score': '144815.47', 'mean_fitness_top_k': '0.00'}
[2026-05-30 10:21:09,741][root][INFO] - Generation 324/400 - Time: 0.00 seconds
[2026-05-30 10:21:09,742][root][INFO] - {'coverage': '100.00', 'max_fitness': '0.00', 'passive_coverage': '66.80', 'passive_max_fitness': '0.00', 'passive_mean_fitness': '-59.80', 'passive_qd_score': '55829.06', 'qd_score': '144815.47', 'mean_fitness_top_k': '0.00'}
[2026-05-30 10:21:10,780][root][INFO] - Generation 325/400 - Time: 0.00 seconds
[2026-05-30 10:21:10,781][root][INFO] - {'coverage': '100.00', 'max_fitness': '0.00', 'passive_coverage': '66.80', 'passive_max_fitness': '0.00', 'passive_mean_fitness': '-59.80', 'passive_qd_score': '55829.06', 'qd_score': '144815.47', 'mean_fitness_top_k': '0.00'}
[2026-05-30 10:21:11,810][root][INFO] - Generation 326/400 - Time: 0.00 seconds
[2026-05-30 10:21:11,811][root][INFO] - {'coverage': '100.00', 'max_fitness': '0.00', 'passive_coverage': '66.80', 'passive_max_fitness': '0.00', 'passive_mean_fitness': '-59.80', 'passive_qd_score': '55829.06', 'qd_score': '144815.47', 'mean_fitness_top_k': '0.00'}
[2026-05-30 10:21:12,850][root][INFO] - Generation 327/400 - Time: 0.00 seconds
[2026-05-30 10:21:12,851][root][INFO] - {'coverage': '100.00', 'max_fitness': '0.00', 'passive_coverage': '66.80', 'passive_max_fitness': '0.00', 'passive_mean_fitness': '-59.80', 'passive_qd_score': '55829.06', 'qd_score': '144815.47', 'mean_fitness_top_k': '0.00'}
[2026-05-30 10:21:13,855][root][INFO] - Generation 328/400 - Time: 0.00 seconds
[2026-05-30 10:21:13,856][root][INFO] - {'coverage': '100.00', 'max_fitness': '0.00', 'passive_coverage': '66.80', 'passive_max_fitness': '0.00', 'passive_mean_fitness': '-59.80', 'passive_qd_score': '55829.06', 'qd_score': '144815.47', 'mean_fitness_top_k': '0.00'}
[2026-05-30 10:21:14,882][root][INFO] - Generation 329/400 - Time: 0.00 seconds
[2026-05-30 10:21:14,883][root][INFO] - {'coverage': '100.00', 'max_fitness': '0.00', 'passive_coverage': '66.80', 'passive_max_fitness': '0.00', 'passive_mean_fitness': '-59.80', 'passive_qd_score': '55829.06', 'qd_score': '144815.47', 'mean_fitness_top_k': '0.00'}
[2026-05-30 10:21:15,867][root][INFO] - Generation 330/400 - Time: 0.00 seconds
[2026-05-30 10:21:15,868][root][INFO] - {'coverage': '100.00', 'max_fitness': '0.00', 'passive_coverage': '66.80', 'passive_max_fitness': '0.00', 'passive_mean_fitness': '-59.80', 'passive_qd_score': '55829.06', 'qd_score': '144815.47', 'mean_fitness_top_k': '0.00'}
[2026-05-30 10:21:16,860][root][INFO] - Generation 331/400 - Time: 0.00 seconds
[2026-05-30 10:21:16,861][root][INFO] - {'coverage': '100.00', 'max_fitness': '0.00', 'passive_coverage': '66.80', 'passive_max_fitness': '0.00', 'passive_mean_fitness': '-59.80', 'passive_qd_score': '55829.06', 'qd_score': '144815.47', 'mean_fitness_top_k': '0.00'}
[2026-05-30 10:21:17,849][root][INFO] - Generation 332/400 - Time: 0.00 seconds
[2026-05-30 10:21:17,850][root][INFO] - {'coverage': '100.00', 'max_fitness': '0.00', 'passive_coverage': '66.80', 'passive_max_fitness': '0.00', 'passive_mean_fitness': '-59.80', 'passive_qd_score': '55829.06', 'qd_score': '144815.47', 'mean_fitness_top_k': '0.00'}
[2026-05-30 10:21:18,836][root][INFO] - Generation 333/400 - Time: 0.00 seconds
[2026-05-30 10:21:18,837][root][INFO] - {'coverage': '100.00', 'max_fitness': '0.00', 'passive_coverage': '66.80', 'passive_max_fitness': '0.00', 'passive_mean_fitness': '-59.80', 'passive_qd_score': '55829.06', 'qd_score': '144815.47', 'mean_fitness_top_k': '0.00'}
[2026-05-30 10:21:19,851][root][INFO] - Generation 334/400 - Time: 0.00 seconds
[2026-05-30 10:21:19,852][root][INFO] - {'coverage': '100.00', 'max_fitness': '0.00', 'passive_coverage': '66.80', 'passive_max_fitness': '0.00', 'passive_mean_fitness': '-59.80', 'passive_qd_score': '55829.06', 'qd_score': '144815.47', 'mean_fitness_top_k': '0.00'}
[2026-05-30 10:21:20,847][root][INFO] - Generation 335/400 - Time: 0.00 seconds
[2026-05-30 10:21:20,847][root][INFO] - {'coverage': '100.00', 'max_fitness': '0.00', 'passive_coverage': '66.80', 'passive_max_fitness': '0.00', 'passive_mean_fitness': '-59.80', 'passive_qd_score': '55829.06', 'qd_score': '144815.47', 'mean_fitness_top_k': '0.00'}
[2026-05-30 10:21:21,836][root][INFO] - Generation 336/400 - Time: 0.00 seconds
[2026-05-30 10:21:21,837][root][INFO] - {'coverage': '100.00', 'max_fitness': '0.00', 'passive_coverage': '66.80', 'passive_max_fitness': '0.00', 'passive_mean_fitness': '-59.80', 'passive_qd_score': '55829.06', 'qd_score': '144815.47', 'mean_fitness_top_k': '0.00'}
[2026-05-30 10:21:22,822][root][INFO] - Generation 337/400 - Time: 0.00 seconds
[2026-05-30 10:21:22,823][root][INFO] - {'coverage': '100.00', 'max_fitness': '0.00', 'passive_coverage': '66.80', 'passive_max_fitness': '0.00', 'passive_mean_fitness': '-59.80', 'passive_qd_score': '55829.06', 'qd_score': '144815.47', 'mean_fitness_top_k': '0.00'}
[2026-05-30 10:21:23,906][root][INFO] - Generation 338/400 - Time: 0.00 seconds
[2026-05-30 10:21:23,907][root][INFO] - {'coverage': '100.00', 'max_fitness': '0.00', 'passive_coverage': '66.80', 'passive_max_fitness': '0.00', 'passive_mean_fitness': '-59.80', 'passive_qd_score': '55829.06', 'qd_score': '144815.47', 'mean_fitness_top_k': '0.00'}
[2026-05-30 10:21:25,046][root][INFO] - Generation 339/400 - Time: 0.00 seconds
[2026-05-30 10:21:25,047][root][INFO] - {'coverage': '100.00', 'max_fitness': '0.00', 'passive_coverage': '66.80', 'passive_max_fitness': '0.00', 'passive_mean_fitness': '-59.80', 'passive_qd_score': '55829.06', 'qd_score': '144815.47', 'mean_fitness_top_k': '0.00'}
[2026-05-30 10:21:26,206][root][INFO] - Generation 340/400 - Time: 0.00 seconds
[2026-05-30 10:21:26,207][root][INFO] - {'coverage': '100.00', 'max_fitness': '0.00', 'passive_coverage': '66.80', 'passive_max_fitness': '0.00', 'passive_mean_fitness': '-59.80', 'passive_qd_score': '55829.06', 'qd_score': '144815.47', 'mean_fitness_top_k': '0.00'}
[2026-05-30 10:21:27,359][root][INFO] - Generation 341/400 - Time: 0.00 seconds
[2026-05-30 10:21:27,360][root][INFO] - {'coverage': '100.00', 'max_fitness': '0.00', 'passive_coverage': '66.80', 'passive_max_fitness': '0.00', 'passive_mean_fitness': '-59.80', 'passive_qd_score': '55829.06', 'qd_score': '144815.47', 'mean_fitness_top_k': '0.00'}
[2026-05-30 10:21:28,520][root][INFO] - Updating AE...
[2026-05-30 10:21:29,307][root][INFO] - Epoch: 1, loss: inf
[2026-05-30 10:21:29,384][root][INFO] - Epoch: 2, loss: inf
[2026-05-30 10:21:29,457][root][INFO] - Epoch: 3, loss: inf
[2026-05-30 10:21:29,530][root][INFO] - Epoch: 4, loss: inf
[2026-05-30 10:21:29,604][root][INFO] - Epoch: 5, loss: inf
[2026-05-30 10:21:29,677][root][INFO] - Epoch: 6, loss: inf
[2026-05-30 10:21:29,750][root][INFO] - Epoch: 7, loss: inf
[2026-05-30 10:21:29,823][root][INFO] - Epoch: 8, loss: inf
[2026-05-30 10:21:29,897][root][INFO] - Epoch: 9, loss: inf
[2026-05-30 10:21:29,970][root][INFO] - Epoch: 10, loss: inf
[2026-05-30 10:21:30,043][root][INFO] - Epoch: 11, loss: inf
[2026-05-30 10:21:30,116][root][INFO] - Epoch: 12, loss: inf
[2026-05-30 10:21:30,190][root][INFO] - Epoch: 13, loss: inf
[2026-05-30 10:21:30,264][root][INFO] - Epoch: 14, loss: inf
[2026-05-30 10:21:30,337][root][INFO] - Epoch: 15, loss: inf
[2026-05-30 10:21:30,411][root][INFO] - Epoch: 16, loss: inf
[2026-05-30 10:21:30,485][root][INFO] - Epoch: 17, loss: inf
[2026-05-30 10:21:30,559][root][INFO] - Epoch: 18, loss: inf
[2026-05-30 10:21:30,632][root][INFO] - Epoch: 19, loss: inf
[2026-05-30 10:21:30,706][root][INFO] - Epoch: 20, loss: inf
[2026-05-30 10:21:30,779][root][INFO] - Epoch: 21, loss: inf
[2026-05-30 10:21:30,852][root][INFO] - Epoch: 22, loss: inf
[2026-05-30 10:21:30,925][root][INFO] - Epoch: 23, loss: inf
[2026-05-30 10:21:30,998][root][INFO] - Epoch: 24, loss: inf
[2026-05-30 10:21:31,071][root][INFO] - Epoch: 25, loss: inf
[2026-05-30 10:21:31,146][root][INFO] - Epoch: 26, loss: inf
[2026-05-30 10:21:31,221][root][INFO] - Epoch: 27, loss: inf
[2026-05-30 10:21:31,295][root][INFO] - Epoch: 28, loss: inf
[2026-05-30 10:21:31,369][root][INFO] - Epoch: 29, loss: inf
[2026-05-30 10:21:31,442][root][INFO] - Epoch: 30, loss: inf
[2026-05-30 10:21:31,516][root][INFO] - Epoch: 31, loss: inf
[2026-05-30 10:21:31,590][root][INFO] - Epoch: 32, loss: inf
[2026-05-30 10:21:31,665][root][INFO] - Epoch: 33, loss: inf
[2026-05-30 10:21:31,739][root][INFO] - Epoch: 34, loss: inf
[2026-05-30 10:21:31,813][root][INFO] - Epoch: 35, loss: inf
[2026-05-30 10:21:31,888][root][INFO] - Epoch: 36, loss: inf
[2026-05-30 10:21:31,960][root][INFO] - Epoch: 37, loss: inf
[2026-05-30 10:21:32,037][root][INFO] - Epoch: 38, loss: inf
[2026-05-30 10:21:32,111][root][INFO] - Epoch: 39, loss: inf
[2026-05-30 10:21:32,184][root][INFO] - Epoch: 40, loss: inf
[2026-05-30 10:21:32,257][root][INFO] - Epoch: 41, loss: inf
[2026-05-30 10:21:32,330][root][INFO] - Epoch: 42, loss: inf
[2026-05-30 10:21:32,403][root][INFO] - Epoch: 43, loss: inf
[2026-05-30 10:21:32,476][root][INFO] - Epoch: 44, loss: inf
[2026-05-30 10:21:32,550][root][INFO] - Epoch: 45, loss: inf
[2026-05-30 10:21:32,623][root][INFO] - Epoch: 46, loss: inf
[2026-05-30 10:21:32,696][root][INFO] - Epoch: 47, loss: inf
[2026-05-30 10:21:32,769][root][INFO] - Epoch: 48, loss: inf
[2026-05-30 10:21:32,842][root][INFO] - Epoch: 49, loss: inf
[2026-05-30 10:21:32,916][root][INFO] - Epoch: 50, loss: inf
[2026-05-30 10:21:32,989][root][INFO] - Epoch: 51, loss: inf
[2026-05-30 10:21:33,063][root][INFO] - Epoch: 52, loss: inf
[2026-05-30 10:21:33,136][root][INFO] - Epoch: 53, loss: inf
[2026-05-30 10:21:33,209][root][INFO] - Epoch: 54, loss: inf
[2026-05-30 10:21:33,282][root][INFO] - Epoch: 55, loss: inf
[2026-05-30 10:21:33,355][root][INFO] - Epoch: 56, loss: inf
[2026-05-30 10:21:33,429][root][INFO] - Epoch: 57, loss: inf
[2026-05-30 10:21:33,503][root][INFO] - Epoch: 58, loss: inf
[2026-05-30 10:21:33,576][root][INFO] - Epoch: 59, loss: inf
[2026-05-30 10:21:33,650][root][INFO] - Epoch: 60, loss: inf
[2026-05-30 10:21:33,722][root][INFO] - Epoch: 61, loss: inf
[2026-05-30 10:21:33,798][root][INFO] - Epoch: 62, loss: inf
[2026-05-30 10:21:33,871][root][INFO] - Epoch: 63, loss: inf
[2026-05-30 10:21:33,944][root][INFO] - Epoch: 64, loss: inf
[2026-05-30 10:21:34,018][root][INFO] - Epoch: 65, loss: inf
[2026-05-30 10:21:34,093][root][INFO] - Epoch: 66, loss: inf
[2026-05-30 10:21:34,166][root][INFO] - Epoch: 67, loss: inf
[2026-05-30 10:21:34,245][root][INFO] - Epoch: 68, loss: inf
[2026-05-30 10:21:34,318][root][INFO] - Epoch: 69, loss: inf
[2026-05-30 10:21:34,392][root][INFO] - Epoch: 70, loss: inf
[2026-05-30 10:21:34,467][root][INFO] - Epoch: 71, loss: inf
[2026-05-30 10:21:34,540][root][INFO] - Epoch: 72, loss: inf
[2026-05-30 10:21:34,614][root][INFO] - Epoch: 73, loss: inf
[2026-05-30 10:21:34,688][root][INFO] - Epoch: 74, loss: inf
[2026-05-30 10:21:34,761][root][INFO] - Epoch: 75, loss: inf
[2026-05-30 10:21:34,834][root][INFO] - Epoch: 76, loss: inf
[2026-05-30 10:21:34,907][root][INFO] - Epoch: 77, loss: inf
[2026-05-30 10:21:34,980][root][INFO] - Epoch: 78, loss: inf
[2026-05-30 10:21:35,053][root][INFO] - Epoch: 79, loss: inf
[2026-05-30 10:21:35,128][root][INFO] - Epoch: 80, loss: inf
[2026-05-30 10:21:35,201][root][INFO] - Epoch: 81, loss: inf
[2026-05-30 10:21:35,274][root][INFO] - Epoch: 82, loss: inf
[2026-05-30 10:21:35,347][root][INFO] - Epoch: 83, loss: inf
[2026-05-30 10:21:35,420][root][INFO] - Epoch: 84, loss: inf
[2026-05-30 10:21:35,493][root][INFO] - Epoch: 85, loss: inf
[2026-05-30 10:21:35,566][root][INFO] - Epoch: 86, loss: inf
[2026-05-30 10:21:35,639][root][INFO] - Epoch: 87, loss: inf
[2026-05-30 10:21:35,713][root][INFO] - Epoch: 88, loss: inf
[2026-05-30 10:21:35,787][root][INFO] - Epoch: 89, loss: inf
[2026-05-30 10:21:35,860][root][INFO] - Epoch: 90, loss: inf
[2026-05-30 10:21:35,934][root][INFO] - Epoch: 91, loss: inf
[2026-05-30 10:21:36,007][root][INFO] - Epoch: 92, loss: inf
[2026-05-30 10:21:36,082][root][INFO] - Epoch: 93, loss: inf
[2026-05-30 10:21:36,155][root][INFO] - Epoch: 94, loss: inf
[2026-05-30 10:21:36,229][root][INFO] - Epoch: 95, loss: inf
[2026-05-30 10:21:36,303][root][INFO] - Epoch: 96, loss: inf
[2026-05-30 10:21:36,376][root][INFO] - Epoch: 97, loss: inf
[2026-05-30 10:21:36,448][root][INFO] - Epoch: 98, loss: inf
[2026-05-30 10:21:36,523][root][INFO] - Epoch: 99, loss: inf
[2026-05-30 10:21:36,596][root][INFO] - Epoch: 100, loss: inf
[2026-05-30 10:21:36,670][root][INFO] - Epoch: 101, loss: inf
[2026-05-30 10:21:36,743][root][INFO] - Epoch: 102, loss: inf
[2026-05-30 10:21:36,817][root][INFO] - Epoch: 103, loss: inf
[2026-05-30 10:21:36,890][root][INFO] - Epoch: 104, loss: inf
[2026-05-30 10:21:36,963][root][INFO] - Epoch: 105, loss: inf
[2026-05-30 10:21:37,037][root][INFO] - Epoch: 106, loss: inf
[2026-05-30 10:21:37,111][root][INFO] - Epoch: 107, loss: inf
[2026-05-30 10:21:37,184][root][INFO] - Epoch: 108, loss: inf
[2026-05-30 10:21:37,259][root][INFO] - Epoch: 109, loss: inf
[2026-05-30 10:21:37,333][root][INFO] - Epoch: 110, loss: inf
[2026-05-30 10:21:37,405][root][INFO] - Epoch: 111, loss: inf
[2026-05-30 10:21:37,479][root][INFO] - Epoch: 112, loss: inf
[2026-05-30 10:21:37,552][root][INFO] - Epoch: 113, loss: inf
[2026-05-30 10:21:37,627][root][INFO] - Epoch: 114, loss: inf
[2026-05-30 10:21:37,700][root][INFO] - Epoch: 115, loss: inf
[2026-05-30 10:21:37,774][root][INFO] - Epoch: 116, loss: inf
[2026-05-30 10:21:37,847][root][INFO] - Epoch: 117, loss: inf
[2026-05-30 10:21:37,922][root][INFO] - Epoch: 118, loss: inf
[2026-05-30 10:21:37,995][root][INFO] - Epoch: 119, loss: inf
[2026-05-30 10:21:38,069][root][INFO] - Epoch: 120, loss: inf
[2026-05-30 10:21:38,143][root][INFO] - Epoch: 121, loss: inf
[2026-05-30 10:21:38,216][root][INFO] - Epoch: 122, loss: inf
[2026-05-30 10:21:38,289][root][INFO] - Epoch: 123, loss: inf
[2026-05-30 10:21:38,363][root][INFO] - Epoch: 124, loss: inf
[2026-05-30 10:21:38,435][root][INFO] - Epoch: 125, loss: inf
[2026-05-30 10:21:38,509][root][INFO] - Epoch: 126, loss: inf
[2026-05-30 10:21:38,582][root][INFO] - Epoch: 127, loss: inf
[2026-05-30 10:21:38,657][root][INFO] - Epoch: 128, loss: inf
[2026-05-30 10:21:38,731][root][INFO] - Epoch: 129, loss: inf
[2026-05-30 10:21:38,804][root][INFO] - Epoch: 130, loss: inf
[2026-05-30 10:21:38,877][root][INFO] - Epoch: 131, loss: inf
[2026-05-30 10:21:38,952][root][INFO] - Epoch: 132, loss: inf
[2026-05-30 10:21:39,024][root][INFO] - Epoch: 133, loss: inf
[2026-05-30 10:21:39,098][root][INFO] - Epoch: 134, loss: inf
[2026-05-30 10:21:39,172][root][INFO] - Epoch: 135, loss: inf
[2026-05-30 10:21:39,246][root][INFO] - Epoch: 136, loss: inf
[2026-05-30 10:21:39,319][root][INFO] - Epoch: 137, loss: inf
[2026-05-30 10:21:39,392][root][INFO] - Epoch: 138, loss: inf
[2026-05-30 10:21:39,467][root][INFO] - Epoch: 139, loss: inf
[2026-05-30 10:21:39,540][root][INFO] - Epoch: 140, loss: inf
[2026-05-30 10:21:39,614][root][INFO] - Epoch: 141, loss: inf
[2026-05-30 10:21:39,687][root][INFO] - Epoch: 142, loss: inf
[2026-05-30 10:21:39,761][root][INFO] - Epoch: 143, loss: inf
[2026-05-30 10:21:39,835][root][INFO] - Epoch: 144, loss: inf
[2026-05-30 10:21:39,908][root][INFO] - Epoch: 145, loss: inf
[2026-05-30 10:21:39,982][root][INFO] - Epoch: 146, loss: inf
[2026-05-30 10:21:40,057][root][INFO] - Epoch: 147, loss: inf
[2026-05-30 10:21:40,130][root][INFO] - Epoch: 148, loss: inf
[2026-05-30 10:21:40,204][root][INFO] - Epoch: 149, loss: inf
[2026-05-30 10:21:40,277][root][INFO] - Epoch: 150, loss: inf
[2026-05-30 10:21:40,350][root][INFO] - Epoch: 151, loss: inf
[2026-05-30 10:21:40,424][root][INFO] - Epoch: 152, loss: inf
[2026-05-30 10:21:40,498][root][INFO] - Epoch: 153, loss: inf
[2026-05-30 10:21:40,571][root][INFO] - Epoch: 154, loss: inf
[2026-05-30 10:21:40,644][root][INFO] - Epoch: 155, loss: inf
[2026-05-30 10:21:40,717][root][INFO] - Epoch: 156, loss: inf
[2026-05-30 10:21:40,791][root][INFO] - Epoch: 157, loss: inf
[2026-05-30 10:21:40,865][root][INFO] - Epoch: 158, loss: inf
[2026-05-30 10:21:40,937][root][INFO] - Epoch: 159, loss: inf
[2026-05-30 10:21:41,011][root][INFO] - Epoch: 160, loss: inf
[2026-05-30 10:21:41,087][root][INFO] - Epoch: 161, loss: inf
[2026-05-30 10:21:41,162][root][INFO] - Epoch: 162, loss: inf
[2026-05-30 10:21:41,237][root][INFO] - Epoch: 163, loss: inf
[2026-05-30 10:21:41,311][root][INFO] - Epoch: 164, loss: inf
[2026-05-30 10:21:41,385][root][INFO] - Epoch: 165, loss: inf
[2026-05-30 10:21:41,459][root][INFO] - Epoch: 166, loss: inf
[2026-05-30 10:21:41,533][root][INFO] - Epoch: 167, loss: inf
[2026-05-30 10:21:41,608][root][INFO] - Epoch: 168, loss: inf
[2026-05-30 10:21:41,683][root][INFO] - Epoch: 169, loss: inf
[2026-05-30 10:21:41,758][root][INFO] - Epoch: 170, loss: inf
[2026-05-30 10:21:41,832][root][INFO] - Epoch: 171, loss: inf
[2026-05-30 10:21:41,905][root][INFO] - Epoch: 172, loss: inf
[2026-05-30 10:21:41,991][root][INFO] - Epoch: 173, loss: inf
[2026-05-30 10:21:42,068][root][INFO] - Epoch: 174, loss: inf
[2026-05-30 10:21:42,143][root][INFO] - Epoch: 175, loss: inf
[2026-05-30 10:21:42,218][root][INFO] - Epoch: 176, loss: inf
[2026-05-30 10:21:42,292][root][INFO] - Epoch: 177, loss: inf
[2026-05-30 10:21:42,365][root][INFO] - Epoch: 178, loss: inf
[2026-05-30 10:21:42,443][root][INFO] - Epoch: 179, loss: inf
[2026-05-30 10:21:42,518][root][INFO] - Epoch: 180, loss: inf
[2026-05-30 10:21:42,591][root][INFO] - Epoch: 181, loss: inf
[2026-05-30 10:21:42,666][root][INFO] - Epoch: 182, loss: inf
[2026-05-30 10:21:42,738][root][INFO] - Epoch: 183, loss: inf
[2026-05-30 10:21:42,811][root][INFO] - Epoch: 184, loss: inf
[2026-05-30 10:21:42,885][root][INFO] - Epoch: 185, loss: inf
[2026-05-30 10:21:42,957][root][INFO] - Epoch: 186, loss: inf
[2026-05-30 10:21:43,032][root][INFO] - Epoch: 187, loss: inf
[2026-05-30 10:21:43,104][root][INFO] - Epoch: 188, loss: inf
[2026-05-30 10:21:43,177][root][INFO] - Epoch: 189, loss: inf
[2026-05-30 10:21:43,252][root][INFO] - Epoch: 190, loss: inf
[2026-05-30 10:21:43,325][root][INFO] - Epoch: 191, loss: inf
[2026-05-30 10:21:43,396][root][INFO] - Epoch: 192, loss: inf
[2026-05-30 10:21:43,468][root][INFO] - Epoch: 193, loss: inf
[2026-05-30 10:21:43,539][root][INFO] - Epoch: 194, loss: inf
[2026-05-30 10:21:43,609][root][INFO] - Epoch: 195, loss: inf
[2026-05-30 10:21:43,681][root][INFO] - Epoch: 196, loss: inf
[2026-05-30 10:21:43,752][root][INFO] - Epoch: 197, loss: inf
[2026-05-30 10:21:43,823][root][INFO] - Epoch: 198, loss: inf
[2026-05-30 10:21:43,895][root][INFO] - Epoch: 199, loss: inf
[2026-05-30 10:21:43,968][root][INFO] - Epoch: 200, loss: inf
[2026-05-30 10:21:44,004][root][INFO] - {'model_loss': 'inf', 'recon_loss': '0.0000', 'triplet_loss': 'inf'}
[2026-05-30 10:21:44,009][root][INFO] - Updating AE...
[2026-05-30 10:21:44,729][root][INFO] - Epoch: 1, loss: inf
[2026-05-30 10:21:44,801][root][INFO] - Epoch: 2, loss: inf
[2026-05-30 10:21:44,873][root][INFO] - Epoch: 3, loss: inf
[2026-05-30 10:21:44,946][root][INFO] - Epoch: 4, loss: inf
[2026-05-30 10:21:45,021][root][INFO] - Epoch: 5, loss: inf
[2026-05-30 10:21:45,093][root][INFO] - Epoch: 6, loss: inf
[2026-05-30 10:21:45,165][root][INFO] - Epoch: 7, loss: inf
[2026-05-30 10:21:45,235][root][INFO] - Epoch: 8, loss: inf
[2026-05-30 10:21:45,305][root][INFO] - Epoch: 9, loss: inf
[2026-05-30 10:21:45,384][root][INFO] - Epoch: 10, loss: inf
[2026-05-30 10:21:45,466][root][INFO] - Epoch: 11, loss: inf
[2026-05-30 10:21:45,539][root][INFO] - Epoch: 12, loss: inf
[2026-05-30 10:21:45,610][root][INFO] - Epoch: 13, loss: inf
[2026-05-30 10:21:45,710][root][INFO] - Epoch: 14, loss: inf
[2026-05-30 10:21:45,782][root][INFO] - Epoch: 15, loss: inf
[2026-05-30 10:21:45,855][root][INFO] - Epoch: 16, loss: inf
[2026-05-30 10:21:45,927][root][INFO] - Epoch: 17, loss: inf
[2026-05-30 10:21:45,998][root][INFO] - Epoch: 18, loss: inf
[2026-05-30 10:21:46,070][root][INFO] - Epoch: 19, loss: inf
[2026-05-30 10:21:46,143][root][INFO] - Epoch: 20, loss: inf
[2026-05-30 10:21:46,217][root][INFO] - Epoch: 21, loss: inf
[2026-05-30 10:21:46,291][root][INFO] - Epoch: 22, loss: inf
[2026-05-30 10:21:46,373][root][INFO] - Epoch: 23, loss: inf
[2026-05-30 10:21:46,445][root][INFO] - Epoch: 24, loss: inf
[2026-05-30 10:21:46,519][root][INFO] - Epoch: 25, loss: inf
[2026-05-30 10:21:46,623][root][INFO] - Epoch: 26, loss: inf
[2026-05-30 10:21:46,710][root][INFO] - Epoch: 27, loss: inf
[2026-05-30 10:21:46,786][root][INFO] - Epoch: 28, loss: inf
[2026-05-30 10:21:46,859][root][INFO] - Epoch: 29, loss: inf
[2026-05-30 10:21:46,930][root][INFO] - Epoch: 30, loss: inf
[2026-05-30 10:21:47,003][root][INFO] - Epoch: 31, loss: inf
[2026-05-30 10:21:47,074][root][INFO] - Epoch: 32, loss: inf
[2026-05-30 10:21:47,146][root][INFO] - Epoch: 33, loss: inf
[2026-05-30 10:21:47,218][root][INFO] - Epoch: 34, loss: inf
[2026-05-30 10:21:47,289][root][INFO] - Epoch: 35, loss: inf
[2026-05-30 10:21:47,372][root][INFO] - Epoch: 36, loss: inf
[2026-05-30 10:21:47,445][root][INFO] - Epoch: 37, loss: inf
[2026-05-30 10:21:47,520][root][INFO] - Epoch: 38, loss: inf
[2026-05-30 10:21:47,606][root][INFO] - Epoch: 39, loss: inf
[2026-05-30 10:21:47,697][root][INFO] - Epoch: 40, loss: inf
[2026-05-30 10:21:47,769][root][INFO] - Epoch: 41, loss: inf
[2026-05-30 10:21:47,838][root][INFO] - Epoch: 42, loss: inf
[2026-05-30 10:21:47,910][root][INFO] - Epoch: 43, loss: inf
[2026-05-30 10:21:47,980][root][INFO] - Epoch: 44, loss: inf
[2026-05-30 10:21:48,052][root][INFO] - Epoch: 45, loss: inf
[2026-05-30 10:21:48,121][root][INFO] - Epoch: 46, loss: inf
[2026-05-30 10:21:48,192][root][INFO] - Epoch: 47, loss: inf
[2026-05-30 10:21:48,263][root][INFO] - Epoch: 48, loss: inf
[2026-05-30 10:21:48,335][root][INFO] - Epoch: 49, loss: inf
[2026-05-30 10:21:48,407][root][INFO] - Epoch: 50, loss: inf
[2026-05-30 10:21:48,480][root][INFO] - Epoch: 51, loss: inf
[2026-05-30 10:21:48,552][root][INFO] - Epoch: 52, loss: inf
[2026-05-30 10:21:48,623][root][INFO] - Epoch: 53, loss: inf
[2026-05-30 10:21:48,694][root][INFO] - Epoch: 54, loss: inf
[2026-05-30 10:21:48,764][root][INFO] - Epoch: 55, loss: inf
[2026-05-30 10:21:48,837][root][INFO] - Epoch: 56, loss: inf
[2026-05-30 10:21:48,910][root][INFO] - Epoch: 57, loss: inf
[2026-05-30 10:21:48,980][root][INFO] - Epoch: 58, loss: inf
[2026-05-30 10:21:49,052][root][INFO] - Epoch: 59, loss: inf
[2026-05-30 10:21:49,122][root][INFO] - Epoch: 60, loss: inf
[2026-05-30 10:21:49,194][root][INFO] - Epoch: 61, loss: inf
[2026-05-30 10:21:49,263][root][INFO] - Epoch: 62, loss: inf
[2026-05-30 10:21:49,333][root][INFO] - Epoch: 63, loss: inf
[2026-05-30 10:21:49,404][root][INFO] - Epoch: 64, loss: inf
[2026-05-30 10:21:49,476][root][INFO] - Epoch: 65, loss: inf
[2026-05-30 10:21:49,547][root][INFO] - Epoch: 66, loss: inf
[2026-05-30 10:21:49,618][root][INFO] - Epoch: 67, loss: inf
[2026-05-30 10:21:49,688][root][INFO] - Epoch: 68, loss: inf
[2026-05-30 10:21:49,758][root][INFO] - Epoch: 69, loss: inf
[2026-05-30 10:21:49,831][root][INFO] - Epoch: 70, loss: inf
[2026-05-30 10:21:49,900][root][INFO] - Epoch: 71, loss: inf
[2026-05-30 10:21:49,972][root][INFO] - Epoch: 72, loss: inf
[2026-05-30 10:21:50,041][root][INFO] - Epoch: 73, loss: inf
[2026-05-30 10:21:50,110][root][INFO] - Epoch: 74, loss: inf
[2026-05-30 10:21:50,181][root][INFO] - Epoch: 75, loss: inf
[2026-05-30 10:21:50,252][root][INFO] - Epoch: 76, loss: inf
[2026-05-30 10:21:50,321][root][INFO] - Epoch: 77, loss: inf
[2026-05-30 10:21:50,391][root][INFO] - Epoch: 78, loss: inf
[2026-05-30 10:21:50,465][root][INFO] - Epoch: 79, loss: inf
[2026-05-30 10:21:50,537][root][INFO] - Epoch: 80, loss: inf
[2026-05-30 10:21:50,608][root][INFO] - Epoch: 81, loss: inf
[2026-05-30 10:21:50,679][root][INFO] - Epoch: 82, loss: inf
[2026-05-30 10:21:50,752][root][INFO] - Epoch: 83, loss: inf
[2026-05-30 10:21:50,826][root][INFO] - Epoch: 84, loss: inf
[2026-05-30 10:21:50,897][root][INFO] - Epoch: 85, loss: inf
[2026-05-30 10:21:50,967][root][INFO] - Epoch: 86, loss: inf
[2026-05-30 10:21:51,037][root][INFO] - Epoch: 87, loss: inf
[2026-05-30 10:21:51,108][root][INFO] - Epoch: 88, loss: inf
[2026-05-30 10:21:51,180][root][INFO] - Epoch: 89, loss: inf
[2026-05-30 10:21:51,250][root][INFO] - Epoch: 90, loss: inf
[2026-05-30 10:21:51,323][root][INFO] - Epoch: 91, loss: inf
[2026-05-30 10:21:51,394][root][INFO] - Epoch: 92, loss: inf
[2026-05-30 10:21:51,466][root][INFO] - Epoch: 93, loss: inf
[2026-05-30 10:21:51,541][root][INFO] - Epoch: 94, loss: inf
[2026-05-30 10:21:51,629][root][INFO] - Epoch: 95, loss: inf
[2026-05-30 10:21:51,717][root][INFO] - Epoch: 96, loss: inf
[2026-05-30 10:21:51,810][root][INFO] - Epoch: 97, loss: inf
[2026-05-30 10:21:51,899][root][INFO] - Epoch: 98, loss: inf
[2026-05-30 10:21:51,990][root][INFO] - Epoch: 99, loss: inf
[2026-05-30 10:21:52,073][root][INFO] - Epoch: 100, loss: inf
[2026-05-30 10:21:52,149][root][INFO] - Epoch: 101, loss: inf
[2026-05-30 10:21:52,232][root][INFO] - Epoch: 102, loss: inf
[2026-05-30 10:21:52,313][root][INFO] - Epoch: 103, loss: inf
[2026-05-30 10:21:52,393][root][INFO] - Epoch: 104, loss: inf
[2026-05-30 10:21:52,472][root][INFO] - Epoch: 105, loss: inf
[2026-05-30 10:21:52,551][root][INFO] - Epoch: 106, loss: inf
[2026-05-30 10:21:52,634][root][INFO] - Epoch: 107, loss: inf
[2026-05-30 10:21:52,716][root][INFO] - Epoch: 108, loss: inf
[2026-05-30 10:21:52,793][root][INFO] - Epoch: 109, loss: inf
[2026-05-30 10:21:52,870][root][INFO] - Epoch: 110, loss: inf
[2026-05-30 10:21:52,942][root][INFO] - Epoch: 111, loss: inf
[2026-05-30 10:21:53,013][root][INFO] - Epoch: 112, loss: inf
[2026-05-30 10:21:53,091][root][INFO] - Epoch: 113, loss: inf
[2026-05-30 10:21:53,163][root][INFO] - Epoch: 114, loss: inf
[2026-05-30 10:21:53,237][root][INFO] - Epoch: 115, loss: inf
[2026-05-30 10:21:53,314][root][INFO] - Epoch: 116, loss: inf
[2026-05-30 10:21:53,389][root][INFO] - Epoch: 117, loss: inf
[2026-05-30 10:21:53,464][root][INFO] - Epoch: 118, loss: inf
[2026-05-30 10:21:53,537][root][INFO] - Epoch: 119, loss: inf
[2026-05-30 10:21:53,615][root][INFO] - Epoch: 120, loss: inf
[2026-05-30 10:21:53,696][root][INFO] - Epoch: 121, loss: inf
[2026-05-30 10:21:53,773][root][INFO] - Epoch: 122, loss: inf
[2026-05-30 10:21:53,846][root][INFO] - Epoch: 123, loss: inf
[2026-05-30 10:21:53,918][root][INFO] - Epoch: 124, loss: inf
[2026-05-30 10:21:53,988][root][INFO] - Epoch: 125, loss: inf
[2026-05-30 10:21:54,062][root][INFO] - Epoch: 126, loss: inf
[2026-05-30 10:21:54,132][root][INFO] - Epoch: 127, loss: inf
[2026-05-30 10:21:54,204][root][INFO] - Epoch: 128, loss: inf
[2026-05-30 10:21:54,277][root][INFO] - Epoch: 129, loss: inf
[2026-05-30 10:21:54,348][root][INFO] - Epoch: 130, loss: inf
[2026-05-30 10:21:54,419][root][INFO] - Epoch: 131, loss: inf
[2026-05-30 10:21:54,490][root][INFO] - Epoch: 132, loss: inf
[2026-05-30 10:21:54,562][root][INFO] - Epoch: 133, loss: inf
[2026-05-30 10:21:54,635][root][INFO] - Epoch: 134, loss: inf
[2026-05-30 10:21:54,708][root][INFO] - Epoch: 135, loss: inf
[2026-05-30 10:21:54,778][root][INFO] - Epoch: 136, loss: inf
[2026-05-30 10:21:54,851][root][INFO] - Epoch: 137, loss: inf
[2026-05-30 10:21:54,920][root][INFO] - Epoch: 138, loss: inf
[2026-05-30 10:21:54,992][root][INFO] - Epoch: 139, loss: inf
[2026-05-30 10:21:55,067][root][INFO] - Epoch: 140, loss: inf
[2026-05-30 10:21:55,138][root][INFO] - Epoch: 141, loss: inf
[2026-05-30 10:21:55,211][root][INFO] - Epoch: 142, loss: inf
[2026-05-30 10:21:55,283][root][INFO] - Epoch: 143, loss: inf
[2026-05-30 10:21:55,356][root][INFO] - Epoch: 144, loss: inf
[2026-05-30 10:21:55,426][root][INFO] - Epoch: 145, loss: inf
[2026-05-30 10:21:55,496][root][INFO] - Epoch: 146, loss: inf
[2026-05-30 10:21:55,564][root][INFO] - Epoch: 147, loss: inf
[2026-05-30 10:21:55,631][root][INFO] - Epoch: 148, loss: inf
[2026-05-30 10:21:55,701][root][INFO] - Epoch: 149, loss: inf
[2026-05-30 10:21:55,770][root][INFO] - Epoch: 150, loss: inf
[2026-05-30 10:21:55,843][root][INFO] - Epoch: 151, loss: inf
[2026-05-30 10:21:55,914][root][INFO] - Epoch: 152, loss: inf
[2026-05-30 10:21:55,985][root][INFO] - Epoch: 153, loss: inf
[2026-05-30 10:21:56,054][root][INFO] - Epoch: 154, loss: inf
[2026-05-30 10:21:56,129][root][INFO] - Epoch: 155, loss: inf
[2026-05-30 10:21:56,207][root][INFO] - Epoch: 156, loss: inf
[2026-05-30 10:21:56,281][root][INFO] - Epoch: 157, loss: inf
[2026-05-30 10:21:56,353][root][INFO] - Epoch: 158, loss: inf
[2026-05-30 10:21:56,423][root][INFO] - Epoch: 159, loss: inf
[2026-05-30 10:21:56,497][root][INFO] - Epoch: 160, loss: inf
[2026-05-30 10:21:56,568][root][INFO] - Epoch: 161, loss: inf
[2026-05-30 10:21:56,638][root][INFO] - Epoch: 162, loss: inf
[2026-05-30 10:21:56,709][root][INFO] - Epoch: 163, loss: inf
[2026-05-30 10:21:56,783][root][INFO] - Epoch: 164, loss: inf
[2026-05-30 10:21:56,853][root][INFO] - Epoch: 165, loss: inf
[2026-05-30 10:21:56,924][root][INFO] - Epoch: 166, loss: inf
[2026-05-30 10:21:56,995][root][INFO] - Epoch: 167, loss: inf
[2026-05-30 10:21:57,065][root][INFO] - Epoch: 168, loss: inf
[2026-05-30 10:21:57,135][root][INFO] - Epoch: 169, loss: inf
[2026-05-30 10:21:57,205][root][INFO] - Epoch: 170, loss: inf
[2026-05-30 10:21:57,276][root][INFO] - Epoch: 171, loss: inf
[2026-05-30 10:21:57,346][root][INFO] - Epoch: 172, loss: inf
[2026-05-30 10:21:57,415][root][INFO] - Epoch: 173, loss: inf
[2026-05-30 10:21:57,484][root][INFO] - Epoch: 174, loss: inf
[2026-05-30 10:21:57,553][root][INFO] - Epoch: 175, loss: inf
[2026-05-30 10:21:57,623][root][INFO] - Epoch: 176, loss: inf
[2026-05-30 10:21:57,695][root][INFO] - Epoch: 177, loss: inf
[2026-05-30 10:21:57,765][root][INFO] - Epoch: 178, loss: inf
[2026-05-30 10:21:57,834][root][INFO] - Epoch: 179, loss: inf
[2026-05-30 10:21:57,904][root][INFO] - Epoch: 180, loss: inf
[2026-05-30 10:21:57,973][root][INFO] - Epoch: 181, loss: inf
[2026-05-30 10:21:58,043][root][INFO] - Epoch: 182, loss: inf
[2026-05-30 10:21:58,112][root][INFO] - Epoch: 183, loss: inf
[2026-05-30 10:21:58,181][root][INFO] - Epoch: 184, loss: inf
[2026-05-30 10:21:58,251][root][INFO] - Epoch: 185, loss: inf
[2026-05-30 10:21:58,322][root][INFO] - Epoch: 186, loss: inf
[2026-05-30 10:21:58,393][root][INFO] - Epoch: 187, loss: inf
[2026-05-30 10:21:58,465][root][INFO] - Epoch: 188, loss: inf
[2026-05-30 10:21:58,534][root][INFO] - Epoch: 189, loss: inf
[2026-05-30 10:21:58,604][root][INFO] - Epoch: 190, loss: inf
[2026-05-30 10:21:58,674][root][INFO] - Epoch: 191, loss: inf
[2026-05-30 10:21:58,745][root][INFO] - Epoch: 192, loss: inf
[2026-05-30 10:21:58,817][root][INFO] - Epoch: 193, loss: inf
[2026-05-30 10:21:58,908][root][INFO] - Epoch: 194, loss: inf
[2026-05-30 10:21:58,990][root][INFO] - Epoch: 195, loss: inf
[2026-05-30 10:21:59,068][root][INFO] - Epoch: 196, loss: inf
[2026-05-30 10:21:59,146][root][INFO] - Epoch: 197, loss: inf
[2026-05-30 10:21:59,223][root][INFO] - Epoch: 198, loss: inf
[2026-05-30 10:21:59,298][root][INFO] - Epoch: 199, loss: inf
[2026-05-30 10:21:59,374][root][INFO] - Epoch: 200, loss: inf
[2026-05-30 10:21:59,412][root][INFO] - {'model_loss': 'inf', 'recon_loss': '0.0000', 'triplet_loss': 'inf'}
[2026-05-30 10:21:59,417][root][INFO] - Generation 342/400 - Time: 0.00 seconds
[2026-05-30 10:21:59,417][root][INFO] - {'coverage': '100.00', 'max_fitness': '0.00', 'passive_coverage': '66.80', 'passive_max_fitness': '0.00', 'passive_mean_fitness': '-59.80', 'passive_qd_score': '55829.06', 'qd_score': '144815.47', 'mean_fitness_top_k': '0.00'}
[2026-05-30 10:22:00,487][root][INFO] - Generation 343/400 - Time: 0.00 seconds
[2026-05-30 10:22:00,488][root][INFO] - {'coverage': '100.00', 'max_fitness': '0.00', 'passive_coverage': '66.80', 'passive_max_fitness': '0.00', 'passive_mean_fitness': '-59.80', 'passive_qd_score': '55829.06', 'qd_score': '144815.47', 'mean_fitness_top_k': '0.00'}
[2026-05-30 10:22:01,466][root][INFO] - Generation 344/400 - Time: 0.00 seconds
[2026-05-30 10:22:01,466][root][INFO] - {'coverage': '100.00', 'max_fitness': '0.00', 'passive_coverage': '66.80', 'passive_max_fitness': '0.00', 'passive_mean_fitness': '-59.80', 'passive_qd_score': '55829.06', 'qd_score': '144815.47', 'mean_fitness_top_k': '0.00'}
[2026-05-30 10:22:02,435][root][INFO] - Generation 345/400 - Time: 0.00 seconds
[2026-05-30 10:22:02,436][root][INFO] - {'coverage': '100.00', 'max_fitness': '0.00', 'passive_coverage': '66.80', 'passive_max_fitness': '0.00', 'passive_mean_fitness': '-59.80', 'passive_qd_score': '55829.06', 'qd_score': '144815.47', 'mean_fitness_top_k': '0.00'}
[2026-05-30 10:22:03,426][root][INFO] - Generation 346/400 - Time: 0.00 seconds
[2026-05-30 10:22:03,427][root][INFO] - {'coverage': '100.00', 'max_fitness': '0.00', 'passive_coverage': '66.80', 'passive_max_fitness': '0.00', 'passive_mean_fitness': '-59.80', 'passive_qd_score': '55829.06', 'qd_score': '144815.47', 'mean_fitness_top_k': '0.00'}
[2026-05-30 10:22:04,411][root][INFO] - Generation 347/400 - Time: 0.00 seconds
[2026-05-30 10:22:04,412][root][INFO] - {'coverage': '100.00', 'max_fitness': '0.00', 'passive_coverage': '66.80', 'passive_max_fitness': '0.00', 'passive_mean_fitness': '-59.80', 'passive_qd_score': '55829.06', 'qd_score': '144815.47', 'mean_fitness_top_k': '0.00'}
[2026-05-30 10:22:05,375][root][INFO] - Generation 348/400 - Time: 0.00 seconds
[2026-05-30 10:22:05,376][root][INFO] - {'coverage': '100.00', 'max_fitness': '0.00', 'passive_coverage': '66.80', 'passive_max_fitness': '0.00', 'passive_mean_fitness': '-59.80', 'passive_qd_score': '55829.06', 'qd_score': '144815.47', 'mean_fitness_top_k': '0.00'}
[2026-05-30 10:22:06,410][root][INFO] - Generation 349/400 - Time: 0.00 seconds
[2026-05-30 10:22:06,411][root][INFO] - {'coverage': '100.00', 'max_fitness': '0.00', 'passive_coverage': '66.80', 'passive_max_fitness': '0.00', 'passive_mean_fitness': '-59.80', 'passive_qd_score': '55829.06', 'qd_score': '144815.47', 'mean_fitness_top_k': '0.00'}
[2026-05-30 10:22:07,503][root][INFO] - Generation 350/400 - Time: 0.00 seconds
[2026-05-30 10:22:07,504][root][INFO] - {'coverage': '100.00', 'max_fitness': '0.00', 'passive_coverage': '66.80', 'passive_max_fitness': '0.00', 'passive_mean_fitness': '-59.80', 'passive_qd_score': '55829.06', 'qd_score': '144815.47', 'mean_fitness_top_k': '0.00'}
[2026-05-30 10:22:08,562][root][INFO] - Generation 351/400 - Time: 0.00 seconds
[2026-05-30 10:22:08,563][root][INFO] - {'coverage': '100.00', 'max_fitness': '0.00', 'passive_coverage': '66.80', 'passive_max_fitness': '0.00', 'passive_mean_fitness': '-59.80', 'passive_qd_score': '55829.06', 'qd_score': '144815.47', 'mean_fitness_top_k': '0.00'}
[2026-05-30 10:22:09,544][root][INFO] - Generation 352/400 - Time: 0.00 seconds
[2026-05-30 10:22:09,545][root][INFO] - {'coverage': '100.00', 'max_fitness': '0.00', 'passive_coverage': '66.80', 'passive_max_fitness': '0.00', 'passive_mean_fitness': '-59.80', 'passive_qd_score': '55829.06', 'qd_score': '144815.47', 'mean_fitness_top_k': '0.00'}
[2026-05-30 10:22:10,521][root][INFO] - Generation 353/400 - Time: 0.00 seconds
[2026-05-30 10:22:10,522][root][INFO] - {'coverage': '100.00', 'max_fitness': '0.00', 'passive_coverage': '66.80', 'passive_max_fitness': '0.00', 'passive_mean_fitness': '-59.80', 'passive_qd_score': '55829.06', 'qd_score': '144815.47', 'mean_fitness_top_k': '0.00'}
[2026-05-30 10:22:11,505][root][INFO] - Generation 354/400 - Time: 0.00 seconds
[2026-05-30 10:22:11,506][root][INFO] - {'coverage': '100.00', 'max_fitness': '0.00', 'passive_coverage': '66.80', 'passive_max_fitness': '0.00', 'passive_mean_fitness': '-59.80', 'passive_qd_score': '55829.06', 'qd_score': '144815.47', 'mean_fitness_top_k': '0.00'}
[2026-05-30 10:22:12,478][root][INFO] - Generation 355/400 - Time: 0.00 seconds
[2026-05-30 10:22:12,479][root][INFO] - {'coverage': '100.00', 'max_fitness': '0.00', 'passive_coverage': '66.80', 'passive_max_fitness': '0.00', 'passive_mean_fitness': '-59.80', 'passive_qd_score': '55829.06', 'qd_score': '144815.47', 'mean_fitness_top_k': '0.00'}
[2026-05-30 10:22:13,461][root][INFO] - Generation 356/400 - Time: 0.00 seconds
[2026-05-30 10:22:13,462][root][INFO] - {'coverage': '100.00', 'max_fitness': '0.00', 'passive_coverage': '66.80', 'passive_max_fitness': '0.00', 'passive_mean_fitness': '-59.80', 'passive_qd_score': '55829.06', 'qd_score': '144815.47', 'mean_fitness_top_k': '0.00'}
[2026-05-30 10:22:14,446][root][INFO] - Generation 357/400 - Time: 0.00 seconds
[2026-05-30 10:22:14,447][root][INFO] - {'coverage': '100.00', 'max_fitness': '0.00', 'passive_coverage': '66.80', 'passive_max_fitness': '0.00', 'passive_mean_fitness': '-59.80', 'passive_qd_score': '55829.06', 'qd_score': '144815.47', 'mean_fitness_top_k': '0.00'}
[2026-05-30 10:22:15,431][root][INFO] - Generation 358/400 - Time: 0.00 seconds
[2026-05-30 10:22:15,431][root][INFO] - {'coverage': '100.00', 'max_fitness': '0.00', 'passive_coverage': '66.80', 'passive_max_fitness': '0.00', 'passive_mean_fitness': '-59.80', 'passive_qd_score': '55829.06', 'qd_score': '144815.47', 'mean_fitness_top_k': '0.00'}
[2026-05-30 10:22:16,401][root][INFO] - Generation 359/400 - Time: 0.00 seconds
[2026-05-30 10:22:16,402][root][INFO] - {'coverage': '100.00', 'max_fitness': '0.00', 'passive_coverage': '66.80', 'passive_max_fitness': '0.00', 'passive_mean_fitness': '-59.80', 'passive_qd_score': '55829.06', 'qd_score': '144815.47', 'mean_fitness_top_k': '0.00'}
[2026-05-30 10:22:17,372][root][INFO] - Generation 360/400 - Time: 0.00 seconds
[2026-05-30 10:22:17,372][root][INFO] - {'coverage': '100.00', 'max_fitness': '0.00', 'passive_coverage': '66.80', 'passive_max_fitness': '0.00', 'passive_mean_fitness': '-59.80', 'passive_qd_score': '55829.06', 'qd_score': '144815.47', 'mean_fitness_top_k': '0.00'}
[2026-05-30 10:22:18,348][root][INFO] - Generation 361/400 - Time: 0.00 seconds
[2026-05-30 10:22:18,349][root][INFO] - {'coverage': '100.00', 'max_fitness': '0.00', 'passive_coverage': '66.80', 'passive_max_fitness': '0.00', 'passive_mean_fitness': '-59.80', 'passive_qd_score': '55829.06', 'qd_score': '144815.47', 'mean_fitness_top_k': '0.00'}
[2026-05-30 10:22:19,326][root][INFO] - Generation 362/400 - Time: 0.00 seconds
[2026-05-30 10:22:19,327][root][INFO] - {'coverage': '100.00', 'max_fitness': '0.00', 'passive_coverage': '66.80', 'passive_max_fitness': '0.00', 'passive_mean_fitness': '-59.80', 'passive_qd_score': '55829.06', 'qd_score': '144815.47', 'mean_fitness_top_k': '0.00'}
[2026-05-30 10:22:20,290][root][INFO] - Generation 363/400 - Time: 0.00 seconds
[2026-05-30 10:22:20,290][root][INFO] - {'coverage': '100.00', 'max_fitness': '0.00', 'passive_coverage': '66.80', 'passive_max_fitness': '0.00', 'passive_mean_fitness': '-59.80', 'passive_qd_score': '55829.06', 'qd_score': '144815.47', 'mean_fitness_top_k': '0.00'}
[2026-05-30 10:22:21,265][root][INFO] - Generation 364/400 - Time: 0.00 seconds
[2026-05-30 10:22:21,265][root][INFO] - {'coverage': '100.00', 'max_fitness': '0.00', 'passive_coverage': '66.80', 'passive_max_fitness': '0.00', 'passive_mean_fitness': '-59.80', 'passive_qd_score': '55829.06', 'qd_score': '144815.47', 'mean_fitness_top_k': '0.00'}
[2026-05-30 10:22:22,264][root][INFO] - Generation 365/400 - Time: 0.00 seconds
[2026-05-30 10:22:22,265][root][INFO] - {'coverage': '100.00', 'max_fitness': '0.00', 'passive_coverage': '66.80', 'passive_max_fitness': '0.00', 'passive_mean_fitness': '-59.80', 'passive_qd_score': '55829.06', 'qd_score': '144815.47', 'mean_fitness_top_k': '0.00'}
[2026-05-30 10:22:23,274][root][INFO] - Generation 366/400 - Time: 0.00 seconds
[2026-05-30 10:22:23,275][root][INFO] - {'coverage': '100.00', 'max_fitness': '0.00', 'passive_coverage': '66.80', 'passive_max_fitness': '0.00', 'passive_mean_fitness': '-59.80', 'passive_qd_score': '55829.06', 'qd_score': '144815.47', 'mean_fitness_top_k': '0.00'}
[2026-05-30 10:22:24,273][root][INFO] - Generation 367/400 - Time: 0.00 seconds
[2026-05-30 10:22:24,274][root][INFO] - {'coverage': '100.00', 'max_fitness': '0.00', 'passive_coverage': '66.80', 'passive_max_fitness': '0.00', 'passive_mean_fitness': '-59.80', 'passive_qd_score': '55829.06', 'qd_score': '144815.47', 'mean_fitness_top_k': '0.00'}
[2026-05-30 10:22:25,278][root][INFO] - Generation 368/400 - Time: 0.00 seconds
[2026-05-30 10:22:25,278][root][INFO] - {'coverage': '100.00', 'max_fitness': '0.00', 'passive_coverage': '66.80', 'passive_max_fitness': '0.00', 'passive_mean_fitness': '-59.80', 'passive_qd_score': '55829.06', 'qd_score': '144815.47', 'mean_fitness_top_k': '0.00'}
[2026-05-30 10:22:26,240][root][INFO] - Generation 369/400 - Time: 0.00 seconds
[2026-05-30 10:22:26,241][root][INFO] - {'coverage': '100.00', 'max_fitness': '0.00', 'passive_coverage': '66.80', 'passive_max_fitness': '0.00', 'passive_mean_fitness': '-59.80', 'passive_qd_score': '55829.06', 'qd_score': '144815.47', 'mean_fitness_top_k': '0.00'}
[2026-05-30 10:22:27,225][root][INFO] - Generation 370/400 - Time: 0.00 seconds
[2026-05-30 10:22:27,226][root][INFO] - {'coverage': '100.00', 'max_fitness': '0.00', 'passive_coverage': '66.80', 'passive_max_fitness': '0.00', 'passive_mean_fitness': '-59.80', 'passive_qd_score': '55829.06', 'qd_score': '144815.47', 'mean_fitness_top_k': '0.00'}
[2026-05-30 10:22:28,232][root][INFO] - Generation 371/400 - Time: 0.00 seconds
[2026-05-30 10:22:28,233][root][INFO] - {'coverage': '100.00', 'max_fitness': '0.00', 'passive_coverage': '66.80', 'passive_max_fitness': '0.00', 'passive_mean_fitness': '-59.80', 'passive_qd_score': '55829.06', 'qd_score': '144815.47', 'mean_fitness_top_k': '0.00'}
[2026-05-30 10:22:29,242][root][INFO] - Generation 372/400 - Time: 0.00 seconds
[2026-05-30 10:22:29,243][root][INFO] - {'coverage': '100.00', 'max_fitness': '0.00', 'passive_coverage': '66.80', 'passive_max_fitness': '0.00', 'passive_mean_fitness': '-59.80', 'passive_qd_score': '55829.06', 'qd_score': '144815.47', 'mean_fitness_top_k': '0.00'}
[2026-05-30 10:22:30,211][root][INFO] - Generation 373/400 - Time: 0.00 seconds
[2026-05-30 10:22:30,212][root][INFO] - {'coverage': '100.00', 'max_fitness': '0.00', 'passive_coverage': '66.80', 'passive_max_fitness': '0.00', 'passive_mean_fitness': '-59.80', 'passive_qd_score': '55829.06', 'qd_score': '144815.47', 'mean_fitness_top_k': '0.00'}
[2026-05-30 10:22:31,193][root][INFO] - Generation 374/400 - Time: 0.00 seconds
[2026-05-30 10:22:31,193][root][INFO] - {'coverage': '100.00', 'max_fitness': '0.00', 'passive_coverage': '66.80', 'passive_max_fitness': '0.00', 'passive_mean_fitness': '-59.80', 'passive_qd_score': '55829.06', 'qd_score': '144815.47', 'mean_fitness_top_k': '0.00'}
[2026-05-30 10:22:32,173][root][INFO] - Generation 375/400 - Time: 0.00 seconds
[2026-05-30 10:22:32,174][root][INFO] - {'coverage': '100.00', 'max_fitness': '0.00', 'passive_coverage': '66.80', 'passive_max_fitness': '0.00', 'passive_mean_fitness': '-59.80', 'passive_qd_score': '55829.06', 'qd_score': '144815.47', 'mean_fitness_top_k': '0.00'}
[2026-05-30 10:22:33,148][root][INFO] - Generation 376/400 - Time: 0.00 seconds
[2026-05-30 10:22:33,149][root][INFO] - {'coverage': '100.00', 'max_fitness': '0.00', 'passive_coverage': '66.80', 'passive_max_fitness': '0.00', 'passive_mean_fitness': '-59.80', 'passive_qd_score': '55829.06', 'qd_score': '144815.47', 'mean_fitness_top_k': '0.00'}
[2026-05-30 10:22:34,129][root][INFO] - Generation 377/400 - Time: 0.00 seconds
[2026-05-30 10:22:34,130][root][INFO] - {'coverage': '100.00', 'max_fitness': '0.00', 'passive_coverage': '66.80', 'passive_max_fitness': '0.00', 'passive_mean_fitness': '-59.80', 'passive_qd_score': '55829.06', 'qd_score': '144815.47', 'mean_fitness_top_k': '0.00'}
[2026-05-30 10:22:35,217][root][INFO] - Generation 378/400 - Time: 0.00 seconds
[2026-05-30 10:22:35,217][root][INFO] - {'coverage': '100.00', 'max_fitness': '0.00', 'passive_coverage': '66.80', 'passive_max_fitness': '0.00', 'passive_mean_fitness': '-59.80', 'passive_qd_score': '55829.06', 'qd_score': '144815.47', 'mean_fitness_top_k': '0.00'}
[2026-05-30 10:22:36,348][root][INFO] - Generation 379/400 - Time: 0.00 seconds
[2026-05-30 10:22:36,349][root][INFO] - {'coverage': '100.00', 'max_fitness': '0.00', 'passive_coverage': '66.80', 'passive_max_fitness': '0.00', 'passive_mean_fitness': '-59.80', 'passive_qd_score': '55829.06', 'qd_score': '144815.47', 'mean_fitness_top_k': '0.00'}
[2026-05-30 10:22:37,464][root][INFO] - Updating AE...
[2026-05-30 10:22:38,189][root][INFO] - Epoch: 1, loss: inf
[2026-05-30 10:22:38,260][root][INFO] - Epoch: 2, loss: inf
[2026-05-30 10:22:38,331][root][INFO] - Epoch: 3, loss: inf
[2026-05-30 10:22:38,402][root][INFO] - Epoch: 4, loss: inf
[2026-05-30 10:22:38,474][root][INFO] - Epoch: 5, loss: inf
[2026-05-30 10:22:38,546][root][INFO] - Epoch: 6, loss: inf
[2026-05-30 10:22:38,619][root][INFO] - Epoch: 7, loss: inf
[2026-05-30 10:22:38,691][root][INFO] - Epoch: 8, loss: inf
[2026-05-30 10:22:38,763][root][INFO] - Epoch: 9, loss: inf
[2026-05-30 10:22:38,833][root][INFO] - Epoch: 10, loss: inf
[2026-05-30 10:22:38,904][root][INFO] - Epoch: 11, loss: inf
[2026-05-30 10:22:38,974][root][INFO] - Epoch: 12, loss: inf
[2026-05-30 10:22:39,044][root][INFO] - Epoch: 13, loss: inf
[2026-05-30 10:22:39,115][root][INFO] - Epoch: 14, loss: inf
[2026-05-30 10:22:39,185][root][INFO] - Epoch: 15, loss: inf
[2026-05-30 10:22:39,255][root][INFO] - Epoch: 16, loss: inf
[2026-05-30 10:22:39,325][root][INFO] - Epoch: 17, loss: inf
[2026-05-30 10:22:39,403][root][INFO] - Epoch: 18, loss: inf
[2026-05-30 10:22:39,474][root][INFO] - Epoch: 19, loss: inf
[2026-05-30 10:22:39,544][root][INFO] - Epoch: 20, loss: inf
[2026-05-30 10:22:39,615][root][INFO] - Epoch: 21, loss: inf
[2026-05-30 10:22:39,684][root][INFO] - Epoch: 22, loss: inf
[2026-05-30 10:22:39,753][root][INFO] - Epoch: 23, loss: inf
[2026-05-30 10:22:39,822][root][INFO] - Epoch: 24, loss: inf
[2026-05-30 10:22:39,892][root][INFO] - Epoch: 25, loss: inf
[2026-05-30 10:22:39,963][root][INFO] - Epoch: 26, loss: inf
[2026-05-30 10:22:40,032][root][INFO] - Epoch: 27, loss: inf
[2026-05-30 10:22:40,103][root][INFO] - Epoch: 28, loss: inf
[2026-05-30 10:22:40,175][root][INFO] - Epoch: 29, loss: inf
[2026-05-30 10:22:40,244][root][INFO] - Epoch: 30, loss: inf
[2026-05-30 10:22:40,314][root][INFO] - Epoch: 31, loss: inf
[2026-05-30 10:22:40,385][root][INFO] - Epoch: 32, loss: inf
[2026-05-30 10:22:40,456][root][INFO] - Epoch: 33, loss: inf
[2026-05-30 10:22:40,526][root][INFO] - Epoch: 34, loss: inf
[2026-05-30 10:22:40,596][root][INFO] - Epoch: 35, loss: inf
[2026-05-30 10:22:40,667][root][INFO] - Epoch: 36, loss: inf
[2026-05-30 10:22:40,737][root][INFO] - Epoch: 37, loss: inf
[2026-05-30 10:22:40,807][root][INFO] - Epoch: 38, loss: inf
[2026-05-30 10:22:40,878][root][INFO] - Epoch: 39, loss: inf
[2026-05-30 10:22:40,949][root][INFO] - Epoch: 40, loss: inf
[2026-05-30 10:22:41,021][root][INFO] - Epoch: 41, loss: inf
[2026-05-30 10:22:41,092][root][INFO] - Epoch: 42, loss: inf
[2026-05-30 10:22:41,165][root][INFO] - Epoch: 43, loss: inf
[2026-05-30 10:22:41,235][root][INFO] - Epoch: 44, loss: inf
[2026-05-30 10:22:41,305][root][INFO] - Epoch: 45, loss: inf
[2026-05-30 10:22:41,376][root][INFO] - Epoch: 46, loss: inf
[2026-05-30 10:22:41,446][root][INFO] - Epoch: 47, loss: inf
[2026-05-30 10:22:41,516][root][INFO] - Epoch: 48, loss: inf
[2026-05-30 10:22:41,586][root][INFO] - Epoch: 49, loss: inf
[2026-05-30 10:22:41,656][root][INFO] - Epoch: 50, loss: inf
[2026-05-30 10:22:41,727][root][INFO] - Epoch: 51, loss: inf
[2026-05-30 10:22:41,798][root][INFO] - Epoch: 52, loss: inf
[2026-05-30 10:22:41,868][root][INFO] - Epoch: 53, loss: inf
[2026-05-30 10:22:41,938][root][INFO] - Epoch: 54, loss: inf
[2026-05-30 10:22:42,008][root][INFO] - Epoch: 55, loss: inf
[2026-05-30 10:22:42,078][root][INFO] - Epoch: 56, loss: inf
[2026-05-30 10:22:42,150][root][INFO] - Epoch: 57, loss: inf
[2026-05-30 10:22:42,220][root][INFO] - Epoch: 58, loss: inf
[2026-05-30 10:22:42,290][root][INFO] - Epoch: 59, loss: inf
[2026-05-30 10:22:42,361][root][INFO] - Epoch: 60, loss: inf
[2026-05-30 10:22:42,431][root][INFO] - Epoch: 61, loss: inf
[2026-05-30 10:22:42,501][root][INFO] - Epoch: 62, loss: inf
[2026-05-30 10:22:42,572][root][INFO] - Epoch: 63, loss: inf
[2026-05-30 10:22:42,642][root][INFO] - Epoch: 64, loss: inf
[2026-05-30 10:22:42,712][root][INFO] - Epoch: 65, loss: inf
[2026-05-30 10:22:42,784][root][INFO] - Epoch: 66, loss: inf
[2026-05-30 10:22:42,857][root][INFO] - Epoch: 67, loss: inf
[2026-05-30 10:22:42,928][root][INFO] - Epoch: 68, loss: inf
[2026-05-30 10:22:42,997][root][INFO] - Epoch: 69, loss: inf
[2026-05-30 10:22:43,067][root][INFO] - Epoch: 70, loss: inf
[2026-05-30 10:22:43,140][root][INFO] - Epoch: 71, loss: inf
[2026-05-30 10:22:43,211][root][INFO] - Epoch: 72, loss: inf
[2026-05-30 10:22:43,280][root][INFO] - Epoch: 73, loss: inf
[2026-05-30 10:22:43,350][root][INFO] - Epoch: 74, loss: inf
[2026-05-30 10:22:43,419][root][INFO] - Epoch: 75, loss: inf
[2026-05-30 10:22:43,488][root][INFO] - Epoch: 76, loss: inf
[2026-05-30 10:22:43,562][root][INFO] - Epoch: 77, loss: inf
[2026-05-30 10:22:43,644][root][INFO] - Epoch: 78, loss: inf
[2026-05-30 10:22:43,714][root][INFO] - Epoch: 79, loss: inf
[2026-05-30 10:22:43,784][root][INFO] - Epoch: 80, loss: inf
[2026-05-30 10:22:43,855][root][INFO] - Epoch: 81, loss: inf
[2026-05-30 10:22:43,924][root][INFO] - Epoch: 82, loss: inf
[2026-05-30 10:22:43,994][root][INFO] - Epoch: 83, loss: inf
[2026-05-30 10:22:44,064][root][INFO] - Epoch: 84, loss: inf
[2026-05-30 10:22:44,135][root][INFO] - Epoch: 85, loss: inf
[2026-05-30 10:22:44,205][root][INFO] - Epoch: 86, loss: inf
[2026-05-30 10:22:44,276][root][INFO] - Epoch: 87, loss: inf
[2026-05-30 10:22:44,346][root][INFO] - Epoch: 88, loss: inf
[2026-05-30 10:22:44,416][root][INFO] - Epoch: 89, loss: inf
[2026-05-30 10:22:44,487][root][INFO] - Epoch: 90, loss: inf
[2026-05-30 10:22:44,558][root][INFO] - Epoch: 91, loss: inf
[2026-05-30 10:22:44,629][root][INFO] - Epoch: 92, loss: inf
[2026-05-30 10:22:44,698][root][INFO] - Epoch: 93, loss: inf
[2026-05-30 10:22:44,770][root][INFO] - Epoch: 94, loss: inf
[2026-05-30 10:22:44,842][root][INFO] - Epoch: 95, loss: inf
[2026-05-30 10:22:44,912][root][INFO] - Epoch: 96, loss: inf
[2026-05-30 10:22:44,982][root][INFO] - Epoch: 97, loss: inf
[2026-05-30 10:22:45,053][root][INFO] - Epoch: 98, loss: inf
[2026-05-30 10:22:45,124][root][INFO] - Epoch: 99, loss: inf
[2026-05-30 10:22:45,194][root][INFO] - Epoch: 100, loss: inf
[2026-05-30 10:22:45,264][root][INFO] - Epoch: 101, loss: inf
[2026-05-30 10:22:45,334][root][INFO] - Epoch: 102, loss: inf
[2026-05-30 10:22:45,404][root][INFO] - Epoch: 103, loss: inf
[2026-05-30 10:22:45,475][root][INFO] - Epoch: 104, loss: inf
[2026-05-30 10:22:45,546][root][INFO] - Epoch: 105, loss: inf
[2026-05-30 10:22:45,616][root][INFO] - Epoch: 106, loss: inf
[2026-05-30 10:22:45,686][root][INFO] - Epoch: 107, loss: inf
[2026-05-30 10:22:45,757][root][INFO] - Epoch: 108, loss: inf
[2026-05-30 10:22:45,828][root][INFO] - Epoch: 109, loss: inf
[2026-05-30 10:22:45,898][root][INFO] - Epoch: 110, loss: inf
[2026-05-30 10:22:45,969][root][INFO] - Epoch: 111, loss: inf
[2026-05-30 10:22:46,037][root][INFO] - Epoch: 112, loss: inf
[2026-05-30 10:22:46,105][root][INFO] - Epoch: 113, loss: inf
[2026-05-30 10:22:46,175][root][INFO] - Epoch: 114, loss: inf
[2026-05-30 10:22:46,245][root][INFO] - Epoch: 115, loss: inf
[2026-05-30 10:22:46,315][root][INFO] - Epoch: 116, loss: inf
[2026-05-30 10:22:46,385][root][INFO] - Epoch: 117, loss: inf
[2026-05-30 10:22:46,458][root][INFO] - Epoch: 118, loss: inf
[2026-05-30 10:22:46,527][root][INFO] - Epoch: 119, loss: inf
[2026-05-30 10:22:46,599][root][INFO] - Epoch: 120, loss: inf
[2026-05-30 10:22:46,670][root][INFO] - Epoch: 121, loss: inf
[2026-05-30 10:22:46,743][root][INFO] - Epoch: 122, loss: inf
[2026-05-30 10:22:46,815][root][INFO] - Epoch: 123, loss: inf
[2026-05-30 10:22:46,887][root][INFO] - Epoch: 124, loss: inf
[2026-05-30 10:22:46,959][root][INFO] - Epoch: 125, loss: inf
[2026-05-30 10:22:47,031][root][INFO] - Epoch: 126, loss: inf
[2026-05-30 10:22:47,103][root][INFO] - Epoch: 127, loss: inf
[2026-05-30 10:22:47,175][root][INFO] - Epoch: 128, loss: inf
[2026-05-30 10:22:47,248][root][INFO] - Epoch: 129, loss: inf
[2026-05-30 10:22:47,322][root][INFO] - Epoch: 130, loss: inf
[2026-05-30 10:22:47,395][root][INFO] - Epoch: 131, loss: inf
[2026-05-30 10:22:47,467][root][INFO] - Epoch: 132, loss: inf
[2026-05-30 10:22:47,539][root][INFO] - Epoch: 133, loss: inf
[2026-05-30 10:22:47,612][root][INFO] - Epoch: 134, loss: inf
[2026-05-30 10:22:47,684][root][INFO] - Epoch: 135, loss: inf
[2026-05-30 10:22:47,756][root][INFO] - Epoch: 136, loss: inf
[2026-05-30 10:22:47,828][root][INFO] - Epoch: 137, loss: inf
[2026-05-30 10:22:47,899][root][INFO] - Epoch: 138, loss: inf
[2026-05-30 10:22:47,971][root][INFO] - Epoch: 139, loss: inf
[2026-05-30 10:22:48,043][root][INFO] - Epoch: 140, loss: inf
[2026-05-30 10:22:48,114][root][INFO] - Epoch: 141, loss: inf
[2026-05-30 10:22:48,186][root][INFO] - Epoch: 142, loss: inf
[2026-05-30 10:22:48,258][root][INFO] - Epoch: 143, loss: inf
[2026-05-30 10:22:48,329][root][INFO] - Epoch: 144, loss: inf
[2026-05-30 10:22:48,402][root][INFO] - Epoch: 145, loss: inf
[2026-05-30 10:22:48,475][root][INFO] - Epoch: 146, loss: inf
[2026-05-30 10:22:48,547][root][INFO] - Epoch: 147, loss: inf
[2026-05-30 10:22:48,620][root][INFO] - Epoch: 148, loss: inf
[2026-05-30 10:22:48,693][root][INFO] - Epoch: 149, loss: inf
[2026-05-30 10:22:48,765][root][INFO] - Epoch: 150, loss: inf
[2026-05-30 10:22:48,837][root][INFO] - Epoch: 151, loss: inf
[2026-05-30 10:22:48,913][root][INFO] - Epoch: 152, loss: inf
[2026-05-30 10:22:48,987][root][INFO] - Epoch: 153, loss: inf
[2026-05-30 10:22:49,060][root][INFO] - Epoch: 154, loss: inf
[2026-05-30 10:22:49,131][root][INFO] - Epoch: 155, loss: inf
[2026-05-30 10:22:49,203][root][INFO] - Epoch: 156, loss: inf
[2026-05-30 10:22:49,274][root][INFO] - Epoch: 157, loss: inf
[2026-05-30 10:22:49,345][root][INFO] - Epoch: 158, loss: inf
[2026-05-30 10:22:49,416][root][INFO] - Epoch: 159, loss: inf
[2026-05-30 10:22:49,487][root][INFO] - Epoch: 160, loss: inf
[2026-05-30 10:22:49,558][root][INFO] - Epoch: 161, loss: inf
[2026-05-30 10:22:49,630][root][INFO] - Epoch: 162, loss: inf
[2026-05-30 10:22:49,701][root][INFO] - Epoch: 163, loss: inf
[2026-05-30 10:22:49,773][root][INFO] - Epoch: 164, loss: inf
[2026-05-30 10:22:49,845][root][INFO] - Epoch: 165, loss: inf
[2026-05-30 10:22:49,916][root][INFO] - Epoch: 166, loss: inf
[2026-05-30 10:22:49,989][root][INFO] - Epoch: 167, loss: inf
[2026-05-30 10:22:50,060][root][INFO] - Epoch: 168, loss: inf
[2026-05-30 10:22:50,132][root][INFO] - Epoch: 169, loss: inf
[2026-05-30 10:22:50,204][root][INFO] - Epoch: 170, loss: inf
[2026-05-30 10:22:50,275][root][INFO] - Epoch: 171, loss: inf
[2026-05-30 10:22:50,347][root][INFO] - Epoch: 172, loss: inf
[2026-05-30 10:22:50,418][root][INFO] - Epoch: 173, loss: inf
[2026-05-30 10:22:50,489][root][INFO] - Epoch: 174, loss: inf
[2026-05-30 10:22:50,561][root][INFO] - Epoch: 175, loss: inf
[2026-05-30 10:22:50,633][root][INFO] - Epoch: 176, loss: inf
[2026-05-30 10:22:50,706][root][INFO] - Epoch: 177, loss: inf
[2026-05-30 10:22:50,777][root][INFO] - Epoch: 178, loss: inf
[2026-05-30 10:22:50,848][root][INFO] - Epoch: 179, loss: inf
[2026-05-30 10:22:50,919][root][INFO] - Epoch: 180, loss: inf
[2026-05-30 10:22:50,990][root][INFO] - Epoch: 181, loss: inf
[2026-05-30 10:22:51,062][root][INFO] - Epoch: 182, loss: inf
[2026-05-30 10:22:51,133][root][INFO] - Epoch: 183, loss: inf
[2026-05-30 10:22:51,205][root][INFO] - Epoch: 184, loss: inf
[2026-05-30 10:22:51,277][root][INFO] - Epoch: 185, loss: inf
[2026-05-30 10:22:51,349][root][INFO] - Epoch: 186, loss: inf
[2026-05-30 10:22:51,420][root][INFO] - Epoch: 187, loss: inf
[2026-05-30 10:22:51,491][root][INFO] - Epoch: 188, loss: inf
[2026-05-30 10:22:51,562][root][INFO] - Epoch: 189, loss: inf
[2026-05-30 10:22:51,632][root][INFO] - Epoch: 190, loss: inf
[2026-05-30 10:22:51,704][root][INFO] - Epoch: 191, loss: inf
[2026-05-30 10:22:51,775][root][INFO] - Epoch: 192, loss: inf
[2026-05-30 10:22:51,846][root][INFO] - Epoch: 193, loss: inf
[2026-05-30 10:22:51,916][root][INFO] - Epoch: 194, loss: inf
[2026-05-30 10:22:51,987][root][INFO] - Epoch: 195, loss: inf
[2026-05-30 10:22:52,058][root][INFO] - Epoch: 196, loss: inf
[2026-05-30 10:22:52,129][root][INFO] - Epoch: 197, loss: inf
[2026-05-30 10:22:52,199][root][INFO] - Epoch: 198, loss: inf
[2026-05-30 10:22:52,270][root][INFO] - Epoch: 199, loss: inf
[2026-05-30 10:22:52,342][root][INFO] - Epoch: 200, loss: inf
[2026-05-30 10:22:52,376][root][INFO] - {'model_loss': 'inf', 'recon_loss': '0.0000', 'triplet_loss': 'inf'}
[2026-05-30 10:22:52,380][root][INFO] - Updating AE...
[2026-05-30 10:22:53,070][root][INFO] - Epoch: 1, loss: inf
[2026-05-30 10:22:53,144][root][INFO] - Epoch: 2, loss: inf
[2026-05-30 10:22:53,213][root][INFO] - Epoch: 3, loss: inf
[2026-05-30 10:22:53,283][root][INFO] - Epoch: 4, loss: inf
[2026-05-30 10:22:53,352][root][INFO] - Epoch: 5, loss: inf
[2026-05-30 10:22:53,421][root][INFO] - Epoch: 6, loss: inf
[2026-05-30 10:22:53,490][root][INFO] - Epoch: 7, loss: inf
[2026-05-30 10:22:53,559][root][INFO] - Epoch: 8, loss: inf
[2026-05-30 10:22:53,630][root][INFO] - Epoch: 9, loss: inf
[2026-05-30 10:22:53,700][root][INFO] - Epoch: 10, loss: inf
[2026-05-30 10:22:53,771][root][INFO] - Epoch: 11, loss: inf
[2026-05-30 10:22:53,840][root][INFO] - Epoch: 12, loss: inf
[2026-05-30 10:22:53,910][root][INFO] - Epoch: 13, loss: inf
[2026-05-30 10:22:53,980][root][INFO] - Epoch: 14, loss: inf
[2026-05-30 10:22:54,050][root][INFO] - Epoch: 15, loss: inf
[2026-05-30 10:22:54,120][root][INFO] - Epoch: 16, loss: inf
[2026-05-30 10:22:54,191][root][INFO] - Epoch: 17, loss: inf
[2026-05-30 10:22:54,262][root][INFO] - Epoch: 18, loss: inf
[2026-05-30 10:22:54,333][root][INFO] - Epoch: 19, loss: inf
[2026-05-30 10:22:54,404][root][INFO] - Epoch: 20, loss: inf
[2026-05-30 10:22:54,474][root][INFO] - Epoch: 21, loss: inf
[2026-05-30 10:22:54,546][root][INFO] - Epoch: 22, loss: inf
[2026-05-30 10:22:54,618][root][INFO] - Epoch: 23, loss: inf
[2026-05-30 10:22:54,688][root][INFO] - Epoch: 24, loss: inf
[2026-05-30 10:22:54,759][root][INFO] - Epoch: 25, loss: inf
[2026-05-30 10:22:54,829][root][INFO] - Epoch: 26, loss: inf
[2026-05-30 10:22:54,900][root][INFO] - Epoch: 27, loss: inf
[2026-05-30 10:22:54,970][root][INFO] - Epoch: 28, loss: inf
[2026-05-30 10:22:55,041][root][INFO] - Epoch: 29, loss: inf
[2026-05-30 10:22:55,111][root][INFO] - Epoch: 30, loss: inf
[2026-05-30 10:22:55,185][root][INFO] - Epoch: 31, loss: inf
[2026-05-30 10:22:55,256][root][INFO] - Epoch: 32, loss: inf
[2026-05-30 10:22:55,326][root][INFO] - Epoch: 33, loss: inf
[2026-05-30 10:22:55,397][root][INFO] - Epoch: 34, loss: inf
[2026-05-30 10:22:55,469][root][INFO] - Epoch: 35, loss: inf
[2026-05-30 10:22:55,539][root][INFO] - Epoch: 36, loss: inf
[2026-05-30 10:22:55,609][root][INFO] - Epoch: 37, loss: inf
[2026-05-30 10:22:55,680][root][INFO] - Epoch: 38, loss: inf
[2026-05-30 10:22:55,750][root][INFO] - Epoch: 39, loss: inf
[2026-05-30 10:22:55,821][root][INFO] - Epoch: 40, loss: inf
[2026-05-30 10:22:55,892][root][INFO] - Epoch: 41, loss: inf
[2026-05-30 10:22:55,962][root][INFO] - Epoch: 42, loss: inf
[2026-05-30 10:22:56,033][root][INFO] - Epoch: 43, loss: inf
[2026-05-30 10:22:56,103][root][INFO] - Epoch: 44, loss: inf
[2026-05-30 10:22:56,173][root][INFO] - Epoch: 45, loss: inf
[2026-05-30 10:22:56,243][root][INFO] - Epoch: 46, loss: inf
[2026-05-30 10:22:56,313][root][INFO] - Epoch: 47, loss: inf
[2026-05-30 10:22:56,383][root][INFO] - Epoch: 48, loss: inf
[2026-05-30 10:22:56,454][root][INFO] - Epoch: 49, loss: inf
[2026-05-30 10:22:56,525][root][INFO] - Epoch: 50, loss: inf
[2026-05-30 10:22:56,596][root][INFO] - Epoch: 51, loss: inf
[2026-05-30 10:22:56,667][root][INFO] - Epoch: 52, loss: inf
[2026-05-30 10:22:56,737][root][INFO] - Epoch: 53, loss: inf
[2026-05-30 10:22:56,809][root][INFO] - Epoch: 54, loss: inf
[2026-05-30 10:22:56,878][root][INFO] - Epoch: 55, loss: inf
[2026-05-30 10:22:56,948][root][INFO] - Epoch: 56, loss: inf
[2026-05-30 10:22:57,018][root][INFO] - Epoch: 57, loss: inf
[2026-05-30 10:22:57,089][root][INFO] - Epoch: 58, loss: inf
[2026-05-30 10:22:57,159][root][INFO] - Epoch: 59, loss: inf
[2026-05-30 10:22:57,231][root][INFO] - Epoch: 60, loss: inf
[2026-05-30 10:22:57,301][root][INFO] - Epoch: 61, loss: inf
[2026-05-30 10:22:57,371][root][INFO] - Epoch: 62, loss: inf
[2026-05-30 10:22:57,442][root][INFO] - Epoch: 63, loss: inf
[2026-05-30 10:22:57,513][root][INFO] - Epoch: 64, loss: inf
[2026-05-30 10:22:57,583][root][INFO] - Epoch: 65, loss: inf
[2026-05-30 10:22:57,654][root][INFO] - Epoch: 66, loss: inf
[2026-05-30 10:22:57,725][root][INFO] - Epoch: 67, loss: inf
[2026-05-30 10:22:57,796][root][INFO] - Epoch: 68, loss: inf
[2026-05-30 10:22:57,866][root][INFO] - Epoch: 69, loss: inf
[2026-05-30 10:22:57,936][root][INFO] - Epoch: 70, loss: inf
[2026-05-30 10:22:58,007][root][INFO] - Epoch: 71, loss: inf
[2026-05-30 10:22:58,078][root][INFO] - Epoch: 72, loss: inf
[2026-05-30 10:22:58,147][root][INFO] - Epoch: 73, loss: inf
[2026-05-30 10:22:58,218][root][INFO] - Epoch: 74, loss: inf
[2026-05-30 10:22:58,288][root][INFO] - Epoch: 75, loss: inf
[2026-05-30 10:22:58,359][root][INFO] - Epoch: 76, loss: inf
[2026-05-30 10:22:58,428][root][INFO] - Epoch: 77, loss: inf
[2026-05-30 10:22:58,499][root][INFO] - Epoch: 78, loss: inf
[2026-05-30 10:22:58,571][root][INFO] - Epoch: 79, loss: inf
[2026-05-30 10:22:58,642][root][INFO] - Epoch: 80, loss: inf
[2026-05-30 10:22:58,713][root][INFO] - Epoch: 81, loss: inf
[2026-05-30 10:22:58,783][root][INFO] - Epoch: 82, loss: inf
[2026-05-30 10:22:58,857][root][INFO] - Epoch: 83, loss: inf
[2026-05-30 10:22:58,928][root][INFO] - Epoch: 84, loss: inf
[2026-05-30 10:22:58,998][root][INFO] - Epoch: 85, loss: inf
[2026-05-30 10:22:59,067][root][INFO] - Epoch: 86, loss: inf
[2026-05-30 10:22:59,136][root][INFO] - Epoch: 87, loss: inf
[2026-05-30 10:22:59,206][root][INFO] - Epoch: 88, loss: inf
[2026-05-30 10:22:59,276][root][INFO] - Epoch: 89, loss: inf
[2026-05-30 10:22:59,346][root][INFO] - Epoch: 90, loss: inf
[2026-05-30 10:22:59,417][root][INFO] - Epoch: 91, loss: inf
[2026-05-30 10:22:59,487][root][INFO] - Epoch: 92, loss: inf
[2026-05-30 10:22:59,558][root][INFO] - Epoch: 93, loss: inf
[2026-05-30 10:22:59,629][root][INFO] - Epoch: 94, loss: inf
[2026-05-30 10:22:59,700][root][INFO] - Epoch: 95, loss: inf
[2026-05-30 10:22:59,771][root][INFO] - Epoch: 96, loss: inf
[2026-05-30 10:22:59,842][root][INFO] - Epoch: 97, loss: inf
[2026-05-30 10:22:59,912][root][INFO] - Epoch: 98, loss: inf
[2026-05-30 10:22:59,983][root][INFO] - Epoch: 99, loss: inf
[2026-05-30 10:23:00,054][root][INFO] - Epoch: 100, loss: inf
[2026-05-30 10:23:00,123][root][INFO] - Epoch: 101, loss: inf
[2026-05-30 10:23:00,193][root][INFO] - Epoch: 102, loss: inf
[2026-05-30 10:23:00,263][root][INFO] - Epoch: 103, loss: inf
[2026-05-30 10:23:00,334][root][INFO] - Epoch: 104, loss: inf
[2026-05-30 10:23:00,405][root][INFO] - Epoch: 105, loss: inf
[2026-05-30 10:23:00,477][root][INFO] - Epoch: 106, loss: inf
[2026-05-30 10:23:00,548][root][INFO] - Epoch: 107, loss: inf
[2026-05-30 10:23:00,619][root][INFO] - Epoch: 108, loss: inf
[2026-05-30 10:23:00,691][root][INFO] - Epoch: 109, loss: inf
[2026-05-30 10:23:00,762][root][INFO] - Epoch: 110, loss: inf
[2026-05-30 10:23:00,833][root][INFO] - Epoch: 111, loss: inf
[2026-05-30 10:23:00,904][root][INFO] - Epoch: 112, loss: inf
[2026-05-30 10:23:00,974][root][INFO] - Epoch: 113, loss: inf
[2026-05-30 10:23:01,043][root][INFO] - Epoch: 114, loss: inf
[2026-05-30 10:23:01,113][root][INFO] - Epoch: 115, loss: inf
[2026-05-30 10:23:01,182][root][INFO] - Epoch: 116, loss: inf
[2026-05-30 10:23:01,253][root][INFO] - Epoch: 117, loss: inf
[2026-05-30 10:23:01,324][root][INFO] - Epoch: 118, loss: inf
[2026-05-30 10:23:01,395][root][INFO] - Epoch: 119, loss: inf
[2026-05-30 10:23:01,466][root][INFO] - Epoch: 120, loss: inf
[2026-05-30 10:23:01,537][root][INFO] - Epoch: 121, loss: inf
[2026-05-30 10:23:01,607][root][INFO] - Epoch: 122, loss: inf
[2026-05-30 10:23:01,678][root][INFO] - Epoch: 123, loss: inf
[2026-05-30 10:23:01,750][root][INFO] - Epoch: 124, loss: inf
[2026-05-30 10:23:01,821][root][INFO] - Epoch: 125, loss: inf
[2026-05-30 10:23:01,892][root][INFO] - Epoch: 126, loss: inf
[2026-05-30 10:23:01,963][root][INFO] - Epoch: 127, loss: inf
[2026-05-30 10:23:02,035][root][INFO] - Epoch: 128, loss: inf
[2026-05-30 10:23:02,106][root][INFO] - Epoch: 129, loss: inf
[2026-05-30 10:23:02,178][root][INFO] - Epoch: 130, loss: inf
[2026-05-30 10:23:02,249][root][INFO] - Epoch: 131, loss: inf
[2026-05-30 10:23:02,320][root][INFO] - Epoch: 132, loss: inf
[2026-05-30 10:23:02,390][root][INFO] - Epoch: 133, loss: inf
[2026-05-30 10:23:02,462][root][INFO] - Epoch: 134, loss: inf
[2026-05-30 10:23:02,533][root][INFO] - Epoch: 135, loss: inf
[2026-05-30 10:23:02,605][root][INFO] - Epoch: 136, loss: inf
[2026-05-30 10:23:02,676][root][INFO] - Epoch: 137, loss: inf
[2026-05-30 10:23:02,746][root][INFO] - Epoch: 138, loss: inf
[2026-05-30 10:23:02,819][root][INFO] - Epoch: 139, loss: inf
[2026-05-30 10:23:02,893][root][INFO] - Epoch: 140, loss: inf
[2026-05-30 10:23:02,965][root][INFO] - Epoch: 141, loss: inf
[2026-05-30 10:23:03,037][root][INFO] - Epoch: 142, loss: inf
[2026-05-30 10:23:03,109][root][INFO] - Epoch: 143, loss: inf
[2026-05-30 10:23:03,180][root][INFO] - Epoch: 144, loss: inf
[2026-05-30 10:23:03,251][root][INFO] - Epoch: 145, loss: inf
[2026-05-30 10:23:03,321][root][INFO] - Epoch: 146, loss: inf
[2026-05-30 10:23:03,390][root][INFO] - Epoch: 147, loss: inf
[2026-05-30 10:23:03,459][root][INFO] - Epoch: 148, loss: inf
[2026-05-30 10:23:03,528][root][INFO] - Epoch: 149, loss: inf
[2026-05-30 10:23:03,598][root][INFO] - Epoch: 150, loss: inf
[2026-05-30 10:23:03,670][root][INFO] - Epoch: 151, loss: inf
[2026-05-30 10:23:03,740][root][INFO] - Epoch: 152, loss: inf
[2026-05-30 10:23:03,812][root][INFO] - Epoch: 153, loss: inf
[2026-05-30 10:23:03,883][root][INFO] - Epoch: 154, loss: inf
[2026-05-30 10:23:03,952][root][INFO] - Epoch: 155, loss: inf
[2026-05-30 10:23:04,022][root][INFO] - Epoch: 156, loss: inf
[2026-05-30 10:23:04,093][root][INFO] - Epoch: 157, loss: inf
[2026-05-30 10:23:04,163][root][INFO] - Epoch: 158, loss: inf
[2026-05-30 10:23:04,234][root][INFO] - Epoch: 159, loss: inf
[2026-05-30 10:23:04,304][root][INFO] - Epoch: 160, loss: inf
[2026-05-30 10:23:04,376][root][INFO] - Epoch: 161, loss: inf
[2026-05-30 10:23:04,448][root][INFO] - Epoch: 162, loss: inf
[2026-05-30 10:23:04,519][root][INFO] - Epoch: 163, loss: inf
[2026-05-30 10:23:04,590][root][INFO] - Epoch: 164, loss: inf
[2026-05-30 10:23:04,660][root][INFO] - Epoch: 165, loss: inf
[2026-05-30 10:23:04,731][root][INFO] - Epoch: 166, loss: inf
[2026-05-30 10:23:04,804][root][INFO] - Epoch: 167, loss: inf
[2026-05-30 10:23:04,875][root][INFO] - Epoch: 168, loss: inf
[2026-05-30 10:23:04,944][root][INFO] - Epoch: 169, loss: inf
[2026-05-30 10:23:05,014][root][INFO] - Epoch: 170, loss: inf
[2026-05-30 10:23:05,084][root][INFO] - Epoch: 171, loss: inf
[2026-05-30 10:23:05,154][root][INFO] - Epoch: 172, loss: inf
[2026-05-30 10:23:05,226][root][INFO] - Epoch: 173, loss: inf
[2026-05-30 10:23:05,295][root][INFO] - Epoch: 174, loss: inf
[2026-05-30 10:23:05,366][root][INFO] - Epoch: 175, loss: inf
[2026-05-30 10:23:05,445][root][INFO] - Epoch: 176, loss: inf
[2026-05-30 10:23:05,515][root][INFO] - Epoch: 177, loss: inf
[2026-05-30 10:23:05,583][root][INFO] - Epoch: 178, loss: inf
[2026-05-30 10:23:05,653][root][INFO] - Epoch: 179, loss: inf
[2026-05-30 10:23:05,723][root][INFO] - Epoch: 180, loss: inf
[2026-05-30 10:23:05,792][root][INFO] - Epoch: 181, loss: inf
[2026-05-30 10:23:05,862][root][INFO] - Epoch: 182, loss: inf
[2026-05-30 10:23:05,933][root][INFO] - Epoch: 183, loss: inf
[2026-05-30 10:23:06,001][root][INFO] - Epoch: 184, loss: inf
[2026-05-30 10:23:06,070][root][INFO] - Epoch: 185, loss: inf
[2026-05-30 10:23:06,140][root][INFO] - Epoch: 186, loss: inf
[2026-05-30 10:23:06,211][root][INFO] - Epoch: 187, loss: inf
[2026-05-30 10:23:06,282][root][INFO] - Epoch: 188, loss: inf
[2026-05-30 10:23:06,355][root][INFO] - Epoch: 189, loss: inf
[2026-05-30 10:23:06,426][root][INFO] - Epoch: 190, loss: inf
[2026-05-30 10:23:06,497][root][INFO] - Epoch: 191, loss: inf
[2026-05-30 10:23:06,568][root][INFO] - Epoch: 192, loss: inf
[2026-05-30 10:23:06,640][root][INFO] - Epoch: 193, loss: inf
[2026-05-30 10:23:06,711][root][INFO] - Epoch: 194, loss: inf
[2026-05-30 10:23:06,781][root][INFO] - Epoch: 195, loss: inf
[2026-05-30 10:23:06,852][root][INFO] - Epoch: 196, loss: inf
[2026-05-30 10:23:06,923][root][INFO] - Epoch: 197, loss: inf
[2026-05-30 10:23:06,994][root][INFO] - Epoch: 198, loss: inf
[2026-05-30 10:23:07,064][root][INFO] - Epoch: 199, loss: inf
[2026-05-30 10:23:07,136][root][INFO] - Epoch: 200, loss: inf
[2026-05-30 10:23:07,170][root][INFO] - {'model_loss': 'inf', 'recon_loss': '0.0000', 'triplet_loss': 'inf'}
[2026-05-30 10:23:07,174][root][INFO] - Generation 380/400 - Time: 0.00 seconds
[2026-05-30 10:23:07,175][root][INFO] - {'coverage': '100.00', 'max_fitness': '0.00', 'passive_coverage': '66.80', 'passive_max_fitness': '0.00', 'passive_mean_fitness': '-59.80', 'passive_qd_score': '55829.06', 'qd_score': '144815.47', 'mean_fitness_top_k': '0.00'}
[2026-05-30 10:23:08,152][root][INFO] - Generation 381/400 - Time: 0.00 seconds
[2026-05-30 10:23:08,153][root][INFO] - {'coverage': '100.00', 'max_fitness': '0.00', 'passive_coverage': '66.80', 'passive_max_fitness': '0.00', 'passive_mean_fitness': '-59.80', 'passive_qd_score': '55829.06', 'qd_score': '144815.47', 'mean_fitness_top_k': '0.00'}
[2026-05-30 10:23:09,130][root][INFO] - Generation 382/400 - Time: 0.00 seconds
[2026-05-30 10:23:09,131][root][INFO] - {'coverage': '100.00', 'max_fitness': '0.00', 'passive_coverage': '66.80', 'passive_max_fitness': '0.00', 'passive_mean_fitness': '-59.80', 'passive_qd_score': '55829.06', 'qd_score': '144815.47', 'mean_fitness_top_k': '0.00'}
[2026-05-30 10:23:10,107][root][INFO] - Generation 383/400 - Time: 0.00 seconds
[2026-05-30 10:23:10,108][root][INFO] - {'coverage': '100.00', 'max_fitness': '0.00', 'passive_coverage': '66.80', 'passive_max_fitness': '0.00', 'passive_mean_fitness': '-59.80', 'passive_qd_score': '55829.06', 'qd_score': '144815.47', 'mean_fitness_top_k': '0.00'}
[2026-05-30 10:23:11,084][root][INFO] - Generation 384/400 - Time: 0.00 seconds
[2026-05-30 10:23:11,085][root][INFO] - {'coverage': '100.00', 'max_fitness': '0.00', 'passive_coverage': '66.80', 'passive_max_fitness': '0.00', 'passive_mean_fitness': '-59.80', 'passive_qd_score': '55829.06', 'qd_score': '144815.47', 'mean_fitness_top_k': '0.00'}
[2026-05-30 10:23:12,059][root][INFO] - Generation 385/400 - Time: 0.00 seconds
[2026-05-30 10:23:12,059][root][INFO] - {'coverage': '100.00', 'max_fitness': '0.00', 'passive_coverage': '66.80', 'passive_max_fitness': '0.00', 'passive_mean_fitness': '-59.80', 'passive_qd_score': '55829.06', 'qd_score': '144815.47', 'mean_fitness_top_k': '0.00'}
[2026-05-30 10:23:13,051][root][INFO] - Generation 386/400 - Time: 0.00 seconds
[2026-05-30 10:23:13,052][root][INFO] - {'coverage': '100.00', 'max_fitness': '0.00', 'passive_coverage': '66.80', 'passive_max_fitness': '0.00', 'passive_mean_fitness': '-59.80', 'passive_qd_score': '55829.06', 'qd_score': '144815.47', 'mean_fitness_top_k': '0.00'}
[2026-05-30 10:23:14,039][root][INFO] - Generation 387/400 - Time: 0.00 seconds
[2026-05-30 10:23:14,039][root][INFO] - {'coverage': '100.00', 'max_fitness': '0.00', 'passive_coverage': '66.80', 'passive_max_fitness': '0.00', 'passive_mean_fitness': '-59.80', 'passive_qd_score': '55829.06', 'qd_score': '144815.47', 'mean_fitness_top_k': '0.00'}
[2026-05-30 10:23:15,020][root][INFO] - Generation 388/400 - Time: 0.00 seconds
[2026-05-30 10:23:15,020][root][INFO] - {'coverage': '100.00', 'max_fitness': '0.00', 'passive_coverage': '66.80', 'passive_max_fitness': '0.00', 'passive_mean_fitness': '-59.80', 'passive_qd_score': '55829.06', 'qd_score': '144815.47', 'mean_fitness_top_k': '0.00'}
[2026-05-30 10:23:15,996][root][INFO] - Generation 389/400 - Time: 0.00 seconds
[2026-05-30 10:23:15,997][root][INFO] - {'coverage': '100.00', 'max_fitness': '0.00', 'passive_coverage': '66.80', 'passive_max_fitness': '0.00', 'passive_mean_fitness': '-59.80', 'passive_qd_score': '55829.06', 'qd_score': '144815.47', 'mean_fitness_top_k': '0.00'}
[2026-05-30 10:23:17,109][root][INFO] - Generation 390/400 - Time: 0.00 seconds
[2026-05-30 10:23:17,110][root][INFO] - {'coverage': '100.00', 'max_fitness': '0.00', 'passive_coverage': '66.80', 'passive_max_fitness': '0.00', 'passive_mean_fitness': '-59.80', 'passive_qd_score': '55829.06', 'qd_score': '144815.47', 'mean_fitness_top_k': '0.00'}
[2026-05-30 10:23:18,232][root][INFO] - Generation 391/400 - Time: 0.00 seconds
[2026-05-30 10:23:18,233][root][INFO] - {'coverage': '100.00', 'max_fitness': '0.00', 'passive_coverage': '66.80', 'passive_max_fitness': '0.00', 'passive_mean_fitness': '-59.80', 'passive_qd_score': '55829.06', 'qd_score': '144815.47', 'mean_fitness_top_k': '0.00'}
[2026-05-30 10:23:19,358][root][INFO] - Generation 392/400 - Time: 0.00 seconds
[2026-05-30 10:23:19,359][root][INFO] - {'coverage': '100.00', 'max_fitness': '0.00', 'passive_coverage': '66.80', 'passive_max_fitness': '0.00', 'passive_mean_fitness': '-59.80', 'passive_qd_score': '55829.06', 'qd_score': '144815.47', 'mean_fitness_top_k': '0.00'}
[2026-05-30 10:23:20,479][root][INFO] - Generation 393/400 - Time: 0.00 seconds
[2026-05-30 10:23:20,480][root][INFO] - {'coverage': '100.00', 'max_fitness': '0.00', 'passive_coverage': '66.80', 'passive_max_fitness': '0.00', 'passive_mean_fitness': '-59.80', 'passive_qd_score': '55829.06', 'qd_score': '144815.47', 'mean_fitness_top_k': '0.00'}
[2026-05-30 10:23:21,616][root][INFO] - Generation 394/400 - Time: 0.00 seconds
[2026-05-30 10:23:21,617][root][INFO] - {'coverage': '100.00', 'max_fitness': '0.00', 'passive_coverage': '66.80', 'passive_max_fitness': '0.00', 'passive_mean_fitness': '-59.80', 'passive_qd_score': '55829.06', 'qd_score': '144815.47', 'mean_fitness_top_k': '0.00'}
[2026-05-30 10:23:22,734][root][INFO] - Generation 395/400 - Time: 0.00 seconds
[2026-05-30 10:23:22,735][root][INFO] - {'coverage': '100.00', 'max_fitness': '0.00', 'passive_coverage': '66.80', 'passive_max_fitness': '0.00', 'passive_mean_fitness': '-59.80', 'passive_qd_score': '55829.06', 'qd_score': '144815.47', 'mean_fitness_top_k': '0.00'}
[2026-05-30 10:23:23,859][root][INFO] - Generation 396/400 - Time: 0.00 seconds
[2026-05-30 10:23:23,860][root][INFO] - {'coverage': '100.00', 'max_fitness': '0.00', 'passive_coverage': '66.80', 'passive_max_fitness': '0.00', 'passive_mean_fitness': '-59.80', 'passive_qd_score': '55829.06', 'qd_score': '144815.47', 'mean_fitness_top_k': '0.00'}
[2026-05-30 10:23:24,991][root][INFO] - Generation 397/400 - Time: 0.00 seconds
[2026-05-30 10:23:24,992][root][INFO] - {'coverage': '100.00', 'max_fitness': '0.00', 'passive_coverage': '66.80', 'passive_max_fitness': '0.00', 'passive_mean_fitness': '-59.80', 'passive_qd_score': '55829.06', 'qd_score': '144815.47', 'mean_fitness_top_k': '0.00'}
[2026-05-30 10:23:26,013][root][INFO] - Generation 398/400 - Time: 0.00 seconds
[2026-05-30 10:23:26,014][root][INFO] - {'coverage': '100.00', 'max_fitness': '0.00', 'passive_coverage': '66.80', 'passive_max_fitness': '0.00', 'passive_mean_fitness': '-59.80', 'passive_qd_score': '55829.06', 'qd_score': '144815.47', 'mean_fitness_top_k': '0.00'}
[2026-05-30 10:23:27,008][root][INFO] - Generation 399/400 - Time: 0.00 seconds
[2026-05-30 10:23:27,009][root][INFO] - {'coverage': '100.00', 'max_fitness': '0.00', 'passive_coverage': '66.80', 'passive_max_fitness': '0.00', 'passive_mean_fitness': '-59.80', 'passive_qd_score': '55829.06', 'qd_score': '144815.47', 'mean_fitness_top_k': '0.00'}
[2026-05-30 10:23:27,985][root][INFO] - Generation 400/400 - Time: 0.00 seconds
[2026-05-30 10:23:27,986][root][INFO] - {'coverage': '100.00', 'max_fitness': '0.00', 'passive_coverage': '66.80', 'passive_max_fitness': '0.00', 'passive_mean_fitness': '-59.80', 'passive_qd_score': '55829.06', 'qd_score': '144815.47', 'mean_fitness_top_k': '0.00'}
[2026-05-30 10:23:27,997][root][INFO] - Trigger signal log saved to runs/20260530_100147_kheperax_seed20
